snippet_id,file_path,line,label,cond_uses_leq,cond_uses_lt,cond_uses_gt_or_geq,cond_contains_length,cond_crude_off_by_one,right_is_bare_length,right_is_length_arithmetic,init_starts_at_zero,init_starts_at_one,update_is_increment,update_is_decrement,body_statement_count,body_array_access_count,loop_var_indexes_array,loop_var_body_uses,cond_char_count
gen_missing_break_bug_113,data/ml/raw_snippets_generated/missing_break_in_switch/buggy/GenMissingBreakBug113.java,33,0,0.0,1.0,0.0,1.0,0.0,1.0,0.0,1.0,0.0,1.0,0.0,1.0,1.0,1.0,1.0,17.0
gen_missing_break_fix_113,data/ml/raw_snippets_generated/missing_break_in_switch/fixed/GenMissingBreakFix113.java,34,0,0.0,1.0,0.0,1.0,0.0,1.0,0.0,1.0,0.0,1.0,0.0,1.0,1.0,1.0,1.0,17.0
gen_missing_break_bug_047,data/ml/raw_snippets_generated/missing_break_in_switch/buggy/GenMissingBreakBug047.java,4,0,0.0,1.0,0.0,1.0,0.0,1.0,0.0,1.0,0.0,1.0,0.0,1.0,1.0,1.0,2.0,18.0
gen_missing_break_bug_047,data/ml/raw_snippets_generated/missing_break_in_switch/buggy/GenMissingBreakBug047.java,41,0,0.0,1.0,0.0,1.0,0.0,1.0,0.0,1.0,0.0,1.0,0.0,2.0,1.0,1.0,3.0,16.0
gen_missing_break_fix_047,data/ml/raw_snippets_generated/missing_break_in_switch/fixed/GenMissingBreakFix047.java,4,0,0.0,1.0,0.0,1.0,0.0,1.0,0.0,1.0,0.0,1.0,0.0,1.0,1.0,1.0,2.0,18.0
gen_missing_break_fix_047,data/ml/raw_snippets_generated/missing_break_in_switch/fixed/GenMissingBreakFix047.java,42,0,0.0,1.0,0.0,1.0,0.0,1.0,0.0,1.0,0.0,1.0,0.0,2.0,1.0,1.0,3.0,16.0
gen_array_index_bug_159,data/ml/raw_snippets_generated/array_length_index_misuse/buggy/GenArrayIndexBug159.java,19,0,0.0,1.0,0.0,1.0,0.0,1.0,0.0,1.0,0.0,1.0,0.0,1.0,1.0,1.0,2.0,16.0
gen_array_index_bug_159,data/ml/raw_snippets_generated/array_length_index_misuse/buggy/GenArrayIndexBug159.java,27,0,0.0,1.0,0.0,1.0,0.0,1.0,0.0,1.0,0.0,1.0,0.0,2.0,1.0,1.0,3.0,16.0
gen_array_index_bug_159,data/ml/raw_snippets_generated/array_length_index_misuse/buggy/GenArrayIndexBug159.java,36,0,0.0,1.0,0.0,1.0,0.0,1.0,0.0,1.0,0.0,1.0,0.0,2.0,1.0,1.0,3.0,16.0
gen_array_index_fix_159,data/ml/raw_snippets_generated/array_length_index_misuse/fixed/GenArrayIndexFix159.java,19,0,0.0,1.0,0.0,1.0,0.0,1.0,0.0,1.0,0.0,1.0,0.0,1.0,1.0,1.0,2.0,16.0
gen_array_index_fix_159,data/ml/raw_snippets_generated/array_length_index_misuse/fixed/GenArrayIndexFix159.java,27,0,0.0,1.0,0.0,1.0,0.0,1.0,0.0,1.0,0.0,1.0,0.0,2.0,1.0,1.0,3.0,16.0
gen_array_index_fix_159,data/ml/raw_snippets_generated/array_length_index_misuse/fixed/GenArrayIndexFix159.java,36,0,0.0,1.0,0.0,1.0,0.0,1.0,0.0,1.0,0.0,1.0,0.0,2.0,1.0,1.0,3.0,16.0
gen_off_by_one_bug_080,data/ml/raw_snippets_generated/off_by_one/buggy/GenOffByOneBug080.java,22,1,1.0,0.0,0.0,1.0,1.0,1.0,0.0,1.0,0.0,1.0,0.0,1.0,1.0,1.0,1.0,18.0
gen_off_by_one_bug_080,data/ml/raw_snippets_generated/off_by_one/buggy/GenOffByOneBug080.java,37,0,0.0,1.0,0.0,1.0,0.0,1.0,0.0,1.0,0.0,1.0,0.0,1.0,1.0,1.0,1.0,17.0
gen_off_by_one_fix_080,data/ml/raw_snippets_generated/off_by_one/fixed/GenOffByOneFix080.java,22,0,0.0,1.0,0.0,1.0,0.0,1.0,0.0,1.0,0.0,1.0,0.0,1.0,1.0,1.0,1.0,17.0
gen_off_by_one_fix_080,data/ml/raw_snippets_generated/off_by_one/fixed/GenOffByOneFix080.java,37,0,0.0,1.0,0.0,1.0,0.0,1.0,0.0,1.0,0.0,1.0,0.0,1.0,1.0,1.0,1.0,17.0
gen_missing_break_bug_133,data/ml/raw_snippets_generated/missing_break_in_switch/buggy/GenMissingBreakBug133.java,4,0,0.0,1.0,0.0,1.0,0.0,1.0,0.0,1.0,0.0,1.0,0.0,1.0,1.0,1.0,2.0,18.0
gen_missing_break_fix_133,data/ml/raw_snippets_generated/missing_break_in_switch/fixed/GenMissingBreakFix133.java,4,0,0.0,1.0,0.0,1.0,0.0,1.0,0.0,1.0,0.0,1.0,0.0,1.0,1.0,1.0,2.0,18.0
gen_array_index_bug_097,data/ml/raw_snippets_generated/array_length_index_misuse/buggy/GenArrayIndexBug097.java,4,0,0.0,1.0,0.0,1.0,0.0,1.0,0.0,1.0,0.0,1.0,0.0,1.0,1.0,1.0,2.0,18.0
gen_array_index_fix_097,data/ml/raw_snippets_generated/array_length_index_misuse/fixed/GenArrayIndexFix097.java,4,0,0.0,1.0,0.0,1.0,0.0,1.0,0.0,1.0,0.0,1.0,0.0,1.0,1.0,1.0,2.0,18.0
gen_array_index_bug_039,data/ml/raw_snippets_generated/array_length_index_misuse/buggy/GenArrayIndexBug039.java,17,0,0.0,1.0,0.0,1.0,0.0,1.0,0.0,1.0,0.0,1.0,0.0,2.0,1.0,1.0,3.0,16.0
gen_array_index_fix_039,data/ml/raw_snippets_generated/array_length_index_misuse/fixed/GenArrayIndexFix039.java,17,0,0.0,1.0,0.0,1.0,0.0,1.0,0.0,1.0,0.0,1.0,0.0,2.0,1.0,1.0,3.0,16.0
gen_clean_tail_index_010,data/ml/raw_snippets_generated/clean/GenCleanTailIndex010.java,23,0,0.0,1.0,0.0,1.0,0.0,1.0,0.0,1.0,0.0,1.0,0.0,2.0,1.0,1.0,3.0,16.0
gen_incorrect_cond_bug_090,data/ml/raw_snippets_generated/incorrect_conditional_operator/buggy/GenIncorrectConditionalBug090.java,11,0,0.0,1.0,0.0,1.0,0.0,1.0,0.0,1.0,0.0,1.0,0.0,1.0,1.0,1.0,2.0,18.0
gen_incorrect_cond_fix_090,data/ml/raw_snippets_generated/incorrect_conditional_operator/fixed/GenIncorrectConditionalFix090.java,11,0,0.0,1.0,0.0,1.0,0.0,1.0,0.0,1.0,0.0,1.0,0.0,1.0,1.0,1.0,2.0,18.0
gen_incorrect_cond_bug_155,data/ml/raw_snippets_generated/incorrect_conditional_operator/buggy/GenIncorrectConditionalBug155.java,4,0,0.0,1.0,0.0,1.0,0.0,1.0,0.0,1.0,0.0,1.0,0.0,1.0,1.0,1.0,1.0,17.0
gen_incorrect_cond_fix_155,data/ml/raw_snippets_generated/incorrect_conditional_operator/fixed/GenIncorrectConditionalFix155.java,4,0,0.0,1.0,0.0,1.0,0.0,1.0,0.0,1.0,0.0,1.0,0.0,1.0,1.0,1.0,1.0,17.0
gen_missing_break_bug_147,data/ml/raw_snippets_generated/missing_break_in_switch/buggy/GenMissingBreakBug147.java,33,0,0.0,1.0,0.0,1.0,0.0,1.0,0.0,1.0,0.0,1.0,0.0,2.0,1.0,1.0,3.0,16.0
gen_missing_break_fix_147,data/ml/raw_snippets_generated/missing_break_in_switch/fixed/GenMissingBreakFix147.java,34,0,0.0,1.0,0.0,1.0,0.0,1.0,0.0,1.0,0.0,1.0,0.0,2.0,1.0,1.0,3.0,16.0
gen_clean_generic_013,data/ml/raw_snippets_generated/clean/GenCleanGeneric013.java,24,0,0.0,1.0,0.0,1.0,0.0,1.0,0.0,0.0,1.0,1.0,0.0,1.0,2.0,1.0,3.0,16.0
gen_clean_generic_013,data/ml/raw_snippets_generated/clean/GenCleanGeneric013.java,43,0,0.0,1.0,0.0,1.0,0.0,1.0,0.0,1.0,0.0,1.0,0.0,2.0,1.0,1.0,3.0,16.0
gen_off_by_one_bug_093,data/ml/raw_snippets_generated/off_by_one/buggy/GenOffByOneBug093.java,4,1,1.0,0.0,0.0,1.0,1.0,1.0,0.0,1.0,0.0,1.0,0.0,1.0,2.0,1.0,2.0,18.0
gen_off_by_one_fix_093,data/ml/raw_snippets_generated/off_by_one/fixed/GenOffByOneFix093.java,4,0,0.0,1.0,0.0,1.0,0.0,1.0,0.0,1.0,0.0,1.0,0.0,1.0,2.0,1.0,2.0,17.0
gen_off_by_one_bug_128,data/ml/raw_snippets_generated/off_by_one/buggy/GenOffByOneBug128.java,4,1,1.0,0.0,0.0,1.0,1.0,1.0,0.0,1.0,0.0,1.0,0.0,1.0,1.0,1.0,2.0,19.0
gen_off_by_one_fix_128,data/ml/raw_snippets_generated/off_by_one/fixed/GenOffByOneFix128.java,4,0,0.0,1.0,0.0,1.0,0.0,1.0,0.0,1.0,0.0,1.0,0.0,1.0,1.0,1.0,2.0,18.0
gen_clean_fall_through_009,data/ml/raw_snippets_generated/clean/GenCleanFallThrough009.java,4,0,0.0,1.0,0.0,1.0,0.0,1.0,0.0,1.0,0.0,1.0,0.0,2.0,1.0,1.0,3.0,16.0
gen_clean_boundary_minus_one_010,data/ml/raw_snippets_generated/clean/GenCleanBoundaryMinusOne010.java,4,0,0.0,1.0,0.0,1.0,0.0,1.0,0.0,1.0,0.0,1.0,0.0,2.0,1.0,1.0,3.0,16.0
gen_clean_boundary_minus_one_010,data/ml/raw_snippets_generated/clean/GenCleanBoundaryMinusOne010.java,22,0,0.0,1.0,0.0,1.0,0.0,1.0,0.0,1.0,0.0,1.0,0.0,1.0,1.0,1.0,2.0,18.0
gen_clean_boundary_minus_one_010,data/ml/raw_snippets_generated/clean/GenCleanBoundaryMinusOne010.java,39,0,1.0,0.0,0.0,1.0,1.0,0.0,1.0,1.0,0.0,1.0,0.0,1.0,1.0,1.0,1.0,22.0
gen_off_by_one_bug_114,data/ml/raw_snippets_generated/off_by_one/buggy/GenOffByOneBug114.java,37,0,0.0,1.0,0.0,1.0,0.0,1.0,0.0,1.0,0.0,1.0,0.0,1.0,1.0,1.0,1.0,17.0
gen_off_by_one_bug_114,data/ml/raw_snippets_generated/off_by_one/buggy/GenOffByOneBug114.java,45,1,1.0,0.0,0.0,1.0,1.0,1.0,0.0,1.0,0.0,1.0,0.0,1.0,1.0,1.0,3.0,16.0
gen_off_by_one_fix_114,data/ml/raw_snippets_generated/off_by_one/fixed/GenOffByOneFix114.java,37,0,0.0,1.0,0.0,1.0,0.0,1.0,0.0,1.0,0.0,1.0,0.0,1.0,1.0,1.0,1.0,17.0
gen_off_by_one_fix_114,data/ml/raw_snippets_generated/off_by_one/fixed/GenOffByOneFix114.java,45,0,0.0,1.0,0.0,1.0,0.0,1.0,0.0,1.0,0.0,1.0,0.0,1.0,1.0,1.0,3.0,15.0
gen_clean_generic_103,data/ml/raw_snippets_generated/clean/GenCleanGeneric103.java,4,0,0.0,1.0,0.0,1.0,0.0,1.0,0.0,1.0,0.0,1.0,0.0,1.0,1.0,1.0,1.0,17.0
gen_while_no_update_bug_104,data/ml/raw_snippets_generated/while_variable_not_updated/buggy/GenWhileNoUpdateBug104.java,19,0,0.0,1.0,0.0,1.0,0.0,1.0,0.0,1.0,0.0,1.0,0.0,2.0,1.0,1.0,3.0,16.0
gen_while_no_update_bug_104,data/ml/raw_snippets_generated/while_variable_not_updated/buggy/GenWhileNoUpdateBug104.java,34,0,0.0,1.0,0.0,1.0,0.0,1.0,0.0,1.0,0.0,1.0,0.0,2.0,1.0,1.0,3.0,16.0
gen_while_no_update_fix_104,data/ml/raw_snippets_generated/while_variable_not_updated/fixed/GenWhileNoUpdateFix104.java,19,0,0.0,1.0,0.0,1.0,0.0,1.0,0.0,1.0,0.0,1.0,0.0,2.0,1.0,1.0,3.0,16.0
gen_while_no_update_fix_104,data/ml/raw_snippets_generated/while_variable_not_updated/fixed/GenWhileNoUpdateFix104.java,34,0,0.0,1.0,0.0,1.0,0.0,1.0,0.0,1.0,0.0,1.0,0.0,2.0,1.0,1.0,3.0,16.0
gen_off_by_one_bug_019,data/ml/raw_snippets_generated/off_by_one/buggy/GenOffByOneBug019.java,3,1,1.0,0.0,0.0,1.0,1.0,1.0,0.0,1.0,0.0,1.0,0.0,1.0,1.0,1.0,2.0,18.0
gen_off_by_one_fix_019,data/ml/raw_snippets_generated/off_by_one/fixed/GenOffByOneFix019.java,3,0,0.0,1.0,0.0,1.0,0.0,1.0,0.0,1.0,0.0,1.0,0.0,1.0,1.0,1.0,2.0,17.0
gen_incorrect_cond_bug_124,data/ml/raw_snippets_generated/incorrect_conditional_operator/buggy/GenIncorrectConditionalBug124.java,10,0,0.0,1.0,0.0,1.0,0.0,1.0,0.0,1.0,0.0,1.0,0.0,2.0,1.0,1.0,3.0,16.0
gen_incorrect_cond_fix_124,data/ml/raw_snippets_generated/incorrect_conditional_operator/fixed/GenIncorrectConditionalFix124.java,10,0,0.0,1.0,0.0,1.0,0.0,1.0,0.0,1.0,0.0,1.0,0.0,2.0,1.0,1.0,3.0,16.0
gen_off_by_one_bug_001,data/ml/raw_snippets_generated/off_by_one/buggy/GenOffByOneBug001.java,4,1,1.0,0.0,0.0,1.0,1.0,1.0,0.0,1.0,0.0,1.0,0.0,1.0,1.0,1.0,2.0,18.0
gen_off_by_one_fix_001,data/ml/raw_snippets_generated/off_by_one/fixed/GenOffByOneFix001.java,4,0,0.0,1.0,0.0,1.0,0.0,1.0,0.0,1.0,0.0,1.0,0.0,1.0,1.0,1.0,2.0,17.0
gen_incorrect_cond_bug_104,data/ml/raw_snippets_generated/incorrect_conditional_operator/buggy/GenIncorrectConditionalBug104.java,26,0,0.0,1.0,0.0,1.0,0.0,1.0,0.0,1.0,0.0,1.0,0.0,2.0,1.0,1.0,3.0,16.0
gen_incorrect_cond_bug_104,data/ml/raw_snippets_generated/incorrect_conditional_operator/buggy/GenIncorrectConditionalBug104.java,35,0,0.0,1.0,0.0,1.0,0.0,1.0,0.0,1.0,0.0,1.0,0.0,1.0,1.0,1.0,1.0,17.0
gen_incorrect_cond_bug_104,data/ml/raw_snippets_generated/incorrect_conditional_operator/buggy/GenIncorrectConditionalBug104.java,55,0,0.0,1.0,0.0,1.0,0.0,1.0,0.0,0.0,1.0,1.0,0.0,1.0,2.0,1.0,3.0,17.0
gen_incorrect_cond_bug_104,data/ml/raw_snippets_generated/incorrect_conditional_operator/buggy/GenIncorrectConditionalBug104.java,65,0,0.0,1.0,0.0,1.0,0.0,1.0,0.0,0.0,1.0,1.0,0.0,1.0,2.0,1.0,3.0,17.0
gen_incorrect_cond_bug_104,data/ml/raw_snippets_generated/incorrect_conditional_operator/buggy/GenIncorrectConditionalBug104.java,75,0,0.0,1.0,0.0,1.0,0.0,1.0,0.0,0.0,1.0,1.0,0.0,1.0,2.0,1.0,3.0,17.0
gen_incorrect_cond_fix_104,data/ml/raw_snippets_generated/incorrect_conditional_operator/fixed/GenIncorrectConditionalFix104.java,26,0,0.0,1.0,0.0,1.0,0.0,1.0,0.0,1.0,0.0,1.0,0.0,2.0,1.0,1.0,3.0,16.0
gen_incorrect_cond_fix_104,data/ml/raw_snippets_generated/incorrect_conditional_operator/fixed/GenIncorrectConditionalFix104.java,35,0,0.0,1.0,0.0,1.0,0.0,1.0,0.0,1.0,0.0,1.0,0.0,1.0,1.0,1.0,1.0,17.0
gen_incorrect_cond_fix_104,data/ml/raw_snippets_generated/incorrect_conditional_operator/fixed/GenIncorrectConditionalFix104.java,55,0,0.0,1.0,0.0,1.0,0.0,1.0,0.0,0.0,1.0,1.0,0.0,1.0,2.0,1.0,3.0,17.0
gen_incorrect_cond_fix_104,data/ml/raw_snippets_generated/incorrect_conditional_operator/fixed/GenIncorrectConditionalFix104.java,65,0,0.0,1.0,0.0,1.0,0.0,1.0,0.0,0.0,1.0,1.0,0.0,1.0,2.0,1.0,3.0,17.0
gen_incorrect_cond_fix_104,data/ml/raw_snippets_generated/incorrect_conditional_operator/fixed/GenIncorrectConditionalFix104.java,75,0,0.0,1.0,0.0,1.0,0.0,1.0,0.0,0.0,1.0,1.0,0.0,1.0,2.0,1.0,3.0,17.0
gen_incorrect_cond_bug_140,data/ml/raw_snippets_generated/incorrect_conditional_operator/buggy/GenIncorrectConditionalBug140.java,38,0,0.0,1.0,0.0,1.0,0.0,1.0,0.0,1.0,0.0,1.0,0.0,2.0,1.0,1.0,3.0,16.0
gen_incorrect_cond_fix_140,data/ml/raw_snippets_generated/incorrect_conditional_operator/fixed/GenIncorrectConditionalFix140.java,38,0,0.0,1.0,0.0,1.0,0.0,1.0,0.0,1.0,0.0,1.0,0.0,2.0,1.0,1.0,3.0,16.0
gen_clean_generic_067,data/ml/raw_snippets_generated/clean/GenCleanGeneric067.java,13,0,0.0,1.0,0.0,1.0,0.0,1.0,0.0,1.0,0.0,1.0,0.0,2.0,1.0,1.0,3.0,16.0
gen_off_by_one_bug_158,data/ml/raw_snippets_generated/off_by_one/buggy/GenOffByOneBug158.java,4,1,1.0,0.0,0.0,1.0,1.0,1.0,0.0,1.0,0.0,1.0,0.0,1.0,1.0,1.0,3.0,16.0
gen_off_by_one_fix_158,data/ml/raw_snippets_generated/off_by_one/fixed/GenOffByOneFix158.java,4,0,0.0,1.0,0.0,1.0,0.0,1.0,0.0,1.0,0.0,1.0,0.0,1.0,1.0,1.0,3.0,15.0
gen_off_by_one_bug_100,data/ml/raw_snippets_generated/off_by_one/buggy/GenOffByOneBug100.java,4,0,0.0,1.0,0.0,1.0,0.0,1.0,0.0,1.0,0.0,1.0,0.0,1.0,1.0,1.0,2.0,17.0
gen_off_by_one_bug_100,data/ml/raw_snippets_generated/off_by_one/buggy/GenOffByOneBug100.java,11,1,1.0,0.0,0.0,1.0,1.0,1.0,0.0,1.0,0.0,1.0,0.0,1.0,1.0,1.0,3.0,18.0
gen_off_by_one_fix_100,data/ml/raw_snippets_generated/off_by_one/fixed/GenOffByOneFix100.java,4,0,0.0,1.0,0.0,1.0,0.0,1.0,0.0,1.0,0.0,1.0,0.0,1.0,1.0,1.0,2.0,17.0
gen_off_by_one_fix_100,data/ml/raw_snippets_generated/off_by_one/fixed/GenOffByOneFix100.java,11,0,0.0,1.0,0.0,1.0,0.0,1.0,0.0,1.0,0.0,1.0,0.0,1.0,1.0,1.0,3.0,17.0
gen_clean_scanner_loop_004,data/ml/raw_snippets_generated/clean/GenCleanScannerLoop004.java,47,0,0.0,1.0,0.0,1.0,0.0,1.0,0.0,0.0,1.0,1.0,0.0,1.0,2.0,1.0,3.0,15.0
gen_while_no_update_bug_141,data/ml/raw_snippets_generated/while_variable_not_updated/buggy/GenWhileNoUpdateBug141.java,4,0,0.0,1.0,0.0,1.0,0.0,1.0,0.0,1.0,0.0,1.0,0.0,2.0,1.0,1.0,3.0,16.0
gen_while_no_update_fix_141,data/ml/raw_snippets_generated/while_variable_not_updated/fixed/GenWhileNoUpdateFix141.java,4,0,0.0,1.0,0.0,1.0,0.0,1.0,0.0,1.0,0.0,1.0,0.0,2.0,1.0,1.0,3.0,16.0
gen_array_index_bug_038,data/ml/raw_snippets_generated/array_length_index_misuse/buggy/GenArrayIndexBug038.java,8,0,0.0,1.0,0.0,1.0,0.0,1.0,0.0,0.0,1.0,1.0,0.0,1.0,2.0,1.0,3.0,17.0
gen_array_index_fix_038,data/ml/raw_snippets_generated/array_length_index_misuse/fixed/GenArrayIndexFix038.java,8,0,0.0,1.0,0.0,1.0,0.0,1.0,0.0,0.0,1.0,1.0,0.0,1.0,2.0,1.0,3.0,17.0
gen_while_no_update_bug_101,data/ml/raw_snippets_generated/while_variable_not_updated/buggy/GenWhileNoUpdateBug101.java,4,0,0.0,1.0,0.0,1.0,0.0,1.0,0.0,0.0,1.0,1.0,0.0,1.0,2.0,1.0,5.0,16.0
gen_while_no_update_bug_101,data/ml/raw_snippets_generated/while_variable_not_updated/buggy/GenWhileNoUpdateBug101.java,47,0,0.0,1.0,0.0,1.0,0.0,1.0,0.0,0.0,1.0,1.0,0.0,1.0,2.0,1.0,3.0,17.0
gen_while_no_update_fix_101,data/ml/raw_snippets_generated/while_variable_not_updated/fixed/GenWhileNoUpdateFix101.java,4,0,0.0,1.0,0.0,1.0,0.0,1.0,0.0,0.0,1.0,1.0,0.0,1.0,2.0,1.0,5.0,16.0
gen_while_no_update_fix_101,data/ml/raw_snippets_generated/while_variable_not_updated/fixed/GenWhileNoUpdateFix101.java,48,0,0.0,1.0,0.0,1.0,0.0,1.0,0.0,0.0,1.0,1.0,0.0,1.0,2.0,1.0,3.0,17.0
gen_clean_boundary_minus_one_040,data/ml/raw_snippets_generated/clean/GenCleanBoundaryMinusOne040.java,4,0,1.0,0.0,0.0,1.0,1.0,0.0,1.0,1.0,0.0,1.0,0.0,1.0,1.0,1.0,1.0,22.0
gen_clean_generic_090,data/ml/raw_snippets_generated/clean/GenCleanGeneric090.java,19,0,0.0,1.0,0.0,1.0,0.0,1.0,0.0,1.0,0.0,1.0,0.0,1.0,1.0,1.0,1.0,17.0
gen_incorrect_cond_bug_048,data/ml/raw_snippets_generated/incorrect_conditional_operator/buggy/GenIncorrectConditionalBug048.java,4,0,0.0,1.0,0.0,1.0,0.0,1.0,0.0,1.0,0.0,1.0,0.0,1.0,1.0,1.0,1.0,16.0
gen_incorrect_cond_bug_048,data/ml/raw_snippets_generated/incorrect_conditional_operator/buggy/GenIncorrectConditionalBug048.java,12,0,0.0,1.0,0.0,1.0,0.0,1.0,0.0,1.0,0.0,1.0,0.0,1.0,1.0,1.0,1.0,17.0
gen_incorrect_cond_bug_048,data/ml/raw_snippets_generated/incorrect_conditional_operator/buggy/GenIncorrectConditionalBug048.java,36,0,0.0,1.0,0.0,1.0,0.0,1.0,0.0,0.0,1.0,1.0,0.0,1.0,2.0,1.0,3.0,17.0
gen_incorrect_cond_fix_048,data/ml/raw_snippets_generated/incorrect_conditional_operator/fixed/GenIncorrectConditionalFix048.java,4,0,0.0,1.0,0.0,1.0,0.0,1.0,0.0,1.0,0.0,1.0,0.0,1.0,1.0,1.0,1.0,16.0
gen_incorrect_cond_fix_048,data/ml/raw_snippets_generated/incorrect_conditional_operator/fixed/GenIncorrectConditionalFix048.java,12,0,0.0,1.0,0.0,1.0,0.0,1.0,0.0,1.0,0.0,1.0,0.0,1.0,1.0,1.0,1.0,17.0
gen_incorrect_cond_fix_048,data/ml/raw_snippets_generated/incorrect_conditional_operator/fixed/GenIncorrectConditionalFix048.java,36,0,0.0,1.0,0.0,1.0,0.0,1.0,0.0,0.0,1.0,1.0,0.0,1.0,2.0,1.0,3.0,17.0
gen_while_no_update_bug_079,data/ml/raw_snippets_generated/while_variable_not_updated/buggy/GenWhileNoUpdateBug079.java,26,0,0.0,1.0,0.0,1.0,0.0,1.0,0.0,1.0,0.0,1.0,0.0,2.0,1.0,1.0,3.0,16.0
gen_while_no_update_fix_079,data/ml/raw_snippets_generated/while_variable_not_updated/fixed/GenWhileNoUpdateFix079.java,26,0,0.0,1.0,0.0,1.0,0.0,1.0,0.0,1.0,0.0,1.0,0.0,2.0,1.0,1.0,3.0,16.0
gen_clean_boundary_minus_one_018,data/ml/raw_snippets_generated/clean/GenCleanBoundaryMinusOne018.java,10,0,0.0,1.0,0.0,1.0,0.0,1.0,0.0,1.0,0.0,1.0,0.0,1.0,1.0,1.0,1.0,17.0
gen_clean_boundary_minus_one_018,data/ml/raw_snippets_generated/clean/GenCleanBoundaryMinusOne018.java,18,0,1.0,0.0,0.0,1.0,1.0,0.0,1.0,1.0,0.0,1.0,0.0,1.0,1.0,1.0,1.0,22.0
gen_off_by_one_bug_085,data/ml/raw_snippets_generated/off_by_one/buggy/GenOffByOneBug085.java,12,1,1.0,0.0,0.0,1.0,1.0,1.0,0.0,1.0,0.0,1.0,0.0,1.0,1.0,1.0,2.0,18.0
gen_off_by_one_bug_085,data/ml/raw_snippets_generated/off_by_one/buggy/GenOffByOneBug085.java,19,0,0.0,1.0,0.0,1.0,0.0,1.0,0.0,1.0,0.0,1.0,0.0,1.0,1.0,1.0,2.0,17.0
gen_off_by_one_fix_085,data/ml/raw_snippets_generated/off_by_one/fixed/GenOffByOneFix085.java,12,0,0.0,1.0,0.0,1.0,0.0,1.0,0.0,1.0,0.0,1.0,0.0,1.0,1.0,1.0,2.0,17.0
gen_off_by_one_fix_085,data/ml/raw_snippets_generated/off_by_one/fixed/GenOffByOneFix085.java,19,0,0.0,1.0,0.0,1.0,0.0,1.0,0.0,1.0,0.0,1.0,0.0,1.0,1.0,1.0,2.0,17.0
gen_clean_fall_through_016,data/ml/raw_snippets_generated/clean/GenCleanFallThrough016.java,4,0,0.0,1.0,0.0,1.0,0.0,1.0,0.0,0.0,1.0,1.0,0.0,1.0,2.0,1.0,3.0,17.0
gen_clean_fall_through_016,data/ml/raw_snippets_generated/clean/GenCleanFallThrough016.java,46,0,0.0,1.0,0.0,1.0,0.0,1.0,0.0,1.0,0.0,1.0,0.0,1.0,1.0,1.0,1.0,17.0
gen_off_by_one_bug_142,data/ml/raw_snippets_generated/off_by_one/buggy/GenOffByOneBug142.java,4,1,1.0,0.0,0.0,1.0,1.0,1.0,0.0,1.0,0.0,1.0,0.0,1.0,2.0,1.0,3.0,19.0
gen_off_by_one_fix_142,data/ml/raw_snippets_generated/off_by_one/fixed/GenOffByOneFix142.java,4,0,0.0,1.0,0.0,1.0,0.0,1.0,0.0,1.0,0.0,1.0,0.0,1.0,2.0,1.0,3.0,18.0
gen_off_by_one_bug_105,data/ml/raw_snippets_generated/off_by_one/buggy/GenOffByOneBug105.java,3,1,1.0,0.0,0.0,1.0,1.0,1.0,0.0,1.0,0.0,1.0,0.0,1.0,1.0,1.0,2.0,18.0
gen_off_by_one_fix_105,data/ml/raw_snippets_generated/off_by_one/fixed/GenOffByOneFix105.java,3,0,0.0,1.0,0.0,1.0,0.0,1.0,0.0,1.0,0.0,1.0,0.0,1.0,1.0,1.0,2.0,17.0
gen_clean_generic_089,data/ml/raw_snippets_generated/clean/GenCleanGeneric089.java,4,0,0.0,1.0,0.0,1.0,0.0,1.0,0.0,1.0,0.0,1.0,0.0,1.0,1.0,1.0,2.0,16.0
gen_missing_break_bug_085,data/ml/raw_snippets_generated/missing_break_in_switch/buggy/GenMissingBreakBug085.java,36,0,0.0,1.0,0.0,1.0,0.0,1.0,0.0,0.0,1.0,1.0,0.0,1.0,2.0,1.0,3.0,17.0
gen_missing_break_fix_085,data/ml/raw_snippets_generated/missing_break_in_switch/fixed/GenMissingBreakFix085.java,37,0,0.0,1.0,0.0,1.0,0.0,1.0,0.0,0.0,1.0,1.0,0.0,1.0,2.0,1.0,3.0,17.0
gen_off_by_one_bug_066,data/ml/raw_snippets_generated/off_by_one/buggy/GenOffByOneBug066.java,4,1,1.0,0.0,0.0,1.0,1.0,1.0,0.0,1.0,0.0,1.0,0.0,1.0,1.0,1.0,1.0,18.0
gen_off_by_one_bug_066,data/ml/raw_snippets_generated/off_by_one/buggy/GenOffByOneBug066.java,12,0,0.0,1.0,0.0,1.0,0.0,1.0,0.0,0.0,1.0,1.0,0.0,1.0,2.0,1.0,3.0,17.0
gen_off_by_one_fix_066,data/ml/raw_snippets_generated/off_by_one/fixed/GenOffByOneFix066.java,4,0,0.0,1.0,0.0,1.0,0.0,1.0,0.0,1.0,0.0,1.0,0.0,1.0,1.0,1.0,1.0,17.0
gen_off_by_one_fix_066,data/ml/raw_snippets_generated/off_by_one/fixed/GenOffByOneFix066.java,12,0,0.0,1.0,0.0,1.0,0.0,1.0,0.0,0.0,1.0,1.0,0.0,1.0,2.0,1.0,3.0,17.0
gen_array_index_bug_091,data/ml/raw_snippets_generated/array_length_index_misuse/buggy/GenArrayIndexBug091.java,4,0,0.0,1.0,0.0,1.0,0.0,1.0,0.0,0.0,1.0,1.0,0.0,1.0,2.0,1.0,3.0,17.0
gen_array_index_fix_091,data/ml/raw_snippets_generated/array_length_index_misuse/fixed/GenArrayIndexFix091.java,4,0,0.0,1.0,0.0,1.0,0.0,1.0,0.0,0.0,1.0,1.0,0.0,1.0,2.0,1.0,3.0,17.0
gen_missing_break_bug_140,data/ml/raw_snippets_generated/missing_break_in_switch/buggy/GenMissingBreakBug140.java,34,0,0.0,1.0,0.0,1.0,0.0,1.0,0.0,1.0,0.0,1.0,0.0,1.0,1.0,1.0,1.0,17.0
gen_missing_break_bug_140,data/ml/raw_snippets_generated/missing_break_in_switch/buggy/GenMissingBreakBug140.java,42,0,0.0,1.0,0.0,1.0,0.0,1.0,0.0,1.0,0.0,1.0,0.0,1.0,1.0,1.0,1.0,17.0
gen_missing_break_fix_140,data/ml/raw_snippets_generated/missing_break_in_switch/fixed/GenMissingBreakFix140.java,35,0,0.0,1.0,0.0,1.0,0.0,1.0,0.0,1.0,0.0,1.0,0.0,1.0,1.0,1.0,1.0,17.0
gen_missing_break_fix_140,data/ml/raw_snippets_generated/missing_break_in_switch/fixed/GenMissingBreakFix140.java,43,0,0.0,1.0,0.0,1.0,0.0,1.0,0.0,1.0,0.0,1.0,0.0,1.0,1.0,1.0,1.0,17.0
gen_clean_tail_index_023,data/ml/raw_snippets_generated/clean/GenCleanTailIndex023.java,10,0,0.0,1.0,0.0,1.0,0.0,1.0,0.0,1.0,0.0,1.0,0.0,1.0,1.0,1.0,1.0,15.0
gen_clean_boundary_minus_one_036,data/ml/raw_snippets_generated/clean/GenCleanBoundaryMinusOne036.java,4,0,1.0,0.0,0.0,1.0,1.0,0.0,1.0,1.0,0.0,1.0,0.0,1.0,1.0,1.0,1.0,22.0
gen_clean_fall_through_027,data/ml/raw_snippets_generated/clean/GenCleanFallThrough027.java,4,0,0.0,1.0,0.0,1.0,0.0,1.0,0.0,1.0,0.0,1.0,0.0,1.0,1.0,1.0,1.0,16.0
gen_clean_fall_through_027,data/ml/raw_snippets_generated/clean/GenCleanFallThrough027.java,34,0,0.0,1.0,0.0,1.0,0.0,1.0,0.0,1.0,0.0,1.0,0.0,1.0,1.0,1.0,1.0,17.0
gen_while_no_update_bug_144,data/ml/raw_snippets_generated/while_variable_not_updated/buggy/GenWhileNoUpdateBug144.java,13,0,0.0,1.0,0.0,1.0,0.0,1.0,0.0,1.0,0.0,1.0,0.0,2.0,1.0,1.0,3.0,16.0
gen_while_no_update_fix_144,data/ml/raw_snippets_generated/while_variable_not_updated/fixed/GenWhileNoUpdateFix144.java,13,0,0.0,1.0,0.0,1.0,0.0,1.0,0.0,1.0,0.0,1.0,0.0,2.0,1.0,1.0,3.0,16.0
gen_clean_generic_073,data/ml/raw_snippets_generated/clean/GenCleanGeneric073.java,4,0,0.0,1.0,0.0,1.0,0.0,1.0,0.0,1.0,0.0,1.0,0.0,2.0,1.0,1.0,3.0,16.0
gen_off_by_one_bug_170,data/ml/raw_snippets_generated/off_by_one/buggy/GenOffByOneBug170.java,4,1,1.0,0.0,0.0,1.0,1.0,1.0,0.0,1.0,0.0,1.0,0.0,1.0,1.0,1.0,3.0,18.0
gen_off_by_one_fix_170,data/ml/raw_snippets_generated/off_by_one/fixed/GenOffByOneFix170.java,4,0,0.0,1.0,0.0,1.0,0.0,1.0,0.0,1.0,0.0,1.0,0.0,1.0,1.0,1.0,3.0,17.0
gen_clean_generic_054,data/ml/raw_snippets_generated/clean/GenCleanGeneric054.java,11,0,0.0,1.0,0.0,1.0,0.0,1.0,0.0,1.0,0.0,1.0,0.0,2.0,1.0,1.0,3.0,16.0
gen_clean_tail_index_006,data/ml/raw_snippets_generated/clean/GenCleanTailIndex006.java,8,0,0.0,1.0,0.0,1.0,0.0,1.0,0.0,1.0,0.0,1.0,0.0,2.0,1.0,1.0,3.0,16.0
gen_while_no_update_bug_125,data/ml/raw_snippets_generated/while_variable_not_updated/buggy/GenWhileNoUpdateBug125.java,33,0,0.0,1.0,0.0,1.0,0.0,1.0,0.0,1.0,0.0,1.0,0.0,2.0,1.0,1.0,3.0,16.0
gen_while_no_update_fix_125,data/ml/raw_snippets_generated/while_variable_not_updated/fixed/GenWhileNoUpdateFix125.java,34,0,0.0,1.0,0.0,1.0,0.0,1.0,0.0,1.0,0.0,1.0,0.0,2.0,1.0,1.0,3.0,16.0
gen_clean_boundary_minus_one_014,data/ml/raw_snippets_generated/clean/GenCleanBoundaryMinusOne014.java,4,0,1.0,0.0,0.0,1.0,1.0,0.0,1.0,1.0,0.0,1.0,0.0,1.0,1.0,1.0,1.0,20.0
gen_off_by_one_bug_034,data/ml/raw_snippets_generated/off_by_one/buggy/GenOffByOneBug034.java,4,0,0.0,1.0,0.0,1.0,0.0,1.0,0.0,0.0,1.0,1.0,0.0,1.0,2.0,1.0,5.0,16.0
gen_off_by_one_bug_034,data/ml/raw_snippets_generated/off_by_one/buggy/GenOffByOneBug034.java,18,1,1.0,0.0,0.0,1.0,1.0,1.0,0.0,1.0,0.0,1.0,0.0,1.0,1.0,1.0,4.0,19.0
gen_off_by_one_bug_034,data/ml/raw_snippets_generated/off_by_one/buggy/GenOffByOneBug034.java,28,0,0.0,1.0,0.0,1.0,0.0,1.0,0.0,1.0,0.0,1.0,0.0,1.0,1.0,1.0,1.0,16.0
gen_off_by_one_fix_034,data/ml/raw_snippets_generated/off_by_one/fixed/GenOffByOneFix034.java,4,0,0.0,1.0,0.0,1.0,0.0,1.0,0.0,0.0,1.0,1.0,0.0,1.0,2.0,1.0,5.0,16.0
gen_off_by_one_fix_034,data/ml/raw_snippets_generated/off_by_one/fixed/GenOffByOneFix034.java,18,0,0.0,1.0,0.0,1.0,0.0,1.0,0.0,1.0,0.0,1.0,0.0,1.0,1.0,1.0,4.0,18.0
gen_off_by_one_fix_034,data/ml/raw_snippets_generated/off_by_one/fixed/GenOffByOneFix034.java,28,0,0.0,1.0,0.0,1.0,0.0,1.0,0.0,1.0,0.0,1.0,0.0,1.0,1.0,1.0,1.0,16.0
gen_clean_fall_through_018,data/ml/raw_snippets_generated/clean/GenCleanFallThrough018.java,26,0,0.0,1.0,0.0,1.0,0.0,1.0,0.0,0.0,1.0,1.0,0.0,1.0,2.0,1.0,3.0,17.0
gen_clean_fall_through_018,data/ml/raw_snippets_generated/clean/GenCleanFallThrough018.java,36,0,0.0,1.0,0.0,1.0,0.0,1.0,0.0,1.0,0.0,1.0,0.0,2.0,1.0,1.0,3.0,16.0
gen_while_no_update_bug_020,data/ml/raw_snippets_generated/while_variable_not_updated/buggy/GenWhileNoUpdateBug020.java,4,0,0.0,1.0,0.0,1.0,0.0,1.0,0.0,1.0,0.0,1.0,0.0,2.0,1.0,1.0,3.0,16.0
gen_while_no_update_fix_020,data/ml/raw_snippets_generated/while_variable_not_updated/fixed/GenWhileNoUpdateFix020.java,4,0,0.0,1.0,0.0,1.0,0.0,1.0,0.0,1.0,0.0,1.0,0.0,2.0,1.0,1.0,3.0,16.0
gen_clean_generic_056,data/ml/raw_snippets_generated/clean/GenCleanGeneric056.java,14,0,0.0,1.0,0.0,1.0,0.0,1.0,0.0,1.0,0.0,1.0,0.0,2.0,1.0,1.0,3.0,16.0
gen_clean_generic_056,data/ml/raw_snippets_generated/clean/GenCleanGeneric056.java,23,0,0.0,1.0,0.0,1.0,0.0,1.0,0.0,1.0,0.0,1.0,0.0,2.0,1.0,1.0,3.0,16.0
gen_clean_generic_056,data/ml/raw_snippets_generated/clean/GenCleanGeneric056.java,32,0,0.0,1.0,0.0,1.0,0.0,1.0,0.0,0.0,1.0,1.0,0.0,1.0,2.0,1.0,3.0,16.0
gen_clean_generic_056,data/ml/raw_snippets_generated/clean/GenCleanGeneric056.java,48,0,0.0,1.0,0.0,1.0,0.0,1.0,0.0,1.0,0.0,1.0,0.0,1.0,1.0,1.0,1.0,17.0
gen_while_no_update_bug_143,data/ml/raw_snippets_generated/while_variable_not_updated/buggy/GenWhileNoUpdateBug143.java,10,0,0.0,1.0,0.0,1.0,0.0,1.0,0.0,1.0,0.0,1.0,0.0,2.0,1.0,1.0,3.0,16.0
gen_while_no_update_fix_143,data/ml/raw_snippets_generated/while_variable_not_updated/fixed/GenWhileNoUpdateFix143.java,11,0,0.0,1.0,0.0,1.0,0.0,1.0,0.0,1.0,0.0,1.0,0.0,2.0,1.0,1.0,3.0,16.0
gen_array_index_bug_148,data/ml/raw_snippets_generated/array_length_index_misuse/buggy/GenArrayIndexBug148.java,4,0,0.0,1.0,0.0,1.0,0.0,1.0,0.0,0.0,1.0,1.0,0.0,1.0,2.0,1.0,3.0,17.0
gen_array_index_fix_148,data/ml/raw_snippets_generated/array_length_index_misuse/fixed/GenArrayIndexFix148.java,4,0,0.0,1.0,0.0,1.0,0.0,1.0,0.0,0.0,1.0,1.0,0.0,1.0,2.0,1.0,3.0,17.0
gen_array_index_bug_104,data/ml/raw_snippets_generated/array_length_index_misuse/buggy/GenArrayIndexBug104.java,8,0,0.0,1.0,0.0,1.0,0.0,1.0,0.0,0.0,1.0,1.0,0.0,1.0,2.0,1.0,3.0,16.0
gen_array_index_bug_104,data/ml/raw_snippets_generated/array_length_index_misuse/buggy/GenArrayIndexBug104.java,18,0,0.0,1.0,0.0,1.0,0.0,1.0,0.0,1.0,0.0,1.0,0.0,2.0,1.0,1.0,3.0,16.0
gen_array_index_fix_104,data/ml/raw_snippets_generated/array_length_index_misuse/fixed/GenArrayIndexFix104.java,8,0,0.0,1.0,0.0,1.0,0.0,1.0,0.0,0.0,1.0,1.0,0.0,1.0,2.0,1.0,3.0,16.0
gen_array_index_fix_104,data/ml/raw_snippets_generated/array_length_index_misuse/fixed/GenArrayIndexFix104.java,18,0,0.0,1.0,0.0,1.0,0.0,1.0,0.0,1.0,0.0,1.0,0.0,2.0,1.0,1.0,3.0,16.0
gen_off_by_one_bug_030,data/ml/raw_snippets_generated/off_by_one/buggy/GenOffByOneBug030.java,28,1,1.0,0.0,0.0,1.0,1.0,1.0,0.0,1.0,0.0,1.0,0.0,1.0,1.0,1.0,4.0,19.0
gen_off_by_one_bug_030,data/ml/raw_snippets_generated/off_by_one/buggy/GenOffByOneBug030.java,38,0,0.0,1.0,0.0,1.0,0.0,1.0,0.0,1.0,0.0,1.0,0.0,1.0,1.0,1.0,1.0,16.0
gen_off_by_one_bug_030,data/ml/raw_snippets_generated/off_by_one/buggy/GenOffByOneBug030.java,46,0,0.0,1.0,0.0,1.0,0.0,1.0,0.0,1.0,0.0,1.0,0.0,2.0,1.0,1.0,3.0,16.0
gen_off_by_one_fix_030,data/ml/raw_snippets_generated/off_by_one/fixed/GenOffByOneFix030.java,28,0,0.0,1.0,0.0,1.0,0.0,1.0,0.0,1.0,0.0,1.0,0.0,1.0,1.0,1.0,4.0,18.0
gen_off_by_one_fix_030,data/ml/raw_snippets_generated/off_by_one/fixed/GenOffByOneFix030.java,38,0,0.0,1.0,0.0,1.0,0.0,1.0,0.0,1.0,0.0,1.0,0.0,1.0,1.0,1.0,1.0,16.0
gen_off_by_one_fix_030,data/ml/raw_snippets_generated/off_by_one/fixed/GenOffByOneFix030.java,46,0,0.0,1.0,0.0,1.0,0.0,1.0,0.0,1.0,0.0,1.0,0.0,2.0,1.0,1.0,3.0,16.0
gen_off_by_one_bug_047,data/ml/raw_snippets_generated/off_by_one/buggy/GenOffByOneBug047.java,11,1,1.0,0.0,0.0,1.0,1.0,1.0,0.0,1.0,0.0,1.0,0.0,1.0,1.0,1.0,2.0,17.0
gen_off_by_one_bug_047,data/ml/raw_snippets_generated/off_by_one/buggy/GenOffByOneBug047.java,19,0,0.0,1.0,0.0,1.0,0.0,1.0,0.0,0.0,1.0,1.0,0.0,1.0,2.0,1.0,5.0,18.0
gen_off_by_one_fix_047,data/ml/raw_snippets_generated/off_by_one/fixed/GenOffByOneFix047.java,11,0,0.0,1.0,0.0,1.0,0.0,1.0,0.0,1.0,0.0,1.0,0.0,1.0,1.0,1.0,2.0,16.0
gen_off_by_one_fix_047,data/ml/raw_snippets_generated/off_by_one/fixed/GenOffByOneFix047.java,19,0,0.0,1.0,0.0,1.0,0.0,1.0,0.0,0.0,1.0,1.0,0.0,1.0,2.0,1.0,5.0,18.0
gen_clean_boundary_minus_one_003,data/ml/raw_snippets_generated/clean/GenCleanBoundaryMinusOne003.java,17,0,0.0,1.0,0.0,1.0,0.0,1.0,0.0,0.0,1.0,1.0,0.0,1.0,2.0,1.0,3.0,16.0
gen_clean_boundary_minus_one_003,data/ml/raw_snippets_generated/clean/GenCleanBoundaryMinusOne003.java,27,0,1.0,0.0,0.0,1.0,1.0,0.0,1.0,1.0,0.0,1.0,0.0,1.0,1.0,1.0,1.0,22.0
gen_missing_break_bug_021,data/ml/raw_snippets_generated/missing_break_in_switch/buggy/GenMissingBreakBug021.java,4,0,0.0,1.0,0.0,1.0,0.0,1.0,0.0,1.0,0.0,1.0,0.0,1.0,1.0,1.0,2.0,17.0
gen_missing_break_fix_021,data/ml/raw_snippets_generated/missing_break_in_switch/fixed/GenMissingBreakFix021.java,4,0,0.0,1.0,0.0,1.0,0.0,1.0,0.0,1.0,0.0,1.0,0.0,1.0,1.0,1.0,2.0,17.0
gen_clean_verbose_boolean_020,data/ml/raw_snippets_generated/clean/GenCleanVerboseBoolean020.java,4,0,0.0,1.0,0.0,1.0,0.0,1.0,0.0,1.0,0.0,1.0,0.0,2.0,1.0,1.0,3.0,16.0
gen_incorrect_cond_bug_049,data/ml/raw_snippets_generated/incorrect_conditional_operator/buggy/GenIncorrectConditionalBug049.java,4,0,0.0,1.0,0.0,1.0,0.0,1.0,0.0,1.0,0.0,1.0,0.0,2.0,1.0,1.0,3.0,16.0
gen_incorrect_cond_fix_049,data/ml/raw_snippets_generated/incorrect_conditional_operator/fixed/GenIncorrectConditionalFix049.java,4,0,0.0,1.0,0.0,1.0,0.0,1.0,0.0,1.0,0.0,1.0,0.0,2.0,1.0,1.0,3.0,16.0
gen_off_by_one_bug_050,data/ml/raw_snippets_generated/off_by_one/buggy/GenOffByOneBug050.java,4,0,0.0,1.0,0.0,1.0,0.0,1.0,0.0,1.0,0.0,1.0,0.0,1.0,1.0,1.0,1.0,17.0
gen_off_by_one_bug_050,data/ml/raw_snippets_generated/off_by_one/buggy/GenOffByOneBug050.java,16,1,1.0,0.0,0.0,1.0,1.0,1.0,0.0,1.0,0.0,1.0,0.0,1.0,1.0,1.0,3.0,18.0
gen_off_by_one_fix_050,data/ml/raw_snippets_generated/off_by_one/fixed/GenOffByOneFix050.java,4,0,0.0,1.0,0.0,1.0,0.0,1.0,0.0,1.0,0.0,1.0,0.0,1.0,1.0,1.0,1.0,17.0
gen_off_by_one_fix_050,data/ml/raw_snippets_generated/off_by_one/fixed/GenOffByOneFix050.java,16,0,0.0,1.0,0.0,1.0,0.0,1.0,0.0,1.0,0.0,1.0,0.0,1.0,1.0,1.0,3.0,17.0
gen_array_index_bug_021,data/ml/raw_snippets_generated/array_length_index_misuse/buggy/GenArrayIndexBug021.java,8,0,0.0,1.0,0.0,1.0,0.0,1.0,0.0,1.0,0.0,1.0,0.0,1.0,1.0,1.0,2.0,16.0
gen_array_index_fix_021,data/ml/raw_snippets_generated/array_length_index_misuse/fixed/GenArrayIndexFix021.java,8,0,0.0,1.0,0.0,1.0,0.0,1.0,0.0,1.0,0.0,1.0,0.0,1.0,1.0,1.0,2.0,16.0
gen_off_by_one_bug_117,data/ml/raw_snippets_generated/off_by_one/buggy/GenOffByOneBug117.java,4,1,1.0,0.0,0.0,1.0,1.0,1.0,0.0,1.0,0.0,1.0,0.0,1.0,1.0,1.0,3.0,18.0
gen_off_by_one_fix_117,data/ml/raw_snippets_generated/off_by_one/fixed/GenOffByOneFix117.java,4,0,0.0,1.0,0.0,1.0,0.0,1.0,0.0,1.0,0.0,1.0,0.0,1.0,1.0,1.0,3.0,17.0
gen_clean_while_true_break_006,data/ml/raw_snippets_generated/clean/GenCleanWhileTrueBreak006.java,4,0,0.0,1.0,0.0,1.0,0.0,1.0,0.0,0.0,1.0,1.0,0.0,1.0,2.0,1.0,5.0,18.0
gen_while_no_update_bug_053,data/ml/raw_snippets_generated/while_variable_not_updated/buggy/GenWhileNoUpdateBug053.java,4,0,0.0,1.0,0.0,1.0,0.0,1.0,0.0,1.0,0.0,1.0,0.0,1.0,1.0,1.0,2.0,17.0
gen_while_no_update_fix_053,data/ml/raw_snippets_generated/while_variable_not_updated/fixed/GenWhileNoUpdateFix053.java,4,0,0.0,1.0,0.0,1.0,0.0,1.0,0.0,1.0,0.0,1.0,0.0,1.0,1.0,1.0,2.0,17.0
gen_off_by_one_bug_013,data/ml/raw_snippets_generated/off_by_one/buggy/GenOffByOneBug013.java,4,1,1.0,0.0,0.0,1.0,1.0,1.0,0.0,1.0,0.0,1.0,0.0,1.0,1.0,1.0,2.0,17.0
gen_off_by_one_fix_013,data/ml/raw_snippets_generated/off_by_one/fixed/GenOffByOneFix013.java,4,0,0.0,1.0,0.0,1.0,0.0,1.0,0.0,1.0,0.0,1.0,0.0,1.0,1.0,1.0,2.0,16.0
gen_while_no_update_bug_048,data/ml/raw_snippets_generated/while_variable_not_updated/buggy/GenWhileNoUpdateBug048.java,4,0,0.0,1.0,0.0,1.0,0.0,1.0,0.0,0.0,1.0,1.0,0.0,1.0,2.0,1.0,3.0,15.0
gen_while_no_update_fix_048,data/ml/raw_snippets_generated/while_variable_not_updated/fixed/GenWhileNoUpdateFix048.java,4,0,0.0,1.0,0.0,1.0,0.0,1.0,0.0,0.0,1.0,1.0,0.0,1.0,2.0,1.0,3.0,15.0
gen_off_by_one_bug_135,data/ml/raw_snippets_generated/off_by_one/buggy/GenOffByOneBug135.java,4,1,1.0,0.0,0.0,1.0,1.0,1.0,0.0,1.0,0.0,1.0,0.0,1.0,2.0,1.0,3.0,18.0
gen_off_by_one_bug_135,data/ml/raw_snippets_generated/off_by_one/buggy/GenOffByOneBug135.java,12,0,0.0,1.0,0.0,1.0,0.0,1.0,0.0,1.0,0.0,1.0,0.0,1.0,1.0,1.0,1.0,17.0
gen_off_by_one_bug_135,data/ml/raw_snippets_generated/off_by_one/buggy/GenOffByOneBug135.java,35,0,0.0,1.0,0.0,1.0,0.0,1.0,0.0,0.0,1.0,1.0,0.0,1.0,2.0,1.0,3.0,17.0
gen_off_by_one_fix_135,data/ml/raw_snippets_generated/off_by_one/fixed/GenOffByOneFix135.java,4,0,0.0,1.0,0.0,1.0,0.0,1.0,0.0,1.0,0.0,1.0,0.0,1.0,2.0,1.0,3.0,17.0
gen_off_by_one_fix_135,data/ml/raw_snippets_generated/off_by_one/fixed/GenOffByOneFix135.java,12,0,0.0,1.0,0.0,1.0,0.0,1.0,0.0,1.0,0.0,1.0,0.0,1.0,1.0,1.0,1.0,17.0
gen_off_by_one_fix_135,data/ml/raw_snippets_generated/off_by_one/fixed/GenOffByOneFix135.java,35,0,0.0,1.0,0.0,1.0,0.0,1.0,0.0,0.0,1.0,1.0,0.0,1.0,2.0,1.0,3.0,17.0
gen_clean_stacked_labels_014,data/ml/raw_snippets_generated/clean/GenCleanStackedLabels014.java,35,0,0.0,1.0,0.0,1.0,0.0,1.0,0.0,0.0,1.0,1.0,0.0,1.0,2.0,1.0,3.0,17.0
gen_missing_break_bug_041,data/ml/raw_snippets_generated/missing_break_in_switch/buggy/GenMissingBreakBug041.java,4,0,0.0,1.0,0.0,1.0,0.0,1.0,0.0,1.0,0.0,1.0,0.0,2.0,1.0,1.0,3.0,16.0
gen_missing_break_bug_041,data/ml/raw_snippets_generated/missing_break_in_switch/buggy/GenMissingBreakBug041.java,13,0,0.0,1.0,0.0,1.0,0.0,1.0,0.0,1.0,0.0,1.0,0.0,1.0,1.0,1.0,1.0,15.0
gen_missing_break_fix_041,data/ml/raw_snippets_generated/missing_break_in_switch/fixed/GenMissingBreakFix041.java,4,0,0.0,1.0,0.0,1.0,0.0,1.0,0.0,1.0,0.0,1.0,0.0,2.0,1.0,1.0,3.0,16.0
gen_missing_break_fix_041,data/ml/raw_snippets_generated/missing_break_in_switch/fixed/GenMissingBreakFix041.java,13,0,0.0,1.0,0.0,1.0,0.0,1.0,0.0,1.0,0.0,1.0,0.0,1.0,1.0,1.0,1.0,15.0
gen_clean_generic_028,data/ml/raw_snippets_generated/clean/GenCleanGeneric028.java,4,0,0.0,1.0,0.0,1.0,0.0,1.0,0.0,1.0,0.0,1.0,0.0,2.0,1.0,1.0,3.0,16.0
gen_clean_generic_028,data/ml/raw_snippets_generated/clean/GenCleanGeneric028.java,13,0,0.0,1.0,0.0,1.0,0.0,1.0,0.0,0.0,1.0,1.0,0.0,1.0,2.0,1.0,3.0,17.0
gen_clean_generic_028,data/ml/raw_snippets_generated/clean/GenCleanGeneric028.java,48,0,0.0,1.0,0.0,1.0,0.0,1.0,0.0,0.0,1.0,1.0,0.0,1.0,2.0,1.0,5.0,16.0
gen_array_index_bug_037,data/ml/raw_snippets_generated/array_length_index_misuse/buggy/GenArrayIndexBug037.java,8,0,0.0,1.0,0.0,1.0,0.0,1.0,0.0,1.0,0.0,1.0,0.0,2.0,1.0,1.0,3.0,16.0
gen_array_index_bug_037,data/ml/raw_snippets_generated/array_length_index_misuse/buggy/GenArrayIndexBug037.java,17,0,0.0,1.0,0.0,1.0,0.0,1.0,0.0,0.0,1.0,1.0,0.0,1.0,2.0,1.0,3.0,16.0
gen_array_index_fix_037,data/ml/raw_snippets_generated/array_length_index_misuse/fixed/GenArrayIndexFix037.java,8,0,0.0,1.0,0.0,1.0,0.0,1.0,0.0,1.0,0.0,1.0,0.0,2.0,1.0,1.0,3.0,16.0
gen_array_index_fix_037,data/ml/raw_snippets_generated/array_length_index_misuse/fixed/GenArrayIndexFix037.java,17,0,0.0,1.0,0.0,1.0,0.0,1.0,0.0,0.0,1.0,1.0,0.0,1.0,2.0,1.0,3.0,16.0
gen_clean_generic_021,data/ml/raw_snippets_generated/clean/GenCleanGeneric021.java,4,0,0.0,1.0,0.0,1.0,0.0,1.0,0.0,0.0,1.0,1.0,0.0,1.0,2.0,1.0,3.0,17.0
gen_incorrect_cond_bug_094,data/ml/raw_snippets_generated/incorrect_conditional_operator/buggy/GenIncorrectConditionalBug094.java,18,0,0.0,1.0,0.0,1.0,0.0,1.0,0.0,1.0,0.0,1.0,0.0,2.0,1.0,1.0,3.0,16.0
gen_incorrect_cond_fix_094,data/ml/raw_snippets_generated/incorrect_conditional_operator/fixed/GenIncorrectConditionalFix094.java,18,0,0.0,1.0,0.0,1.0,0.0,1.0,0.0,1.0,0.0,1.0,0.0,2.0,1.0,1.0,3.0,16.0
gen_clean_generic_053,data/ml/raw_snippets_generated/clean/GenCleanGeneric053.java,4,0,0.0,1.0,0.0,1.0,0.0,1.0,0.0,1.0,0.0,1.0,0.0,1.0,1.0,1.0,1.0,15.0
gen_off_by_one_bug_110,data/ml/raw_snippets_generated/off_by_one/buggy/GenOffByOneBug110.java,3,1,1.0,0.0,0.0,1.0,1.0,1.0,0.0,1.0,0.0,1.0,0.0,1.0,1.0,1.0,2.0,18.0
gen_off_by_one_fix_110,data/ml/raw_snippets_generated/off_by_one/fixed/GenOffByOneFix110.java,3,0,0.0,1.0,0.0,1.0,0.0,1.0,0.0,1.0,0.0,1.0,0.0,1.0,1.0,1.0,2.0,17.0
gen_off_by_one_bug_138,data/ml/raw_snippets_generated/off_by_one/buggy/GenOffByOneBug138.java,3,1,1.0,0.0,0.0,1.0,1.0,1.0,0.0,1.0,0.0,1.0,0.0,1.0,1.0,1.0,3.0,19.0
gen_off_by_one_fix_138,data/ml/raw_snippets_generated/off_by_one/fixed/GenOffByOneFix138.java,3,0,0.0,1.0,0.0,1.0,0.0,1.0,0.0,1.0,0.0,1.0,0.0,1.0,1.0,1.0,3.0,18.0
gen_array_index_bug_052,data/ml/raw_snippets_generated/array_length_index_misuse/buggy/GenArrayIndexBug052.java,8,0,0.0,1.0,0.0,1.0,0.0,1.0,0.0,1.0,0.0,1.0,0.0,2.0,1.0,1.0,3.0,16.0
gen_array_index_bug_052,data/ml/raw_snippets_generated/array_length_index_misuse/buggy/GenArrayIndexBug052.java,33,0,0.0,1.0,0.0,1.0,0.0,1.0,0.0,0.0,1.0,1.0,0.0,1.0,2.0,1.0,3.0,16.0
gen_array_index_fix_052,data/ml/raw_snippets_generated/array_length_index_misuse/fixed/GenArrayIndexFix052.java,8,0,0.0,1.0,0.0,1.0,0.0,1.0,0.0,1.0,0.0,1.0,0.0,2.0,1.0,1.0,3.0,16.0
gen_array_index_fix_052,data/ml/raw_snippets_generated/array_length_index_misuse/fixed/GenArrayIndexFix052.java,33,0,0.0,1.0,0.0,1.0,0.0,1.0,0.0,0.0,1.0,1.0,0.0,1.0,2.0,1.0,3.0,16.0
gen_missing_break_bug_110,data/ml/raw_snippets_generated/missing_break_in_switch/buggy/GenMissingBreakBug110.java,8,0,0.0,1.0,0.0,1.0,0.0,1.0,0.0,1.0,0.0,1.0,0.0,2.0,1.0,1.0,3.0,16.0
gen_missing_break_fix_110,data/ml/raw_snippets_generated/missing_break_in_switch/fixed/GenMissingBreakFix110.java,8,0,0.0,1.0,0.0,1.0,0.0,1.0,0.0,1.0,0.0,1.0,0.0,2.0,1.0,1.0,3.0,16.0
gen_off_by_one_bug_078,data/ml/raw_snippets_generated/off_by_one/buggy/GenOffByOneBug078.java,3,1,1.0,0.0,0.0,1.0,1.0,1.0,0.0,1.0,0.0,1.0,0.0,1.0,1.0,1.0,3.0,19.0
gen_off_by_one_bug_078,data/ml/raw_snippets_generated/off_by_one/buggy/GenOffByOneBug078.java,14,0,0.0,1.0,0.0,1.0,0.0,1.0,0.0,1.0,0.0,1.0,0.0,1.0,1.0,1.0,1.0,17.0
gen_off_by_one_fix_078,data/ml/raw_snippets_generated/off_by_one/fixed/GenOffByOneFix078.java,3,0,0.0,1.0,0.0,1.0,0.0,1.0,0.0,1.0,0.0,1.0,0.0,1.0,1.0,1.0,3.0,18.0
gen_off_by_one_fix_078,data/ml/raw_snippets_generated/off_by_one/fixed/GenOffByOneFix078.java,14,0,0.0,1.0,0.0,1.0,0.0,1.0,0.0,1.0,0.0,1.0,0.0,1.0,1.0,1.0,1.0,17.0
gen_clean_boundary_minus_one_002,data/ml/raw_snippets_generated/clean/GenCleanBoundaryMinusOne002.java,33,0,1.0,0.0,0.0,1.0,1.0,0.0,1.0,1.0,0.0,1.0,0.0,1.0,1.0,1.0,1.0,21.0
gen_clean_boundary_minus_one_002,data/ml/raw_snippets_generated/clean/GenCleanBoundaryMinusOne002.java,53,0,0.0,1.0,0.0,1.0,0.0,1.0,0.0,1.0,0.0,1.0,0.0,1.0,1.0,1.0,2.0,16.0
gen_clean_verbose_boolean_005,data/ml/raw_snippets_generated/clean/GenCleanVerboseBoolean005.java,63,0,0.0,1.0,0.0,1.0,0.0,1.0,0.0,0.0,1.0,1.0,0.0,1.0,2.0,1.0,5.0,18.0
gen_off_by_one_bug_021,data/ml/raw_snippets_generated/off_by_one/buggy/GenOffByOneBug021.java,12,1,1.0,0.0,0.0,1.0,1.0,1.0,0.0,1.0,0.0,1.0,0.0,1.0,1.0,1.0,3.0,18.0
gen_off_by_one_fix_021,data/ml/raw_snippets_generated/off_by_one/fixed/GenOffByOneFix021.java,12,0,0.0,1.0,0.0,1.0,0.0,1.0,0.0,1.0,0.0,1.0,0.0,1.0,1.0,1.0,3.0,17.0
gen_off_by_one_bug_136,data/ml/raw_snippets_generated/off_by_one/buggy/GenOffByOneBug136.java,4,1,1.0,0.0,0.0,1.0,1.0,1.0,0.0,1.0,0.0,1.0,0.0,1.0,2.0,1.0,3.0,18.0
gen_off_by_one_fix_136,data/ml/raw_snippets_generated/off_by_one/fixed/GenOffByOneFix136.java,4,0,0.0,1.0,0.0,1.0,0.0,1.0,0.0,1.0,0.0,1.0,0.0,1.0,2.0,1.0,3.0,17.0
gen_clean_generic_093,data/ml/raw_snippets_generated/clean/GenCleanGeneric093.java,4,0,0.0,1.0,0.0,1.0,0.0,1.0,0.0,1.0,0.0,1.0,0.0,2.0,1.0,1.0,3.0,16.0
gen_off_by_one_bug_032,data/ml/raw_snippets_generated/off_by_one/buggy/GenOffByOneBug032.java,43,1,1.0,0.0,0.0,1.0,1.0,1.0,0.0,1.0,0.0,1.0,0.0,1.0,1.0,1.0,1.0,18.0
gen_off_by_one_fix_032,data/ml/raw_snippets_generated/off_by_one/fixed/GenOffByOneFix032.java,43,0,0.0,1.0,0.0,1.0,0.0,1.0,0.0,1.0,0.0,1.0,0.0,1.0,1.0,1.0,1.0,17.0
gen_while_no_update_bug_023,data/ml/raw_snippets_generated/while_variable_not_updated/buggy/GenWhileNoUpdateBug023.java,19,0,0.0,1.0,0.0,1.0,0.0,1.0,0.0,1.0,0.0,1.0,0.0,2.0,1.0,1.0,3.0,16.0
gen_while_no_update_fix_023,data/ml/raw_snippets_generated/while_variable_not_updated/fixed/GenWhileNoUpdateFix023.java,20,0,0.0,1.0,0.0,1.0,0.0,1.0,0.0,1.0,0.0,1.0,0.0,2.0,1.0,1.0,3.0,16.0
gen_off_by_one_bug_149,data/ml/raw_snippets_generated/off_by_one/buggy/GenOffByOneBug149.java,4,1,1.0,0.0,0.0,1.0,1.0,1.0,0.0,1.0,0.0,1.0,0.0,1.0,1.0,1.0,4.0,18.0
gen_off_by_one_fix_149,data/ml/raw_snippets_generated/off_by_one/fixed/GenOffByOneFix149.java,4,0,0.0,1.0,0.0,1.0,0.0,1.0,0.0,1.0,0.0,1.0,0.0,1.0,1.0,1.0,4.0,17.0
gen_clean_generic_074,data/ml/raw_snippets_generated/clean/GenCleanGeneric074.java,15,0,0.0,1.0,0.0,1.0,0.0,1.0,0.0,1.0,0.0,1.0,0.0,2.0,1.0,1.0,3.0,16.0
gen_clean_generic_074,data/ml/raw_snippets_generated/clean/GenCleanGeneric074.java,31,0,0.0,1.0,0.0,1.0,0.0,1.0,0.0,1.0,0.0,1.0,0.0,1.0,1.0,1.0,1.0,16.0
gen_off_by_one_bug_102,data/ml/raw_snippets_generated/off_by_one/buggy/GenOffByOneBug102.java,4,1,1.0,0.0,0.0,1.0,1.0,1.0,0.0,1.0,0.0,1.0,0.0,1.0,2.0,1.0,2.0,18.0
gen_off_by_one_bug_102,data/ml/raw_snippets_generated/off_by_one/buggy/GenOffByOneBug102.java,25,0,0.0,1.0,0.0,1.0,0.0,1.0,0.0,1.0,0.0,1.0,0.0,2.0,1.0,1.0,3.0,16.0
gen_off_by_one_fix_102,data/ml/raw_snippets_generated/off_by_one/fixed/GenOffByOneFix102.java,4,0,0.0,1.0,0.0,1.0,0.0,1.0,0.0,1.0,0.0,1.0,0.0,1.0,2.0,1.0,2.0,17.0
gen_off_by_one_fix_102,data/ml/raw_snippets_generated/off_by_one/fixed/GenOffByOneFix102.java,25,0,0.0,1.0,0.0,1.0,0.0,1.0,0.0,1.0,0.0,1.0,0.0,2.0,1.0,1.0,3.0,16.0
gen_incorrect_cond_bug_035,data/ml/raw_snippets_generated/incorrect_conditional_operator/buggy/GenIncorrectConditionalBug035.java,20,0,0.0,1.0,0.0,1.0,0.0,1.0,0.0,0.0,1.0,1.0,0.0,1.0,2.0,1.0,3.0,17.0
gen_incorrect_cond_fix_035,data/ml/raw_snippets_generated/incorrect_conditional_operator/fixed/GenIncorrectConditionalFix035.java,20,0,0.0,1.0,0.0,1.0,0.0,1.0,0.0,0.0,1.0,1.0,0.0,1.0,2.0,1.0,3.0,17.0
gen_off_by_one_bug_126,data/ml/raw_snippets_generated/off_by_one/buggy/GenOffByOneBug126.java,4,1,1.0,0.0,0.0,1.0,1.0,1.0,0.0,1.0,0.0,1.0,0.0,1.0,2.0,1.0,2.0,16.0
gen_off_by_one_fix_126,data/ml/raw_snippets_generated/off_by_one/fixed/GenOffByOneFix126.java,4,0,0.0,1.0,0.0,1.0,0.0,1.0,0.0,1.0,0.0,1.0,0.0,1.0,2.0,1.0,2.0,15.0
gen_clean_generic_038,data/ml/raw_snippets_generated/clean/GenCleanGeneric038.java,4,0,0.0,1.0,0.0,1.0,0.0,1.0,0.0,1.0,0.0,1.0,0.0,2.0,1.0,1.0,3.0,16.0
gen_clean_generic_112,data/ml/raw_snippets_generated/clean/GenCleanGeneric112.java,4,0,0.0,1.0,0.0,1.0,0.0,1.0,0.0,1.0,0.0,1.0,0.0,2.0,1.0,1.0,3.0,16.0
gen_clean_fall_through_006,data/ml/raw_snippets_generated/clean/GenCleanFallThrough006.java,11,0,0.0,1.0,0.0,1.0,0.0,1.0,0.0,1.0,0.0,1.0,0.0,1.0,1.0,1.0,1.0,17.0
gen_clean_fall_through_006,data/ml/raw_snippets_generated/clean/GenCleanFallThrough006.java,19,0,0.0,1.0,0.0,1.0,0.0,1.0,0.0,0.0,1.0,1.0,0.0,1.0,2.0,1.0,5.0,16.0
gen_missing_break_bug_115,data/ml/raw_snippets_generated/missing_break_in_switch/buggy/GenMissingBreakBug115.java,31,0,0.0,1.0,0.0,1.0,0.0,1.0,0.0,1.0,0.0,1.0,0.0,1.0,1.0,1.0,2.0,18.0
gen_missing_break_bug_115,data/ml/raw_snippets_generated/missing_break_in_switch/buggy/GenMissingBreakBug115.java,39,0,0.0,1.0,0.0,1.0,0.0,1.0,0.0,1.0,0.0,1.0,0.0,2.0,1.0,1.0,3.0,16.0
gen_missing_break_fix_115,data/ml/raw_snippets_generated/missing_break_in_switch/fixed/GenMissingBreakFix115.java,32,0,0.0,1.0,0.0,1.0,0.0,1.0,0.0,1.0,0.0,1.0,0.0,1.0,1.0,1.0,2.0,18.0
gen_missing_break_fix_115,data/ml/raw_snippets_generated/missing_break_in_switch/fixed/GenMissingBreakFix115.java,40,0,0.0,1.0,0.0,1.0,0.0,1.0,0.0,1.0,0.0,1.0,0.0,2.0,1.0,1.0,3.0,16.0
gen_clean_generic_016,data/ml/raw_snippets_generated/clean/GenCleanGeneric016.java,32,0,0.0,1.0,0.0,1.0,0.0,1.0,0.0,1.0,0.0,1.0,0.0,2.0,1.0,1.0,3.0,16.0
gen_while_no_update_bug_057,data/ml/raw_snippets_generated/while_variable_not_updated/buggy/GenWhileNoUpdateBug057.java,4,0,0.0,1.0,0.0,1.0,0.0,1.0,0.0,1.0,0.0,1.0,0.0,1.0,1.0,1.0,1.0,17.0
gen_while_no_update_fix_057,data/ml/raw_snippets_generated/while_variable_not_updated/fixed/GenWhileNoUpdateFix057.java,4,0,0.0,1.0,0.0,1.0,0.0,1.0,0.0,1.0,0.0,1.0,0.0,1.0,1.0,1.0,1.0,17.0
gen_off_by_one_bug_046,data/ml/raw_snippets_generated/off_by_one/buggy/GenOffByOneBug046.java,4,1,1.0,0.0,0.0,1.0,1.0,1.0,0.0,1.0,0.0,1.0,0.0,1.0,1.0,1.0,1.0,18.0
gen_off_by_one_fix_046,data/ml/raw_snippets_generated/off_by_one/fixed/GenOffByOneFix046.java,4,0,0.0,1.0,0.0,1.0,0.0,1.0,0.0,1.0,0.0,1.0,0.0,1.0,1.0,1.0,1.0,17.0
gen_off_by_one_bug_084,data/ml/raw_snippets_generated/off_by_one/buggy/GenOffByOneBug084.java,4,1,1.0,0.0,0.0,1.0,1.0,1.0,0.0,1.0,0.0,1.0,0.0,1.0,1.0,1.0,3.0,18.0
gen_off_by_one_fix_084,data/ml/raw_snippets_generated/off_by_one/fixed/GenOffByOneFix084.java,4,0,0.0,1.0,0.0,1.0,0.0,1.0,0.0,1.0,0.0,1.0,0.0,1.0,1.0,1.0,3.0,17.0
gen_array_index_bug_011,data/ml/raw_snippets_generated/array_length_index_misuse/buggy/GenArrayIndexBug011.java,12,0,0.0,1.0,0.0,1.0,0.0,1.0,0.0,0.0,1.0,1.0,0.0,1.0,2.0,1.0,3.0,17.0
gen_array_index_bug_011,data/ml/raw_snippets_generated/array_length_index_misuse/buggy/GenArrayIndexBug011.java,22,0,0.0,1.0,0.0,1.0,0.0,1.0,0.0,1.0,0.0,1.0,0.0,1.0,1.0,1.0,1.0,17.0
gen_array_index_fix_011,data/ml/raw_snippets_generated/array_length_index_misuse/fixed/GenArrayIndexFix011.java,12,0,0.0,1.0,0.0,1.0,0.0,1.0,0.0,0.0,1.0,1.0,0.0,1.0,2.0,1.0,3.0,17.0
gen_array_index_fix_011,data/ml/raw_snippets_generated/array_length_index_misuse/fixed/GenArrayIndexFix011.java,22,0,0.0,1.0,0.0,1.0,0.0,1.0,0.0,1.0,0.0,1.0,0.0,1.0,1.0,1.0,1.0,17.0
gen_array_index_bug_154,data/ml/raw_snippets_generated/array_length_index_misuse/buggy/GenArrayIndexBug154.java,4,0,0.0,1.0,0.0,1.0,0.0,1.0,0.0,1.0,0.0,1.0,0.0,1.0,1.0,1.0,1.0,17.0
gen_array_index_fix_154,data/ml/raw_snippets_generated/array_length_index_misuse/fixed/GenArrayIndexFix154.java,4,0,0.0,1.0,0.0,1.0,0.0,1.0,0.0,1.0,0.0,1.0,0.0,1.0,1.0,1.0,1.0,17.0
gen_off_by_one_bug_147,data/ml/raw_snippets_generated/off_by_one/buggy/GenOffByOneBug147.java,4,0,0.0,1.0,0.0,1.0,0.0,1.0,0.0,1.0,0.0,1.0,0.0,2.0,1.0,1.0,3.0,16.0
gen_off_by_one_bug_147,data/ml/raw_snippets_generated/off_by_one/buggy/GenOffByOneBug147.java,13,0,0.0,1.0,0.0,1.0,0.0,1.0,0.0,1.0,0.0,1.0,0.0,2.0,1.0,1.0,3.0,16.0
gen_off_by_one_bug_147,data/ml/raw_snippets_generated/off_by_one/buggy/GenOffByOneBug147.java,22,0,0.0,1.0,0.0,1.0,0.0,1.0,0.0,0.0,1.0,1.0,0.0,1.0,2.0,1.0,3.0,16.0
gen_off_by_one_bug_147,data/ml/raw_snippets_generated/off_by_one/buggy/GenOffByOneBug147.java,43,1,1.0,0.0,0.0,1.0,1.0,1.0,0.0,1.0,0.0,1.0,0.0,1.0,1.0,1.0,2.0,18.0
gen_off_by_one_bug_147,data/ml/raw_snippets_generated/off_by_one/buggy/GenOffByOneBug147.java,56,0,0.0,1.0,0.0,1.0,0.0,1.0,0.0,1.0,0.0,1.0,0.0,2.0,1.0,1.0,3.0,16.0
gen_off_by_one_fix_147,data/ml/raw_snippets_generated/off_by_one/fixed/GenOffByOneFix147.java,4,0,0.0,1.0,0.0,1.0,0.0,1.0,0.0,1.0,0.0,1.0,0.0,2.0,1.0,1.0,3.0,16.0
gen_off_by_one_fix_147,data/ml/raw_snippets_generated/off_by_one/fixed/GenOffByOneFix147.java,13,0,0.0,1.0,0.0,1.0,0.0,1.0,0.0,1.0,0.0,1.0,0.0,2.0,1.0,1.0,3.0,16.0
gen_off_by_one_fix_147,data/ml/raw_snippets_generated/off_by_one/fixed/GenOffByOneFix147.java,22,0,0.0,1.0,0.0,1.0,0.0,1.0,0.0,0.0,1.0,1.0,0.0,1.0,2.0,1.0,3.0,16.0
gen_off_by_one_fix_147,data/ml/raw_snippets_generated/off_by_one/fixed/GenOffByOneFix147.java,43,0,0.0,1.0,0.0,1.0,0.0,1.0,0.0,1.0,0.0,1.0,0.0,1.0,1.0,1.0,2.0,17.0
gen_off_by_one_fix_147,data/ml/raw_snippets_generated/off_by_one/fixed/GenOffByOneFix147.java,56,0,0.0,1.0,0.0,1.0,0.0,1.0,0.0,1.0,0.0,1.0,0.0,2.0,1.0,1.0,3.0,16.0
gen_missing_break_bug_019,data/ml/raw_snippets_generated/missing_break_in_switch/buggy/GenMissingBreakBug019.java,4,0,0.0,1.0,0.0,1.0,0.0,1.0,0.0,0.0,1.0,1.0,0.0,1.0,2.0,1.0,3.0,16.0
gen_missing_break_fix_019,data/ml/raw_snippets_generated/missing_break_in_switch/fixed/GenMissingBreakFix019.java,4,0,0.0,1.0,0.0,1.0,0.0,1.0,0.0,0.0,1.0,1.0,0.0,1.0,2.0,1.0,3.0,16.0
gen_missing_break_bug_009,data/ml/raw_snippets_generated/missing_break_in_switch/buggy/GenMissingBreakBug009.java,4,0,0.0,1.0,0.0,1.0,0.0,1.0,0.0,1.0,0.0,1.0,0.0,2.0,1.0,1.0,3.0,16.0
gen_missing_break_fix_009,data/ml/raw_snippets_generated/missing_break_in_switch/fixed/GenMissingBreakFix009.java,4,0,0.0,1.0,0.0,1.0,0.0,1.0,0.0,1.0,0.0,1.0,0.0,2.0,1.0,1.0,3.0,16.0
gen_off_by_one_bug_132,data/ml/raw_snippets_generated/off_by_one/buggy/GenOffByOneBug132.java,3,1,1.0,0.0,0.0,1.0,1.0,1.0,0.0,1.0,0.0,1.0,0.0,1.0,1.0,1.0,2.0,18.0
gen_off_by_one_fix_132,data/ml/raw_snippets_generated/off_by_one/fixed/GenOffByOneFix132.java,3,0,0.0,1.0,0.0,1.0,0.0,1.0,0.0,1.0,0.0,1.0,0.0,1.0,1.0,1.0,2.0,17.0
gen_incorrect_cond_bug_051,data/ml/raw_snippets_generated/incorrect_conditional_operator/buggy/GenIncorrectConditionalBug051.java,10,0,0.0,1.0,0.0,1.0,0.0,1.0,0.0,1.0,0.0,1.0,0.0,1.0,1.0,1.0,2.0,18.0
gen_incorrect_cond_bug_051,data/ml/raw_snippets_generated/incorrect_conditional_operator/buggy/GenIncorrectConditionalBug051.java,18,0,0.0,1.0,0.0,1.0,0.0,1.0,0.0,1.0,0.0,1.0,0.0,1.0,1.0,1.0,2.0,18.0
gen_incorrect_cond_fix_051,data/ml/raw_snippets_generated/incorrect_conditional_operator/fixed/GenIncorrectConditionalFix051.java,10,0,0.0,1.0,0.0,1.0,0.0,1.0,0.0,1.0,0.0,1.0,0.0,1.0,1.0,1.0,2.0,18.0
gen_incorrect_cond_fix_051,data/ml/raw_snippets_generated/incorrect_conditional_operator/fixed/GenIncorrectConditionalFix051.java,18,0,0.0,1.0,0.0,1.0,0.0,1.0,0.0,1.0,0.0,1.0,0.0,1.0,1.0,1.0,2.0,18.0
gen_clean_scanner_loop_015,data/ml/raw_snippets_generated/clean/GenCleanScannerLoop015.java,4,0,0.0,1.0,0.0,1.0,0.0,1.0,0.0,1.0,0.0,1.0,0.0,1.0,1.0,1.0,1.0,16.0
gen_clean_scanner_loop_015,data/ml/raw_snippets_generated/clean/GenCleanScannerLoop015.java,21,0,0.0,1.0,0.0,1.0,0.0,1.0,0.0,1.0,0.0,1.0,0.0,2.0,1.0,1.0,3.0,16.0
gen_missing_break_bug_125,data/ml/raw_snippets_generated/missing_break_in_switch/buggy/GenMissingBreakBug125.java,4,0,0.0,1.0,0.0,1.0,0.0,1.0,0.0,0.0,1.0,1.0,0.0,1.0,2.0,1.0,3.0,17.0
gen_missing_break_fix_125,data/ml/raw_snippets_generated/missing_break_in_switch/fixed/GenMissingBreakFix125.java,4,0,0.0,1.0,0.0,1.0,0.0,1.0,0.0,0.0,1.0,1.0,0.0,1.0,2.0,1.0,3.0,17.0
gen_off_by_one_bug_099,data/ml/raw_snippets_generated/off_by_one/buggy/GenOffByOneBug099.java,3,1,1.0,0.0,0.0,1.0,1.0,1.0,0.0,1.0,0.0,1.0,0.0,1.0,1.0,1.0,3.0,18.0
gen_off_by_one_fix_099,data/ml/raw_snippets_generated/off_by_one/fixed/GenOffByOneFix099.java,3,0,0.0,1.0,0.0,1.0,0.0,1.0,0.0,1.0,0.0,1.0,0.0,1.0,1.0,1.0,3.0,17.0
gen_clean_boundary_minus_one_012,data/ml/raw_snippets_generated/clean/GenCleanBoundaryMinusOne012.java,22,0,1.0,0.0,0.0,1.0,1.0,0.0,1.0,1.0,0.0,1.0,0.0,1.0,1.0,1.0,2.0,21.0
gen_while_no_update_bug_060,data/ml/raw_snippets_generated/while_variable_not_updated/buggy/GenWhileNoUpdateBug060.java,4,0,0.0,1.0,0.0,1.0,0.0,1.0,0.0,1.0,0.0,1.0,0.0,2.0,1.0,1.0,3.0,16.0
gen_while_no_update_bug_060,data/ml/raw_snippets_generated/while_variable_not_updated/buggy/GenWhileNoUpdateBug060.java,28,0,0.0,1.0,0.0,1.0,0.0,1.0,0.0,0.0,1.0,1.0,0.0,1.0,2.0,1.0,3.0,16.0
gen_while_no_update_bug_060,data/ml/raw_snippets_generated/while_variable_not_updated/buggy/GenWhileNoUpdateBug060.java,38,0,0.0,1.0,0.0,1.0,0.0,1.0,0.0,1.0,0.0,1.0,0.0,2.0,1.0,1.0,3.0,16.0
gen_while_no_update_fix_060,data/ml/raw_snippets_generated/while_variable_not_updated/fixed/GenWhileNoUpdateFix060.java,4,0,0.0,1.0,0.0,1.0,0.0,1.0,0.0,1.0,0.0,1.0,0.0,2.0,1.0,1.0,3.0,16.0
gen_while_no_update_fix_060,data/ml/raw_snippets_generated/while_variable_not_updated/fixed/GenWhileNoUpdateFix060.java,29,0,0.0,1.0,0.0,1.0,0.0,1.0,0.0,0.0,1.0,1.0,0.0,1.0,2.0,1.0,3.0,16.0
gen_while_no_update_fix_060,data/ml/raw_snippets_generated/while_variable_not_updated/fixed/GenWhileNoUpdateFix060.java,39,0,0.0,1.0,0.0,1.0,0.0,1.0,0.0,1.0,0.0,1.0,0.0,2.0,1.0,1.0,3.0,16.0
gen_clean_generic_044,data/ml/raw_snippets_generated/clean/GenCleanGeneric044.java,4,0,0.0,1.0,0.0,1.0,0.0,1.0,0.0,1.0,0.0,1.0,0.0,1.0,1.0,1.0,2.0,17.0
gen_off_by_one_bug_053,data/ml/raw_snippets_generated/off_by_one/buggy/GenOffByOneBug053.java,4,1,1.0,0.0,0.0,1.0,1.0,1.0,0.0,1.0,0.0,1.0,0.0,1.0,1.0,1.0,3.0,16.0
gen_off_by_one_fix_053,data/ml/raw_snippets_generated/off_by_one/fixed/GenOffByOneFix053.java,4,0,0.0,1.0,0.0,1.0,0.0,1.0,0.0,1.0,0.0,1.0,0.0,1.0,1.0,1.0,3.0,15.0
gen_off_by_one_bug_094,data/ml/raw_snippets_generated/off_by_one/buggy/GenOffByOneBug094.java,4,1,1.0,0.0,0.0,1.0,1.0,1.0,0.0,1.0,0.0,1.0,0.0,1.0,1.0,1.0,1.0,18.0
gen_off_by_one_fix_094,data/ml/raw_snippets_generated/off_by_one/fixed/GenOffByOneFix094.java,4,0,0.0,1.0,0.0,1.0,0.0,1.0,0.0,1.0,0.0,1.0,0.0,1.0,1.0,1.0,1.0,17.0
gen_clean_tail_index_028,data/ml/raw_snippets_generated/clean/GenCleanTailIndex028.java,46,0,0.0,1.0,0.0,1.0,0.0,1.0,0.0,1.0,0.0,1.0,0.0,1.0,1.0,1.0,1.0,17.0
gen_clean_tail_index_028,data/ml/raw_snippets_generated/clean/GenCleanTailIndex028.java,60,0,0.0,1.0,0.0,1.0,0.0,1.0,0.0,1.0,0.0,1.0,0.0,2.0,1.0,1.0,3.0,16.0
gen_off_by_one_bug_111,data/ml/raw_snippets_generated/off_by_one/buggy/GenOffByOneBug111.java,4,1,1.0,0.0,0.0,1.0,1.0,1.0,0.0,1.0,0.0,1.0,0.0,1.0,2.0,1.0,2.0,18.0
gen_off_by_one_fix_111,data/ml/raw_snippets_generated/off_by_one/fixed/GenOffByOneFix111.java,4,0,0.0,1.0,0.0,1.0,0.0,1.0,0.0,1.0,0.0,1.0,0.0,1.0,2.0,1.0,2.0,17.0
gen_off_by_one_bug_004,data/ml/raw_snippets_generated/off_by_one/buggy/GenOffByOneBug004.java,4,0,0.0,1.0,0.0,1.0,0.0,1.0,0.0,1.0,0.0,1.0,0.0,2.0,1.0,1.0,3.0,16.0
gen_off_by_one_bug_004,data/ml/raw_snippets_generated/off_by_one/buggy/GenOffByOneBug004.java,13,1,1.0,0.0,0.0,1.0,1.0,1.0,0.0,1.0,0.0,1.0,0.0,1.0,1.0,1.0,1.0,18.0
gen_off_by_one_bug_004,data/ml/raw_snippets_generated/off_by_one/buggy/GenOffByOneBug004.java,27,0,0.0,1.0,0.0,1.0,0.0,1.0,0.0,1.0,0.0,1.0,0.0,2.0,1.0,1.0,3.0,16.0
gen_off_by_one_bug_004,data/ml/raw_snippets_generated/off_by_one/buggy/GenOffByOneBug004.java,36,0,0.0,1.0,0.0,1.0,0.0,1.0,0.0,1.0,0.0,1.0,0.0,1.0,1.0,1.0,1.0,15.0
gen_off_by_one_fix_004,data/ml/raw_snippets_generated/off_by_one/fixed/GenOffByOneFix004.java,4,0,0.0,1.0,0.0,1.0,0.0,1.0,0.0,1.0,0.0,1.0,0.0,2.0,1.0,1.0,3.0,16.0
gen_off_by_one_fix_004,data/ml/raw_snippets_generated/off_by_one/fixed/GenOffByOneFix004.java,13,0,0.0,1.0,0.0,1.0,0.0,1.0,0.0,1.0,0.0,1.0,0.0,1.0,1.0,1.0,1.0,17.0
gen_off_by_one_fix_004,data/ml/raw_snippets_generated/off_by_one/fixed/GenOffByOneFix004.java,27,0,0.0,1.0,0.0,1.0,0.0,1.0,0.0,1.0,0.0,1.0,0.0,2.0,1.0,1.0,3.0,16.0
gen_off_by_one_fix_004,data/ml/raw_snippets_generated/off_by_one/fixed/GenOffByOneFix004.java,36,0,0.0,1.0,0.0,1.0,0.0,1.0,0.0,1.0,0.0,1.0,0.0,1.0,1.0,1.0,1.0,15.0
gen_incorrect_cond_bug_016,data/ml/raw_snippets_generated/incorrect_conditional_operator/buggy/GenIncorrectConditionalBug016.java,4,0,0.0,1.0,0.0,1.0,0.0,1.0,0.0,1.0,0.0,1.0,0.0,2.0,1.0,1.0,3.0,16.0
gen_incorrect_cond_fix_016,data/ml/raw_snippets_generated/incorrect_conditional_operator/fixed/GenIncorrectConditionalFix016.java,4,0,0.0,1.0,0.0,1.0,0.0,1.0,0.0,1.0,0.0,1.0,0.0,2.0,1.0,1.0,3.0,16.0
gen_off_by_one_bug_082,data/ml/raw_snippets_generated/off_by_one/buggy/GenOffByOneBug082.java,8,1,1.0,0.0,0.0,1.0,1.0,1.0,0.0,1.0,0.0,1.0,0.0,1.0,1.0,1.0,1.0,16.0
gen_off_by_one_fix_082,data/ml/raw_snippets_generated/off_by_one/fixed/GenOffByOneFix082.java,8,0,0.0,1.0,0.0,1.0,0.0,1.0,0.0,1.0,0.0,1.0,0.0,1.0,1.0,1.0,1.0,15.0
gen_off_by_one_bug_166,data/ml/raw_snippets_generated/off_by_one/buggy/GenOffByOneBug166.java,4,1,1.0,0.0,0.0,1.0,1.0,1.0,0.0,1.0,0.0,1.0,0.0,1.0,1.0,1.0,1.0,18.0
gen_off_by_one_fix_166,data/ml/raw_snippets_generated/off_by_one/fixed/GenOffByOneFix166.java,4,0,0.0,1.0,0.0,1.0,0.0,1.0,0.0,1.0,0.0,1.0,0.0,1.0,1.0,1.0,1.0,17.0
gen_missing_break_bug_066,data/ml/raw_snippets_generated/missing_break_in_switch/buggy/GenMissingBreakBug066.java,21,0,0.0,1.0,0.0,1.0,0.0,1.0,0.0,0.0,1.0,1.0,0.0,1.0,2.0,1.0,5.0,18.0
gen_missing_break_bug_066,data/ml/raw_snippets_generated/missing_break_in_switch/buggy/GenMissingBreakBug066.java,37,0,0.0,1.0,0.0,1.0,0.0,1.0,0.0,0.0,1.0,1.0,0.0,1.0,2.0,1.0,3.0,17.0
gen_missing_break_fix_066,data/ml/raw_snippets_generated/missing_break_in_switch/fixed/GenMissingBreakFix066.java,22,0,0.0,1.0,0.0,1.0,0.0,1.0,0.0,0.0,1.0,1.0,0.0,1.0,2.0,1.0,5.0,18.0
gen_missing_break_fix_066,data/ml/raw_snippets_generated/missing_break_in_switch/fixed/GenMissingBreakFix066.java,38,0,0.0,1.0,0.0,1.0,0.0,1.0,0.0,0.0,1.0,1.0,0.0,1.0,2.0,1.0,3.0,17.0
gen_clean_generic_012,data/ml/raw_snippets_generated/clean/GenCleanGeneric012.java,30,0,0.0,1.0,0.0,1.0,0.0,1.0,0.0,1.0,0.0,1.0,0.0,2.0,1.0,1.0,3.0,16.0
gen_clean_generic_012,data/ml/raw_snippets_generated/clean/GenCleanGeneric012.java,39,0,0.0,1.0,0.0,1.0,0.0,1.0,0.0,1.0,0.0,1.0,0.0,2.0,1.0,1.0,3.0,16.0
gen_off_by_one_bug_031,data/ml/raw_snippets_generated/off_by_one/buggy/GenOffByOneBug031.java,4,1,1.0,0.0,0.0,1.0,1.0,1.0,0.0,1.0,0.0,1.0,0.0,1.0,1.0,1.0,3.0,17.0
gen_off_by_one_fix_031,data/ml/raw_snippets_generated/off_by_one/fixed/GenOffByOneFix031.java,4,0,0.0,1.0,0.0,1.0,0.0,1.0,0.0,1.0,0.0,1.0,0.0,1.0,1.0,1.0,3.0,16.0
gen_incorrect_cond_bug_098,data/ml/raw_snippets_generated/incorrect_conditional_operator/buggy/GenIncorrectConditionalBug098.java,4,0,0.0,1.0,0.0,1.0,0.0,1.0,0.0,0.0,1.0,1.0,0.0,1.0,2.0,1.0,3.0,17.0
gen_incorrect_cond_bug_098,data/ml/raw_snippets_generated/incorrect_conditional_operator/buggy/GenIncorrectConditionalBug098.java,50,0,0.0,1.0,0.0,1.0,0.0,1.0,0.0,1.0,0.0,1.0,0.0,1.0,1.0,1.0,2.0,17.0
gen_incorrect_cond_fix_098,data/ml/raw_snippets_generated/incorrect_conditional_operator/fixed/GenIncorrectConditionalFix098.java,4,0,0.0,1.0,0.0,1.0,0.0,1.0,0.0,0.0,1.0,1.0,0.0,1.0,2.0,1.0,3.0,17.0
gen_incorrect_cond_fix_098,data/ml/raw_snippets_generated/incorrect_conditional_operator/fixed/GenIncorrectConditionalFix098.java,50,0,0.0,1.0,0.0,1.0,0.0,1.0,0.0,1.0,0.0,1.0,0.0,1.0,1.0,1.0,2.0,17.0
gen_array_index_bug_020,data/ml/raw_snippets_generated/array_length_index_misuse/buggy/GenArrayIndexBug020.java,8,0,0.0,1.0,0.0,1.0,0.0,1.0,0.0,1.0,0.0,1.0,0.0,1.0,1.0,1.0,1.0,15.0
gen_array_index_bug_020,data/ml/raw_snippets_generated/array_length_index_misuse/buggy/GenArrayIndexBug020.java,16,0,0.0,1.0,0.0,1.0,0.0,1.0,0.0,1.0,0.0,1.0,0.0,2.0,1.0,1.0,3.0,16.0
gen_array_index_bug_020,data/ml/raw_snippets_generated/array_length_index_misuse/buggy/GenArrayIndexBug020.java,32,0,0.0,1.0,0.0,1.0,0.0,1.0,0.0,0.0,1.0,1.0,0.0,1.0,2.0,1.0,5.0,17.0
gen_array_index_fix_020,data/ml/raw_snippets_generated/array_length_index_misuse/fixed/GenArrayIndexFix020.java,8,0,0.0,1.0,0.0,1.0,0.0,1.0,0.0,1.0,0.0,1.0,0.0,1.0,1.0,1.0,1.0,15.0
gen_array_index_fix_020,data/ml/raw_snippets_generated/array_length_index_misuse/fixed/GenArrayIndexFix020.java,16,0,0.0,1.0,0.0,1.0,0.0,1.0,0.0,1.0,0.0,1.0,0.0,2.0,1.0,1.0,3.0,16.0
gen_array_index_fix_020,data/ml/raw_snippets_generated/array_length_index_misuse/fixed/GenArrayIndexFix020.java,32,0,0.0,1.0,0.0,1.0,0.0,1.0,0.0,0.0,1.0,1.0,0.0,1.0,2.0,1.0,5.0,17.0
gen_missing_break_bug_151,data/ml/raw_snippets_generated/missing_break_in_switch/buggy/GenMissingBreakBug151.java,30,0,0.0,1.0,0.0,1.0,0.0,1.0,0.0,1.0,0.0,1.0,0.0,2.0,1.0,1.0,3.0,16.0
gen_missing_break_bug_151,data/ml/raw_snippets_generated/missing_break_in_switch/buggy/GenMissingBreakBug151.java,39,0,0.0,1.0,0.0,1.0,0.0,1.0,0.0,0.0,1.0,1.0,0.0,1.0,2.0,1.0,5.0,18.0
gen_missing_break_fix_151,data/ml/raw_snippets_generated/missing_break_in_switch/fixed/GenMissingBreakFix151.java,31,0,0.0,1.0,0.0,1.0,0.0,1.0,0.0,1.0,0.0,1.0,0.0,2.0,1.0,1.0,3.0,16.0
gen_missing_break_fix_151,data/ml/raw_snippets_generated/missing_break_in_switch/fixed/GenMissingBreakFix151.java,40,0,0.0,1.0,0.0,1.0,0.0,1.0,0.0,0.0,1.0,1.0,0.0,1.0,2.0,1.0,5.0,18.0
gen_off_by_one_bug_033,data/ml/raw_snippets_generated/off_by_one/buggy/GenOffByOneBug033.java,4,1,1.0,0.0,0.0,1.0,1.0,1.0,0.0,1.0,0.0,1.0,0.0,1.0,1.0,1.0,3.0,17.0
gen_off_by_one_fix_033,data/ml/raw_snippets_generated/off_by_one/fixed/GenOffByOneFix033.java,4,0,0.0,1.0,0.0,1.0,0.0,1.0,0.0,1.0,0.0,1.0,0.0,1.0,1.0,1.0,3.0,16.0
gen_off_by_one_bug_026,data/ml/raw_snippets_generated/off_by_one/buggy/GenOffByOneBug026.java,8,0,0.0,1.0,0.0,1.0,0.0,1.0,0.0,1.0,0.0,1.0,0.0,1.0,1.0,1.0,1.0,17.0
gen_off_by_one_bug_026,data/ml/raw_snippets_generated/off_by_one/buggy/GenOffByOneBug026.java,16,0,0.0,1.0,0.0,1.0,0.0,1.0,0.0,1.0,0.0,1.0,0.0,2.0,1.0,1.0,3.0,16.0
gen_off_by_one_bug_026,data/ml/raw_snippets_generated/off_by_one/buggy/GenOffByOneBug026.java,49,1,1.0,0.0,0.0,1.0,1.0,1.0,0.0,1.0,0.0,1.0,0.0,1.0,2.0,1.0,2.0,18.0
gen_off_by_one_fix_026,data/ml/raw_snippets_generated/off_by_one/fixed/GenOffByOneFix026.java,8,0,0.0,1.0,0.0,1.0,0.0,1.0,0.0,1.0,0.0,1.0,0.0,1.0,1.0,1.0,1.0,17.0
gen_off_by_one_fix_026,data/ml/raw_snippets_generated/off_by_one/fixed/GenOffByOneFix026.java,16,0,0.0,1.0,0.0,1.0,0.0,1.0,0.0,1.0,0.0,1.0,0.0,2.0,1.0,1.0,3.0,16.0
gen_off_by_one_fix_026,data/ml/raw_snippets_generated/off_by_one/fixed/GenOffByOneFix026.java,49,0,0.0,1.0,0.0,1.0,0.0,1.0,0.0,1.0,0.0,1.0,0.0,1.0,2.0,1.0,2.0,17.0
gen_while_no_update_bug_085,data/ml/raw_snippets_generated/while_variable_not_updated/buggy/GenWhileNoUpdateBug085.java,19,0,0.0,1.0,0.0,1.0,0.0,1.0,0.0,1.0,0.0,1.0,0.0,1.0,1.0,1.0,1.0,16.0
gen_while_no_update_bug_085,data/ml/raw_snippets_generated/while_variable_not_updated/buggy/GenWhileNoUpdateBug085.java,27,0,0.0,1.0,0.0,1.0,0.0,1.0,0.0,0.0,1.0,1.0,0.0,1.0,2.0,1.0,3.0,17.0
gen_while_no_update_fix_085,data/ml/raw_snippets_generated/while_variable_not_updated/fixed/GenWhileNoUpdateFix085.java,19,0,0.0,1.0,0.0,1.0,0.0,1.0,0.0,1.0,0.0,1.0,0.0,1.0,1.0,1.0,1.0,16.0
gen_while_no_update_fix_085,data/ml/raw_snippets_generated/while_variable_not_updated/fixed/GenWhileNoUpdateFix085.java,27,0,0.0,1.0,0.0,1.0,0.0,1.0,0.0,0.0,1.0,1.0,0.0,1.0,2.0,1.0,3.0,17.0
gen_off_by_one_bug_006,data/ml/raw_snippets_generated/off_by_one/buggy/GenOffByOneBug006.java,11,0,0.0,1.0,0.0,1.0,0.0,1.0,0.0,0.0,1.0,1.0,0.0,1.0,2.0,1.0,3.0,17.0
gen_off_by_one_bug_006,data/ml/raw_snippets_generated/off_by_one/buggy/GenOffByOneBug006.java,21,0,0.0,1.0,0.0,1.0,0.0,1.0,0.0,1.0,0.0,1.0,0.0,1.0,1.0,1.0,2.0,16.0
gen_off_by_one_bug_006,data/ml/raw_snippets_generated/off_by_one/buggy/GenOffByOneBug006.java,29,1,1.0,0.0,0.0,1.0,1.0,1.0,0.0,1.0,0.0,1.0,0.0,1.0,1.0,1.0,3.0,16.0
gen_off_by_one_bug_006,data/ml/raw_snippets_generated/off_by_one/buggy/GenOffByOneBug006.java,48,0,0.0,1.0,0.0,1.0,0.0,1.0,0.0,1.0,0.0,1.0,0.0,1.0,1.0,1.0,1.0,17.0
gen_off_by_one_bug_006,data/ml/raw_snippets_generated/off_by_one/buggy/GenOffByOneBug006.java,65,0,0.0,1.0,0.0,1.0,0.0,1.0,0.0,1.0,0.0,1.0,0.0,2.0,1.0,1.0,3.0,16.0
gen_off_by_one_bug_006,data/ml/raw_snippets_generated/off_by_one/buggy/GenOffByOneBug006.java,74,0,0.0,1.0,0.0,1.0,0.0,1.0,0.0,0.0,1.0,1.0,0.0,1.0,2.0,1.0,3.0,17.0
gen_off_by_one_fix_006,data/ml/raw_snippets_generated/off_by_one/fixed/GenOffByOneFix006.java,11,0,0.0,1.0,0.0,1.0,0.0,1.0,0.0,0.0,1.0,1.0,0.0,1.0,2.0,1.0,3.0,17.0
gen_off_by_one_fix_006,data/ml/raw_snippets_generated/off_by_one/fixed/GenOffByOneFix006.java,21,0,0.0,1.0,0.0,1.0,0.0,1.0,0.0,1.0,0.0,1.0,0.0,1.0,1.0,1.0,2.0,16.0
gen_off_by_one_fix_006,data/ml/raw_snippets_generated/off_by_one/fixed/GenOffByOneFix006.java,29,0,0.0,1.0,0.0,1.0,0.0,1.0,0.0,1.0,0.0,1.0,0.0,1.0,1.0,1.0,3.0,15.0
gen_off_by_one_fix_006,data/ml/raw_snippets_generated/off_by_one/fixed/GenOffByOneFix006.java,48,0,0.0,1.0,0.0,1.0,0.0,1.0,0.0,1.0,0.0,1.0,0.0,1.0,1.0,1.0,1.0,17.0
gen_off_by_one_fix_006,data/ml/raw_snippets_generated/off_by_one/fixed/GenOffByOneFix006.java,65,0,0.0,1.0,0.0,1.0,0.0,1.0,0.0,1.0,0.0,1.0,0.0,2.0,1.0,1.0,3.0,16.0
gen_off_by_one_fix_006,data/ml/raw_snippets_generated/off_by_one/fixed/GenOffByOneFix006.java,74,0,0.0,1.0,0.0,1.0,0.0,1.0,0.0,0.0,1.0,1.0,0.0,1.0,2.0,1.0,3.0,17.0
gen_array_index_bug_067,data/ml/raw_snippets_generated/array_length_index_misuse/buggy/GenArrayIndexBug067.java,4,0,0.0,1.0,0.0,1.0,0.0,1.0,0.0,1.0,0.0,1.0,0.0,1.0,1.0,1.0,1.0,17.0
gen_array_index_bug_067,data/ml/raw_snippets_generated/array_length_index_misuse/buggy/GenArrayIndexBug067.java,12,0,0.0,1.0,0.0,1.0,0.0,1.0,0.0,1.0,0.0,1.0,0.0,1.0,1.0,1.0,1.0,17.0
gen_array_index_fix_067,data/ml/raw_snippets_generated/array_length_index_misuse/fixed/GenArrayIndexFix067.java,4,0,0.0,1.0,0.0,1.0,0.0,1.0,0.0,1.0,0.0,1.0,0.0,1.0,1.0,1.0,1.0,17.0
gen_array_index_fix_067,data/ml/raw_snippets_generated/array_length_index_misuse/fixed/GenArrayIndexFix067.java,12,0,0.0,1.0,0.0,1.0,0.0,1.0,0.0,1.0,0.0,1.0,0.0,1.0,1.0,1.0,1.0,17.0
gen_off_by_one_bug_090,data/ml/raw_snippets_generated/off_by_one/buggy/GenOffByOneBug090.java,13,1,1.0,0.0,0.0,1.0,1.0,1.0,0.0,1.0,0.0,1.0,0.0,1.0,1.0,1.0,4.0,19.0
gen_off_by_one_fix_090,data/ml/raw_snippets_generated/off_by_one/fixed/GenOffByOneFix090.java,13,0,0.0,1.0,0.0,1.0,0.0,1.0,0.0,1.0,0.0,1.0,0.0,1.0,1.0,1.0,4.0,18.0
gen_clean_tail_index_002,data/ml/raw_snippets_generated/clean/GenCleanTailIndex002.java,8,0,0.0,1.0,0.0,1.0,0.0,1.0,0.0,0.0,1.0,1.0,0.0,1.0,2.0,1.0,3.0,17.0
gen_clean_tail_index_002,data/ml/raw_snippets_generated/clean/GenCleanTailIndex002.java,27,0,0.0,1.0,0.0,1.0,0.0,1.0,0.0,0.0,1.0,1.0,0.0,1.0,2.0,1.0,5.0,17.0
gen_clean_tail_index_002,data/ml/raw_snippets_generated/clean/GenCleanTailIndex002.java,46,0,0.0,1.0,0.0,1.0,0.0,1.0,0.0,1.0,0.0,1.0,0.0,2.0,1.0,1.0,3.0,16.0
gen_off_by_one_bug_079,data/ml/raw_snippets_generated/off_by_one/buggy/GenOffByOneBug079.java,4,1,1.0,0.0,0.0,1.0,1.0,1.0,0.0,1.0,0.0,1.0,0.0,1.0,1.0,1.0,1.0,18.0
gen_off_by_one_fix_079,data/ml/raw_snippets_generated/off_by_one/fixed/GenOffByOneFix079.java,4,0,0.0,1.0,0.0,1.0,0.0,1.0,0.0,1.0,0.0,1.0,0.0,1.0,1.0,1.0,1.0,17.0
gen_off_by_one_bug_052,data/ml/raw_snippets_generated/off_by_one/buggy/GenOffByOneBug052.java,4,1,1.0,0.0,0.0,1.0,1.0,1.0,0.0,1.0,0.0,1.0,0.0,1.0,2.0,1.0,3.0,19.0
gen_off_by_one_fix_052,data/ml/raw_snippets_generated/off_by_one/fixed/GenOffByOneFix052.java,4,0,0.0,1.0,0.0,1.0,0.0,1.0,0.0,1.0,0.0,1.0,0.0,1.0,2.0,1.0,3.0,18.0
gen_incorrect_cond_bug_086,data/ml/raw_snippets_generated/incorrect_conditional_operator/buggy/GenIncorrectConditionalBug086.java,17,0,0.0,1.0,0.0,1.0,0.0,1.0,0.0,1.0,0.0,1.0,0.0,1.0,1.0,1.0,1.0,16.0
gen_incorrect_cond_bug_086,data/ml/raw_snippets_generated/incorrect_conditional_operator/buggy/GenIncorrectConditionalBug086.java,54,0,0.0,1.0,0.0,1.0,0.0,1.0,0.0,1.0,0.0,1.0,0.0,2.0,1.0,1.0,3.0,16.0
gen_incorrect_cond_fix_086,data/ml/raw_snippets_generated/incorrect_conditional_operator/fixed/GenIncorrectConditionalFix086.java,17,0,0.0,1.0,0.0,1.0,0.0,1.0,0.0,1.0,0.0,1.0,0.0,1.0,1.0,1.0,1.0,16.0
gen_incorrect_cond_fix_086,data/ml/raw_snippets_generated/incorrect_conditional_operator/fixed/GenIncorrectConditionalFix086.java,54,0,0.0,1.0,0.0,1.0,0.0,1.0,0.0,1.0,0.0,1.0,0.0,2.0,1.0,1.0,3.0,16.0
gen_off_by_one_bug_091,data/ml/raw_snippets_generated/off_by_one/buggy/GenOffByOneBug091.java,4,1,1.0,0.0,0.0,1.0,1.0,1.0,0.0,1.0,0.0,1.0,0.0,1.0,1.0,1.0,2.0,18.0
gen_off_by_one_fix_091,data/ml/raw_snippets_generated/off_by_one/fixed/GenOffByOneFix091.java,4,0,0.0,1.0,0.0,1.0,0.0,1.0,0.0,1.0,0.0,1.0,0.0,1.0,1.0,1.0,2.0,17.0
gen_clean_boundary_minus_one_006,data/ml/raw_snippets_generated/clean/GenCleanBoundaryMinusOne006.java,13,0,1.0,0.0,0.0,1.0,1.0,0.0,1.0,1.0,0.0,1.0,0.0,1.0,1.0,1.0,2.0,23.0
gen_while_no_update_bug_059,data/ml/raw_snippets_generated/while_variable_not_updated/buggy/GenWhileNoUpdateBug059.java,11,0,0.0,1.0,0.0,1.0,0.0,1.0,0.0,1.0,0.0,1.0,0.0,2.0,1.0,1.0,3.0,16.0
gen_while_no_update_bug_059,data/ml/raw_snippets_generated/while_variable_not_updated/buggy/GenWhileNoUpdateBug059.java,35,0,0.0,1.0,0.0,1.0,0.0,1.0,0.0,0.0,1.0,1.0,0.0,1.0,2.0,1.0,3.0,16.0
gen_while_no_update_fix_059,data/ml/raw_snippets_generated/while_variable_not_updated/fixed/GenWhileNoUpdateFix059.java,12,0,0.0,1.0,0.0,1.0,0.0,1.0,0.0,1.0,0.0,1.0,0.0,2.0,1.0,1.0,3.0,16.0
gen_while_no_update_fix_059,data/ml/raw_snippets_generated/while_variable_not_updated/fixed/GenWhileNoUpdateFix059.java,36,0,0.0,1.0,0.0,1.0,0.0,1.0,0.0,0.0,1.0,1.0,0.0,1.0,2.0,1.0,3.0,16.0
gen_missing_break_bug_102,data/ml/raw_snippets_generated/missing_break_in_switch/buggy/GenMissingBreakBug102.java,33,0,0.0,1.0,0.0,1.0,0.0,1.0,0.0,1.0,0.0,1.0,0.0,2.0,1.0,1.0,3.0,16.0
gen_missing_break_bug_102,data/ml/raw_snippets_generated/missing_break_in_switch/buggy/GenMissingBreakBug102.java,57,0,0.0,1.0,0.0,1.0,0.0,1.0,0.0,1.0,0.0,1.0,0.0,1.0,1.0,1.0,1.0,17.0
gen_missing_break_fix_102,data/ml/raw_snippets_generated/missing_break_in_switch/fixed/GenMissingBreakFix102.java,34,0,0.0,1.0,0.0,1.0,0.0,1.0,0.0,1.0,0.0,1.0,0.0,2.0,1.0,1.0,3.0,16.0
gen_missing_break_fix_102,data/ml/raw_snippets_generated/missing_break_in_switch/fixed/GenMissingBreakFix102.java,58,0,0.0,1.0,0.0,1.0,0.0,1.0,0.0,1.0,0.0,1.0,0.0,1.0,1.0,1.0,1.0,17.0
gen_off_by_one_bug_042,data/ml/raw_snippets_generated/off_by_one/buggy/GenOffByOneBug042.java,3,1,1.0,0.0,0.0,1.0,1.0,1.0,0.0,1.0,0.0,1.0,0.0,1.0,1.0,1.0,2.0,16.0
gen_off_by_one_fix_042,data/ml/raw_snippets_generated/off_by_one/fixed/GenOffByOneFix042.java,3,0,0.0,1.0,0.0,1.0,0.0,1.0,0.0,1.0,0.0,1.0,0.0,1.0,1.0,1.0,2.0,15.0
gen_array_index_bug_108,data/ml/raw_snippets_generated/array_length_index_misuse/buggy/GenArrayIndexBug108.java,8,0,0.0,1.0,0.0,1.0,0.0,1.0,0.0,0.0,1.0,1.0,0.0,1.0,2.0,1.0,3.0,17.0
gen_array_index_fix_108,data/ml/raw_snippets_generated/array_length_index_misuse/fixed/GenArrayIndexFix108.java,8,0,0.0,1.0,0.0,1.0,0.0,1.0,0.0,0.0,1.0,1.0,0.0,1.0,2.0,1.0,3.0,17.0
gen_array_index_bug_106,data/ml/raw_snippets_generated/array_length_index_misuse/buggy/GenArrayIndexBug106.java,8,0,0.0,1.0,0.0,1.0,0.0,1.0,0.0,1.0,0.0,1.0,0.0,1.0,1.0,1.0,2.0,18.0
gen_array_index_fix_106,data/ml/raw_snippets_generated/array_length_index_misuse/fixed/GenArrayIndexFix106.java,8,0,0.0,1.0,0.0,1.0,0.0,1.0,0.0,1.0,0.0,1.0,0.0,1.0,1.0,1.0,2.0,18.0
gen_incorrect_cond_bug_134,data/ml/raw_snippets_generated/incorrect_conditional_operator/buggy/GenIncorrectConditionalBug134.java,4,0,0.0,1.0,0.0,1.0,0.0,1.0,0.0,1.0,0.0,1.0,0.0,1.0,1.0,1.0,1.0,17.0
gen_incorrect_cond_bug_134,data/ml/raw_snippets_generated/incorrect_conditional_operator/buggy/GenIncorrectConditionalBug134.java,30,0,0.0,1.0,0.0,1.0,0.0,1.0,0.0,1.0,0.0,1.0,0.0,2.0,1.0,1.0,3.0,16.0
gen_incorrect_cond_fix_134,data/ml/raw_snippets_generated/incorrect_conditional_operator/fixed/GenIncorrectConditionalFix134.java,4,0,0.0,1.0,0.0,1.0,0.0,1.0,0.0,1.0,0.0,1.0,0.0,1.0,1.0,1.0,1.0,17.0
gen_incorrect_cond_fix_134,data/ml/raw_snippets_generated/incorrect_conditional_operator/fixed/GenIncorrectConditionalFix134.java,30,0,0.0,1.0,0.0,1.0,0.0,1.0,0.0,1.0,0.0,1.0,0.0,2.0,1.0,1.0,3.0,16.0
gen_off_by_one_bug_123,data/ml/raw_snippets_generated/off_by_one/buggy/GenOffByOneBug123.java,13,0,0.0,1.0,0.0,1.0,0.0,1.0,0.0,1.0,0.0,1.0,0.0,1.0,1.0,1.0,2.0,18.0
gen_off_by_one_bug_123,data/ml/raw_snippets_generated/off_by_one/buggy/GenOffByOneBug123.java,30,1,1.0,0.0,0.0,1.0,1.0,1.0,0.0,1.0,0.0,1.0,0.0,1.0,1.0,1.0,3.0,18.0
gen_off_by_one_fix_123,data/ml/raw_snippets_generated/off_by_one/fixed/GenOffByOneFix123.java,13,0,0.0,1.0,0.0,1.0,0.0,1.0,0.0,1.0,0.0,1.0,0.0,1.0,1.0,1.0,2.0,18.0
gen_off_by_one_fix_123,data/ml/raw_snippets_generated/off_by_one/fixed/GenOffByOneFix123.java,30,0,0.0,1.0,0.0,1.0,0.0,1.0,0.0,1.0,0.0,1.0,0.0,1.0,1.0,1.0,3.0,17.0
gen_off_by_one_bug_160,data/ml/raw_snippets_generated/off_by_one/buggy/GenOffByOneBug160.java,4,1,1.0,0.0,0.0,1.0,1.0,1.0,0.0,1.0,0.0,1.0,0.0,1.0,2.0,1.0,2.0,18.0
gen_off_by_one_fix_160,data/ml/raw_snippets_generated/off_by_one/fixed/GenOffByOneFix160.java,4,0,0.0,1.0,0.0,1.0,0.0,1.0,0.0,1.0,0.0,1.0,0.0,1.0,2.0,1.0,2.0,17.0
gen_off_by_one_bug_143,data/ml/raw_snippets_generated/off_by_one/buggy/GenOffByOneBug143.java,26,0,0.0,1.0,0.0,1.0,0.0,1.0,0.0,1.0,0.0,1.0,0.0,1.0,1.0,1.0,1.0,17.0
gen_off_by_one_bug_143,data/ml/raw_snippets_generated/off_by_one/buggy/GenOffByOneBug143.java,33,1,1.0,0.0,0.0,1.0,1.0,1.0,0.0,1.0,0.0,1.0,0.0,1.0,1.0,1.0,3.0,17.0
gen_off_by_one_fix_143,data/ml/raw_snippets_generated/off_by_one/fixed/GenOffByOneFix143.java,26,0,0.0,1.0,0.0,1.0,0.0,1.0,0.0,1.0,0.0,1.0,0.0,1.0,1.0,1.0,1.0,17.0
gen_off_by_one_fix_143,data/ml/raw_snippets_generated/off_by_one/fixed/GenOffByOneFix143.java,33,0,0.0,1.0,0.0,1.0,0.0,1.0,0.0,1.0,0.0,1.0,0.0,1.0,1.0,1.0,3.0,16.0
gen_missing_break_bug_101,data/ml/raw_snippets_generated/missing_break_in_switch/buggy/GenMissingBreakBug101.java,48,0,0.0,1.0,0.0,1.0,0.0,1.0,0.0,1.0,0.0,1.0,0.0,1.0,1.0,1.0,1.0,17.0
gen_missing_break_fix_101,data/ml/raw_snippets_generated/missing_break_in_switch/fixed/GenMissingBreakFix101.java,49,0,0.0,1.0,0.0,1.0,0.0,1.0,0.0,1.0,0.0,1.0,0.0,1.0,1.0,1.0,1.0,17.0
gen_clean_generic_018,data/ml/raw_snippets_generated/clean/GenCleanGeneric018.java,4,0,0.0,1.0,0.0,1.0,0.0,1.0,0.0,0.0,1.0,1.0,0.0,1.0,2.0,1.0,3.0,17.0
gen_clean_generic_102,data/ml/raw_snippets_generated/clean/GenCleanGeneric102.java,4,0,0.0,1.0,0.0,1.0,0.0,1.0,0.0,1.0,0.0,1.0,0.0,1.0,1.0,1.0,2.0,18.0
gen_clean_generic_102,data/ml/raw_snippets_generated/clean/GenCleanGeneric102.java,19,0,0.0,1.0,0.0,1.0,0.0,1.0,0.0,0.0,1.0,1.0,0.0,1.0,2.0,1.0,5.0,16.0
gen_array_index_bug_134,data/ml/raw_snippets_generated/array_length_index_misuse/buggy/GenArrayIndexBug134.java,21,0,0.0,1.0,0.0,1.0,0.0,1.0,0.0,1.0,0.0,1.0,0.0,2.0,1.0,1.0,3.0,16.0
gen_array_index_fix_134,data/ml/raw_snippets_generated/array_length_index_misuse/fixed/GenArrayIndexFix134.java,21,0,0.0,1.0,0.0,1.0,0.0,1.0,0.0,1.0,0.0,1.0,0.0,2.0,1.0,1.0,3.0,16.0
gen_array_index_bug_001,data/ml/raw_snippets_generated/array_length_index_misuse/buggy/GenArrayIndexBug001.java,4,0,0.0,1.0,0.0,1.0,0.0,1.0,0.0,1.0,0.0,1.0,0.0,1.0,1.0,1.0,1.0,17.0
gen_array_index_bug_001,data/ml/raw_snippets_generated/array_length_index_misuse/buggy/GenArrayIndexBug001.java,12,0,0.0,1.0,0.0,1.0,0.0,1.0,0.0,0.0,1.0,1.0,0.0,1.0,2.0,1.0,5.0,18.0
gen_array_index_fix_001,data/ml/raw_snippets_generated/array_length_index_misuse/fixed/GenArrayIndexFix001.java,4,0,0.0,1.0,0.0,1.0,0.0,1.0,0.0,1.0,0.0,1.0,0.0,1.0,1.0,1.0,1.0,17.0
gen_array_index_fix_001,data/ml/raw_snippets_generated/array_length_index_misuse/fixed/GenArrayIndexFix001.java,12,0,0.0,1.0,0.0,1.0,0.0,1.0,0.0,0.0,1.0,1.0,0.0,1.0,2.0,1.0,5.0,18.0
gen_off_by_one_bug_116,data/ml/raw_snippets_generated/off_by_one/buggy/GenOffByOneBug116.java,4,1,1.0,0.0,0.0,1.0,1.0,1.0,0.0,1.0,0.0,1.0,0.0,1.0,1.0,1.0,3.0,17.0
gen_off_by_one_fix_116,data/ml/raw_snippets_generated/off_by_one/fixed/GenOffByOneFix116.java,4,0,0.0,1.0,0.0,1.0,0.0,1.0,0.0,1.0,0.0,1.0,0.0,1.0,1.0,1.0,3.0,16.0
gen_incorrect_cond_bug_166,data/ml/raw_snippets_generated/incorrect_conditional_operator/buggy/GenIncorrectConditionalBug166.java,19,0,0.0,1.0,0.0,1.0,0.0,1.0,0.0,1.0,0.0,1.0,0.0,2.0,1.0,1.0,3.0,16.0
gen_incorrect_cond_fix_166,data/ml/raw_snippets_generated/incorrect_conditional_operator/fixed/GenIncorrectConditionalFix166.java,19,0,0.0,1.0,0.0,1.0,0.0,1.0,0.0,1.0,0.0,1.0,0.0,2.0,1.0,1.0,3.0,16.0
gen_missing_break_bug_090,data/ml/raw_snippets_generated/missing_break_in_switch/buggy/GenMissingBreakBug090.java,27,0,0.0,1.0,0.0,1.0,0.0,1.0,0.0,1.0,0.0,1.0,0.0,1.0,1.0,1.0,2.0,17.0
gen_missing_break_fix_090,data/ml/raw_snippets_generated/missing_break_in_switch/fixed/GenMissingBreakFix090.java,28,0,0.0,1.0,0.0,1.0,0.0,1.0,0.0,1.0,0.0,1.0,0.0,1.0,1.0,1.0,2.0,17.0
gen_clean_boundary_minus_one_030,data/ml/raw_snippets_generated/clean/GenCleanBoundaryMinusOne030.java,4,0,1.0,0.0,0.0,1.0,1.0,0.0,1.0,1.0,0.0,1.0,0.0,1.0,1.0,1.0,1.0,22.0
gen_off_by_one_bug_017,data/ml/raw_snippets_generated/off_by_one/buggy/GenOffByOneBug017.java,4,1,1.0,0.0,0.0,1.0,1.0,1.0,0.0,1.0,0.0,1.0,0.0,1.0,1.0,1.0,2.0,19.0
gen_off_by_one_fix_017,data/ml/raw_snippets_generated/off_by_one/fixed/GenOffByOneFix017.java,4,0,0.0,1.0,0.0,1.0,0.0,1.0,0.0,1.0,0.0,1.0,0.0,1.0,1.0,1.0,2.0,18.0
gen_off_by_one_bug_137,data/ml/raw_snippets_generated/off_by_one/buggy/GenOffByOneBug137.java,4,1,1.0,0.0,0.0,1.0,1.0,1.0,0.0,1.0,0.0,1.0,0.0,1.0,2.0,1.0,3.0,19.0
gen_off_by_one_fix_137,data/ml/raw_snippets_generated/off_by_one/fixed/GenOffByOneFix137.java,4,0,0.0,1.0,0.0,1.0,0.0,1.0,0.0,1.0,0.0,1.0,0.0,1.0,2.0,1.0,3.0,18.0
gen_off_by_one_bug_101,data/ml/raw_snippets_generated/off_by_one/buggy/GenOffByOneBug101.java,3,1,1.0,0.0,0.0,1.0,1.0,1.0,0.0,1.0,0.0,1.0,0.0,1.0,1.0,1.0,2.0,18.0
gen_off_by_one_fix_101,data/ml/raw_snippets_generated/off_by_one/fixed/GenOffByOneFix101.java,3,0,0.0,1.0,0.0,1.0,0.0,1.0,0.0,1.0,0.0,1.0,0.0,1.0,1.0,1.0,2.0,17.0
gen_incorrect_cond_bug_025,data/ml/raw_snippets_generated/incorrect_conditional_operator/buggy/GenIncorrectConditionalBug025.java,31,0,0.0,1.0,0.0,1.0,0.0,1.0,0.0,1.0,0.0,1.0,0.0,1.0,1.0,1.0,2.0,17.0
gen_incorrect_cond_fix_025,data/ml/raw_snippets_generated/incorrect_conditional_operator/fixed/GenIncorrectConditionalFix025.java,31,0,0.0,1.0,0.0,1.0,0.0,1.0,0.0,1.0,0.0,1.0,0.0,1.0,1.0,1.0,2.0,17.0
gen_while_no_update_bug_096,data/ml/raw_snippets_generated/while_variable_not_updated/buggy/GenWhileNoUpdateBug096.java,4,0,0.0,1.0,0.0,1.0,0.0,1.0,0.0,0.0,1.0,1.0,0.0,1.0,2.0,1.0,3.0,15.0
gen_while_no_update_fix_096,data/ml/raw_snippets_generated/while_variable_not_updated/fixed/GenWhileNoUpdateFix096.java,4,0,0.0,1.0,0.0,1.0,0.0,1.0,0.0,0.0,1.0,1.0,0.0,1.0,2.0,1.0,3.0,15.0
gen_off_by_one_bug_104,data/ml/raw_snippets_generated/off_by_one/buggy/GenOffByOneBug104.java,4,1,1.0,0.0,0.0,1.0,1.0,1.0,0.0,1.0,0.0,1.0,0.0,1.0,2.0,1.0,3.0,19.0
gen_off_by_one_bug_104,data/ml/raw_snippets_generated/off_by_one/buggy/GenOffByOneBug104.java,12,0,0.0,1.0,0.0,1.0,0.0,1.0,0.0,1.0,0.0,1.0,0.0,1.0,1.0,1.0,2.0,18.0
gen_off_by_one_bug_104,data/ml/raw_snippets_generated/off_by_one/buggy/GenOffByOneBug104.java,28,0,0.0,1.0,0.0,1.0,0.0,1.0,0.0,1.0,0.0,1.0,0.0,1.0,1.0,1.0,1.0,17.0
gen_off_by_one_fix_104,data/ml/raw_snippets_generated/off_by_one/fixed/GenOffByOneFix104.java,4,0,0.0,1.0,0.0,1.0,0.0,1.0,0.0,1.0,0.0,1.0,0.0,1.0,2.0,1.0,3.0,18.0
gen_off_by_one_fix_104,data/ml/raw_snippets_generated/off_by_one/fixed/GenOffByOneFix104.java,12,0,0.0,1.0,0.0,1.0,0.0,1.0,0.0,1.0,0.0,1.0,0.0,1.0,1.0,1.0,2.0,18.0
gen_off_by_one_fix_104,data/ml/raw_snippets_generated/off_by_one/fixed/GenOffByOneFix104.java,28,0,0.0,1.0,0.0,1.0,0.0,1.0,0.0,1.0,0.0,1.0,0.0,1.0,1.0,1.0,1.0,17.0
gen_while_no_update_bug_112,data/ml/raw_snippets_generated/while_variable_not_updated/buggy/GenWhileNoUpdateBug112.java,10,0,0.0,1.0,0.0,1.0,0.0,1.0,0.0,0.0,1.0,1.0,0.0,1.0,2.0,1.0,5.0,17.0
gen_while_no_update_fix_112,data/ml/raw_snippets_generated/while_variable_not_updated/fixed/GenWhileNoUpdateFix112.java,11,0,0.0,1.0,0.0,1.0,0.0,1.0,0.0,0.0,1.0,1.0,0.0,1.0,2.0,1.0,5.0,17.0
gen_missing_break_bug_089,data/ml/raw_snippets_generated/missing_break_in_switch/buggy/GenMissingBreakBug089.java,11,0,0.0,1.0,0.0,1.0,0.0,1.0,0.0,1.0,0.0,1.0,0.0,1.0,1.0,1.0,2.0,16.0
gen_missing_break_fix_089,data/ml/raw_snippets_generated/missing_break_in_switch/fixed/GenMissingBreakFix089.java,11,0,0.0,1.0,0.0,1.0,0.0,1.0,0.0,1.0,0.0,1.0,0.0,1.0,1.0,1.0,2.0,16.0
gen_off_by_one_bug_153,data/ml/raw_snippets_generated/off_by_one/buggy/GenOffByOneBug153.java,4,1,1.0,0.0,0.0,1.0,1.0,1.0,0.0,1.0,0.0,1.0,0.0,1.0,1.0,1.0,4.0,18.0
gen_off_by_one_fix_153,data/ml/raw_snippets_generated/off_by_one/fixed/GenOffByOneFix153.java,4,0,0.0,1.0,0.0,1.0,0.0,1.0,0.0,1.0,0.0,1.0,0.0,1.0,1.0,1.0,4.0,17.0
gen_off_by_one_bug_037,data/ml/raw_snippets_generated/off_by_one/buggy/GenOffByOneBug037.java,4,1,1.0,0.0,0.0,1.0,1.0,1.0,0.0,1.0,0.0,1.0,0.0,1.0,2.0,1.0,2.0,16.0
gen_off_by_one_fix_037,data/ml/raw_snippets_generated/off_by_one/fixed/GenOffByOneFix037.java,4,0,0.0,1.0,0.0,1.0,0.0,1.0,0.0,1.0,0.0,1.0,0.0,1.0,2.0,1.0,2.0,15.0
gen_clean_generic_084,data/ml/raw_snippets_generated/clean/GenCleanGeneric084.java,4,0,0.0,1.0,0.0,1.0,0.0,1.0,0.0,0.0,1.0,1.0,0.0,1.0,2.0,1.0,5.0,18.0
gen_clean_generic_084,data/ml/raw_snippets_generated/clean/GenCleanGeneric084.java,14,0,0.0,1.0,0.0,1.0,0.0,1.0,0.0,1.0,0.0,1.0,0.0,2.0,1.0,1.0,3.0,16.0
gen_clean_generic_084,data/ml/raw_snippets_generated/clean/GenCleanGeneric084.java,23,0,0.0,1.0,0.0,1.0,0.0,1.0,0.0,0.0,1.0,1.0,0.0,1.0,2.0,1.0,5.0,18.0
gen_off_by_one_bug_148,data/ml/raw_snippets_generated/off_by_one/buggy/GenOffByOneBug148.java,11,1,1.0,0.0,0.0,1.0,1.0,1.0,0.0,1.0,0.0,1.0,0.0,1.0,1.0,1.0,3.0,18.0
gen_off_by_one_fix_148,data/ml/raw_snippets_generated/off_by_one/fixed/GenOffByOneFix148.java,11,0,0.0,1.0,0.0,1.0,0.0,1.0,0.0,1.0,0.0,1.0,0.0,1.0,1.0,1.0,3.0,17.0
gen_array_index_bug_056,data/ml/raw_snippets_generated/array_length_index_misuse/buggy/GenArrayIndexBug056.java,14,0,0.0,1.0,0.0,1.0,0.0,1.0,0.0,1.0,0.0,1.0,0.0,2.0,1.0,1.0,3.0,16.0
gen_array_index_bug_056,data/ml/raw_snippets_generated/array_length_index_misuse/buggy/GenArrayIndexBug056.java,44,0,0.0,1.0,0.0,1.0,0.0,1.0,0.0,1.0,0.0,1.0,0.0,2.0,1.0,1.0,3.0,16.0
gen_array_index_fix_056,data/ml/raw_snippets_generated/array_length_index_misuse/fixed/GenArrayIndexFix056.java,14,0,0.0,1.0,0.0,1.0,0.0,1.0,0.0,1.0,0.0,1.0,0.0,2.0,1.0,1.0,3.0,16.0
gen_array_index_fix_056,data/ml/raw_snippets_generated/array_length_index_misuse/fixed/GenArrayIndexFix056.java,44,0,0.0,1.0,0.0,1.0,0.0,1.0,0.0,1.0,0.0,1.0,0.0,2.0,1.0,1.0,3.0,16.0
gen_missing_break_bug_164,data/ml/raw_snippets_generated/missing_break_in_switch/buggy/GenMissingBreakBug164.java,39,0,0.0,1.0,0.0,1.0,0.0,1.0,0.0,1.0,0.0,1.0,0.0,2.0,1.0,1.0,3.0,16.0
gen_missing_break_fix_164,data/ml/raw_snippets_generated/missing_break_in_switch/fixed/GenMissingBreakFix164.java,40,0,0.0,1.0,0.0,1.0,0.0,1.0,0.0,1.0,0.0,1.0,0.0,2.0,1.0,1.0,3.0,16.0
gen_clean_generic_097,data/ml/raw_snippets_generated/clean/GenCleanGeneric097.java,22,0,0.0,1.0,0.0,1.0,0.0,1.0,0.0,1.0,0.0,1.0,0.0,2.0,1.0,1.0,3.0,16.0
gen_array_index_bug_141,data/ml/raw_snippets_generated/array_length_index_misuse/buggy/GenArrayIndexBug141.java,13,0,0.0,1.0,0.0,1.0,0.0,1.0,0.0,1.0,0.0,1.0,0.0,2.0,1.0,1.0,3.0,16.0
gen_array_index_fix_141,data/ml/raw_snippets_generated/array_length_index_misuse/fixed/GenArrayIndexFix141.java,13,0,0.0,1.0,0.0,1.0,0.0,1.0,0.0,1.0,0.0,1.0,0.0,2.0,1.0,1.0,3.0,16.0
gen_incorrect_cond_bug_067,data/ml/raw_snippets_generated/incorrect_conditional_operator/buggy/GenIncorrectConditionalBug067.java,19,0,0.0,1.0,0.0,1.0,0.0,1.0,0.0,1.0,0.0,1.0,0.0,2.0,1.0,1.0,3.0,16.0
gen_incorrect_cond_fix_067,data/ml/raw_snippets_generated/incorrect_conditional_operator/fixed/GenIncorrectConditionalFix067.java,19,0,0.0,1.0,0.0,1.0,0.0,1.0,0.0,1.0,0.0,1.0,0.0,2.0,1.0,1.0,3.0,16.0
gen_off_by_one_bug_070,data/ml/raw_snippets_generated/off_by_one/buggy/GenOffByOneBug070.java,4,0,0.0,1.0,0.0,1.0,0.0,1.0,0.0,0.0,1.0,1.0,0.0,1.0,2.0,1.0,3.0,15.0
gen_off_by_one_bug_070,data/ml/raw_snippets_generated/off_by_one/buggy/GenOffByOneBug070.java,42,1,1.0,0.0,0.0,1.0,1.0,1.0,0.0,1.0,0.0,1.0,0.0,1.0,1.0,1.0,1.0,16.0
gen_off_by_one_fix_070,data/ml/raw_snippets_generated/off_by_one/fixed/GenOffByOneFix070.java,4,0,0.0,1.0,0.0,1.0,0.0,1.0,0.0,0.0,1.0,1.0,0.0,1.0,2.0,1.0,3.0,15.0
gen_off_by_one_fix_070,data/ml/raw_snippets_generated/off_by_one/fixed/GenOffByOneFix070.java,42,0,0.0,1.0,0.0,1.0,0.0,1.0,0.0,1.0,0.0,1.0,0.0,1.0,1.0,1.0,1.0,15.0
gen_off_by_one_bug_150,data/ml/raw_snippets_generated/off_by_one/buggy/GenOffByOneBug150.java,3,1,1.0,0.0,0.0,1.0,1.0,1.0,0.0,1.0,0.0,1.0,0.0,1.0,1.0,1.0,2.0,18.0
gen_off_by_one_fix_150,data/ml/raw_snippets_generated/off_by_one/fixed/GenOffByOneFix150.java,3,0,0.0,1.0,0.0,1.0,0.0,1.0,0.0,1.0,0.0,1.0,0.0,1.0,1.0,1.0,2.0,17.0
gen_clean_stacked_labels_013,data/ml/raw_snippets_generated/clean/GenCleanStackedLabels013.java,13,0,0.0,1.0,0.0,1.0,0.0,1.0,0.0,1.0,0.0,1.0,0.0,2.0,1.0,1.0,3.0,16.0
gen_clean_stacked_labels_013,data/ml/raw_snippets_generated/clean/GenCleanStackedLabels013.java,22,0,0.0,1.0,0.0,1.0,0.0,1.0,0.0,0.0,1.0,1.0,0.0,1.0,2.0,1.0,5.0,18.0
gen_clean_stacked_labels_013,data/ml/raw_snippets_generated/clean/GenCleanStackedLabels013.java,32,0,0.0,1.0,0.0,1.0,0.0,1.0,0.0,0.0,1.0,1.0,0.0,1.0,2.0,1.0,5.0,18.0
gen_clean_stacked_labels_013,data/ml/raw_snippets_generated/clean/GenCleanStackedLabels013.java,42,0,0.0,1.0,0.0,1.0,0.0,1.0,0.0,0.0,1.0,1.0,0.0,1.0,2.0,1.0,3.0,17.0
gen_array_index_bug_131,data/ml/raw_snippets_generated/array_length_index_misuse/buggy/GenArrayIndexBug131.java,4,0,0.0,1.0,0.0,1.0,0.0,1.0,0.0,1.0,0.0,1.0,0.0,1.0,1.0,1.0,2.0,18.0
gen_array_index_bug_131,data/ml/raw_snippets_generated/array_length_index_misuse/buggy/GenArrayIndexBug131.java,12,0,0.0,1.0,0.0,1.0,0.0,1.0,0.0,0.0,1.0,1.0,0.0,1.0,2.0,1.0,3.0,17.0
gen_array_index_bug_131,data/ml/raw_snippets_generated/array_length_index_misuse/buggy/GenArrayIndexBug131.java,26,0,0.0,1.0,0.0,1.0,0.0,1.0,0.0,1.0,0.0,1.0,0.0,2.0,1.0,1.0,3.0,16.0
gen_array_index_fix_131,data/ml/raw_snippets_generated/array_length_index_misuse/fixed/GenArrayIndexFix131.java,4,0,0.0,1.0,0.0,1.0,0.0,1.0,0.0,1.0,0.0,1.0,0.0,1.0,1.0,1.0,2.0,18.0
gen_array_index_fix_131,data/ml/raw_snippets_generated/array_length_index_misuse/fixed/GenArrayIndexFix131.java,12,0,0.0,1.0,0.0,1.0,0.0,1.0,0.0,0.0,1.0,1.0,0.0,1.0,2.0,1.0,3.0,17.0
gen_array_index_fix_131,data/ml/raw_snippets_generated/array_length_index_misuse/fixed/GenArrayIndexFix131.java,26,0,0.0,1.0,0.0,1.0,0.0,1.0,0.0,1.0,0.0,1.0,0.0,2.0,1.0,1.0,3.0,16.0
gen_array_index_bug_135,data/ml/raw_snippets_generated/array_length_index_misuse/buggy/GenArrayIndexBug135.java,4,0,0.0,1.0,0.0,1.0,0.0,1.0,0.0,1.0,0.0,1.0,0.0,2.0,1.0,1.0,3.0,16.0
gen_array_index_fix_135,data/ml/raw_snippets_generated/array_length_index_misuse/fixed/GenArrayIndexFix135.java,4,0,0.0,1.0,0.0,1.0,0.0,1.0,0.0,1.0,0.0,1.0,0.0,2.0,1.0,1.0,3.0,16.0
gen_off_by_one_bug_077,data/ml/raw_snippets_generated/off_by_one/buggy/GenOffByOneBug077.java,4,0,0.0,1.0,0.0,1.0,0.0,1.0,0.0,1.0,0.0,1.0,0.0,1.0,1.0,1.0,1.0,17.0
gen_off_by_one_bug_077,data/ml/raw_snippets_generated/off_by_one/buggy/GenOffByOneBug077.java,12,1,1.0,0.0,0.0,1.0,1.0,1.0,0.0,1.0,0.0,1.0,0.0,1.0,1.0,1.0,3.0,16.0
gen_off_by_one_fix_077,data/ml/raw_snippets_generated/off_by_one/fixed/GenOffByOneFix077.java,4,0,0.0,1.0,0.0,1.0,0.0,1.0,0.0,1.0,0.0,1.0,0.0,1.0,1.0,1.0,1.0,17.0
gen_off_by_one_fix_077,data/ml/raw_snippets_generated/off_by_one/fixed/GenOffByOneFix077.java,12,0,0.0,1.0,0.0,1.0,0.0,1.0,0.0,1.0,0.0,1.0,0.0,1.0,1.0,1.0,3.0,15.0
gen_missing_break_bug_106,data/ml/raw_snippets_generated/missing_break_in_switch/buggy/GenMissingBreakBug106.java,27,0,0.0,1.0,0.0,1.0,0.0,1.0,0.0,1.0,0.0,1.0,0.0,2.0,1.0,1.0,3.0,16.0
gen_missing_break_fix_106,data/ml/raw_snippets_generated/missing_break_in_switch/fixed/GenMissingBreakFix106.java,28,0,0.0,1.0,0.0,1.0,0.0,1.0,0.0,1.0,0.0,1.0,0.0,2.0,1.0,1.0,3.0,16.0
gen_off_by_one_bug_112,data/ml/raw_snippets_generated/off_by_one/buggy/GenOffByOneBug112.java,11,1,1.0,0.0,0.0,1.0,1.0,1.0,0.0,1.0,0.0,1.0,0.0,1.0,2.0,1.0,2.0,18.0
gen_off_by_one_fix_112,data/ml/raw_snippets_generated/off_by_one/fixed/GenOffByOneFix112.java,11,0,0.0,1.0,0.0,1.0,0.0,1.0,0.0,1.0,0.0,1.0,0.0,1.0,2.0,1.0,2.0,17.0
gen_clean_generic_029,data/ml/raw_snippets_generated/clean/GenCleanGeneric029.java,4,0,0.0,1.0,0.0,1.0,0.0,1.0,0.0,1.0,0.0,1.0,0.0,2.0,1.0,1.0,3.0,16.0
gen_incorrect_cond_bug_120,data/ml/raw_snippets_generated/incorrect_conditional_operator/buggy/GenIncorrectConditionalBug120.java,11,0,0.0,1.0,0.0,1.0,0.0,1.0,0.0,1.0,0.0,1.0,0.0,1.0,1.0,1.0,1.0,17.0
gen_incorrect_cond_fix_120,data/ml/raw_snippets_generated/incorrect_conditional_operator/fixed/GenIncorrectConditionalFix120.java,11,0,0.0,1.0,0.0,1.0,0.0,1.0,0.0,1.0,0.0,1.0,0.0,1.0,1.0,1.0,1.0,17.0
gen_clean_boundary_minus_one_011,data/ml/raw_snippets_generated/clean/GenCleanBoundaryMinusOne011.java,4,0,0.0,1.0,0.0,1.0,0.0,1.0,0.0,1.0,0.0,1.0,0.0,1.0,1.0,1.0,2.0,17.0
gen_clean_boundary_minus_one_011,data/ml/raw_snippets_generated/clean/GenCleanBoundaryMinusOne011.java,12,0,1.0,0.0,0.0,1.0,1.0,0.0,1.0,1.0,0.0,1.0,0.0,1.0,1.0,1.0,1.0,22.0
gen_while_no_update_bug_163,data/ml/raw_snippets_generated/while_variable_not_updated/buggy/GenWhileNoUpdateBug163.java,4,0,0.0,1.0,0.0,1.0,0.0,1.0,0.0,0.0,1.0,1.0,0.0,1.0,2.0,1.0,3.0,15.0
gen_while_no_update_bug_163,data/ml/raw_snippets_generated/while_variable_not_updated/buggy/GenWhileNoUpdateBug163.java,22,0,0.0,1.0,0.0,1.0,0.0,1.0,0.0,1.0,0.0,1.0,0.0,2.0,1.0,1.0,3.0,16.0
gen_while_no_update_fix_163,data/ml/raw_snippets_generated/while_variable_not_updated/fixed/GenWhileNoUpdateFix163.java,4,0,0.0,1.0,0.0,1.0,0.0,1.0,0.0,0.0,1.0,1.0,0.0,1.0,2.0,1.0,3.0,15.0
gen_while_no_update_fix_163,data/ml/raw_snippets_generated/while_variable_not_updated/fixed/GenWhileNoUpdateFix163.java,23,0,0.0,1.0,0.0,1.0,0.0,1.0,0.0,1.0,0.0,1.0,0.0,2.0,1.0,1.0,3.0,16.0
gen_while_no_update_bug_034,data/ml/raw_snippets_generated/while_variable_not_updated/buggy/GenWhileNoUpdateBug034.java,4,0,0.0,1.0,0.0,1.0,0.0,1.0,0.0,1.0,0.0,1.0,0.0,2.0,1.0,1.0,3.0,16.0
gen_while_no_update_fix_034,data/ml/raw_snippets_generated/while_variable_not_updated/fixed/GenWhileNoUpdateFix034.java,4,0,0.0,1.0,0.0,1.0,0.0,1.0,0.0,1.0,0.0,1.0,0.0,2.0,1.0,1.0,3.0,16.0
gen_clean_generic_055,data/ml/raw_snippets_generated/clean/GenCleanGeneric055.java,41,0,0.0,1.0,0.0,1.0,0.0,1.0,0.0,1.0,0.0,1.0,0.0,2.0,1.0,1.0,3.0,16.0
gen_off_by_one_bug_165,data/ml/raw_snippets_generated/off_by_one/buggy/GenOffByOneBug165.java,4,1,1.0,0.0,0.0,1.0,1.0,1.0,0.0,1.0,0.0,1.0,0.0,1.0,1.0,1.0,3.0,18.0
gen_off_by_one_fix_165,data/ml/raw_snippets_generated/off_by_one/fixed/GenOffByOneFix165.java,4,0,0.0,1.0,0.0,1.0,0.0,1.0,0.0,1.0,0.0,1.0,0.0,1.0,1.0,1.0,3.0,17.0
gen_clean_generic_070,data/ml/raw_snippets_generated/clean/GenCleanGeneric070.java,13,0,0.0,1.0,0.0,1.0,0.0,1.0,0.0,0.0,1.0,1.0,0.0,1.0,2.0,1.0,5.0,18.0
gen_clean_fall_through_024,data/ml/raw_snippets_generated/clean/GenCleanFallThrough024.java,11,0,0.0,1.0,0.0,1.0,0.0,1.0,0.0,1.0,0.0,1.0,0.0,1.0,1.0,1.0,2.0,18.0
gen_clean_verbose_boolean_008,data/ml/raw_snippets_generated/clean/GenCleanVerboseBoolean008.java,4,0,0.0,1.0,0.0,1.0,0.0,1.0,0.0,0.0,1.0,1.0,0.0,1.0,2.0,1.0,3.0,15.0
gen_off_by_one_bug_141,data/ml/raw_snippets_generated/off_by_one/buggy/GenOffByOneBug141.java,4,1,1.0,0.0,0.0,1.0,1.0,1.0,0.0,1.0,0.0,1.0,0.0,1.0,2.0,1.0,2.0,18.0
gen_off_by_one_fix_141,data/ml/raw_snippets_generated/off_by_one/fixed/GenOffByOneFix141.java,4,0,0.0,1.0,0.0,1.0,0.0,1.0,0.0,1.0,0.0,1.0,0.0,1.0,2.0,1.0,2.0,17.0
gen_while_no_update_bug_111,data/ml/raw_snippets_generated/while_variable_not_updated/buggy/GenWhileNoUpdateBug111.java,11,0,0.0,1.0,0.0,1.0,0.0,1.0,0.0,1.0,0.0,1.0,0.0,1.0,1.0,1.0,2.0,17.0
gen_while_no_update_fix_111,data/ml/raw_snippets_generated/while_variable_not_updated/fixed/GenWhileNoUpdateFix111.java,11,0,0.0,1.0,0.0,1.0,0.0,1.0,0.0,1.0,0.0,1.0,0.0,1.0,1.0,1.0,2.0,17.0
gen_while_no_update_bug_069,data/ml/raw_snippets_generated/while_variable_not_updated/buggy/GenWhileNoUpdateBug069.java,11,0,0.0,1.0,0.0,1.0,0.0,1.0,0.0,0.0,1.0,1.0,0.0,1.0,2.0,1.0,3.0,17.0
gen_while_no_update_bug_069,data/ml/raw_snippets_generated/while_variable_not_updated/buggy/GenWhileNoUpdateBug069.java,27,0,0.0,1.0,0.0,1.0,0.0,1.0,0.0,0.0,1.0,1.0,0.0,1.0,2.0,1.0,3.0,17.0
gen_while_no_update_fix_069,data/ml/raw_snippets_generated/while_variable_not_updated/fixed/GenWhileNoUpdateFix069.java,11,0,0.0,1.0,0.0,1.0,0.0,1.0,0.0,0.0,1.0,1.0,0.0,1.0,2.0,1.0,3.0,17.0
gen_while_no_update_fix_069,data/ml/raw_snippets_generated/while_variable_not_updated/fixed/GenWhileNoUpdateFix069.java,28,0,0.0,1.0,0.0,1.0,0.0,1.0,0.0,0.0,1.0,1.0,0.0,1.0,2.0,1.0,3.0,17.0
gen_missing_break_bug_128,data/ml/raw_snippets_generated/missing_break_in_switch/buggy/GenMissingBreakBug128.java,31,0,0.0,1.0,0.0,1.0,0.0,1.0,0.0,1.0,0.0,1.0,0.0,2.0,1.0,1.0,3.0,16.0
gen_missing_break_fix_128,data/ml/raw_snippets_generated/missing_break_in_switch/fixed/GenMissingBreakFix128.java,32,0,0.0,1.0,0.0,1.0,0.0,1.0,0.0,1.0,0.0,1.0,0.0,2.0,1.0,1.0,3.0,16.0
gen_missing_break_bug_015,data/ml/raw_snippets_generated/missing_break_in_switch/buggy/GenMissingBreakBug015.java,26,0,0.0,1.0,0.0,1.0,0.0,1.0,0.0,0.0,1.0,1.0,0.0,1.0,2.0,1.0,3.0,16.0
gen_missing_break_bug_015,data/ml/raw_snippets_generated/missing_break_in_switch/buggy/GenMissingBreakBug015.java,43,0,0.0,1.0,0.0,1.0,0.0,1.0,0.0,1.0,0.0,1.0,0.0,2.0,1.0,1.0,3.0,16.0
gen_missing_break_bug_015,data/ml/raw_snippets_generated/missing_break_in_switch/buggy/GenMissingBreakBug015.java,52,0,0.0,1.0,0.0,1.0,0.0,1.0,0.0,1.0,0.0,1.0,0.0,1.0,1.0,1.0,2.0,18.0
gen_missing_break_bug_015,data/ml/raw_snippets_generated/missing_break_in_switch/buggy/GenMissingBreakBug015.java,64,0,0.0,1.0,0.0,1.0,0.0,1.0,0.0,1.0,0.0,1.0,0.0,2.0,1.0,1.0,3.0,16.0
gen_missing_break_fix_015,data/ml/raw_snippets_generated/missing_break_in_switch/fixed/GenMissingBreakFix015.java,26,0,0.0,1.0,0.0,1.0,0.0,1.0,0.0,0.0,1.0,1.0,0.0,1.0,2.0,1.0,3.0,16.0
gen_missing_break_fix_015,data/ml/raw_snippets_generated/missing_break_in_switch/fixed/GenMissingBreakFix015.java,43,0,0.0,1.0,0.0,1.0,0.0,1.0,0.0,1.0,0.0,1.0,0.0,2.0,1.0,1.0,3.0,16.0
gen_missing_break_fix_015,data/ml/raw_snippets_generated/missing_break_in_switch/fixed/GenMissingBreakFix015.java,52,0,0.0,1.0,0.0,1.0,0.0,1.0,0.0,1.0,0.0,1.0,0.0,1.0,1.0,1.0,2.0,18.0
gen_missing_break_fix_015,data/ml/raw_snippets_generated/missing_break_in_switch/fixed/GenMissingBreakFix015.java,64,0,0.0,1.0,0.0,1.0,0.0,1.0,0.0,1.0,0.0,1.0,0.0,2.0,1.0,1.0,3.0,16.0
gen_off_by_one_bug_028,data/ml/raw_snippets_generated/off_by_one/buggy/GenOffByOneBug028.java,3,1,1.0,0.0,0.0,1.0,1.0,1.0,0.0,1.0,0.0,1.0,0.0,1.0,1.0,1.0,3.0,17.0
gen_off_by_one_bug_028,data/ml/raw_snippets_generated/off_by_one/buggy/GenOffByOneBug028.java,10,0,0.0,1.0,0.0,1.0,0.0,1.0,0.0,1.0,0.0,1.0,0.0,2.0,1.0,1.0,3.0,16.0
gen_off_by_one_bug_028,data/ml/raw_snippets_generated/off_by_one/buggy/GenOffByOneBug028.java,19,0,0.0,1.0,0.0,1.0,0.0,1.0,0.0,0.0,1.0,1.0,0.0,1.0,2.0,1.0,3.0,15.0
gen_off_by_one_fix_028,data/ml/raw_snippets_generated/off_by_one/fixed/GenOffByOneFix028.java,3,0,0.0,1.0,0.0,1.0,0.0,1.0,0.0,1.0,0.0,1.0,0.0,1.0,1.0,1.0,3.0,16.0
gen_off_by_one_fix_028,data/ml/raw_snippets_generated/off_by_one/fixed/GenOffByOneFix028.java,10,0,0.0,1.0,0.0,1.0,0.0,1.0,0.0,1.0,0.0,1.0,0.0,2.0,1.0,1.0,3.0,16.0
gen_off_by_one_fix_028,data/ml/raw_snippets_generated/off_by_one/fixed/GenOffByOneFix028.java,19,0,0.0,1.0,0.0,1.0,0.0,1.0,0.0,0.0,1.0,1.0,0.0,1.0,2.0,1.0,3.0,15.0
gen_incorrect_cond_bug_077,data/ml/raw_snippets_generated/incorrect_conditional_operator/buggy/GenIncorrectConditionalBug077.java,11,0,0.0,1.0,0.0,1.0,0.0,1.0,0.0,1.0,0.0,1.0,0.0,1.0,1.0,1.0,2.0,16.0
gen_incorrect_cond_bug_077,data/ml/raw_snippets_generated/incorrect_conditional_operator/buggy/GenIncorrectConditionalBug077.java,19,0,0.0,1.0,0.0,1.0,0.0,1.0,0.0,1.0,0.0,1.0,0.0,2.0,1.0,1.0,3.0,16.0
gen_incorrect_cond_bug_077,data/ml/raw_snippets_generated/incorrect_conditional_operator/buggy/GenIncorrectConditionalBug077.java,28,0,0.0,1.0,0.0,1.0,0.0,1.0,0.0,0.0,1.0,1.0,0.0,1.0,2.0,1.0,3.0,17.0
gen_incorrect_cond_fix_077,data/ml/raw_snippets_generated/incorrect_conditional_operator/fixed/GenIncorrectConditionalFix077.java,11,0,0.0,1.0,0.0,1.0,0.0,1.0,0.0,1.0,0.0,1.0,0.0,1.0,1.0,1.0,2.0,16.0
gen_incorrect_cond_fix_077,data/ml/raw_snippets_generated/incorrect_conditional_operator/fixed/GenIncorrectConditionalFix077.java,19,0,0.0,1.0,0.0,1.0,0.0,1.0,0.0,1.0,0.0,1.0,0.0,2.0,1.0,1.0,3.0,16.0
gen_incorrect_cond_fix_077,data/ml/raw_snippets_generated/incorrect_conditional_operator/fixed/GenIncorrectConditionalFix077.java,28,0,0.0,1.0,0.0,1.0,0.0,1.0,0.0,0.0,1.0,1.0,0.0,1.0,2.0,1.0,3.0,17.0
gen_clean_boundary_minus_one_016,data/ml/raw_snippets_generated/clean/GenCleanBoundaryMinusOne016.java,4,0,1.0,0.0,0.0,1.0,1.0,0.0,1.0,1.0,0.0,1.0,0.0,1.0,1.0,1.0,2.0,21.0
gen_clean_generic_049,data/ml/raw_snippets_generated/clean/GenCleanGeneric049.java,4,0,0.0,1.0,0.0,1.0,0.0,1.0,0.0,1.0,0.0,1.0,0.0,2.0,1.0,1.0,3.0,16.0
gen_while_no_update_bug_009,data/ml/raw_snippets_generated/while_variable_not_updated/buggy/GenWhileNoUpdateBug009.java,4,0,0.0,1.0,0.0,1.0,0.0,1.0,0.0,0.0,1.0,1.0,0.0,1.0,2.0,1.0,3.0,17.0
gen_while_no_update_fix_009,data/ml/raw_snippets_generated/while_variable_not_updated/fixed/GenWhileNoUpdateFix009.java,4,0,0.0,1.0,0.0,1.0,0.0,1.0,0.0,0.0,1.0,1.0,0.0,1.0,2.0,1.0,3.0,17.0
gen_off_by_one_bug_139,data/ml/raw_snippets_generated/off_by_one/buggy/GenOffByOneBug139.java,3,1,1.0,0.0,0.0,1.0,1.0,1.0,0.0,1.0,0.0,1.0,0.0,1.0,1.0,1.0,3.0,19.0
gen_off_by_one_fix_139,data/ml/raw_snippets_generated/off_by_one/fixed/GenOffByOneFix139.java,3,0,0.0,1.0,0.0,1.0,0.0,1.0,0.0,1.0,0.0,1.0,0.0,1.0,1.0,1.0,3.0,18.0
gen_clean_boundary_minus_one_005,data/ml/raw_snippets_generated/clean/GenCleanBoundaryMinusOne005.java,4,0,1.0,0.0,0.0,1.0,1.0,0.0,1.0,1.0,0.0,1.0,0.0,1.0,1.0,1.0,1.0,22.0
gen_off_by_one_bug_169,data/ml/raw_snippets_generated/off_by_one/buggy/GenOffByOneBug169.java,4,1,1.0,0.0,0.0,1.0,1.0,1.0,0.0,1.0,0.0,1.0,0.0,1.0,1.0,1.0,1.0,18.0
gen_off_by_one_fix_169,data/ml/raw_snippets_generated/off_by_one/fixed/GenOffByOneFix169.java,4,0,0.0,1.0,0.0,1.0,0.0,1.0,0.0,1.0,0.0,1.0,0.0,1.0,1.0,1.0,1.0,17.0
gen_off_by_one_bug_129,data/ml/raw_snippets_generated/off_by_one/buggy/GenOffByOneBug129.java,4,1,1.0,0.0,0.0,1.0,1.0,1.0,0.0,1.0,0.0,1.0,0.0,1.0,2.0,1.0,3.0,19.0
gen_off_by_one_fix_129,data/ml/raw_snippets_generated/off_by_one/fixed/GenOffByOneFix129.java,4,0,0.0,1.0,0.0,1.0,0.0,1.0,0.0,1.0,0.0,1.0,0.0,1.0,2.0,1.0,3.0,18.0
gen_missing_break_bug_096,data/ml/raw_snippets_generated/missing_break_in_switch/buggy/GenMissingBreakBug096.java,14,0,0.0,1.0,0.0,1.0,0.0,1.0,0.0,1.0,0.0,1.0,0.0,2.0,1.0,1.0,3.0,16.0
gen_missing_break_bug_096,data/ml/raw_snippets_generated/missing_break_in_switch/buggy/GenMissingBreakBug096.java,46,0,0.0,1.0,0.0,1.0,0.0,1.0,0.0,1.0,0.0,1.0,0.0,2.0,1.0,1.0,3.0,16.0
gen_missing_break_fix_096,data/ml/raw_snippets_generated/missing_break_in_switch/fixed/GenMissingBreakFix096.java,14,0,0.0,1.0,0.0,1.0,0.0,1.0,0.0,1.0,0.0,1.0,0.0,2.0,1.0,1.0,3.0,16.0
gen_missing_break_fix_096,data/ml/raw_snippets_generated/missing_break_in_switch/fixed/GenMissingBreakFix096.java,47,0,0.0,1.0,0.0,1.0,0.0,1.0,0.0,1.0,0.0,1.0,0.0,2.0,1.0,1.0,3.0,16.0
gen_off_by_one_bug_134,data/ml/raw_snippets_generated/off_by_one/buggy/GenOffByOneBug134.java,10,0,0.0,1.0,0.0,1.0,0.0,1.0,0.0,1.0,0.0,1.0,0.0,1.0,1.0,1.0,1.0,16.0
gen_off_by_one_bug_134,data/ml/raw_snippets_generated/off_by_one/buggy/GenOffByOneBug134.java,17,1,1.0,0.0,0.0,1.0,1.0,1.0,0.0,1.0,0.0,1.0,0.0,1.0,1.0,1.0,2.0,16.0
gen_off_by_one_fix_134,data/ml/raw_snippets_generated/off_by_one/fixed/GenOffByOneFix134.java,10,0,0.0,1.0,0.0,1.0,0.0,1.0,0.0,1.0,0.0,1.0,0.0,1.0,1.0,1.0,1.0,16.0
gen_off_by_one_fix_134,data/ml/raw_snippets_generated/off_by_one/fixed/GenOffByOneFix134.java,17,0,0.0,1.0,0.0,1.0,0.0,1.0,0.0,1.0,0.0,1.0,0.0,1.0,1.0,1.0,2.0,15.0
gen_missing_break_bug_116,data/ml/raw_snippets_generated/missing_break_in_switch/buggy/GenMissingBreakBug116.java,4,0,0.0,1.0,0.0,1.0,0.0,1.0,0.0,1.0,0.0,1.0,0.0,1.0,1.0,1.0,2.0,18.0
gen_missing_break_bug_116,data/ml/raw_snippets_generated/missing_break_in_switch/buggy/GenMissingBreakBug116.java,12,0,0.0,1.0,0.0,1.0,0.0,1.0,0.0,1.0,0.0,1.0,0.0,2.0,1.0,1.0,3.0,16.0
gen_missing_break_fix_116,data/ml/raw_snippets_generated/missing_break_in_switch/fixed/GenMissingBreakFix116.java,4,0,0.0,1.0,0.0,1.0,0.0,1.0,0.0,1.0,0.0,1.0,0.0,1.0,1.0,1.0,2.0,18.0
gen_missing_break_fix_116,data/ml/raw_snippets_generated/missing_break_in_switch/fixed/GenMissingBreakFix116.java,12,0,0.0,1.0,0.0,1.0,0.0,1.0,0.0,1.0,0.0,1.0,0.0,2.0,1.0,1.0,3.0,16.0
gen_off_by_one_bug_106,data/ml/raw_snippets_generated/off_by_one/buggy/GenOffByOneBug106.java,3,1,1.0,0.0,0.0,1.0,1.0,1.0,0.0,1.0,0.0,1.0,0.0,1.0,1.0,1.0,3.0,19.0
gen_off_by_one_fix_106,data/ml/raw_snippets_generated/off_by_one/fixed/GenOffByOneFix106.java,3,0,0.0,1.0,0.0,1.0,0.0,1.0,0.0,1.0,0.0,1.0,0.0,1.0,1.0,1.0,3.0,18.0
gen_clean_fall_through_029,data/ml/raw_snippets_generated/clean/GenCleanFallThrough029.java,4,0,0.0,1.0,0.0,1.0,0.0,1.0,0.0,0.0,1.0,1.0,0.0,1.0,2.0,1.0,3.0,15.0
gen_clean_fall_through_029,data/ml/raw_snippets_generated/clean/GenCleanFallThrough029.java,23,0,0.0,1.0,0.0,1.0,0.0,1.0,0.0,1.0,0.0,1.0,0.0,2.0,1.0,1.0,3.0,16.0
gen_clean_fall_through_029,data/ml/raw_snippets_generated/clean/GenCleanFallThrough029.java,39,0,0.0,1.0,0.0,1.0,0.0,1.0,0.0,0.0,1.0,1.0,0.0,1.0,2.0,1.0,3.0,17.0
gen_clean_while_true_break_014,data/ml/raw_snippets_generated/clean/GenCleanWhileTrueBreak014.java,8,0,0.0,1.0,0.0,1.0,0.0,1.0,0.0,0.0,1.0,1.0,0.0,1.0,2.0,1.0,5.0,17.0
gen_off_by_one_bug_124,data/ml/raw_snippets_generated/off_by_one/buggy/GenOffByOneBug124.java,4,1,1.0,0.0,0.0,1.0,1.0,1.0,0.0,1.0,0.0,1.0,0.0,1.0,2.0,1.0,3.0,18.0
gen_off_by_one_fix_124,data/ml/raw_snippets_generated/off_by_one/fixed/GenOffByOneFix124.java,4,0,0.0,1.0,0.0,1.0,0.0,1.0,0.0,1.0,0.0,1.0,0.0,1.0,2.0,1.0,3.0,17.0
gen_incorrect_cond_bug_149,data/ml/raw_snippets_generated/incorrect_conditional_operator/buggy/GenIncorrectConditionalBug149.java,4,0,0.0,1.0,0.0,1.0,0.0,1.0,0.0,0.0,1.0,1.0,0.0,1.0,2.0,1.0,3.0,17.0
gen_incorrect_cond_fix_149,data/ml/raw_snippets_generated/incorrect_conditional_operator/fixed/GenIncorrectConditionalFix149.java,4,0,0.0,1.0,0.0,1.0,0.0,1.0,0.0,0.0,1.0,1.0,0.0,1.0,2.0,1.0,3.0,17.0
gen_clean_tail_index_008,data/ml/raw_snippets_generated/clean/GenCleanTailIndex008.java,4,0,0.0,1.0,0.0,1.0,0.0,1.0,0.0,0.0,1.0,1.0,0.0,1.0,2.0,1.0,5.0,16.0
gen_off_by_one_bug_075,data/ml/raw_snippets_generated/off_by_one/buggy/GenOffByOneBug075.java,17,1,1.0,0.0,0.0,1.0,1.0,1.0,0.0,1.0,0.0,1.0,0.0,1.0,2.0,1.0,3.0,19.0
gen_off_by_one_fix_075,data/ml/raw_snippets_generated/off_by_one/fixed/GenOffByOneFix075.java,17,0,0.0,1.0,0.0,1.0,0.0,1.0,0.0,1.0,0.0,1.0,0.0,1.0,2.0,1.0,3.0,18.0
gen_while_no_update_bug_097,data/ml/raw_snippets_generated/while_variable_not_updated/buggy/GenWhileNoUpdateBug097.java,4,0,0.0,1.0,0.0,1.0,0.0,1.0,0.0,1.0,0.0,1.0,0.0,2.0,1.0,1.0,3.0,16.0
gen_while_no_update_fix_097,data/ml/raw_snippets_generated/while_variable_not_updated/fixed/GenWhileNoUpdateFix097.java,4,0,0.0,1.0,0.0,1.0,0.0,1.0,0.0,1.0,0.0,1.0,0.0,2.0,1.0,1.0,3.0,16.0
gen_off_by_one_bug_157,data/ml/raw_snippets_generated/off_by_one/buggy/GenOffByOneBug157.java,4,1,1.0,0.0,0.0,1.0,1.0,1.0,0.0,1.0,0.0,1.0,0.0,1.0,1.0,1.0,4.0,17.0
gen_off_by_one_bug_157,data/ml/raw_snippets_generated/off_by_one/buggy/GenOffByOneBug157.java,18,0,0.0,1.0,0.0,1.0,0.0,1.0,0.0,1.0,0.0,1.0,0.0,2.0,1.0,1.0,3.0,16.0
gen_off_by_one_fix_157,data/ml/raw_snippets_generated/off_by_one/fixed/GenOffByOneFix157.java,4,0,0.0,1.0,0.0,1.0,0.0,1.0,0.0,1.0,0.0,1.0,0.0,1.0,1.0,1.0,4.0,16.0
gen_off_by_one_fix_157,data/ml/raw_snippets_generated/off_by_one/fixed/GenOffByOneFix157.java,18,0,0.0,1.0,0.0,1.0,0.0,1.0,0.0,1.0,0.0,1.0,0.0,2.0,1.0,1.0,3.0,16.0
gen_clean_boundary_minus_one_032,data/ml/raw_snippets_generated/clean/GenCleanBoundaryMinusOne032.java,8,0,1.0,0.0,0.0,1.0,1.0,0.0,1.0,1.0,0.0,1.0,0.0,1.0,1.0,1.0,1.0,21.0
gen_clean_boundary_minus_one_032,data/ml/raw_snippets_generated/clean/GenCleanBoundaryMinusOne032.java,16,0,0.0,1.0,0.0,1.0,0.0,1.0,0.0,1.0,0.0,1.0,0.0,1.0,1.0,1.0,1.0,16.0
gen_clean_boundary_minus_one_032,data/ml/raw_snippets_generated/clean/GenCleanBoundaryMinusOne032.java,24,0,0.0,1.0,0.0,1.0,0.0,1.0,0.0,1.0,0.0,1.0,0.0,2.0,1.0,1.0,3.0,16.0
gen_missing_break_bug_032,data/ml/raw_snippets_generated/missing_break_in_switch/buggy/GenMissingBreakBug032.java,21,0,0.0,1.0,0.0,1.0,0.0,1.0,0.0,1.0,0.0,1.0,0.0,2.0,1.0,1.0,3.0,16.0
gen_missing_break_fix_032,data/ml/raw_snippets_generated/missing_break_in_switch/fixed/GenMissingBreakFix032.java,22,0,0.0,1.0,0.0,1.0,0.0,1.0,0.0,1.0,0.0,1.0,0.0,2.0,1.0,1.0,3.0,16.0
gen_missing_break_bug_071,data/ml/raw_snippets_generated/missing_break_in_switch/buggy/GenMissingBreakBug071.java,24,0,0.0,1.0,0.0,1.0,0.0,1.0,0.0,1.0,0.0,1.0,0.0,2.0,1.0,1.0,3.0,16.0
gen_missing_break_fix_071,data/ml/raw_snippets_generated/missing_break_in_switch/fixed/GenMissingBreakFix071.java,25,0,0.0,1.0,0.0,1.0,0.0,1.0,0.0,1.0,0.0,1.0,0.0,2.0,1.0,1.0,3.0,16.0
gen_clean_generic_024,data/ml/raw_snippets_generated/clean/GenCleanGeneric024.java,17,0,0.0,1.0,0.0,1.0,0.0,1.0,0.0,0.0,1.0,1.0,0.0,1.0,2.0,1.0,3.0,17.0
gen_clean_fall_through_008,data/ml/raw_snippets_generated/clean/GenCleanFallThrough008.java,4,0,0.0,1.0,0.0,1.0,0.0,1.0,0.0,1.0,0.0,1.0,0.0,2.0,1.0,1.0,3.0,16.0
gen_clean_boundary_minus_one_017,data/ml/raw_snippets_generated/clean/GenCleanBoundaryMinusOne017.java,19,0,0.0,1.0,0.0,1.0,0.0,1.0,0.0,1.0,0.0,1.0,0.0,1.0,1.0,1.0,1.0,15.0
gen_clean_boundary_minus_one_017,data/ml/raw_snippets_generated/clean/GenCleanBoundaryMinusOne017.java,27,0,1.0,0.0,0.0,1.0,1.0,0.0,1.0,1.0,0.0,1.0,0.0,1.0,1.0,1.0,2.0,23.0
gen_incorrect_cond_bug_074,data/ml/raw_snippets_generated/incorrect_conditional_operator/buggy/GenIncorrectConditionalBug074.java,21,0,0.0,1.0,0.0,1.0,0.0,1.0,0.0,0.0,1.0,1.0,0.0,1.0,2.0,1.0,3.0,16.0
gen_incorrect_cond_fix_074,data/ml/raw_snippets_generated/incorrect_conditional_operator/fixed/GenIncorrectConditionalFix074.java,21,0,0.0,1.0,0.0,1.0,0.0,1.0,0.0,0.0,1.0,1.0,0.0,1.0,2.0,1.0,3.0,16.0
gen_while_no_update_bug_151,data/ml/raw_snippets_generated/while_variable_not_updated/buggy/GenWhileNoUpdateBug151.java,42,0,0.0,1.0,0.0,1.0,0.0,1.0,0.0,0.0,1.0,1.0,0.0,1.0,2.0,1.0,3.0,17.0
gen_while_no_update_fix_151,data/ml/raw_snippets_generated/while_variable_not_updated/fixed/GenWhileNoUpdateFix151.java,43,0,0.0,1.0,0.0,1.0,0.0,1.0,0.0,0.0,1.0,1.0,0.0,1.0,2.0,1.0,3.0,17.0
gen_incorrect_cond_bug_054,data/ml/raw_snippets_generated/incorrect_conditional_operator/buggy/GenIncorrectConditionalBug054.java,4,0,0.0,1.0,0.0,1.0,0.0,1.0,0.0,0.0,1.0,1.0,0.0,1.0,2.0,1.0,5.0,17.0
gen_incorrect_cond_fix_054,data/ml/raw_snippets_generated/incorrect_conditional_operator/fixed/GenIncorrectConditionalFix054.java,4,0,0.0,1.0,0.0,1.0,0.0,1.0,0.0,0.0,1.0,1.0,0.0,1.0,2.0,1.0,5.0,17.0
gen_clean_fall_through_030,data/ml/raw_snippets_generated/clean/GenCleanFallThrough030.java,4,0,0.0,1.0,0.0,1.0,0.0,1.0,0.0,1.0,0.0,1.0,0.0,1.0,1.0,1.0,2.0,17.0
gen_clean_fall_through_030,data/ml/raw_snippets_generated/clean/GenCleanFallThrough030.java,55,0,0.0,1.0,0.0,1.0,0.0,1.0,0.0,0.0,1.0,1.0,0.0,1.0,2.0,1.0,5.0,18.0
gen_while_no_update_bug_041,data/ml/raw_snippets_generated/while_variable_not_updated/buggy/GenWhileNoUpdateBug041.java,26,0,0.0,1.0,0.0,1.0,0.0,1.0,0.0,1.0,0.0,1.0,0.0,2.0,1.0,1.0,3.0,16.0
gen_while_no_update_fix_041,data/ml/raw_snippets_generated/while_variable_not_updated/fixed/GenWhileNoUpdateFix041.java,27,0,0.0,1.0,0.0,1.0,0.0,1.0,0.0,1.0,0.0,1.0,0.0,2.0,1.0,1.0,3.0,16.0
gen_array_index_bug_142,data/ml/raw_snippets_generated/array_length_index_misuse/buggy/GenArrayIndexBug142.java,8,0,0.0,1.0,0.0,1.0,0.0,1.0,0.0,1.0,0.0,1.0,0.0,1.0,1.0,1.0,2.0,18.0
gen_array_index_fix_142,data/ml/raw_snippets_generated/array_length_index_misuse/fixed/GenArrayIndexFix142.java,8,0,0.0,1.0,0.0,1.0,0.0,1.0,0.0,1.0,0.0,1.0,0.0,1.0,1.0,1.0,2.0,18.0
gen_clean_boundary_minus_one_025,data/ml/raw_snippets_generated/clean/GenCleanBoundaryMinusOne025.java,20,0,1.0,0.0,0.0,1.0,1.0,0.0,1.0,1.0,0.0,1.0,0.0,1.0,1.0,1.0,2.0,23.0
gen_while_no_update_bug_168,data/ml/raw_snippets_generated/while_variable_not_updated/buggy/GenWhileNoUpdateBug168.java,8,0,0.0,1.0,0.0,1.0,0.0,1.0,0.0,1.0,0.0,1.0,0.0,2.0,1.0,1.0,3.0,16.0
gen_while_no_update_fix_168,data/ml/raw_snippets_generated/while_variable_not_updated/fixed/GenWhileNoUpdateFix168.java,8,0,0.0,1.0,0.0,1.0,0.0,1.0,0.0,1.0,0.0,1.0,0.0,2.0,1.0,1.0,3.0,16.0
gen_off_by_one_bug_045,data/ml/raw_snippets_generated/off_by_one/buggy/GenOffByOneBug045.java,4,1,1.0,0.0,0.0,1.0,1.0,1.0,0.0,1.0,0.0,1.0,0.0,1.0,2.0,1.0,2.0,18.0
gen_off_by_one_fix_045,data/ml/raw_snippets_generated/off_by_one/fixed/GenOffByOneFix045.java,4,0,0.0,1.0,0.0,1.0,0.0,1.0,0.0,1.0,0.0,1.0,0.0,1.0,2.0,1.0,2.0,17.0
gen_array_index_bug_084,data/ml/raw_snippets_generated/array_length_index_misuse/buggy/GenArrayIndexBug084.java,13,0,0.0,1.0,0.0,1.0,0.0,1.0,0.0,1.0,0.0,1.0,0.0,1.0,1.0,1.0,1.0,17.0
gen_array_index_fix_084,data/ml/raw_snippets_generated/array_length_index_misuse/fixed/GenArrayIndexFix084.java,13,0,0.0,1.0,0.0,1.0,0.0,1.0,0.0,1.0,0.0,1.0,0.0,1.0,1.0,1.0,1.0,17.0
gen_array_index_bug_152,data/ml/raw_snippets_generated/array_length_index_misuse/buggy/GenArrayIndexBug152.java,4,0,0.0,1.0,0.0,1.0,0.0,1.0,0.0,1.0,0.0,1.0,0.0,2.0,1.0,1.0,3.0,16.0
gen_array_index_fix_152,data/ml/raw_snippets_generated/array_length_index_misuse/fixed/GenArrayIndexFix152.java,4,0,0.0,1.0,0.0,1.0,0.0,1.0,0.0,1.0,0.0,1.0,0.0,2.0,1.0,1.0,3.0,16.0
gen_missing_break_bug_075,data/ml/raw_snippets_generated/missing_break_in_switch/buggy/GenMissingBreakBug075.java,21,0,0.0,1.0,0.0,1.0,0.0,1.0,0.0,1.0,0.0,1.0,0.0,1.0,1.0,1.0,1.0,17.0
gen_missing_break_fix_075,data/ml/raw_snippets_generated/missing_break_in_switch/fixed/GenMissingBreakFix075.java,22,0,0.0,1.0,0.0,1.0,0.0,1.0,0.0,1.0,0.0,1.0,0.0,1.0,1.0,1.0,1.0,17.0
gen_off_by_one_bug_076,data/ml/raw_snippets_generated/off_by_one/buggy/GenOffByOneBug076.java,4,1,1.0,0.0,0.0,1.0,1.0,1.0,0.0,1.0,0.0,1.0,0.0,1.0,2.0,1.0,3.0,17.0
gen_off_by_one_fix_076,data/ml/raw_snippets_generated/off_by_one/fixed/GenOffByOneFix076.java,4,0,0.0,1.0,0.0,1.0,0.0,1.0,0.0,1.0,0.0,1.0,0.0,1.0,2.0,1.0,3.0,16.0
gen_incorrect_cond_bug_107,data/ml/raw_snippets_generated/incorrect_conditional_operator/buggy/GenIncorrectConditionalBug107.java,46,0,0.0,1.0,0.0,1.0,0.0,1.0,0.0,1.0,0.0,1.0,0.0,2.0,1.0,1.0,3.0,16.0
gen_incorrect_cond_bug_107,data/ml/raw_snippets_generated/incorrect_conditional_operator/buggy/GenIncorrectConditionalBug107.java,74,0,0.0,1.0,0.0,1.0,0.0,1.0,0.0,1.0,0.0,1.0,0.0,1.0,1.0,1.0,1.0,16.0
gen_incorrect_cond_fix_107,data/ml/raw_snippets_generated/incorrect_conditional_operator/fixed/GenIncorrectConditionalFix107.java,46,0,0.0,1.0,0.0,1.0,0.0,1.0,0.0,1.0,0.0,1.0,0.0,2.0,1.0,1.0,3.0,16.0
gen_incorrect_cond_fix_107,data/ml/raw_snippets_generated/incorrect_conditional_operator/fixed/GenIncorrectConditionalFix107.java,74,0,0.0,1.0,0.0,1.0,0.0,1.0,0.0,1.0,0.0,1.0,0.0,1.0,1.0,1.0,1.0,16.0
gen_incorrect_cond_bug_038,data/ml/raw_snippets_generated/incorrect_conditional_operator/buggy/GenIncorrectConditionalBug038.java,4,0,0.0,1.0,0.0,1.0,0.0,1.0,0.0,1.0,0.0,1.0,0.0,2.0,1.0,1.0,3.0,16.0
gen_incorrect_cond_bug_038,data/ml/raw_snippets_generated/incorrect_conditional_operator/buggy/GenIncorrectConditionalBug038.java,21,0,0.0,1.0,0.0,1.0,0.0,1.0,0.0,0.0,1.0,1.0,0.0,1.0,2.0,1.0,3.0,15.0
gen_incorrect_cond_fix_038,data/ml/raw_snippets_generated/incorrect_conditional_operator/fixed/GenIncorrectConditionalFix038.java,4,0,0.0,1.0,0.0,1.0,0.0,1.0,0.0,1.0,0.0,1.0,0.0,2.0,1.0,1.0,3.0,16.0
gen_incorrect_cond_fix_038,data/ml/raw_snippets_generated/incorrect_conditional_operator/fixed/GenIncorrectConditionalFix038.java,21,0,0.0,1.0,0.0,1.0,0.0,1.0,0.0,0.0,1.0,1.0,0.0,1.0,2.0,1.0,3.0,15.0
gen_off_by_one_bug_097,data/ml/raw_snippets_generated/off_by_one/buggy/GenOffByOneBug097.java,8,1,1.0,0.0,0.0,1.0,1.0,1.0,0.0,1.0,0.0,1.0,0.0,1.0,1.0,1.0,1.0,16.0
gen_off_by_one_fix_097,data/ml/raw_snippets_generated/off_by_one/fixed/GenOffByOneFix097.java,8,0,0.0,1.0,0.0,1.0,0.0,1.0,0.0,1.0,0.0,1.0,0.0,1.0,1.0,1.0,1.0,15.0
gen_clean_generic_108,data/ml/raw_snippets_generated/clean/GenCleanGeneric108.java,4,0,0.0,1.0,0.0,1.0,0.0,1.0,0.0,1.0,0.0,1.0,0.0,1.0,1.0,1.0,1.0,17.0
gen_incorrect_cond_bug_032,data/ml/raw_snippets_generated/incorrect_conditional_operator/buggy/GenIncorrectConditionalBug032.java,11,0,0.0,1.0,0.0,1.0,0.0,1.0,0.0,0.0,1.0,1.0,0.0,1.0,2.0,1.0,5.0,17.0
gen_incorrect_cond_bug_032,data/ml/raw_snippets_generated/incorrect_conditional_operator/buggy/GenIncorrectConditionalBug032.java,28,0,0.0,1.0,0.0,1.0,0.0,1.0,0.0,1.0,0.0,1.0,0.0,1.0,1.0,1.0,1.0,16.0
gen_incorrect_cond_fix_032,data/ml/raw_snippets_generated/incorrect_conditional_operator/fixed/GenIncorrectConditionalFix032.java,11,0,0.0,1.0,0.0,1.0,0.0,1.0,0.0,0.0,1.0,1.0,0.0,1.0,2.0,1.0,5.0,17.0
gen_incorrect_cond_fix_032,data/ml/raw_snippets_generated/incorrect_conditional_operator/fixed/GenIncorrectConditionalFix032.java,28,0,0.0,1.0,0.0,1.0,0.0,1.0,0.0,1.0,0.0,1.0,0.0,1.0,1.0,1.0,1.0,16.0
gen_incorrect_cond_bug_002,data/ml/raw_snippets_generated/incorrect_conditional_operator/buggy/GenIncorrectConditionalBug002.java,4,0,0.0,1.0,0.0,1.0,0.0,1.0,0.0,1.0,0.0,1.0,0.0,1.0,1.0,1.0,1.0,17.0
gen_incorrect_cond_fix_002,data/ml/raw_snippets_generated/incorrect_conditional_operator/fixed/GenIncorrectConditionalFix002.java,4,0,0.0,1.0,0.0,1.0,0.0,1.0,0.0,1.0,0.0,1.0,0.0,1.0,1.0,1.0,1.0,17.0
gen_off_by_one_bug_044,data/ml/raw_snippets_generated/off_by_one/buggy/GenOffByOneBug044.java,4,1,1.0,0.0,0.0,1.0,1.0,1.0,0.0,1.0,0.0,1.0,0.0,1.0,1.0,1.0,2.0,17.0
gen_off_by_one_bug_044,data/ml/raw_snippets_generated/off_by_one/buggy/GenOffByOneBug044.java,21,0,0.0,1.0,0.0,1.0,0.0,1.0,0.0,1.0,0.0,1.0,0.0,1.0,1.0,1.0,2.0,18.0
gen_off_by_one_fix_044,data/ml/raw_snippets_generated/off_by_one/fixed/GenOffByOneFix044.java,4,0,0.0,1.0,0.0,1.0,0.0,1.0,0.0,1.0,0.0,1.0,0.0,1.0,1.0,1.0,2.0,16.0
gen_off_by_one_fix_044,data/ml/raw_snippets_generated/off_by_one/fixed/GenOffByOneFix044.java,21,0,0.0,1.0,0.0,1.0,0.0,1.0,0.0,1.0,0.0,1.0,0.0,1.0,1.0,1.0,2.0,18.0
gen_clean_stacked_labels_012,data/ml/raw_snippets_generated/clean/GenCleanStackedLabels012.java,32,0,0.0,1.0,0.0,1.0,0.0,1.0,0.0,1.0,0.0,1.0,0.0,2.0,1.0,1.0,3.0,16.0
gen_off_by_one_bug_081,data/ml/raw_snippets_generated/off_by_one/buggy/GenOffByOneBug081.java,3,1,1.0,0.0,0.0,1.0,1.0,1.0,0.0,1.0,0.0,1.0,0.0,1.0,1.0,1.0,2.0,16.0
gen_off_by_one_bug_081,data/ml/raw_snippets_generated/off_by_one/buggy/GenOffByOneBug081.java,17,0,0.0,1.0,0.0,1.0,0.0,1.0,0.0,1.0,0.0,1.0,0.0,2.0,1.0,1.0,3.0,16.0
gen_off_by_one_fix_081,data/ml/raw_snippets_generated/off_by_one/fixed/GenOffByOneFix081.java,3,0,0.0,1.0,0.0,1.0,0.0,1.0,0.0,1.0,0.0,1.0,0.0,1.0,1.0,1.0,2.0,15.0
gen_off_by_one_fix_081,data/ml/raw_snippets_generated/off_by_one/fixed/GenOffByOneFix081.java,17,0,0.0,1.0,0.0,1.0,0.0,1.0,0.0,1.0,0.0,1.0,0.0,2.0,1.0,1.0,3.0,16.0
gen_while_no_update_bug_039,data/ml/raw_snippets_generated/while_variable_not_updated/buggy/GenWhileNoUpdateBug039.java,28,0,0.0,1.0,0.0,1.0,0.0,1.0,0.0,0.0,1.0,1.0,0.0,1.0,2.0,1.0,3.0,17.0
gen_while_no_update_fix_039,data/ml/raw_snippets_generated/while_variable_not_updated/fixed/GenWhileNoUpdateFix039.java,28,0,0.0,1.0,0.0,1.0,0.0,1.0,0.0,0.0,1.0,1.0,0.0,1.0,2.0,1.0,3.0,17.0
gen_array_index_bug_124,data/ml/raw_snippets_generated/array_length_index_misuse/buggy/GenArrayIndexBug124.java,17,0,0.0,1.0,0.0,1.0,0.0,1.0,0.0,1.0,0.0,1.0,0.0,2.0,1.0,1.0,3.0,16.0
gen_array_index_fix_124,data/ml/raw_snippets_generated/array_length_index_misuse/fixed/GenArrayIndexFix124.java,17,0,0.0,1.0,0.0,1.0,0.0,1.0,0.0,1.0,0.0,1.0,0.0,2.0,1.0,1.0,3.0,16.0
gen_clean_boundary_minus_one_022,data/ml/raw_snippets_generated/clean/GenCleanBoundaryMinusOne022.java,10,0,1.0,0.0,0.0,1.0,1.0,0.0,1.0,1.0,0.0,1.0,0.0,1.0,1.0,1.0,1.0,21.0
gen_clean_generic_052,data/ml/raw_snippets_generated/clean/GenCleanGeneric052.java,4,0,0.0,1.0,0.0,1.0,0.0,1.0,0.0,1.0,0.0,1.0,0.0,2.0,1.0,1.0,3.0,16.0
gen_array_index_bug_115,data/ml/raw_snippets_generated/array_length_index_misuse/buggy/GenArrayIndexBug115.java,4,0,0.0,1.0,0.0,1.0,0.0,1.0,0.0,1.0,0.0,1.0,0.0,2.0,1.0,1.0,3.0,16.0
gen_array_index_fix_115,data/ml/raw_snippets_generated/array_length_index_misuse/fixed/GenArrayIndexFix115.java,4,0,0.0,1.0,0.0,1.0,0.0,1.0,0.0,1.0,0.0,1.0,0.0,2.0,1.0,1.0,3.0,16.0
gen_off_by_one_bug_113,data/ml/raw_snippets_generated/off_by_one/buggy/GenOffByOneBug113.java,11,1,1.0,0.0,0.0,1.0,1.0,1.0,0.0,1.0,0.0,1.0,0.0,1.0,1.0,1.0,1.0,18.0
gen_off_by_one_bug_113,data/ml/raw_snippets_generated/off_by_one/buggy/GenOffByOneBug113.java,26,0,0.0,1.0,0.0,1.0,0.0,1.0,0.0,1.0,0.0,1.0,0.0,1.0,1.0,1.0,2.0,16.0
gen_off_by_one_fix_113,data/ml/raw_snippets_generated/off_by_one/fixed/GenOffByOneFix113.java,11,0,0.0,1.0,0.0,1.0,0.0,1.0,0.0,1.0,0.0,1.0,0.0,1.0,1.0,1.0,1.0,17.0
gen_off_by_one_fix_113,data/ml/raw_snippets_generated/off_by_one/fixed/GenOffByOneFix113.java,26,0,0.0,1.0,0.0,1.0,0.0,1.0,0.0,1.0,0.0,1.0,0.0,1.0,1.0,1.0,2.0,16.0
gen_clean_generic_098,data/ml/raw_snippets_generated/clean/GenCleanGeneric098.java,4,0,0.0,1.0,0.0,1.0,0.0,1.0,0.0,1.0,0.0,1.0,0.0,1.0,1.0,1.0,1.0,15.0
gen_clean_generic_098,data/ml/raw_snippets_generated/clean/GenCleanGeneric098.java,27,0,0.0,1.0,0.0,1.0,0.0,1.0,0.0,1.0,0.0,1.0,0.0,2.0,1.0,1.0,3.0,16.0
gen_clean_generic_098,data/ml/raw_snippets_generated/clean/GenCleanGeneric098.java,36,0,0.0,1.0,0.0,1.0,0.0,1.0,0.0,1.0,0.0,1.0,0.0,1.0,1.0,1.0,1.0,17.0
gen_clean_generic_104,data/ml/raw_snippets_generated/clean/GenCleanGeneric104.java,4,0,0.0,1.0,0.0,1.0,0.0,1.0,0.0,1.0,0.0,1.0,0.0,2.0,1.0,1.0,3.0,16.0
gen_clean_generic_104,data/ml/raw_snippets_generated/clean/GenCleanGeneric104.java,13,0,0.0,1.0,0.0,1.0,0.0,1.0,0.0,1.0,0.0,1.0,0.0,1.0,1.0,1.0,2.0,16.0
gen_clean_generic_104,data/ml/raw_snippets_generated/clean/GenCleanGeneric104.java,21,0,0.0,1.0,0.0,1.0,0.0,1.0,0.0,1.0,0.0,1.0,0.0,2.0,1.0,1.0,3.0,16.0
gen_missing_break_bug_170,data/ml/raw_snippets_generated/missing_break_in_switch/buggy/GenMissingBreakBug170.java,4,0,0.0,1.0,0.0,1.0,0.0,1.0,0.0,0.0,1.0,1.0,0.0,1.0,2.0,1.0,5.0,16.0
gen_missing_break_bug_170,data/ml/raw_snippets_generated/missing_break_in_switch/buggy/GenMissingBreakBug170.java,52,0,0.0,1.0,0.0,1.0,0.0,1.0,0.0,0.0,1.0,1.0,0.0,1.0,2.0,1.0,3.0,17.0
gen_missing_break_fix_170,data/ml/raw_snippets_generated/missing_break_in_switch/fixed/GenMissingBreakFix170.java,4,0,0.0,1.0,0.0,1.0,0.0,1.0,0.0,0.0,1.0,1.0,0.0,1.0,2.0,1.0,5.0,16.0
gen_missing_break_fix_170,data/ml/raw_snippets_generated/missing_break_in_switch/fixed/GenMissingBreakFix170.java,53,0,0.0,1.0,0.0,1.0,0.0,1.0,0.0,0.0,1.0,1.0,0.0,1.0,2.0,1.0,3.0,17.0
gen_clean_boundary_minus_one_013,data/ml/raw_snippets_generated/clean/GenCleanBoundaryMinusOne013.java,4,0,1.0,0.0,0.0,1.0,1.0,0.0,1.0,1.0,0.0,1.0,0.0,1.0,1.0,1.0,1.0,22.0
gen_clean_generic_069,data/ml/raw_snippets_generated/clean/GenCleanGeneric069.java,4,0,0.0,1.0,0.0,1.0,0.0,1.0,0.0,1.0,0.0,1.0,0.0,1.0,1.0,1.0,1.0,16.0
gen_missing_break_bug_064,data/ml/raw_snippets_generated/missing_break_in_switch/buggy/GenMissingBreakBug064.java,26,0,0.0,1.0,0.0,1.0,0.0,1.0,0.0,0.0,1.0,1.0,0.0,1.0,2.0,1.0,5.0,18.0
gen_missing_break_fix_064,data/ml/raw_snippets_generated/missing_break_in_switch/fixed/GenMissingBreakFix064.java,26,0,0.0,1.0,0.0,1.0,0.0,1.0,0.0,0.0,1.0,1.0,0.0,1.0,2.0,1.0,5.0,18.0
gen_clean_generic_064,data/ml/raw_snippets_generated/clean/GenCleanGeneric064.java,19,0,0.0,1.0,0.0,1.0,0.0,1.0,0.0,1.0,0.0,1.0,0.0,1.0,1.0,1.0,1.0,15.0
gen_clean_generic_039,data/ml/raw_snippets_generated/clean/GenCleanGeneric039.java,4,0,0.0,1.0,0.0,1.0,0.0,1.0,0.0,1.0,0.0,1.0,0.0,2.0,1.0,1.0,3.0,16.0
gen_clean_verbose_boolean_002,data/ml/raw_snippets_generated/clean/GenCleanVerboseBoolean002.java,4,0,0.0,1.0,0.0,1.0,0.0,1.0,0.0,0.0,1.0,1.0,0.0,1.0,2.0,1.0,3.0,15.0
gen_incorrect_cond_bug_161,data/ml/raw_snippets_generated/incorrect_conditional_operator/buggy/GenIncorrectConditionalBug161.java,44,0,0.0,1.0,0.0,1.0,0.0,1.0,0.0,1.0,0.0,1.0,0.0,2.0,1.0,1.0,3.0,16.0
gen_incorrect_cond_fix_161,data/ml/raw_snippets_generated/incorrect_conditional_operator/fixed/GenIncorrectConditionalFix161.java,44,0,0.0,1.0,0.0,1.0,0.0,1.0,0.0,1.0,0.0,1.0,0.0,2.0,1.0,1.0,3.0,16.0
gen_off_by_one_bug_074,data/ml/raw_snippets_generated/off_by_one/buggy/GenOffByOneBug074.java,3,1,1.0,0.0,0.0,1.0,1.0,1.0,0.0,1.0,0.0,1.0,0.0,1.0,1.0,1.0,2.0,18.0
gen_off_by_one_bug_074,data/ml/raw_snippets_generated/off_by_one/buggy/GenOffByOneBug074.java,10,0,0.0,1.0,0.0,1.0,0.0,1.0,0.0,1.0,0.0,1.0,0.0,1.0,1.0,1.0,2.0,16.0
gen_off_by_one_fix_074,data/ml/raw_snippets_generated/off_by_one/fixed/GenOffByOneFix074.java,3,0,0.0,1.0,0.0,1.0,0.0,1.0,0.0,1.0,0.0,1.0,0.0,1.0,1.0,1.0,2.0,17.0
gen_off_by_one_fix_074,data/ml/raw_snippets_generated/off_by_one/fixed/GenOffByOneFix074.java,10,0,0.0,1.0,0.0,1.0,0.0,1.0,0.0,1.0,0.0,1.0,0.0,1.0,1.0,1.0,2.0,16.0
gen_off_by_one_bug_065,data/ml/raw_snippets_generated/off_by_one/buggy/GenOffByOneBug065.java,4,1,1.0,0.0,0.0,1.0,1.0,1.0,0.0,1.0,0.0,1.0,0.0,1.0,1.0,1.0,1.0,18.0
gen_off_by_one_fix_065,data/ml/raw_snippets_generated/off_by_one/fixed/GenOffByOneFix065.java,4,0,0.0,1.0,0.0,1.0,0.0,1.0,0.0,1.0,0.0,1.0,0.0,1.0,1.0,1.0,1.0,17.0
gen_clean_generic_063,data/ml/raw_snippets_generated/clean/GenCleanGeneric063.java,4,0,0.0,1.0,0.0,1.0,0.0,1.0,0.0,1.0,0.0,1.0,0.0,2.0,1.0,1.0,3.0,16.0
gen_clean_generic_063,data/ml/raw_snippets_generated/clean/GenCleanGeneric063.java,13,0,0.0,1.0,0.0,1.0,0.0,1.0,0.0,0.0,1.0,1.0,0.0,1.0,2.0,1.0,5.0,16.0
gen_off_by_one_bug_121,data/ml/raw_snippets_generated/off_by_one/buggy/GenOffByOneBug121.java,13,1,1.0,0.0,0.0,1.0,1.0,1.0,0.0,1.0,0.0,1.0,0.0,1.0,2.0,1.0,3.0,17.0
gen_off_by_one_fix_121,data/ml/raw_snippets_generated/off_by_one/fixed/GenOffByOneFix121.java,13,0,0.0,1.0,0.0,1.0,0.0,1.0,0.0,1.0,0.0,1.0,0.0,1.0,2.0,1.0,3.0,16.0
gen_off_by_one_bug_048,data/ml/raw_snippets_generated/off_by_one/buggy/GenOffByOneBug048.java,3,1,1.0,0.0,0.0,1.0,1.0,1.0,0.0,1.0,0.0,1.0,0.0,1.0,1.0,1.0,2.0,16.0
gen_off_by_one_fix_048,data/ml/raw_snippets_generated/off_by_one/fixed/GenOffByOneFix048.java,3,0,0.0,1.0,0.0,1.0,0.0,1.0,0.0,1.0,0.0,1.0,0.0,1.0,1.0,1.0,2.0,15.0
gen_off_by_one_bug_010,data/ml/raw_snippets_generated/off_by_one/buggy/GenOffByOneBug010.java,13,1,1.0,0.0,0.0,1.0,1.0,1.0,0.0,1.0,0.0,1.0,0.0,1.0,1.0,1.0,1.0,18.0
gen_off_by_one_fix_010,data/ml/raw_snippets_generated/off_by_one/fixed/GenOffByOneFix010.java,13,0,0.0,1.0,0.0,1.0,0.0,1.0,0.0,1.0,0.0,1.0,0.0,1.0,1.0,1.0,1.0,17.0
gen_missing_break_bug_072,data/ml/raw_snippets_generated/missing_break_in_switch/buggy/GenMissingBreakBug072.java,28,0,0.0,1.0,0.0,1.0,0.0,1.0,0.0,1.0,0.0,1.0,0.0,2.0,1.0,1.0,3.0,16.0
gen_missing_break_bug_072,data/ml/raw_snippets_generated/missing_break_in_switch/buggy/GenMissingBreakBug072.java,46,0,0.0,1.0,0.0,1.0,0.0,1.0,0.0,1.0,0.0,1.0,0.0,1.0,1.0,1.0,2.0,17.0
gen_missing_break_fix_072,data/ml/raw_snippets_generated/missing_break_in_switch/fixed/GenMissingBreakFix072.java,29,0,0.0,1.0,0.0,1.0,0.0,1.0,0.0,1.0,0.0,1.0,0.0,2.0,1.0,1.0,3.0,16.0
gen_missing_break_fix_072,data/ml/raw_snippets_generated/missing_break_in_switch/fixed/GenMissingBreakFix072.java,47,0,0.0,1.0,0.0,1.0,0.0,1.0,0.0,1.0,0.0,1.0,0.0,1.0,1.0,1.0,2.0,17.0
gen_array_index_bug_139,data/ml/raw_snippets_generated/array_length_index_misuse/buggy/GenArrayIndexBug139.java,10,0,0.0,1.0,0.0,1.0,0.0,1.0,0.0,0.0,1.0,1.0,0.0,1.0,2.0,1.0,3.0,17.0
gen_array_index_bug_139,data/ml/raw_snippets_generated/array_length_index_misuse/buggy/GenArrayIndexBug139.java,24,0,0.0,1.0,0.0,1.0,0.0,1.0,0.0,1.0,0.0,1.0,0.0,1.0,1.0,1.0,2.0,17.0
gen_array_index_fix_139,data/ml/raw_snippets_generated/array_length_index_misuse/fixed/GenArrayIndexFix139.java,10,0,0.0,1.0,0.0,1.0,0.0,1.0,0.0,0.0,1.0,1.0,0.0,1.0,2.0,1.0,3.0,17.0
gen_array_index_fix_139,data/ml/raw_snippets_generated/array_length_index_misuse/fixed/GenArrayIndexFix139.java,24,0,0.0,1.0,0.0,1.0,0.0,1.0,0.0,1.0,0.0,1.0,0.0,1.0,1.0,1.0,2.0,17.0
gen_while_no_update_bug_012,data/ml/raw_snippets_generated/while_variable_not_updated/buggy/GenWhileNoUpdateBug012.java,4,0,0.0,1.0,0.0,1.0,0.0,1.0,0.0,0.0,1.0,1.0,0.0,1.0,2.0,1.0,3.0,15.0
gen_while_no_update_fix_012,data/ml/raw_snippets_generated/while_variable_not_updated/fixed/GenWhileNoUpdateFix012.java,4,0,0.0,1.0,0.0,1.0,0.0,1.0,0.0,0.0,1.0,1.0,0.0,1.0,2.0,1.0,3.0,15.0
gen_off_by_one_bug_131,data/ml/raw_snippets_generated/off_by_one/buggy/GenOffByOneBug131.java,4,1,1.0,0.0,0.0,1.0,1.0,1.0,0.0,1.0,0.0,1.0,0.0,1.0,1.0,1.0,1.0,16.0
gen_off_by_one_bug_131,data/ml/raw_snippets_generated/off_by_one/buggy/GenOffByOneBug131.java,12,0,0.0,1.0,0.0,1.0,0.0,1.0,0.0,1.0,0.0,1.0,0.0,1.0,1.0,1.0,1.0,17.0
gen_off_by_one_fix_131,data/ml/raw_snippets_generated/off_by_one/fixed/GenOffByOneFix131.java,4,0,0.0,1.0,0.0,1.0,0.0,1.0,0.0,1.0,0.0,1.0,0.0,1.0,1.0,1.0,1.0,15.0
gen_off_by_one_fix_131,data/ml/raw_snippets_generated/off_by_one/fixed/GenOffByOneFix131.java,12,0,0.0,1.0,0.0,1.0,0.0,1.0,0.0,1.0,0.0,1.0,0.0,1.0,1.0,1.0,1.0,17.0
gen_off_by_one_bug_086,data/ml/raw_snippets_generated/off_by_one/buggy/GenOffByOneBug086.java,4,1,1.0,0.0,0.0,1.0,1.0,1.0,0.0,1.0,0.0,1.0,0.0,1.0,1.0,1.0,1.0,18.0
gen_off_by_one_bug_086,data/ml/raw_snippets_generated/off_by_one/buggy/GenOffByOneBug086.java,25,0,0.0,1.0,0.0,1.0,0.0,1.0,0.0,0.0,1.0,1.0,0.0,1.0,2.0,1.0,3.0,15.0
gen_off_by_one_bug_086,data/ml/raw_snippets_generated/off_by_one/buggy/GenOffByOneBug086.java,68,0,0.0,1.0,0.0,1.0,0.0,1.0,0.0,0.0,1.0,1.0,0.0,1.0,2.0,1.0,3.0,15.0
gen_off_by_one_fix_086,data/ml/raw_snippets_generated/off_by_one/fixed/GenOffByOneFix086.java,4,0,0.0,1.0,0.0,1.0,0.0,1.0,0.0,1.0,0.0,1.0,0.0,1.0,1.0,1.0,1.0,17.0
gen_off_by_one_fix_086,data/ml/raw_snippets_generated/off_by_one/fixed/GenOffByOneFix086.java,25,0,0.0,1.0,0.0,1.0,0.0,1.0,0.0,0.0,1.0,1.0,0.0,1.0,2.0,1.0,3.0,15.0
gen_off_by_one_fix_086,data/ml/raw_snippets_generated/off_by_one/fixed/GenOffByOneFix086.java,68,0,0.0,1.0,0.0,1.0,0.0,1.0,0.0,0.0,1.0,1.0,0.0,1.0,2.0,1.0,3.0,15.0
gen_off_by_one_bug_015,data/ml/raw_snippets_generated/off_by_one/buggy/GenOffByOneBug015.java,4,1,1.0,0.0,0.0,1.0,1.0,1.0,0.0,1.0,0.0,1.0,0.0,1.0,2.0,1.0,2.0,18.0
gen_off_by_one_fix_015,data/ml/raw_snippets_generated/off_by_one/fixed/GenOffByOneFix015.java,4,0,0.0,1.0,0.0,1.0,0.0,1.0,0.0,1.0,0.0,1.0,0.0,1.0,2.0,1.0,2.0,17.0
gen_clean_generic_114,data/ml/raw_snippets_generated/clean/GenCleanGeneric114.java,4,0,0.0,1.0,0.0,1.0,0.0,1.0,0.0,0.0,1.0,1.0,0.0,1.0,2.0,1.0,5.0,18.0
gen_clean_generic_002,data/ml/raw_snippets_generated/clean/GenCleanGeneric002.java,52,0,0.0,1.0,0.0,1.0,0.0,1.0,0.0,1.0,0.0,1.0,0.0,2.0,1.0,1.0,3.0,16.0
gen_clean_while_true_break_015,data/ml/raw_snippets_generated/clean/GenCleanWhileTrueBreak015.java,17,0,0.0,1.0,0.0,1.0,0.0,1.0,0.0,1.0,0.0,1.0,0.0,1.0,1.0,1.0,1.0,16.0
gen_clean_generic_027,data/ml/raw_snippets_generated/clean/GenCleanGeneric027.java,4,0,0.0,1.0,0.0,1.0,0.0,1.0,0.0,1.0,0.0,1.0,0.0,2.0,1.0,1.0,3.0,16.0
gen_clean_tail_index_007,data/ml/raw_snippets_generated/clean/GenCleanTailIndex007.java,4,0,0.0,1.0,0.0,1.0,0.0,1.0,0.0,1.0,0.0,1.0,0.0,2.0,1.0,1.0,3.0,16.0
gen_clean_tail_index_007,data/ml/raw_snippets_generated/clean/GenCleanTailIndex007.java,17,0,0.0,1.0,0.0,1.0,0.0,1.0,0.0,1.0,0.0,1.0,0.0,2.0,1.0,1.0,3.0,16.0
gen_array_index_bug_107,data/ml/raw_snippets_generated/array_length_index_misuse/buggy/GenArrayIndexBug107.java,24,0,0.0,1.0,0.0,1.0,0.0,1.0,0.0,1.0,0.0,1.0,0.0,1.0,1.0,1.0,1.0,17.0
gen_array_index_fix_107,data/ml/raw_snippets_generated/array_length_index_misuse/fixed/GenArrayIndexFix107.java,24,0,0.0,1.0,0.0,1.0,0.0,1.0,0.0,1.0,0.0,1.0,0.0,1.0,1.0,1.0,1.0,17.0
gen_clean_generic_057,data/ml/raw_snippets_generated/clean/GenCleanGeneric057.java,44,0,0.0,1.0,0.0,1.0,0.0,1.0,0.0,1.0,0.0,1.0,0.0,1.0,1.0,1.0,1.0,17.0
gen_clean_generic_045,data/ml/raw_snippets_generated/clean/GenCleanGeneric045.java,10,0,0.0,1.0,0.0,1.0,0.0,1.0,0.0,1.0,0.0,1.0,0.0,1.0,1.0,1.0,2.0,18.0
gen_incorrect_cond_bug_037,data/ml/raw_snippets_generated/incorrect_conditional_operator/buggy/GenIncorrectConditionalBug037.java,19,0,0.0,1.0,0.0,1.0,0.0,1.0,0.0,1.0,0.0,1.0,0.0,2.0,1.0,1.0,3.0,16.0
gen_incorrect_cond_bug_037,data/ml/raw_snippets_generated/incorrect_conditional_operator/buggy/GenIncorrectConditionalBug037.java,35,0,0.0,1.0,0.0,1.0,0.0,1.0,0.0,1.0,0.0,1.0,0.0,2.0,1.0,1.0,3.0,16.0
gen_incorrect_cond_fix_037,data/ml/raw_snippets_generated/incorrect_conditional_operator/fixed/GenIncorrectConditionalFix037.java,19,0,0.0,1.0,0.0,1.0,0.0,1.0,0.0,1.0,0.0,1.0,0.0,2.0,1.0,1.0,3.0,16.0
gen_incorrect_cond_fix_037,data/ml/raw_snippets_generated/incorrect_conditional_operator/fixed/GenIncorrectConditionalFix037.java,35,0,0.0,1.0,0.0,1.0,0.0,1.0,0.0,1.0,0.0,1.0,0.0,2.0,1.0,1.0,3.0,16.0
gen_off_by_one_bug_014,data/ml/raw_snippets_generated/off_by_one/buggy/GenOffByOneBug014.java,13,0,0.0,1.0,0.0,1.0,0.0,1.0,0.0,1.0,0.0,1.0,0.0,1.0,1.0,1.0,1.0,17.0
gen_off_by_one_bug_014,data/ml/raw_snippets_generated/off_by_one/buggy/GenOffByOneBug014.java,21,1,1.0,0.0,0.0,1.0,1.0,1.0,0.0,1.0,0.0,1.0,0.0,1.0,1.0,1.0,2.0,19.0
gen_off_by_one_bug_014,data/ml/raw_snippets_generated/off_by_one/buggy/GenOffByOneBug014.java,29,0,0.0,1.0,0.0,1.0,0.0,1.0,0.0,1.0,0.0,1.0,0.0,2.0,1.0,1.0,3.0,16.0
gen_off_by_one_bug_014,data/ml/raw_snippets_generated/off_by_one/buggy/GenOffByOneBug014.java,38,0,0.0,1.0,0.0,1.0,0.0,1.0,0.0,1.0,0.0,1.0,0.0,2.0,1.0,1.0,3.0,16.0
gen_off_by_one_fix_014,data/ml/raw_snippets_generated/off_by_one/fixed/GenOffByOneFix014.java,13,0,0.0,1.0,0.0,1.0,0.0,1.0,0.0,1.0,0.0,1.0,0.0,1.0,1.0,1.0,1.0,17.0
gen_off_by_one_fix_014,data/ml/raw_snippets_generated/off_by_one/fixed/GenOffByOneFix014.java,21,0,0.0,1.0,0.0,1.0,0.0,1.0,0.0,1.0,0.0,1.0,0.0,1.0,1.0,1.0,2.0,18.0
gen_off_by_one_fix_014,data/ml/raw_snippets_generated/off_by_one/fixed/GenOffByOneFix014.java,29,0,0.0,1.0,0.0,1.0,0.0,1.0,0.0,1.0,0.0,1.0,0.0,2.0,1.0,1.0,3.0,16.0
gen_off_by_one_fix_014,data/ml/raw_snippets_generated/off_by_one/fixed/GenOffByOneFix014.java,38,0,0.0,1.0,0.0,1.0,0.0,1.0,0.0,1.0,0.0,1.0,0.0,2.0,1.0,1.0,3.0,16.0
gen_missing_break_bug_124,data/ml/raw_snippets_generated/missing_break_in_switch/buggy/GenMissingBreakBug124.java,19,0,0.0,1.0,0.0,1.0,0.0,1.0,0.0,1.0,0.0,1.0,0.0,2.0,1.0,1.0,3.0,16.0
gen_missing_break_fix_124,data/ml/raw_snippets_generated/missing_break_in_switch/fixed/GenMissingBreakFix124.java,19,0,0.0,1.0,0.0,1.0,0.0,1.0,0.0,1.0,0.0,1.0,0.0,2.0,1.0,1.0,3.0,16.0
gen_clean_scanner_loop_003,data/ml/raw_snippets_generated/clean/GenCleanScannerLoop003.java,4,0,0.0,1.0,0.0,1.0,0.0,1.0,0.0,1.0,0.0,1.0,0.0,1.0,1.0,1.0,1.0,17.0
gen_while_no_update_bug_150,data/ml/raw_snippets_generated/while_variable_not_updated/buggy/GenWhileNoUpdateBug150.java,4,0,0.0,1.0,0.0,1.0,0.0,1.0,0.0,1.0,0.0,1.0,0.0,2.0,1.0,1.0,3.0,16.0
gen_while_no_update_bug_150,data/ml/raw_snippets_generated/while_variable_not_updated/buggy/GenWhileNoUpdateBug150.java,31,0,0.0,1.0,0.0,1.0,0.0,1.0,0.0,0.0,1.0,1.0,0.0,1.0,2.0,1.0,3.0,16.0
gen_while_no_update_bug_150,data/ml/raw_snippets_generated/while_variable_not_updated/buggy/GenWhileNoUpdateBug150.java,41,0,0.0,1.0,0.0,1.0,0.0,1.0,0.0,1.0,0.0,1.0,0.0,1.0,1.0,1.0,1.0,17.0
gen_while_no_update_fix_150,data/ml/raw_snippets_generated/while_variable_not_updated/fixed/GenWhileNoUpdateFix150.java,4,0,0.0,1.0,0.0,1.0,0.0,1.0,0.0,1.0,0.0,1.0,0.0,2.0,1.0,1.0,3.0,16.0
gen_while_no_update_fix_150,data/ml/raw_snippets_generated/while_variable_not_updated/fixed/GenWhileNoUpdateFix150.java,31,0,0.0,1.0,0.0,1.0,0.0,1.0,0.0,0.0,1.0,1.0,0.0,1.0,2.0,1.0,3.0,16.0
gen_while_no_update_fix_150,data/ml/raw_snippets_generated/while_variable_not_updated/fixed/GenWhileNoUpdateFix150.java,41,0,0.0,1.0,0.0,1.0,0.0,1.0,0.0,1.0,0.0,1.0,0.0,1.0,1.0,1.0,1.0,17.0
gen_array_index_bug_043,data/ml/raw_snippets_generated/array_length_index_misuse/buggy/GenArrayIndexBug043.java,14,0,0.0,1.0,0.0,1.0,0.0,1.0,0.0,1.0,0.0,1.0,0.0,1.0,1.0,1.0,2.0,17.0
gen_array_index_fix_043,data/ml/raw_snippets_generated/array_length_index_misuse/fixed/GenArrayIndexFix043.java,14,0,0.0,1.0,0.0,1.0,0.0,1.0,0.0,1.0,0.0,1.0,0.0,1.0,1.0,1.0,2.0,17.0
gen_off_by_one_bug_083,data/ml/raw_snippets_generated/off_by_one/buggy/GenOffByOneBug083.java,4,1,1.0,0.0,0.0,1.0,1.0,1.0,0.0,1.0,0.0,1.0,0.0,1.0,1.0,1.0,2.0,18.0
gen_off_by_one_fix_083,data/ml/raw_snippets_generated/off_by_one/fixed/GenOffByOneFix083.java,4,0,0.0,1.0,0.0,1.0,0.0,1.0,0.0,1.0,0.0,1.0,0.0,1.0,1.0,1.0,2.0,17.0
gen_missing_break_bug_027,data/ml/raw_snippets_generated/missing_break_in_switch/buggy/GenMissingBreakBug027.java,11,0,0.0,1.0,0.0,1.0,0.0,1.0,0.0,1.0,0.0,1.0,0.0,1.0,1.0,1.0,2.0,17.0
gen_missing_break_fix_027,data/ml/raw_snippets_generated/missing_break_in_switch/fixed/GenMissingBreakFix027.java,11,0,0.0,1.0,0.0,1.0,0.0,1.0,0.0,1.0,0.0,1.0,0.0,1.0,1.0,1.0,2.0,17.0
gen_incorrect_cond_bug_170,data/ml/raw_snippets_generated/incorrect_conditional_operator/buggy/GenIncorrectConditionalBug170.java,17,0,0.0,1.0,0.0,1.0,0.0,1.0,0.0,1.0,0.0,1.0,0.0,1.0,1.0,1.0,1.0,16.0
gen_incorrect_cond_fix_170,data/ml/raw_snippets_generated/incorrect_conditional_operator/fixed/GenIncorrectConditionalFix170.java,17,0,0.0,1.0,0.0,1.0,0.0,1.0,0.0,1.0,0.0,1.0,0.0,1.0,1.0,1.0,1.0,16.0
gen_missing_break_bug_144,data/ml/raw_snippets_generated/missing_break_in_switch/buggy/GenMissingBreakBug144.java,4,0,0.0,1.0,0.0,1.0,0.0,1.0,0.0,0.0,1.0,1.0,0.0,1.0,2.0,1.0,3.0,17.0
gen_missing_break_fix_144,data/ml/raw_snippets_generated/missing_break_in_switch/fixed/GenMissingBreakFix144.java,4,0,0.0,1.0,0.0,1.0,0.0,1.0,0.0,0.0,1.0,1.0,0.0,1.0,2.0,1.0,3.0,17.0
gen_clean_verbose_boolean_017,data/ml/raw_snippets_generated/clean/GenCleanVerboseBoolean017.java,4,0,0.0,1.0,0.0,1.0,0.0,1.0,0.0,1.0,0.0,1.0,0.0,2.0,1.0,1.0,3.0,16.0
gen_clean_verbose_boolean_017,data/ml/raw_snippets_generated/clean/GenCleanVerboseBoolean017.java,35,0,0.0,1.0,0.0,1.0,0.0,1.0,0.0,1.0,0.0,1.0,0.0,1.0,1.0,1.0,1.0,17.0
gen_incorrect_cond_bug_085,data/ml/raw_snippets_generated/incorrect_conditional_operator/buggy/GenIncorrectConditionalBug085.java,11,0,0.0,1.0,0.0,1.0,0.0,1.0,0.0,0.0,1.0,1.0,0.0,1.0,2.0,1.0,3.0,17.0
gen_incorrect_cond_bug_085,data/ml/raw_snippets_generated/incorrect_conditional_operator/buggy/GenIncorrectConditionalBug085.java,21,0,0.0,1.0,0.0,1.0,0.0,1.0,0.0,1.0,0.0,1.0,0.0,1.0,1.0,1.0,1.0,17.0
gen_incorrect_cond_fix_085,data/ml/raw_snippets_generated/incorrect_conditional_operator/fixed/GenIncorrectConditionalFix085.java,11,0,0.0,1.0,0.0,1.0,0.0,1.0,0.0,0.0,1.0,1.0,0.0,1.0,2.0,1.0,3.0,17.0
gen_incorrect_cond_fix_085,data/ml/raw_snippets_generated/incorrect_conditional_operator/fixed/GenIncorrectConditionalFix085.java,21,0,0.0,1.0,0.0,1.0,0.0,1.0,0.0,1.0,0.0,1.0,0.0,1.0,1.0,1.0,1.0,17.0
gen_off_by_one_bug_151,data/ml/raw_snippets_generated/off_by_one/buggy/GenOffByOneBug151.java,4,0,0.0,1.0,0.0,1.0,0.0,1.0,0.0,0.0,1.0,1.0,0.0,1.0,2.0,1.0,3.0,15.0
gen_off_by_one_bug_151,data/ml/raw_snippets_generated/off_by_one/buggy/GenOffByOneBug151.java,29,1,1.0,0.0,0.0,1.0,1.0,1.0,0.0,1.0,0.0,1.0,0.0,1.0,1.0,1.0,4.0,19.0
gen_off_by_one_fix_151,data/ml/raw_snippets_generated/off_by_one/fixed/GenOffByOneFix151.java,4,0,0.0,1.0,0.0,1.0,0.0,1.0,0.0,0.0,1.0,1.0,0.0,1.0,2.0,1.0,3.0,15.0
gen_off_by_one_fix_151,data/ml/raw_snippets_generated/off_by_one/fixed/GenOffByOneFix151.java,29,0,0.0,1.0,0.0,1.0,0.0,1.0,0.0,1.0,0.0,1.0,0.0,1.0,1.0,1.0,4.0,18.0
gen_incorrect_cond_bug_012,data/ml/raw_snippets_generated/incorrect_conditional_operator/buggy/GenIncorrectConditionalBug012.java,34,0,0.0,1.0,0.0,1.0,0.0,1.0,0.0,0.0,1.0,1.0,0.0,1.0,2.0,1.0,5.0,18.0
gen_incorrect_cond_fix_012,data/ml/raw_snippets_generated/incorrect_conditional_operator/fixed/GenIncorrectConditionalFix012.java,34,0,0.0,1.0,0.0,1.0,0.0,1.0,0.0,0.0,1.0,1.0,0.0,1.0,2.0,1.0,5.0,18.0
gen_missing_break_bug_153,data/ml/raw_snippets_generated/missing_break_in_switch/buggy/GenMissingBreakBug153.java,41,0,0.0,1.0,0.0,1.0,0.0,1.0,0.0,0.0,1.0,1.0,0.0,1.0,2.0,1.0,5.0,16.0
gen_missing_break_bug_153,data/ml/raw_snippets_generated/missing_break_in_switch/buggy/GenMissingBreakBug153.java,51,0,0.0,1.0,0.0,1.0,0.0,1.0,0.0,0.0,1.0,1.0,0.0,1.0,2.0,1.0,5.0,17.0
gen_missing_break_fix_153,data/ml/raw_snippets_generated/missing_break_in_switch/fixed/GenMissingBreakFix153.java,41,0,0.0,1.0,0.0,1.0,0.0,1.0,0.0,0.0,1.0,1.0,0.0,1.0,2.0,1.0,5.0,16.0
gen_missing_break_fix_153,data/ml/raw_snippets_generated/missing_break_in_switch/fixed/GenMissingBreakFix153.java,51,0,0.0,1.0,0.0,1.0,0.0,1.0,0.0,0.0,1.0,1.0,0.0,1.0,2.0,1.0,5.0,17.0
gen_array_index_bug_128,data/ml/raw_snippets_generated/array_length_index_misuse/buggy/GenArrayIndexBug128.java,13,0,0.0,1.0,0.0,1.0,0.0,1.0,0.0,0.0,1.0,1.0,0.0,1.0,2.0,1.0,5.0,16.0
gen_array_index_bug_128,data/ml/raw_snippets_generated/array_length_index_misuse/buggy/GenArrayIndexBug128.java,23,0,0.0,1.0,0.0,1.0,0.0,1.0,0.0,1.0,0.0,1.0,0.0,2.0,1.0,1.0,3.0,16.0
gen_array_index_bug_128,data/ml/raw_snippets_generated/array_length_index_misuse/buggy/GenArrayIndexBug128.java,32,0,0.0,1.0,0.0,1.0,0.0,1.0,0.0,0.0,1.0,1.0,0.0,1.0,2.0,1.0,5.0,18.0
gen_array_index_fix_128,data/ml/raw_snippets_generated/array_length_index_misuse/fixed/GenArrayIndexFix128.java,13,0,0.0,1.0,0.0,1.0,0.0,1.0,0.0,0.0,1.0,1.0,0.0,1.0,2.0,1.0,5.0,16.0
gen_array_index_fix_128,data/ml/raw_snippets_generated/array_length_index_misuse/fixed/GenArrayIndexFix128.java,23,0,0.0,1.0,0.0,1.0,0.0,1.0,0.0,1.0,0.0,1.0,0.0,2.0,1.0,1.0,3.0,16.0
gen_array_index_fix_128,data/ml/raw_snippets_generated/array_length_index_misuse/fixed/GenArrayIndexFix128.java,32,0,0.0,1.0,0.0,1.0,0.0,1.0,0.0,0.0,1.0,1.0,0.0,1.0,2.0,1.0,5.0,18.0
gen_off_by_one_bug_059,data/ml/raw_snippets_generated/off_by_one/buggy/GenOffByOneBug059.java,4,0,0.0,1.0,0.0,1.0,0.0,1.0,0.0,1.0,0.0,1.0,0.0,1.0,1.0,1.0,2.0,18.0
gen_off_by_one_bug_059,data/ml/raw_snippets_generated/off_by_one/buggy/GenOffByOneBug059.java,12,1,1.0,0.0,0.0,1.0,1.0,1.0,0.0,1.0,0.0,1.0,0.0,1.0,2.0,1.0,2.0,18.0
gen_off_by_one_fix_059,data/ml/raw_snippets_generated/off_by_one/fixed/GenOffByOneFix059.java,4,0,0.0,1.0,0.0,1.0,0.0,1.0,0.0,1.0,0.0,1.0,0.0,1.0,1.0,1.0,2.0,18.0
gen_off_by_one_fix_059,data/ml/raw_snippets_generated/off_by_one/fixed/GenOffByOneFix059.java,12,0,0.0,1.0,0.0,1.0,0.0,1.0,0.0,1.0,0.0,1.0,0.0,1.0,2.0,1.0,2.0,17.0
gen_clean_boundary_minus_one_037,data/ml/raw_snippets_generated/clean/GenCleanBoundaryMinusOne037.java,4,0,0.0,1.0,0.0,1.0,0.0,1.0,0.0,0.0,1.0,1.0,0.0,1.0,2.0,1.0,3.0,17.0
gen_clean_boundary_minus_one_037,data/ml/raw_snippets_generated/clean/GenCleanBoundaryMinusOne037.java,14,0,1.0,0.0,0.0,1.0,1.0,0.0,1.0,1.0,0.0,1.0,0.0,1.0,1.0,1.0,1.0,22.0
gen_clean_generic_037,data/ml/raw_snippets_generated/clean/GenCleanGeneric037.java,4,0,0.0,1.0,0.0,1.0,0.0,1.0,0.0,1.0,0.0,1.0,0.0,1.0,1.0,1.0,1.0,17.0
gen_clean_generic_037,data/ml/raw_snippets_generated/clean/GenCleanGeneric037.java,12,0,0.0,1.0,0.0,1.0,0.0,1.0,0.0,0.0,1.0,1.0,0.0,1.0,2.0,1.0,5.0,18.0
gen_clean_generic_037,data/ml/raw_snippets_generated/clean/GenCleanGeneric037.java,40,0,0.0,1.0,0.0,1.0,0.0,1.0,0.0,1.0,0.0,1.0,0.0,1.0,1.0,1.0,1.0,17.0
gen_off_by_one_bug_073,data/ml/raw_snippets_generated/off_by_one/buggy/GenOffByOneBug073.java,4,0,0.0,1.0,0.0,1.0,0.0,1.0,0.0,1.0,0.0,1.0,0.0,2.0,1.0,1.0,3.0,16.0
gen_off_by_one_bug_073,data/ml/raw_snippets_generated/off_by_one/buggy/GenOffByOneBug073.java,12,1,1.0,0.0,0.0,1.0,1.0,1.0,0.0,1.0,0.0,1.0,0.0,1.0,1.0,1.0,3.0,17.0
gen_off_by_one_fix_073,data/ml/raw_snippets_generated/off_by_one/fixed/GenOffByOneFix073.java,4,0,0.0,1.0,0.0,1.0,0.0,1.0,0.0,1.0,0.0,1.0,0.0,2.0,1.0,1.0,3.0,16.0
gen_off_by_one_fix_073,data/ml/raw_snippets_generated/off_by_one/fixed/GenOffByOneFix073.java,12,0,0.0,1.0,0.0,1.0,0.0,1.0,0.0,1.0,0.0,1.0,0.0,1.0,1.0,1.0,3.0,16.0
gen_clean_generic_066,data/ml/raw_snippets_generated/clean/GenCleanGeneric066.java,13,0,0.0,1.0,0.0,1.0,0.0,1.0,0.0,1.0,0.0,1.0,0.0,1.0,1.0,1.0,1.0,15.0
gen_while_no_update_bug_076,data/ml/raw_snippets_generated/while_variable_not_updated/buggy/GenWhileNoUpdateBug076.java,12,0,0.0,1.0,0.0,1.0,0.0,1.0,0.0,0.0,1.0,1.0,0.0,1.0,2.0,1.0,3.0,17.0
gen_while_no_update_fix_076,data/ml/raw_snippets_generated/while_variable_not_updated/fixed/GenWhileNoUpdateFix076.java,13,0,0.0,1.0,0.0,1.0,0.0,1.0,0.0,0.0,1.0,1.0,0.0,1.0,2.0,1.0,3.0,17.0
gen_array_index_bug_098,data/ml/raw_snippets_generated/array_length_index_misuse/buggy/GenArrayIndexBug098.java,4,0,0.0,1.0,0.0,1.0,0.0,1.0,0.0,0.0,1.0,1.0,0.0,1.0,2.0,1.0,3.0,17.0
gen_array_index_bug_098,data/ml/raw_snippets_generated/array_length_index_misuse/buggy/GenArrayIndexBug098.java,34,0,0.0,1.0,0.0,1.0,0.0,1.0,0.0,1.0,0.0,1.0,0.0,2.0,1.0,1.0,3.0,16.0
gen_array_index_fix_098,data/ml/raw_snippets_generated/array_length_index_misuse/fixed/GenArrayIndexFix098.java,4,0,0.0,1.0,0.0,1.0,0.0,1.0,0.0,0.0,1.0,1.0,0.0,1.0,2.0,1.0,3.0,17.0
gen_array_index_fix_098,data/ml/raw_snippets_generated/array_length_index_misuse/fixed/GenArrayIndexFix098.java,34,0,0.0,1.0,0.0,1.0,0.0,1.0,0.0,1.0,0.0,1.0,0.0,2.0,1.0,1.0,3.0,16.0
gen_missing_break_bug_046,data/ml/raw_snippets_generated/missing_break_in_switch/buggy/GenMissingBreakBug046.java,24,0,0.0,1.0,0.0,1.0,0.0,1.0,0.0,0.0,1.0,1.0,0.0,1.0,2.0,1.0,5.0,18.0
gen_missing_break_fix_046,data/ml/raw_snippets_generated/missing_break_in_switch/fixed/GenMissingBreakFix046.java,25,0,0.0,1.0,0.0,1.0,0.0,1.0,0.0,0.0,1.0,1.0,0.0,1.0,2.0,1.0,5.0,18.0
gen_clean_generic_017,data/ml/raw_snippets_generated/clean/GenCleanGeneric017.java,11,0,0.0,1.0,0.0,1.0,0.0,1.0,0.0,1.0,0.0,1.0,0.0,1.0,1.0,1.0,1.0,17.0
gen_clean_generic_017,data/ml/raw_snippets_generated/clean/GenCleanGeneric017.java,28,0,0.0,1.0,0.0,1.0,0.0,1.0,0.0,1.0,0.0,1.0,0.0,1.0,1.0,1.0,1.0,15.0
gen_clean_generic_017,data/ml/raw_snippets_generated/clean/GenCleanGeneric017.java,69,0,0.0,1.0,0.0,1.0,0.0,1.0,0.0,1.0,0.0,1.0,0.0,2.0,1.0,1.0,3.0,16.0
gen_array_index_bug_072,data/ml/raw_snippets_generated/array_length_index_misuse/buggy/GenArrayIndexBug072.java,4,0,0.0,1.0,0.0,1.0,0.0,1.0,0.0,0.0,1.0,1.0,0.0,1.0,2.0,1.0,5.0,17.0
gen_array_index_bug_072,data/ml/raw_snippets_generated/array_length_index_misuse/buggy/GenArrayIndexBug072.java,18,0,0.0,1.0,0.0,1.0,0.0,1.0,0.0,1.0,0.0,1.0,0.0,2.0,1.0,1.0,3.0,16.0
gen_array_index_fix_072,data/ml/raw_snippets_generated/array_length_index_misuse/fixed/GenArrayIndexFix072.java,4,0,0.0,1.0,0.0,1.0,0.0,1.0,0.0,0.0,1.0,1.0,0.0,1.0,2.0,1.0,5.0,17.0
gen_array_index_fix_072,data/ml/raw_snippets_generated/array_length_index_misuse/fixed/GenArrayIndexFix072.java,18,0,0.0,1.0,0.0,1.0,0.0,1.0,0.0,1.0,0.0,1.0,0.0,2.0,1.0,1.0,3.0,16.0
gen_clean_stacked_labels_020,data/ml/raw_snippets_generated/clean/GenCleanStackedLabels020.java,17,0,0.0,1.0,0.0,1.0,0.0,1.0,0.0,1.0,0.0,1.0,0.0,2.0,1.0,1.0,3.0,16.0
gen_clean_generic_009,data/ml/raw_snippets_generated/clean/GenCleanGeneric009.java,4,0,0.0,1.0,0.0,1.0,0.0,1.0,0.0,1.0,0.0,1.0,0.0,1.0,1.0,1.0,1.0,17.0
gen_clean_verbose_boolean_015,data/ml/raw_snippets_generated/clean/GenCleanVerboseBoolean015.java,20,0,0.0,1.0,0.0,1.0,0.0,1.0,0.0,1.0,0.0,1.0,0.0,2.0,1.0,1.0,3.0,16.0
gen_clean_generic_077,data/ml/raw_snippets_generated/clean/GenCleanGeneric077.java,8,0,0.0,1.0,0.0,1.0,0.0,1.0,0.0,1.0,0.0,1.0,0.0,1.0,1.0,1.0,2.0,16.0
gen_clean_generic_077,data/ml/raw_snippets_generated/clean/GenCleanGeneric077.java,34,0,0.0,1.0,0.0,1.0,0.0,1.0,0.0,1.0,0.0,1.0,0.0,2.0,1.0,1.0,3.0,16.0
gen_clean_generic_077,data/ml/raw_snippets_generated/clean/GenCleanGeneric077.java,43,0,0.0,1.0,0.0,1.0,0.0,1.0,0.0,1.0,0.0,1.0,0.0,1.0,1.0,1.0,1.0,17.0
gen_clean_scanner_loop_007,data/ml/raw_snippets_generated/clean/GenCleanScannerLoop007.java,4,0,0.0,1.0,0.0,1.0,0.0,1.0,0.0,0.0,1.0,1.0,0.0,1.0,2.0,1.0,3.0,15.0
gen_missing_break_bug_154,data/ml/raw_snippets_generated/missing_break_in_switch/buggy/GenMissingBreakBug154.java,24,0,0.0,1.0,0.0,1.0,0.0,1.0,0.0,1.0,0.0,1.0,0.0,2.0,1.0,1.0,3.0,16.0
gen_missing_break_fix_154,data/ml/raw_snippets_generated/missing_break_in_switch/fixed/GenMissingBreakFix154.java,25,0,0.0,1.0,0.0,1.0,0.0,1.0,0.0,1.0,0.0,1.0,0.0,2.0,1.0,1.0,3.0,16.0
gen_incorrect_cond_bug_072,data/ml/raw_snippets_generated/incorrect_conditional_operator/buggy/GenIncorrectConditionalBug072.java,4,0,0.0,1.0,0.0,1.0,0.0,1.0,0.0,0.0,1.0,1.0,0.0,1.0,2.0,1.0,3.0,17.0
gen_incorrect_cond_fix_072,data/ml/raw_snippets_generated/incorrect_conditional_operator/fixed/GenIncorrectConditionalFix072.java,4,0,0.0,1.0,0.0,1.0,0.0,1.0,0.0,0.0,1.0,1.0,0.0,1.0,2.0,1.0,3.0,17.0
gen_missing_break_bug_127,data/ml/raw_snippets_generated/missing_break_in_switch/buggy/GenMissingBreakBug127.java,4,0,0.0,1.0,0.0,1.0,0.0,1.0,0.0,0.0,1.0,1.0,0.0,1.0,2.0,1.0,5.0,16.0
gen_missing_break_bug_127,data/ml/raw_snippets_generated/missing_break_in_switch/buggy/GenMissingBreakBug127.java,31,0,0.0,1.0,0.0,1.0,0.0,1.0,0.0,1.0,0.0,1.0,0.0,1.0,1.0,1.0,1.0,17.0
gen_missing_break_fix_127,data/ml/raw_snippets_generated/missing_break_in_switch/fixed/GenMissingBreakFix127.java,4,0,0.0,1.0,0.0,1.0,0.0,1.0,0.0,0.0,1.0,1.0,0.0,1.0,2.0,1.0,5.0,16.0
gen_missing_break_fix_127,data/ml/raw_snippets_generated/missing_break_in_switch/fixed/GenMissingBreakFix127.java,32,0,0.0,1.0,0.0,1.0,0.0,1.0,0.0,1.0,0.0,1.0,0.0,1.0,1.0,1.0,1.0,17.0
gen_array_index_bug_058,data/ml/raw_snippets_generated/array_length_index_misuse/buggy/GenArrayIndexBug058.java,4,0,0.0,1.0,0.0,1.0,0.0,1.0,0.0,0.0,1.0,1.0,0.0,1.0,2.0,1.0,3.0,17.0
gen_array_index_bug_058,data/ml/raw_snippets_generated/array_length_index_misuse/buggy/GenArrayIndexBug058.java,18,0,0.0,1.0,0.0,1.0,0.0,1.0,0.0,0.0,1.0,1.0,0.0,1.0,2.0,1.0,3.0,17.0
gen_array_index_fix_058,data/ml/raw_snippets_generated/array_length_index_misuse/fixed/GenArrayIndexFix058.java,4,0,0.0,1.0,0.0,1.0,0.0,1.0,0.0,0.0,1.0,1.0,0.0,1.0,2.0,1.0,3.0,17.0
gen_array_index_fix_058,data/ml/raw_snippets_generated/array_length_index_misuse/fixed/GenArrayIndexFix058.java,18,0,0.0,1.0,0.0,1.0,0.0,1.0,0.0,0.0,1.0,1.0,0.0,1.0,2.0,1.0,3.0,17.0
gen_clean_boundary_minus_one_035,data/ml/raw_snippets_generated/clean/GenCleanBoundaryMinusOne035.java,4,0,1.0,0.0,0.0,1.0,1.0,0.0,1.0,1.0,0.0,1.0,0.0,1.0,1.0,1.0,2.0,21.0
gen_off_by_one_bug_154,data/ml/raw_snippets_generated/off_by_one/buggy/GenOffByOneBug154.java,4,0,0.0,1.0,0.0,1.0,0.0,1.0,0.0,1.0,0.0,1.0,0.0,2.0,1.0,1.0,3.0,16.0
gen_off_by_one_bug_154,data/ml/raw_snippets_generated/off_by_one/buggy/GenOffByOneBug154.java,22,0,0.0,1.0,0.0,1.0,0.0,1.0,0.0,1.0,0.0,1.0,0.0,1.0,1.0,1.0,2.0,18.0
gen_off_by_one_bug_154,data/ml/raw_snippets_generated/off_by_one/buggy/GenOffByOneBug154.java,30,1,1.0,0.0,0.0,1.0,1.0,1.0,0.0,1.0,0.0,1.0,0.0,1.0,1.0,1.0,3.0,16.0
gen_off_by_one_fix_154,data/ml/raw_snippets_generated/off_by_one/fixed/GenOffByOneFix154.java,4,0,0.0,1.0,0.0,1.0,0.0,1.0,0.0,1.0,0.0,1.0,0.0,2.0,1.0,1.0,3.0,16.0
gen_off_by_one_fix_154,data/ml/raw_snippets_generated/off_by_one/fixed/GenOffByOneFix154.java,22,0,0.0,1.0,0.0,1.0,0.0,1.0,0.0,1.0,0.0,1.0,0.0,1.0,1.0,1.0,2.0,18.0
gen_off_by_one_fix_154,data/ml/raw_snippets_generated/off_by_one/fixed/GenOffByOneFix154.java,30,0,0.0,1.0,0.0,1.0,0.0,1.0,0.0,1.0,0.0,1.0,0.0,1.0,1.0,1.0,3.0,15.0
gen_array_index_bug_163,data/ml/raw_snippets_generated/array_length_index_misuse/buggy/GenArrayIndexBug163.java,4,0,0.0,1.0,0.0,1.0,0.0,1.0,0.0,1.0,0.0,1.0,0.0,1.0,1.0,1.0,2.0,18.0
gen_array_index_bug_163,data/ml/raw_snippets_generated/array_length_index_misuse/buggy/GenArrayIndexBug163.java,19,0,0.0,1.0,0.0,1.0,0.0,1.0,0.0,0.0,1.0,1.0,0.0,1.0,2.0,1.0,3.0,17.0
gen_array_index_fix_163,data/ml/raw_snippets_generated/array_length_index_misuse/fixed/GenArrayIndexFix163.java,4,0,0.0,1.0,0.0,1.0,0.0,1.0,0.0,1.0,0.0,1.0,0.0,1.0,1.0,1.0,2.0,18.0
gen_array_index_fix_163,data/ml/raw_snippets_generated/array_length_index_misuse/fixed/GenArrayIndexFix163.java,19,0,0.0,1.0,0.0,1.0,0.0,1.0,0.0,0.0,1.0,1.0,0.0,1.0,2.0,1.0,3.0,17.0
gen_incorrect_cond_bug_036,data/ml/raw_snippets_generated/incorrect_conditional_operator/buggy/GenIncorrectConditionalBug036.java,4,0,0.0,1.0,0.0,1.0,0.0,1.0,0.0,0.0,1.0,1.0,0.0,1.0,2.0,1.0,3.0,17.0
gen_incorrect_cond_fix_036,data/ml/raw_snippets_generated/incorrect_conditional_operator/fixed/GenIncorrectConditionalFix036.java,4,0,0.0,1.0,0.0,1.0,0.0,1.0,0.0,0.0,1.0,1.0,0.0,1.0,2.0,1.0,3.0,17.0
gen_off_by_one_bug_055,data/ml/raw_snippets_generated/off_by_one/buggy/GenOffByOneBug055.java,12,1,1.0,0.0,0.0,1.0,1.0,1.0,0.0,1.0,0.0,1.0,0.0,1.0,1.0,1.0,2.0,18.0
gen_off_by_one_fix_055,data/ml/raw_snippets_generated/off_by_one/fixed/GenOffByOneFix055.java,12,0,0.0,1.0,0.0,1.0,0.0,1.0,0.0,1.0,0.0,1.0,0.0,1.0,1.0,1.0,2.0,17.0
gen_array_index_bug_024,data/ml/raw_snippets_generated/array_length_index_misuse/buggy/GenArrayIndexBug024.java,4,0,0.0,1.0,0.0,1.0,0.0,1.0,0.0,1.0,0.0,1.0,0.0,2.0,1.0,1.0,3.0,16.0
gen_array_index_bug_024,data/ml/raw_snippets_generated/array_length_index_misuse/buggy/GenArrayIndexBug024.java,17,0,0.0,1.0,0.0,1.0,0.0,1.0,0.0,1.0,0.0,1.0,0.0,1.0,1.0,1.0,2.0,17.0
gen_array_index_fix_024,data/ml/raw_snippets_generated/array_length_index_misuse/fixed/GenArrayIndexFix024.java,4,0,0.0,1.0,0.0,1.0,0.0,1.0,0.0,1.0,0.0,1.0,0.0,2.0,1.0,1.0,3.0,16.0
gen_array_index_fix_024,data/ml/raw_snippets_generated/array_length_index_misuse/fixed/GenArrayIndexFix024.java,17,0,0.0,1.0,0.0,1.0,0.0,1.0,0.0,1.0,0.0,1.0,0.0,1.0,1.0,1.0,2.0,17.0
gen_clean_generic_023,data/ml/raw_snippets_generated/clean/GenCleanGeneric023.java,4,0,0.0,1.0,0.0,1.0,0.0,1.0,0.0,1.0,0.0,1.0,0.0,1.0,1.0,1.0,1.0,17.0
gen_clean_generic_023,data/ml/raw_snippets_generated/clean/GenCleanGeneric023.java,19,0,0.0,1.0,0.0,1.0,0.0,1.0,0.0,0.0,1.0,1.0,0.0,1.0,2.0,1.0,3.0,17.0
gen_clean_stacked_labels_006,data/ml/raw_snippets_generated/clean/GenCleanStackedLabels006.java,4,0,0.0,1.0,0.0,1.0,0.0,1.0,0.0,0.0,1.0,1.0,0.0,1.0,2.0,1.0,3.0,17.0
gen_off_by_one_bug_043,data/ml/raw_snippets_generated/off_by_one/buggy/GenOffByOneBug043.java,4,1,1.0,0.0,0.0,1.0,1.0,1.0,0.0,1.0,0.0,1.0,0.0,1.0,1.0,1.0,1.0,17.0
gen_off_by_one_bug_043,data/ml/raw_snippets_generated/off_by_one/buggy/GenOffByOneBug043.java,16,0,0.0,1.0,0.0,1.0,0.0,1.0,0.0,0.0,1.0,1.0,0.0,1.0,2.0,1.0,3.0,15.0
gen_off_by_one_fix_043,data/ml/raw_snippets_generated/off_by_one/fixed/GenOffByOneFix043.java,4,0,0.0,1.0,0.0,1.0,0.0,1.0,0.0,1.0,0.0,1.0,0.0,1.0,1.0,1.0,1.0,16.0
gen_off_by_one_fix_043,data/ml/raw_snippets_generated/off_by_one/fixed/GenOffByOneFix043.java,16,0,0.0,1.0,0.0,1.0,0.0,1.0,0.0,0.0,1.0,1.0,0.0,1.0,2.0,1.0,3.0,15.0
gen_clean_boundary_minus_one_004,data/ml/raw_snippets_generated/clean/GenCleanBoundaryMinusOne004.java,11,0,0.0,1.0,0.0,1.0,0.0,1.0,0.0,1.0,0.0,1.0,0.0,1.0,1.0,1.0,1.0,17.0
gen_clean_boundary_minus_one_004,data/ml/raw_snippets_generated/clean/GenCleanBoundaryMinusOne004.java,19,0,1.0,0.0,0.0,1.0,1.0,0.0,1.0,1.0,0.0,1.0,0.0,1.0,1.0,1.0,2.0,23.0
gen_incorrect_cond_bug_047,data/ml/raw_snippets_generated/incorrect_conditional_operator/buggy/GenIncorrectConditionalBug047.java,11,0,0.0,1.0,0.0,1.0,0.0,1.0,0.0,1.0,0.0,1.0,0.0,1.0,1.0,1.0,1.0,17.0
gen_incorrect_cond_fix_047,data/ml/raw_snippets_generated/incorrect_conditional_operator/fixed/GenIncorrectConditionalFix047.java,11,0,0.0,1.0,0.0,1.0,0.0,1.0,0.0,1.0,0.0,1.0,0.0,1.0,1.0,1.0,1.0,17.0
gen_clean_generic_092,data/ml/raw_snippets_generated/clean/GenCleanGeneric092.java,4,0,0.0,1.0,0.0,1.0,0.0,1.0,0.0,0.0,1.0,1.0,0.0,1.0,2.0,1.0,5.0,18.0
gen_while_no_update_bug_093,data/ml/raw_snippets_generated/while_variable_not_updated/buggy/GenWhileNoUpdateBug093.java,4,0,0.0,1.0,0.0,1.0,0.0,1.0,0.0,1.0,0.0,1.0,0.0,1.0,1.0,1.0,2.0,18.0
gen_while_no_update_fix_093,data/ml/raw_snippets_generated/while_variable_not_updated/fixed/GenWhileNoUpdateFix093.java,4,0,0.0,1.0,0.0,1.0,0.0,1.0,0.0,1.0,0.0,1.0,0.0,1.0,1.0,1.0,2.0,18.0
gen_clean_generic_026,data/ml/raw_snippets_generated/clean/GenCleanGeneric026.java,4,0,0.0,1.0,0.0,1.0,0.0,1.0,0.0,1.0,0.0,1.0,0.0,2.0,1.0,1.0,3.0,16.0
gen_incorrect_cond_bug_144,data/ml/raw_snippets_generated/incorrect_conditional_operator/buggy/GenIncorrectConditionalBug144.java,26,0,0.0,1.0,0.0,1.0,0.0,1.0,0.0,1.0,0.0,1.0,0.0,2.0,1.0,1.0,3.0,16.0
gen_incorrect_cond_fix_144,data/ml/raw_snippets_generated/incorrect_conditional_operator/fixed/GenIncorrectConditionalFix144.java,26,0,0.0,1.0,0.0,1.0,0.0,1.0,0.0,1.0,0.0,1.0,0.0,2.0,1.0,1.0,3.0,16.0
gen_clean_fall_through_017,data/ml/raw_snippets_generated/clean/GenCleanFallThrough017.java,20,0,0.0,1.0,0.0,1.0,0.0,1.0,0.0,1.0,0.0,1.0,0.0,1.0,1.0,1.0,2.0,18.0
gen_incorrect_cond_bug_004,data/ml/raw_snippets_generated/incorrect_conditional_operator/buggy/GenIncorrectConditionalBug004.java,11,0,0.0,1.0,0.0,1.0,0.0,1.0,0.0,0.0,1.0,1.0,0.0,1.0,2.0,1.0,5.0,16.0
gen_incorrect_cond_fix_004,data/ml/raw_snippets_generated/incorrect_conditional_operator/fixed/GenIncorrectConditionalFix004.java,11,0,0.0,1.0,0.0,1.0,0.0,1.0,0.0,0.0,1.0,1.0,0.0,1.0,2.0,1.0,5.0,16.0
gen_clean_generic_040,data/ml/raw_snippets_generated/clean/GenCleanGeneric040.java,4,0,0.0,1.0,0.0,1.0,0.0,1.0,0.0,1.0,0.0,1.0,0.0,2.0,1.0,1.0,3.0,16.0
gen_clean_tail_index_003,data/ml/raw_snippets_generated/clean/GenCleanTailIndex003.java,4,0,0.0,1.0,0.0,1.0,0.0,1.0,0.0,0.0,1.0,1.0,0.0,1.0,2.0,1.0,5.0,17.0
gen_while_no_update_bug_153,data/ml/raw_snippets_generated/while_variable_not_updated/buggy/GenWhileNoUpdateBug153.java,10,0,0.0,1.0,0.0,1.0,0.0,1.0,0.0,1.0,0.0,1.0,0.0,1.0,1.0,1.0,2.0,16.0
gen_while_no_update_fix_153,data/ml/raw_snippets_generated/while_variable_not_updated/fixed/GenWhileNoUpdateFix153.java,11,0,0.0,1.0,0.0,1.0,0.0,1.0,0.0,1.0,0.0,1.0,0.0,1.0,1.0,1.0,2.0,16.0
gen_clean_generic_116,data/ml/raw_snippets_generated/clean/GenCleanGeneric116.java,4,0,0.0,1.0,0.0,1.0,0.0,1.0,0.0,1.0,0.0,1.0,0.0,1.0,1.0,1.0,2.0,17.0
gen_while_no_update_bug_068,data/ml/raw_snippets_generated/while_variable_not_updated/buggy/GenWhileNoUpdateBug068.java,18,0,0.0,1.0,0.0,1.0,0.0,1.0,0.0,1.0,0.0,1.0,0.0,1.0,1.0,1.0,2.0,18.0
gen_while_no_update_fix_068,data/ml/raw_snippets_generated/while_variable_not_updated/fixed/GenWhileNoUpdateFix068.java,19,0,0.0,1.0,0.0,1.0,0.0,1.0,0.0,1.0,0.0,1.0,0.0,1.0,1.0,1.0,2.0,18.0
gen_array_index_bug_075,data/ml/raw_snippets_generated/array_length_index_misuse/buggy/GenArrayIndexBug075.java,4,0,0.0,1.0,0.0,1.0,0.0,1.0,0.0,1.0,0.0,1.0,0.0,2.0,1.0,1.0,3.0,16.0
gen_array_index_fix_075,data/ml/raw_snippets_generated/array_length_index_misuse/fixed/GenArrayIndexFix075.java,4,0,0.0,1.0,0.0,1.0,0.0,1.0,0.0,1.0,0.0,1.0,0.0,2.0,1.0,1.0,3.0,16.0
gen_incorrect_cond_bug_039,data/ml/raw_snippets_generated/incorrect_conditional_operator/buggy/GenIncorrectConditionalBug039.java,4,0,0.0,1.0,0.0,1.0,0.0,1.0,0.0,1.0,0.0,1.0,0.0,1.0,1.0,1.0,1.0,17.0
gen_incorrect_cond_fix_039,data/ml/raw_snippets_generated/incorrect_conditional_operator/fixed/GenIncorrectConditionalFix039.java,4,0,0.0,1.0,0.0,1.0,0.0,1.0,0.0,1.0,0.0,1.0,0.0,1.0,1.0,1.0,1.0,17.0
gen_off_by_one_bug_039,data/ml/raw_snippets_generated/off_by_one/buggy/GenOffByOneBug039.java,4,1,1.0,0.0,0.0,1.0,1.0,1.0,0.0,1.0,0.0,1.0,0.0,1.0,1.0,1.0,3.0,17.0
gen_off_by_one_fix_039,data/ml/raw_snippets_generated/off_by_one/fixed/GenOffByOneFix039.java,4,0,0.0,1.0,0.0,1.0,0.0,1.0,0.0,1.0,0.0,1.0,0.0,1.0,1.0,1.0,3.0,16.0
gen_array_index_bug_008,data/ml/raw_snippets_generated/array_length_index_misuse/buggy/GenArrayIndexBug008.java,8,0,0.0,1.0,0.0,1.0,0.0,1.0,0.0,0.0,1.0,1.0,0.0,1.0,2.0,1.0,3.0,16.0
gen_array_index_fix_008,data/ml/raw_snippets_generated/array_length_index_misuse/fixed/GenArrayIndexFix008.java,8,0,0.0,1.0,0.0,1.0,0.0,1.0,0.0,0.0,1.0,1.0,0.0,1.0,2.0,1.0,3.0,16.0
gen_clean_boundary_minus_one_015,data/ml/raw_snippets_generated/clean/GenCleanBoundaryMinusOne015.java,4,0,1.0,0.0,0.0,1.0,1.0,0.0,1.0,1.0,0.0,1.0,0.0,1.0,1.0,1.0,2.0,23.0
gen_clean_boundary_minus_one_015,data/ml/raw_snippets_generated/clean/GenCleanBoundaryMinusOne015.java,12,0,0.0,1.0,0.0,1.0,0.0,1.0,0.0,1.0,0.0,1.0,0.0,2.0,1.0,1.0,3.0,16.0
gen_off_by_one_bug_035,data/ml/raw_snippets_generated/off_by_one/buggy/GenOffByOneBug035.java,4,0,0.0,1.0,0.0,1.0,0.0,1.0,0.0,0.0,1.0,1.0,0.0,1.0,2.0,1.0,3.0,17.0
gen_off_by_one_bug_035,data/ml/raw_snippets_generated/off_by_one/buggy/GenOffByOneBug035.java,14,0,0.0,1.0,0.0,1.0,0.0,1.0,0.0,1.0,0.0,1.0,0.0,2.0,1.0,1.0,3.0,16.0
gen_off_by_one_bug_035,data/ml/raw_snippets_generated/off_by_one/buggy/GenOffByOneBug035.java,68,1,1.0,0.0,0.0,1.0,1.0,1.0,0.0,1.0,0.0,1.0,0.0,1.0,2.0,1.0,3.0,17.0
gen_off_by_one_fix_035,data/ml/raw_snippets_generated/off_by_one/fixed/GenOffByOneFix035.java,4,0,0.0,1.0,0.0,1.0,0.0,1.0,0.0,0.0,1.0,1.0,0.0,1.0,2.0,1.0,3.0,17.0
gen_off_by_one_fix_035,data/ml/raw_snippets_generated/off_by_one/fixed/GenOffByOneFix035.java,14,0,0.0,1.0,0.0,1.0,0.0,1.0,0.0,1.0,0.0,1.0,0.0,2.0,1.0,1.0,3.0,16.0
gen_off_by_one_fix_035,data/ml/raw_snippets_generated/off_by_one/fixed/GenOffByOneFix035.java,68,0,0.0,1.0,0.0,1.0,0.0,1.0,0.0,1.0,0.0,1.0,0.0,1.0,2.0,1.0,3.0,16.0
gen_off_by_one_bug_005,data/ml/raw_snippets_generated/off_by_one/buggy/GenOffByOneBug005.java,4,1,1.0,0.0,0.0,1.0,1.0,1.0,0.0,1.0,0.0,1.0,0.0,1.0,1.0,1.0,1.0,18.0
gen_off_by_one_bug_005,data/ml/raw_snippets_generated/off_by_one/buggy/GenOffByOneBug005.java,25,0,0.0,1.0,0.0,1.0,0.0,1.0,0.0,1.0,0.0,1.0,0.0,2.0,1.0,1.0,3.0,16.0
gen_off_by_one_bug_005,data/ml/raw_snippets_generated/off_by_one/buggy/GenOffByOneBug005.java,34,0,0.0,1.0,0.0,1.0,0.0,1.0,0.0,1.0,0.0,1.0,0.0,1.0,1.0,1.0,2.0,16.0
gen_off_by_one_fix_005,data/ml/raw_snippets_generated/off_by_one/fixed/GenOffByOneFix005.java,4,0,0.0,1.0,0.0,1.0,0.0,1.0,0.0,1.0,0.0,1.0,0.0,1.0,1.0,1.0,1.0,17.0
gen_off_by_one_fix_005,data/ml/raw_snippets_generated/off_by_one/fixed/GenOffByOneFix005.java,25,0,0.0,1.0,0.0,1.0,0.0,1.0,0.0,1.0,0.0,1.0,0.0,2.0,1.0,1.0,3.0,16.0
gen_off_by_one_fix_005,data/ml/raw_snippets_generated/off_by_one/fixed/GenOffByOneFix005.java,34,0,0.0,1.0,0.0,1.0,0.0,1.0,0.0,1.0,0.0,1.0,0.0,1.0,1.0,1.0,2.0,16.0
gen_off_by_one_bug_103,data/ml/raw_snippets_generated/off_by_one/buggy/GenOffByOneBug103.java,4,1,1.0,0.0,0.0,1.0,1.0,1.0,0.0,1.0,0.0,1.0,0.0,1.0,1.0,1.0,2.0,19.0
gen_off_by_one_fix_103,data/ml/raw_snippets_generated/off_by_one/fixed/GenOffByOneFix103.java,4,0,0.0,1.0,0.0,1.0,0.0,1.0,0.0,1.0,0.0,1.0,0.0,1.0,1.0,1.0,2.0,18.0
gen_off_by_one_bug_120,data/ml/raw_snippets_generated/off_by_one/buggy/GenOffByOneBug120.java,12,1,1.0,0.0,0.0,1.0,1.0,1.0,0.0,1.0,0.0,1.0,0.0,1.0,1.0,1.0,3.0,17.0
gen_off_by_one_fix_120,data/ml/raw_snippets_generated/off_by_one/fixed/GenOffByOneFix120.java,12,0,0.0,1.0,0.0,1.0,0.0,1.0,0.0,1.0,0.0,1.0,0.0,1.0,1.0,1.0,3.0,16.0
gen_while_no_update_bug_046,data/ml/raw_snippets_generated/while_variable_not_updated/buggy/GenWhileNoUpdateBug046.java,12,0,0.0,1.0,0.0,1.0,0.0,1.0,0.0,0.0,1.0,1.0,0.0,1.0,2.0,1.0,3.0,17.0
gen_while_no_update_fix_046,data/ml/raw_snippets_generated/while_variable_not_updated/fixed/GenWhileNoUpdateFix046.java,13,0,0.0,1.0,0.0,1.0,0.0,1.0,0.0,0.0,1.0,1.0,0.0,1.0,2.0,1.0,3.0,17.0
gen_off_by_one_bug_067,data/ml/raw_snippets_generated/off_by_one/buggy/GenOffByOneBug067.java,13,1,1.0,0.0,0.0,1.0,1.0,1.0,0.0,1.0,0.0,1.0,0.0,1.0,1.0,1.0,3.0,18.0
gen_off_by_one_fix_067,data/ml/raw_snippets_generated/off_by_one/fixed/GenOffByOneFix067.java,13,0,0.0,1.0,0.0,1.0,0.0,1.0,0.0,1.0,0.0,1.0,0.0,1.0,1.0,1.0,3.0,17.0
gen_incorrect_cond_bug_078,data/ml/raw_snippets_generated/incorrect_conditional_operator/buggy/GenIncorrectConditionalBug078.java,11,0,0.0,1.0,0.0,1.0,0.0,1.0,0.0,1.0,0.0,1.0,0.0,2.0,1.0,1.0,3.0,16.0
gen_incorrect_cond_fix_078,data/ml/raw_snippets_generated/incorrect_conditional_operator/fixed/GenIncorrectConditionalFix078.java,11,0,0.0,1.0,0.0,1.0,0.0,1.0,0.0,1.0,0.0,1.0,0.0,2.0,1.0,1.0,3.0,16.0
gen_off_by_one_bug_096,data/ml/raw_snippets_generated/off_by_one/buggy/GenOffByOneBug096.java,4,1,1.0,0.0,0.0,1.0,1.0,1.0,0.0,1.0,0.0,1.0,0.0,1.0,2.0,1.0,2.0,16.0
gen_off_by_one_bug_096,data/ml/raw_snippets_generated/off_by_one/buggy/GenOffByOneBug096.java,21,0,0.0,1.0,0.0,1.0,0.0,1.0,0.0,1.0,0.0,1.0,0.0,1.0,1.0,1.0,1.0,17.0
gen_off_by_one_fix_096,data/ml/raw_snippets_generated/off_by_one/fixed/GenOffByOneFix096.java,4,0,0.0,1.0,0.0,1.0,0.0,1.0,0.0,1.0,0.0,1.0,0.0,1.0,2.0,1.0,2.0,15.0
gen_off_by_one_fix_096,data/ml/raw_snippets_generated/off_by_one/fixed/GenOffByOneFix096.java,21,0,0.0,1.0,0.0,1.0,0.0,1.0,0.0,1.0,0.0,1.0,0.0,1.0,1.0,1.0,1.0,17.0
gen_incorrect_cond_bug_063,data/ml/raw_snippets_generated/incorrect_conditional_operator/buggy/GenIncorrectConditionalBug063.java,20,0,0.0,1.0,0.0,1.0,0.0,1.0,0.0,1.0,0.0,1.0,0.0,2.0,1.0,1.0,3.0,16.0
gen_incorrect_cond_bug_063,data/ml/raw_snippets_generated/incorrect_conditional_operator/buggy/GenIncorrectConditionalBug063.java,47,0,0.0,1.0,0.0,1.0,0.0,1.0,0.0,1.0,0.0,1.0,0.0,1.0,1.0,1.0,1.0,17.0
gen_incorrect_cond_fix_063,data/ml/raw_snippets_generated/incorrect_conditional_operator/fixed/GenIncorrectConditionalFix063.java,20,0,0.0,1.0,0.0,1.0,0.0,1.0,0.0,1.0,0.0,1.0,0.0,2.0,1.0,1.0,3.0,16.0
gen_incorrect_cond_fix_063,data/ml/raw_snippets_generated/incorrect_conditional_operator/fixed/GenIncorrectConditionalFix063.java,47,0,0.0,1.0,0.0,1.0,0.0,1.0,0.0,1.0,0.0,1.0,0.0,1.0,1.0,1.0,1.0,17.0
gen_clean_verbose_boolean_004,data/ml/raw_snippets_generated/clean/GenCleanVerboseBoolean004.java,11,0,0.0,1.0,0.0,1.0,0.0,1.0,0.0,1.0,0.0,1.0,0.0,1.0,1.0,1.0,2.0,18.0
gen_clean_verbose_boolean_004,data/ml/raw_snippets_generated/clean/GenCleanVerboseBoolean004.java,28,0,0.0,1.0,0.0,1.0,0.0,1.0,0.0,0.0,1.0,1.0,0.0,1.0,2.0,1.0,3.0,15.0
gen_clean_verbose_boolean_004,data/ml/raw_snippets_generated/clean/GenCleanVerboseBoolean004.java,38,0,0.0,1.0,0.0,1.0,0.0,1.0,0.0,0.0,1.0,1.0,0.0,1.0,2.0,1.0,3.0,15.0
gen_off_by_one_bug_062,data/ml/raw_snippets_generated/off_by_one/buggy/GenOffByOneBug062.java,4,0,0.0,1.0,0.0,1.0,0.0,1.0,0.0,1.0,0.0,1.0,0.0,1.0,1.0,1.0,1.0,15.0
gen_off_by_one_bug_062,data/ml/raw_snippets_generated/off_by_one/buggy/GenOffByOneBug062.java,12,1,1.0,0.0,0.0,1.0,1.0,1.0,0.0,1.0,0.0,1.0,0.0,1.0,1.0,1.0,4.0,17.0
gen_off_by_one_bug_062,data/ml/raw_snippets_generated/off_by_one/buggy/GenOffByOneBug062.java,22,0,0.0,1.0,0.0,1.0,0.0,1.0,0.0,1.0,0.0,1.0,0.0,1.0,1.0,1.0,2.0,17.0
gen_off_by_one_fix_062,data/ml/raw_snippets_generated/off_by_one/fixed/GenOffByOneFix062.java,4,0,0.0,1.0,0.0,1.0,0.0,1.0,0.0,1.0,0.0,1.0,0.0,1.0,1.0,1.0,1.0,15.0
gen_off_by_one_fix_062,data/ml/raw_snippets_generated/off_by_one/fixed/GenOffByOneFix062.java,12,0,0.0,1.0,0.0,1.0,0.0,1.0,0.0,1.0,0.0,1.0,0.0,1.0,1.0,1.0,4.0,16.0
gen_off_by_one_fix_062,data/ml/raw_snippets_generated/off_by_one/fixed/GenOffByOneFix062.java,22,0,0.0,1.0,0.0,1.0,0.0,1.0,0.0,1.0,0.0,1.0,0.0,1.0,1.0,1.0,2.0,17.0
gen_off_by_one_bug_054,data/ml/raw_snippets_generated/off_by_one/buggy/GenOffByOneBug054.java,4,1,1.0,0.0,0.0,1.0,1.0,1.0,0.0,1.0,0.0,1.0,0.0,1.0,1.0,1.0,1.0,18.0
gen_off_by_one_fix_054,data/ml/raw_snippets_generated/off_by_one/fixed/GenOffByOneFix054.java,4,0,0.0,1.0,0.0,1.0,0.0,1.0,0.0,1.0,0.0,1.0,0.0,1.0,1.0,1.0,1.0,17.0
gen_array_index_bug_059,data/ml/raw_snippets_generated/array_length_index_misuse/buggy/GenArrayIndexBug059.java,17,0,0.0,1.0,0.0,1.0,0.0,1.0,0.0,0.0,1.0,1.0,0.0,1.0,2.0,1.0,3.0,15.0
gen_array_index_bug_059,data/ml/raw_snippets_generated/array_length_index_misuse/buggy/GenArrayIndexBug059.java,40,0,0.0,1.0,0.0,1.0,0.0,1.0,0.0,1.0,0.0,1.0,0.0,2.0,1.0,1.0,3.0,16.0
gen_array_index_fix_059,data/ml/raw_snippets_generated/array_length_index_misuse/fixed/GenArrayIndexFix059.java,17,0,0.0,1.0,0.0,1.0,0.0,1.0,0.0,0.0,1.0,1.0,0.0,1.0,2.0,1.0,3.0,15.0
gen_array_index_fix_059,data/ml/raw_snippets_generated/array_length_index_misuse/fixed/GenArrayIndexFix059.java,40,0,0.0,1.0,0.0,1.0,0.0,1.0,0.0,1.0,0.0,1.0,0.0,2.0,1.0,1.0,3.0,16.0
gen_while_no_update_bug_028,data/ml/raw_snippets_generated/while_variable_not_updated/buggy/GenWhileNoUpdateBug028.java,10,0,0.0,1.0,0.0,1.0,0.0,1.0,0.0,0.0,1.0,1.0,0.0,1.0,2.0,1.0,3.0,17.0
gen_while_no_update_fix_028,data/ml/raw_snippets_generated/while_variable_not_updated/fixed/GenWhileNoUpdateFix028.java,11,0,0.0,1.0,0.0,1.0,0.0,1.0,0.0,0.0,1.0,1.0,0.0,1.0,2.0,1.0,3.0,17.0
gen_array_index_bug_085,data/ml/raw_snippets_generated/array_length_index_misuse/buggy/GenArrayIndexBug085.java,14,0,0.0,1.0,0.0,1.0,0.0,1.0,0.0,1.0,0.0,1.0,0.0,1.0,1.0,1.0,2.0,18.0
gen_array_index_bug_085,data/ml/raw_snippets_generated/array_length_index_misuse/buggy/GenArrayIndexBug085.java,37,0,0.0,1.0,0.0,1.0,0.0,1.0,0.0,1.0,0.0,1.0,0.0,1.0,1.0,1.0,1.0,17.0
gen_array_index_fix_085,data/ml/raw_snippets_generated/array_length_index_misuse/fixed/GenArrayIndexFix085.java,14,0,0.0,1.0,0.0,1.0,0.0,1.0,0.0,1.0,0.0,1.0,0.0,1.0,1.0,1.0,2.0,18.0
gen_array_index_fix_085,data/ml/raw_snippets_generated/array_length_index_misuse/fixed/GenArrayIndexFix085.java,37,0,0.0,1.0,0.0,1.0,0.0,1.0,0.0,1.0,0.0,1.0,0.0,1.0,1.0,1.0,1.0,17.0
gen_off_by_one_bug_122,data/ml/raw_snippets_generated/off_by_one/buggy/GenOffByOneBug122.java,3,1,1.0,0.0,0.0,1.0,1.0,1.0,0.0,1.0,0.0,1.0,0.0,1.0,1.0,1.0,2.0,18.0
gen_off_by_one_fix_122,data/ml/raw_snippets_generated/off_by_one/fixed/GenOffByOneFix122.java,3,0,0.0,1.0,0.0,1.0,0.0,1.0,0.0,1.0,0.0,1.0,0.0,1.0,1.0,1.0,2.0,17.0
gen_array_index_bug_029,data/ml/raw_snippets_generated/array_length_index_misuse/buggy/GenArrayIndexBug029.java,4,0,0.0,1.0,0.0,1.0,0.0,1.0,0.0,1.0,0.0,1.0,0.0,1.0,1.0,1.0,1.0,17.0
gen_array_index_fix_029,data/ml/raw_snippets_generated/array_length_index_misuse/fixed/GenArrayIndexFix029.java,4,0,0.0,1.0,0.0,1.0,0.0,1.0,0.0,1.0,0.0,1.0,0.0,1.0,1.0,1.0,1.0,17.0
gen_while_no_update_bug_156,data/ml/raw_snippets_generated/while_variable_not_updated/buggy/GenWhileNoUpdateBug156.java,11,0,0.0,1.0,0.0,1.0,0.0,1.0,0.0,0.0,1.0,1.0,0.0,1.0,2.0,1.0,5.0,17.0
gen_while_no_update_fix_156,data/ml/raw_snippets_generated/while_variable_not_updated/fixed/GenWhileNoUpdateFix156.java,11,0,0.0,1.0,0.0,1.0,0.0,1.0,0.0,0.0,1.0,1.0,0.0,1.0,2.0,1.0,5.0,17.0
gen_while_no_update_bug_037,data/ml/raw_snippets_generated/while_variable_not_updated/buggy/GenWhileNoUpdateBug037.java,31,0,0.0,1.0,0.0,1.0,0.0,1.0,0.0,0.0,1.0,1.0,0.0,1.0,2.0,1.0,3.0,17.0
gen_while_no_update_bug_037,data/ml/raw_snippets_generated/while_variable_not_updated/buggy/GenWhileNoUpdateBug037.java,47,0,0.0,1.0,0.0,1.0,0.0,1.0,0.0,1.0,0.0,1.0,0.0,1.0,1.0,1.0,1.0,15.0
gen_while_no_update_fix_037,data/ml/raw_snippets_generated/while_variable_not_updated/fixed/GenWhileNoUpdateFix037.java,31,0,0.0,1.0,0.0,1.0,0.0,1.0,0.0,0.0,1.0,1.0,0.0,1.0,2.0,1.0,3.0,17.0
gen_while_no_update_fix_037,data/ml/raw_snippets_generated/while_variable_not_updated/fixed/GenWhileNoUpdateFix037.java,48,0,0.0,1.0,0.0,1.0,0.0,1.0,0.0,1.0,0.0,1.0,0.0,1.0,1.0,1.0,1.0,15.0
gen_missing_break_bug_148,data/ml/raw_snippets_generated/missing_break_in_switch/buggy/GenMissingBreakBug148.java,4,0,0.0,1.0,0.0,1.0,0.0,1.0,0.0,0.0,1.0,1.0,0.0,1.0,2.0,1.0,3.0,16.0
gen_missing_break_bug_148,data/ml/raw_snippets_generated/missing_break_in_switch/buggy/GenMissingBreakBug148.java,41,0,0.0,1.0,0.0,1.0,0.0,1.0,0.0,1.0,0.0,1.0,0.0,2.0,1.0,1.0,3.0,16.0
gen_missing_break_fix_148,data/ml/raw_snippets_generated/missing_break_in_switch/fixed/GenMissingBreakFix148.java,4,0,0.0,1.0,0.0,1.0,0.0,1.0,0.0,0.0,1.0,1.0,0.0,1.0,2.0,1.0,3.0,16.0
gen_missing_break_fix_148,data/ml/raw_snippets_generated/missing_break_in_switch/fixed/GenMissingBreakFix148.java,42,0,0.0,1.0,0.0,1.0,0.0,1.0,0.0,1.0,0.0,1.0,0.0,2.0,1.0,1.0,3.0,16.0
gen_off_by_one_bug_161,data/ml/raw_snippets_generated/off_by_one/buggy/GenOffByOneBug161.java,4,1,1.0,0.0,0.0,1.0,1.0,1.0,0.0,1.0,0.0,1.0,0.0,1.0,1.0,1.0,3.0,16.0
gen_off_by_one_fix_161,data/ml/raw_snippets_generated/off_by_one/fixed/GenOffByOneFix161.java,4,0,0.0,1.0,0.0,1.0,0.0,1.0,0.0,1.0,0.0,1.0,0.0,1.0,1.0,1.0,3.0,15.0
gen_off_by_one_bug_003,data/ml/raw_snippets_generated/off_by_one/buggy/GenOffByOneBug003.java,4,1,1.0,0.0,0.0,1.0,1.0,1.0,0.0,1.0,0.0,1.0,0.0,1.0,1.0,1.0,2.0,18.0
gen_off_by_one_fix_003,data/ml/raw_snippets_generated/off_by_one/fixed/GenOffByOneFix003.java,4,0,0.0,1.0,0.0,1.0,0.0,1.0,0.0,1.0,0.0,1.0,0.0,1.0,1.0,1.0,2.0,17.0
gen_clean_boundary_minus_one_033,data/ml/raw_snippets_generated/clean/GenCleanBoundaryMinusOne033.java,19,0,0.0,1.0,0.0,1.0,0.0,1.0,0.0,1.0,0.0,1.0,0.0,2.0,1.0,1.0,3.0,16.0
gen_clean_boundary_minus_one_033,data/ml/raw_snippets_generated/clean/GenCleanBoundaryMinusOne033.java,58,0,1.0,0.0,0.0,1.0,1.0,0.0,1.0,1.0,0.0,1.0,0.0,1.0,1.0,1.0,2.0,22.0
gen_clean_boundary_minus_one_023,data/ml/raw_snippets_generated/clean/GenCleanBoundaryMinusOne023.java,4,0,1.0,0.0,0.0,1.0,1.0,0.0,1.0,1.0,0.0,1.0,0.0,1.0,1.0,1.0,1.0,22.0
gen_clean_generic_079,data/ml/raw_snippets_generated/clean/GenCleanGeneric079.java,4,0,0.0,1.0,0.0,1.0,0.0,1.0,0.0,0.0,1.0,1.0,0.0,1.0,2.0,1.0,3.0,17.0
gen_clean_fall_through_023,data/ml/raw_snippets_generated/clean/GenCleanFallThrough023.java,26,0,0.0,1.0,0.0,1.0,0.0,1.0,0.0,1.0,0.0,1.0,0.0,2.0,1.0,1.0,3.0,16.0
gen_clean_fall_through_023,data/ml/raw_snippets_generated/clean/GenCleanFallThrough023.java,54,0,0.0,1.0,0.0,1.0,0.0,1.0,0.0,0.0,1.0,1.0,0.0,1.0,2.0,1.0,3.0,16.0
gen_missing_break_bug_008,data/ml/raw_snippets_generated/missing_break_in_switch/buggy/GenMissingBreakBug008.java,4,0,0.0,1.0,0.0,1.0,0.0,1.0,0.0,1.0,0.0,1.0,0.0,1.0,1.0,1.0,2.0,16.0
gen_missing_break_bug_008,data/ml/raw_snippets_generated/missing_break_in_switch/buggy/GenMissingBreakBug008.java,42,0,0.0,1.0,0.0,1.0,0.0,1.0,0.0,0.0,1.0,1.0,0.0,1.0,2.0,1.0,3.0,15.0
gen_missing_break_bug_008,data/ml/raw_snippets_generated/missing_break_in_switch/buggy/GenMissingBreakBug008.java,52,0,0.0,1.0,0.0,1.0,0.0,1.0,0.0,1.0,0.0,1.0,0.0,2.0,1.0,1.0,3.0,16.0
gen_missing_break_fix_008,data/ml/raw_snippets_generated/missing_break_in_switch/fixed/GenMissingBreakFix008.java,4,0,0.0,1.0,0.0,1.0,0.0,1.0,0.0,1.0,0.0,1.0,0.0,1.0,1.0,1.0,2.0,16.0
gen_missing_break_fix_008,data/ml/raw_snippets_generated/missing_break_in_switch/fixed/GenMissingBreakFix008.java,43,0,0.0,1.0,0.0,1.0,0.0,1.0,0.0,0.0,1.0,1.0,0.0,1.0,2.0,1.0,3.0,15.0
gen_missing_break_fix_008,data/ml/raw_snippets_generated/missing_break_in_switch/fixed/GenMissingBreakFix008.java,53,0,0.0,1.0,0.0,1.0,0.0,1.0,0.0,1.0,0.0,1.0,0.0,2.0,1.0,1.0,3.0,16.0
gen_while_no_update_bug_114,data/ml/raw_snippets_generated/while_variable_not_updated/buggy/GenWhileNoUpdateBug114.java,54,0,0.0,1.0,0.0,1.0,0.0,1.0,0.0,0.0,1.0,1.0,0.0,1.0,2.0,1.0,3.0,17.0
gen_while_no_update_fix_114,data/ml/raw_snippets_generated/while_variable_not_updated/fixed/GenWhileNoUpdateFix114.java,55,0,0.0,1.0,0.0,1.0,0.0,1.0,0.0,0.0,1.0,1.0,0.0,1.0,2.0,1.0,3.0,17.0
gen_off_by_one_bug_022,data/ml/raw_snippets_generated/off_by_one/buggy/GenOffByOneBug022.java,4,0,0.0,1.0,0.0,1.0,0.0,1.0,0.0,1.0,0.0,1.0,0.0,1.0,1.0,1.0,2.0,16.0
gen_off_by_one_bug_022,data/ml/raw_snippets_generated/off_by_one/buggy/GenOffByOneBug022.java,15,1,1.0,0.0,0.0,1.0,1.0,1.0,0.0,1.0,0.0,1.0,0.0,1.0,1.0,1.0,2.0,18.0
gen_off_by_one_fix_022,data/ml/raw_snippets_generated/off_by_one/fixed/GenOffByOneFix022.java,4,0,0.0,1.0,0.0,1.0,0.0,1.0,0.0,1.0,0.0,1.0,0.0,1.0,1.0,1.0,2.0,16.0
gen_off_by_one_fix_022,data/ml/raw_snippets_generated/off_by_one/fixed/GenOffByOneFix022.java,15,0,0.0,1.0,0.0,1.0,0.0,1.0,0.0,1.0,0.0,1.0,0.0,1.0,1.0,1.0,2.0,17.0
gen_off_by_one_bug_020,data/ml/raw_snippets_generated/off_by_one/buggy/GenOffByOneBug020.java,4,1,1.0,0.0,0.0,1.0,1.0,1.0,0.0,1.0,0.0,1.0,0.0,1.0,2.0,1.0,2.0,18.0
gen_off_by_one_bug_020,data/ml/raw_snippets_generated/off_by_one/buggy/GenOffByOneBug020.java,25,0,0.0,1.0,0.0,1.0,0.0,1.0,0.0,1.0,0.0,1.0,0.0,1.0,1.0,1.0,1.0,17.0
gen_off_by_one_bug_020,data/ml/raw_snippets_generated/off_by_one/buggy/GenOffByOneBug020.java,40,0,0.0,1.0,0.0,1.0,0.0,1.0,0.0,1.0,0.0,1.0,0.0,2.0,1.0,1.0,3.0,16.0
gen_off_by_one_fix_020,data/ml/raw_snippets_generated/off_by_one/fixed/GenOffByOneFix020.java,4,0,0.0,1.0,0.0,1.0,0.0,1.0,0.0,1.0,0.0,1.0,0.0,1.0,2.0,1.0,2.0,17.0
gen_off_by_one_fix_020,data/ml/raw_snippets_generated/off_by_one/fixed/GenOffByOneFix020.java,25,0,0.0,1.0,0.0,1.0,0.0,1.0,0.0,1.0,0.0,1.0,0.0,1.0,1.0,1.0,1.0,17.0
gen_off_by_one_fix_020,data/ml/raw_snippets_generated/off_by_one/fixed/GenOffByOneFix020.java,40,0,0.0,1.0,0.0,1.0,0.0,1.0,0.0,1.0,0.0,1.0,0.0,2.0,1.0,1.0,3.0,16.0
gen_missing_break_bug_081,data/ml/raw_snippets_generated/missing_break_in_switch/buggy/GenMissingBreakBug081.java,4,0,0.0,1.0,0.0,1.0,0.0,1.0,0.0,1.0,0.0,1.0,0.0,1.0,1.0,1.0,2.0,18.0
gen_missing_break_bug_081,data/ml/raw_snippets_generated/missing_break_in_switch/buggy/GenMissingBreakBug081.java,41,0,0.0,1.0,0.0,1.0,0.0,1.0,0.0,0.0,1.0,1.0,0.0,1.0,2.0,1.0,5.0,18.0
gen_missing_break_fix_081,data/ml/raw_snippets_generated/missing_break_in_switch/fixed/GenMissingBreakFix081.java,4,0,0.0,1.0,0.0,1.0,0.0,1.0,0.0,1.0,0.0,1.0,0.0,1.0,1.0,1.0,2.0,18.0
gen_missing_break_fix_081,data/ml/raw_snippets_generated/missing_break_in_switch/fixed/GenMissingBreakFix081.java,42,0,0.0,1.0,0.0,1.0,0.0,1.0,0.0,0.0,1.0,1.0,0.0,1.0,2.0,1.0,5.0,18.0
gen_clean_boundary_minus_one_029,data/ml/raw_snippets_generated/clean/GenCleanBoundaryMinusOne029.java,4,0,1.0,0.0,0.0,1.0,1.0,0.0,1.0,1.0,0.0,1.0,0.0,1.0,1.0,1.0,1.0,22.0
gen_array_index_bug_031,data/ml/raw_snippets_generated/array_length_index_misuse/buggy/GenArrayIndexBug031.java,8,0,0.0,1.0,0.0,1.0,0.0,1.0,0.0,1.0,0.0,1.0,0.0,1.0,1.0,1.0,2.0,18.0
gen_array_index_fix_031,data/ml/raw_snippets_generated/array_length_index_misuse/fixed/GenArrayIndexFix031.java,8,0,0.0,1.0,0.0,1.0,0.0,1.0,0.0,1.0,0.0,1.0,0.0,1.0,1.0,1.0,2.0,18.0
gen_clean_boundary_minus_one_039,data/ml/raw_snippets_generated/clean/GenCleanBoundaryMinusOne039.java,10,0,0.0,1.0,0.0,1.0,0.0,1.0,0.0,0.0,1.0,1.0,0.0,1.0,2.0,1.0,5.0,17.0
gen_clean_boundary_minus_one_039,data/ml/raw_snippets_generated/clean/GenCleanBoundaryMinusOne039.java,20,0,1.0,0.0,0.0,1.0,1.0,0.0,1.0,1.0,0.0,1.0,0.0,1.0,1.0,1.0,1.0,22.0
gen_missing_break_bug_035,data/ml/raw_snippets_generated/missing_break_in_switch/buggy/GenMissingBreakBug035.java,4,0,0.0,1.0,0.0,1.0,0.0,1.0,0.0,1.0,0.0,1.0,0.0,2.0,1.0,1.0,3.0,16.0
gen_missing_break_bug_035,data/ml/raw_snippets_generated/missing_break_in_switch/buggy/GenMissingBreakBug035.java,64,0,0.0,1.0,0.0,1.0,0.0,1.0,0.0,1.0,0.0,1.0,0.0,1.0,1.0,1.0,1.0,17.0
gen_missing_break_fix_035,data/ml/raw_snippets_generated/missing_break_in_switch/fixed/GenMissingBreakFix035.java,4,0,0.0,1.0,0.0,1.0,0.0,1.0,0.0,1.0,0.0,1.0,0.0,2.0,1.0,1.0,3.0,16.0
gen_missing_break_fix_035,data/ml/raw_snippets_generated/missing_break_in_switch/fixed/GenMissingBreakFix035.java,65,0,0.0,1.0,0.0,1.0,0.0,1.0,0.0,1.0,0.0,1.0,0.0,1.0,1.0,1.0,1.0,17.0
gen_clean_generic_101,data/ml/raw_snippets_generated/clean/GenCleanGeneric101.java,4,0,0.0,1.0,0.0,1.0,0.0,1.0,0.0,0.0,1.0,1.0,0.0,1.0,2.0,1.0,5.0,18.0
gen_off_by_one_bug_133,data/ml/raw_snippets_generated/off_by_one/buggy/GenOffByOneBug133.java,4,1,1.0,0.0,0.0,1.0,1.0,1.0,0.0,1.0,0.0,1.0,0.0,1.0,1.0,1.0,2.0,19.0
gen_off_by_one_fix_133,data/ml/raw_snippets_generated/off_by_one/fixed/GenOffByOneFix133.java,4,0,0.0,1.0,0.0,1.0,0.0,1.0,0.0,1.0,0.0,1.0,0.0,1.0,1.0,1.0,2.0,18.0
gen_missing_break_bug_070,data/ml/raw_snippets_generated/missing_break_in_switch/buggy/GenMissingBreakBug070.java,13,0,0.0,1.0,0.0,1.0,0.0,1.0,0.0,1.0,0.0,1.0,0.0,2.0,1.0,1.0,3.0,16.0
gen_missing_break_bug_070,data/ml/raw_snippets_generated/missing_break_in_switch/buggy/GenMissingBreakBug070.java,31,0,0.0,1.0,0.0,1.0,0.0,1.0,0.0,1.0,0.0,1.0,0.0,2.0,1.0,1.0,3.0,16.0
gen_missing_break_bug_070,data/ml/raw_snippets_generated/missing_break_in_switch/buggy/GenMissingBreakBug070.java,40,0,0.0,1.0,0.0,1.0,0.0,1.0,0.0,1.0,0.0,1.0,0.0,1.0,1.0,1.0,2.0,16.0
gen_missing_break_bug_070,data/ml/raw_snippets_generated/missing_break_in_switch/buggy/GenMissingBreakBug070.java,81,0,0.0,1.0,0.0,1.0,0.0,1.0,0.0,1.0,0.0,1.0,0.0,2.0,1.0,1.0,3.0,16.0
gen_missing_break_fix_070,data/ml/raw_snippets_generated/missing_break_in_switch/fixed/GenMissingBreakFix070.java,13,0,0.0,1.0,0.0,1.0,0.0,1.0,0.0,1.0,0.0,1.0,0.0,2.0,1.0,1.0,3.0,16.0
gen_missing_break_fix_070,data/ml/raw_snippets_generated/missing_break_in_switch/fixed/GenMissingBreakFix070.java,31,0,0.0,1.0,0.0,1.0,0.0,1.0,0.0,1.0,0.0,1.0,0.0,2.0,1.0,1.0,3.0,16.0
gen_missing_break_fix_070,data/ml/raw_snippets_generated/missing_break_in_switch/fixed/GenMissingBreakFix070.java,40,0,0.0,1.0,0.0,1.0,0.0,1.0,0.0,1.0,0.0,1.0,0.0,1.0,1.0,1.0,2.0,16.0
gen_missing_break_fix_070,data/ml/raw_snippets_generated/missing_break_in_switch/fixed/GenMissingBreakFix070.java,82,0,0.0,1.0,0.0,1.0,0.0,1.0,0.0,1.0,0.0,1.0,0.0,2.0,1.0,1.0,3.0,16.0
gen_missing_break_bug_136,data/ml/raw_snippets_generated/missing_break_in_switch/buggy/GenMissingBreakBug136.java,24,0,0.0,1.0,0.0,1.0,0.0,1.0,0.0,1.0,0.0,1.0,0.0,2.0,1.0,1.0,3.0,16.0
gen_missing_break_fix_136,data/ml/raw_snippets_generated/missing_break_in_switch/fixed/GenMissingBreakFix136.java,25,0,0.0,1.0,0.0,1.0,0.0,1.0,0.0,1.0,0.0,1.0,0.0,2.0,1.0,1.0,3.0,16.0
gen_off_by_one_bug_127,data/ml/raw_snippets_generated/off_by_one/buggy/GenOffByOneBug127.java,4,1,1.0,0.0,0.0,1.0,1.0,1.0,0.0,1.0,0.0,1.0,0.0,1.0,2.0,1.0,3.0,18.0
gen_off_by_one_bug_127,data/ml/raw_snippets_generated/off_by_one/buggy/GenOffByOneBug127.java,19,0,0.0,1.0,0.0,1.0,0.0,1.0,0.0,1.0,0.0,1.0,0.0,1.0,1.0,1.0,2.0,17.0
gen_off_by_one_fix_127,data/ml/raw_snippets_generated/off_by_one/fixed/GenOffByOneFix127.java,4,0,0.0,1.0,0.0,1.0,0.0,1.0,0.0,1.0,0.0,1.0,0.0,1.0,2.0,1.0,3.0,17.0
gen_off_by_one_fix_127,data/ml/raw_snippets_generated/off_by_one/fixed/GenOffByOneFix127.java,19,0,0.0,1.0,0.0,1.0,0.0,1.0,0.0,1.0,0.0,1.0,0.0,1.0,1.0,1.0,2.0,17.0
gen_clean_generic_094,data/ml/raw_snippets_generated/clean/GenCleanGeneric094.java,4,0,0.0,1.0,0.0,1.0,0.0,1.0,0.0,1.0,0.0,1.0,0.0,1.0,1.0,1.0,2.0,17.0
gen_missing_break_bug_042,data/ml/raw_snippets_generated/missing_break_in_switch/buggy/GenMissingBreakBug042.java,4,0,0.0,1.0,0.0,1.0,0.0,1.0,0.0,1.0,0.0,1.0,0.0,2.0,1.0,1.0,3.0,16.0
gen_missing_break_fix_042,data/ml/raw_snippets_generated/missing_break_in_switch/fixed/GenMissingBreakFix042.java,4,0,0.0,1.0,0.0,1.0,0.0,1.0,0.0,1.0,0.0,1.0,0.0,2.0,1.0,1.0,3.0,16.0
gen_incorrect_cond_bug_075,data/ml/raw_snippets_generated/incorrect_conditional_operator/buggy/GenIncorrectConditionalBug075.java,4,0,0.0,1.0,0.0,1.0,0.0,1.0,0.0,1.0,0.0,1.0,0.0,1.0,1.0,1.0,1.0,17.0
gen_incorrect_cond_bug_075,data/ml/raw_snippets_generated/incorrect_conditional_operator/buggy/GenIncorrectConditionalBug075.java,12,0,0.0,1.0,0.0,1.0,0.0,1.0,0.0,1.0,0.0,1.0,0.0,1.0,1.0,1.0,1.0,17.0
gen_incorrect_cond_fix_075,data/ml/raw_snippets_generated/incorrect_conditional_operator/fixed/GenIncorrectConditionalFix075.java,4,0,0.0,1.0,0.0,1.0,0.0,1.0,0.0,1.0,0.0,1.0,0.0,1.0,1.0,1.0,1.0,17.0
gen_incorrect_cond_fix_075,data/ml/raw_snippets_generated/incorrect_conditional_operator/fixed/GenIncorrectConditionalFix075.java,12,0,0.0,1.0,0.0,1.0,0.0,1.0,0.0,1.0,0.0,1.0,0.0,1.0,1.0,1.0,1.0,17.0
gen_off_by_one_bug_018,data/ml/raw_snippets_generated/off_by_one/buggy/GenOffByOneBug018.java,4,1,1.0,0.0,0.0,1.0,1.0,1.0,0.0,1.0,0.0,1.0,0.0,1.0,1.0,1.0,4.0,18.0
gen_off_by_one_fix_018,data/ml/raw_snippets_generated/off_by_one/fixed/GenOffByOneFix018.java,4,0,0.0,1.0,0.0,1.0,0.0,1.0,0.0,1.0,0.0,1.0,0.0,1.0,1.0,1.0,4.0,17.0
gen_clean_generic_095,data/ml/raw_snippets_generated/clean/GenCleanGeneric095.java,15,0,0.0,1.0,0.0,1.0,0.0,1.0,0.0,1.0,0.0,1.0,0.0,1.0,1.0,1.0,1.0,16.0
gen_off_by_one_bug_064,data/ml/raw_snippets_generated/off_by_one/buggy/GenOffByOneBug064.java,4,1,1.0,0.0,0.0,1.0,1.0,1.0,0.0,1.0,0.0,1.0,0.0,1.0,1.0,1.0,4.0,19.0
gen_off_by_one_bug_064,data/ml/raw_snippets_generated/off_by_one/buggy/GenOffByOneBug064.java,29,0,0.0,1.0,0.0,1.0,0.0,1.0,0.0,0.0,1.0,1.0,0.0,1.0,2.0,1.0,3.0,16.0
gen_off_by_one_fix_064,data/ml/raw_snippets_generated/off_by_one/fixed/GenOffByOneFix064.java,4,0,0.0,1.0,0.0,1.0,0.0,1.0,0.0,1.0,0.0,1.0,0.0,1.0,1.0,1.0,4.0,18.0
gen_off_by_one_fix_064,data/ml/raw_snippets_generated/off_by_one/fixed/GenOffByOneFix064.java,29,0,0.0,1.0,0.0,1.0,0.0,1.0,0.0,0.0,1.0,1.0,0.0,1.0,2.0,1.0,3.0,16.0
gen_clean_generic_006,data/ml/raw_snippets_generated/clean/GenCleanGeneric006.java,50,0,0.0,1.0,0.0,1.0,0.0,1.0,0.0,0.0,1.0,1.0,0.0,1.0,2.0,1.0,3.0,15.0
gen_off_by_one_bug_095,data/ml/raw_snippets_generated/off_by_one/buggy/GenOffByOneBug095.java,25,0,0.0,1.0,0.0,1.0,0.0,1.0,0.0,1.0,0.0,1.0,0.0,2.0,1.0,1.0,3.0,16.0
gen_off_by_one_bug_095,data/ml/raw_snippets_generated/off_by_one/buggy/GenOffByOneBug095.java,34,1,1.0,0.0,0.0,1.0,1.0,1.0,0.0,1.0,0.0,1.0,0.0,1.0,2.0,1.0,2.0,18.0
gen_off_by_one_bug_095,data/ml/raw_snippets_generated/off_by_one/buggy/GenOffByOneBug095.java,42,0,0.0,1.0,0.0,1.0,0.0,1.0,0.0,1.0,0.0,1.0,0.0,2.0,1.0,1.0,3.0,16.0
gen_off_by_one_bug_095,data/ml/raw_snippets_generated/off_by_one/buggy/GenOffByOneBug095.java,51,0,0.0,1.0,0.0,1.0,0.0,1.0,0.0,1.0,0.0,1.0,0.0,1.0,1.0,1.0,1.0,16.0
gen_off_by_one_fix_095,data/ml/raw_snippets_generated/off_by_one/fixed/GenOffByOneFix095.java,25,0,0.0,1.0,0.0,1.0,0.0,1.0,0.0,1.0,0.0,1.0,0.0,2.0,1.0,1.0,3.0,16.0
gen_off_by_one_fix_095,data/ml/raw_snippets_generated/off_by_one/fixed/GenOffByOneFix095.java,34,0,0.0,1.0,0.0,1.0,0.0,1.0,0.0,1.0,0.0,1.0,0.0,1.0,2.0,1.0,2.0,17.0
gen_off_by_one_fix_095,data/ml/raw_snippets_generated/off_by_one/fixed/GenOffByOneFix095.java,42,0,0.0,1.0,0.0,1.0,0.0,1.0,0.0,1.0,0.0,1.0,0.0,2.0,1.0,1.0,3.0,16.0
gen_off_by_one_fix_095,data/ml/raw_snippets_generated/off_by_one/fixed/GenOffByOneFix095.java,51,0,0.0,1.0,0.0,1.0,0.0,1.0,0.0,1.0,0.0,1.0,0.0,1.0,1.0,1.0,1.0,16.0
gen_incorrect_cond_bug_128,data/ml/raw_snippets_generated/incorrect_conditional_operator/buggy/GenIncorrectConditionalBug128.java,11,0,0.0,1.0,0.0,1.0,0.0,1.0,0.0,1.0,0.0,1.0,0.0,2.0,1.0,1.0,3.0,16.0
gen_incorrect_cond_bug_128,data/ml/raw_snippets_generated/incorrect_conditional_operator/buggy/GenIncorrectConditionalBug128.java,20,0,0.0,1.0,0.0,1.0,0.0,1.0,0.0,1.0,0.0,1.0,0.0,1.0,1.0,1.0,2.0,17.0
gen_incorrect_cond_fix_128,data/ml/raw_snippets_generated/incorrect_conditional_operator/fixed/GenIncorrectConditionalFix128.java,11,0,0.0,1.0,0.0,1.0,0.0,1.0,0.0,1.0,0.0,1.0,0.0,2.0,1.0,1.0,3.0,16.0
gen_incorrect_cond_fix_128,data/ml/raw_snippets_generated/incorrect_conditional_operator/fixed/GenIncorrectConditionalFix128.java,20,0,0.0,1.0,0.0,1.0,0.0,1.0,0.0,1.0,0.0,1.0,0.0,1.0,1.0,1.0,2.0,17.0
gen_off_by_one_bug_061,data/ml/raw_snippets_generated/off_by_one/buggy/GenOffByOneBug061.java,4,1,1.0,0.0,0.0,1.0,1.0,1.0,0.0,1.0,0.0,1.0,0.0,1.0,1.0,1.0,3.0,18.0
gen_off_by_one_fix_061,data/ml/raw_snippets_generated/off_by_one/fixed/GenOffByOneFix061.java,4,0,0.0,1.0,0.0,1.0,0.0,1.0,0.0,1.0,0.0,1.0,0.0,1.0,1.0,1.0,3.0,17.0
gen_clean_stacked_labels_003,data/ml/raw_snippets_generated/clean/GenCleanStackedLabels003.java,4,0,0.0,1.0,0.0,1.0,0.0,1.0,0.0,1.0,0.0,1.0,0.0,2.0,1.0,1.0,3.0,16.0
gen_clean_stacked_labels_003,data/ml/raw_snippets_generated/clean/GenCleanStackedLabels003.java,26,0,0.0,1.0,0.0,1.0,0.0,1.0,0.0,1.0,0.0,1.0,0.0,2.0,1.0,1.0,3.0,16.0
gen_clean_stacked_labels_003,data/ml/raw_snippets_generated/clean/GenCleanStackedLabels003.java,35,0,0.0,1.0,0.0,1.0,0.0,1.0,0.0,1.0,0.0,1.0,0.0,1.0,1.0,1.0,2.0,17.0
gen_missing_break_bug_117,data/ml/raw_snippets_generated/missing_break_in_switch/buggy/GenMissingBreakBug117.java,4,0,0.0,1.0,0.0,1.0,0.0,1.0,0.0,0.0,1.0,1.0,0.0,1.0,2.0,1.0,3.0,17.0
gen_missing_break_fix_117,data/ml/raw_snippets_generated/missing_break_in_switch/fixed/GenMissingBreakFix117.java,4,0,0.0,1.0,0.0,1.0,0.0,1.0,0.0,0.0,1.0,1.0,0.0,1.0,2.0,1.0,3.0,17.0
gen_missing_break_bug_067,data/ml/raw_snippets_generated/missing_break_in_switch/buggy/GenMissingBreakBug067.java,10,0,0.0,1.0,0.0,1.0,0.0,1.0,0.0,1.0,0.0,1.0,0.0,1.0,1.0,1.0,2.0,18.0
gen_missing_break_fix_067,data/ml/raw_snippets_generated/missing_break_in_switch/fixed/GenMissingBreakFix067.java,10,0,0.0,1.0,0.0,1.0,0.0,1.0,0.0,1.0,0.0,1.0,0.0,1.0,1.0,1.0,2.0,18.0
gen_array_index_bug_096,data/ml/raw_snippets_generated/array_length_index_misuse/buggy/GenArrayIndexBug096.java,14,0,0.0,1.0,0.0,1.0,0.0,1.0,0.0,1.0,0.0,1.0,0.0,1.0,1.0,1.0,1.0,17.0
gen_array_index_bug_096,data/ml/raw_snippets_generated/array_length_index_misuse/buggy/GenArrayIndexBug096.java,40,0,0.0,1.0,0.0,1.0,0.0,1.0,0.0,1.0,0.0,1.0,0.0,1.0,1.0,1.0,1.0,17.0
gen_array_index_fix_096,data/ml/raw_snippets_generated/array_length_index_misuse/fixed/GenArrayIndexFix096.java,14,0,0.0,1.0,0.0,1.0,0.0,1.0,0.0,1.0,0.0,1.0,0.0,1.0,1.0,1.0,1.0,17.0
gen_array_index_fix_096,data/ml/raw_snippets_generated/array_length_index_misuse/fixed/GenArrayIndexFix096.java,40,0,0.0,1.0,0.0,1.0,0.0,1.0,0.0,1.0,0.0,1.0,0.0,1.0,1.0,1.0,1.0,17.0
gen_incorrect_cond_bug_147,data/ml/raw_snippets_generated/incorrect_conditional_operator/buggy/GenIncorrectConditionalBug147.java,10,0,0.0,1.0,0.0,1.0,0.0,1.0,0.0,1.0,0.0,1.0,0.0,1.0,1.0,1.0,2.0,18.0
gen_incorrect_cond_bug_147,data/ml/raw_snippets_generated/incorrect_conditional_operator/buggy/GenIncorrectConditionalBug147.java,33,0,0.0,1.0,0.0,1.0,0.0,1.0,0.0,1.0,0.0,1.0,0.0,2.0,1.0,1.0,3.0,16.0
gen_incorrect_cond_fix_147,data/ml/raw_snippets_generated/incorrect_conditional_operator/fixed/GenIncorrectConditionalFix147.java,10,0,0.0,1.0,0.0,1.0,0.0,1.0,0.0,1.0,0.0,1.0,0.0,1.0,1.0,1.0,2.0,18.0
gen_incorrect_cond_fix_147,data/ml/raw_snippets_generated/incorrect_conditional_operator/fixed/GenIncorrectConditionalFix147.java,33,0,0.0,1.0,0.0,1.0,0.0,1.0,0.0,1.0,0.0,1.0,0.0,2.0,1.0,1.0,3.0,16.0
gen_off_by_one_bug_146,data/ml/raw_snippets_generated/off_by_one/buggy/GenOffByOneBug146.java,4,0,0.0,1.0,0.0,1.0,0.0,1.0,0.0,1.0,0.0,1.0,0.0,1.0,1.0,1.0,1.0,17.0
gen_off_by_one_bug_146,data/ml/raw_snippets_generated/off_by_one/buggy/GenOffByOneBug146.java,36,0,0.0,1.0,0.0,1.0,0.0,1.0,0.0,1.0,0.0,1.0,0.0,1.0,1.0,1.0,1.0,17.0
gen_off_by_one_bug_146,data/ml/raw_snippets_generated/off_by_one/buggy/GenOffByOneBug146.java,44,1,1.0,0.0,0.0,1.0,1.0,1.0,0.0,1.0,0.0,1.0,0.0,1.0,2.0,1.0,2.0,18.0
gen_off_by_one_fix_146,data/ml/raw_snippets_generated/off_by_one/fixed/GenOffByOneFix146.java,4,0,0.0,1.0,0.0,1.0,0.0,1.0,0.0,1.0,0.0,1.0,0.0,1.0,1.0,1.0,1.0,17.0
gen_off_by_one_fix_146,data/ml/raw_snippets_generated/off_by_one/fixed/GenOffByOneFix146.java,36,0,0.0,1.0,0.0,1.0,0.0,1.0,0.0,1.0,0.0,1.0,0.0,1.0,1.0,1.0,1.0,17.0
gen_off_by_one_fix_146,data/ml/raw_snippets_generated/off_by_one/fixed/GenOffByOneFix146.java,44,0,0.0,1.0,0.0,1.0,0.0,1.0,0.0,1.0,0.0,1.0,0.0,1.0,2.0,1.0,2.0,17.0
gen_array_index_bug_002,data/ml/raw_snippets_generated/array_length_index_misuse/buggy/GenArrayIndexBug002.java,4,0,0.0,1.0,0.0,1.0,0.0,1.0,0.0,1.0,0.0,1.0,0.0,1.0,1.0,1.0,1.0,15.0
gen_array_index_fix_002,data/ml/raw_snippets_generated/array_length_index_misuse/fixed/GenArrayIndexFix002.java,4,0,0.0,1.0,0.0,1.0,0.0,1.0,0.0,1.0,0.0,1.0,0.0,1.0,1.0,1.0,1.0,15.0
