line_count,char_count,parse_crashed,parse_completeness,has_error_nodes,error_node_count,missing_node_count,unstable_span_count,class_declaration_count,method_declaration_count,local_variable_declaration_count,return_statement_count,while_statement_count,assignment_expression_count,binary_expression_count,max_ast_depth,ast_node_count,for_statement_count,loop_condition_contains_lt,loop_condition_contains_leq,loop_condition_contains_gt,loop_condition_contains_geq,loop_condition_contains_length,loop_condition_off_by_one_pattern_count,loop_condition_leq_bare_length_count,for_node_with_array_access_count,max_for_loop_body_size,if_statement_count,assignment_inside_if_condition_count,equality_in_if_condition_count,boolean_literal_in_if_condition_count,logical_operator_in_if_condition_count,array_access_count,array_index_uses_length_directly_count,array_index_uses_length_expression_count,unique_arrays_accessed_count,switch_block_count,switch_case_group_count,switch_case_ends_with_terminator_count,switch_fallthrough_case_count,switch_empty_stacked_label_count,switch_default_label_count,switch_comment_count,max_switch_case_body_size,while_condition_with_method_call_count,while_condition_with_field_access_count,while_condition_true_literal_count,while_body_with_exit_count,while_body_method_call_count,while_condition_var_updated_count,while_condition_var_not_updated_count,max_while_body_size,target,snippet_id,primary_label
11,262,0,1.0,0,0,0,0,1,1,2,0,0,0,1,11,106,1,1,1,0,0,1,1,1,1,20,0,0,0,0,0,1,0,0,1,0,0,0,0,0,0,0,0,0,0,0,0,0,0,0,0,0,off_by_one_bug_001,OFF_BY_ONE_LOOP_BOUNDARY
11,261,0,1.0,0,0,0,0,1,1,2,0,0,0,1,11,106,1,1,0,0,0,1,0,0,1,20,0,0,0,0,0,1,0,0,1,0,0,0,0,0,0,0,0,0,0,0,0,0,0,0,0,0,off_by_one_fix_001,NO_ISSUE
11,293,0,1.0,0,0,0,0,1,1,2,0,0,0,2,12,114,1,1,1,0,0,1,1,1,1,26,0,0,0,0,0,1,0,0,1,0,0,0,0,0,0,0,0,0,0,0,0,0,0,0,0,0,off_by_one_bug_002,OFF_BY_ONE_LOOP_BOUNDARY
11,292,0,1.0,0,0,0,0,1,1,2,0,0,0,2,12,114,1,1,0,0,0,1,0,0,1,26,0,0,0,0,0,1,0,0,1,0,0,0,0,0,0,0,0,0,0,0,0,0,0,0,0,0,off_by_one_fix_002,NO_ISSUE
14,313,0,1.0,0,0,0,0,1,1,3,0,0,1,1,10,120,1,1,1,0,0,1,1,1,1,13,0,0,0,0,0,1,0,0,1,0,0,0,0,0,0,0,0,0,0,0,0,0,0,0,0,0,off_by_one_bug_003,OFF_BY_ONE_LOOP_BOUNDARY
14,312,0,1.0,0,0,0,0,1,1,3,0,0,1,1,10,120,1,1,0,0,0,1,0,0,1,13,0,0,0,0,0,1,0,0,1,0,0,0,0,0,0,0,0,0,0,0,0,0,0,0,0,0,off_by_one_fix_003,NO_ISSUE
12,298,0,1.0,0,0,0,0,1,1,3,0,0,1,1,10,125,1,1,1,0,0,1,1,1,1,17,0,0,0,0,0,2,0,0,2,0,0,0,0,0,0,0,0,0,0,0,0,0,0,0,0,0,off_by_one_bug_004,OFF_BY_ONE_LOOP_BOUNDARY
12,297,0,1.0,0,0,0,0,1,1,3,0,0,1,1,10,125,1,1,0,0,0,1,0,0,1,17,0,0,0,0,0,2,0,0,2,0,0,0,0,0,0,0,0,0,0,0,0,0,0,0,0,0,off_by_one_fix_004,NO_ISSUE
11,277,0,1.0,0,0,0,0,1,1,2,0,0,0,1,11,108,1,1,1,0,0,1,1,1,1,20,0,0,0,0,0,1,0,0,1,0,0,0,0,0,0,0,0,0,0,0,0,0,0,0,0,0,off_by_one_bug_005,OFF_BY_ONE_LOOP_BOUNDARY
11,276,0,1.0,0,0,0,0,1,1,2,0,0,0,1,11,108,1,1,0,0,0,1,0,0,1,20,0,0,0,0,0,1,0,0,1,0,0,0,0,0,0,0,0,0,0,0,0,0,0,0,0,0,off_by_one_fix_005,NO_ISSUE
16,384,0,1.0,0,0,0,0,1,1,3,0,0,1,2,12,138,1,1,1,0,0,1,1,1,1,29,1,0,0,0,0,2,0,0,1,0,0,0,0,0,0,0,0,0,0,0,0,0,0,0,0,0,off_by_one_bug_006,OFF_BY_ONE_LOOP_BOUNDARY
16,383,0,1.0,0,0,0,0,1,1,3,0,0,1,2,12,138,1,1,0,0,0,1,0,0,1,29,1,0,0,0,0,2,0,0,1,0,0,0,0,0,0,0,0,0,0,0,0,0,0,0,0,0,off_by_one_fix_006,NO_ISSUE
14,325,0,1.0,0,0,0,0,1,1,3,0,0,1,1,10,120,1,1,1,0,0,1,1,1,1,13,0,0,0,0,0,1,0,0,1,0,0,0,0,0,0,0,0,0,0,0,0,0,0,0,0,0,off_by_one_bug_007,OFF_BY_ONE_LOOP_BOUNDARY
14,324,0,1.0,0,0,0,0,1,1,3,0,0,1,1,10,120,1,1,0,0,0,1,0,0,1,13,0,0,0,0,0,1,0,0,1,0,0,0,0,0,0,0,0,0,0,0,0,0,0,0,0,0,off_by_one_fix_007,NO_ISSUE
11,289,0,1.0,0,0,0,0,1,1,2,0,0,0,1,11,114,1,1,1,0,0,1,1,1,1,20,0,0,0,0,0,1,0,0,1,0,0,0,0,0,0,0,0,0,0,0,0,0,0,0,0,0,off_by_one_bug_008,OFF_BY_ONE_LOOP_BOUNDARY
11,288,0,1.0,0,0,0,0,1,1,2,0,0,0,1,11,114,1,1,0,0,0,1,0,0,1,20,0,0,0,0,0,1,0,0,1,0,0,0,0,0,0,0,0,0,0,0,0,0,0,0,0,0,off_by_one_fix_008,NO_ISSUE
12,313,0,1.0,0,0,0,0,1,1,3,0,0,1,1,10,127,1,1,1,0,0,1,1,1,1,17,0,0,0,0,0,2,0,0,2,0,0,0,0,0,0,0,0,0,0,0,0,0,0,0,0,0,off_by_one_bug_009,OFF_BY_ONE_LOOP_BOUNDARY
12,312,0,1.0,0,0,0,0,1,1,3,0,0,1,1,10,127,1,1,0,0,0,1,0,0,1,17,0,0,0,0,0,2,0,0,2,0,0,0,0,0,0,0,0,0,0,0,0,0,0,0,0,0,off_by_one_fix_009,NO_ISSUE
16,375,0,1.0,0,0,0,0,1,1,3,0,0,1,2,12,142,1,1,1,0,0,1,1,1,1,29,1,0,0,0,0,3,0,0,1,0,0,0,0,0,0,0,0,0,0,0,0,0,0,0,0,0,off_by_one_bug_010,OFF_BY_ONE_LOOP_BOUNDARY
16,374,0,1.0,0,0,0,0,1,1,3,0,0,1,2,12,142,1,1,0,0,0,1,0,0,1,29,1,0,0,0,0,3,0,0,1,0,0,0,0,0,0,0,0,0,0,0,0,0,0,0,0,0,off_by_one_fix_010,NO_ISSUE
9,226,0,1.0,0,0,0,0,1,1,1,0,0,0,1,11,87,1,0,0,1,0,0,0,0,1,20,0,0,0,0,0,1,0,0,1,0,0,0,0,0,0,0,0,0,0,0,0,0,0,0,0,0,off_by_one_bug_011,OFF_BY_ONE_LOOP_BOUNDARY
9,231,0,1.0,0,0,0,0,1,1,1,0,0,0,2,11,90,1,0,0,1,1,0,0,0,1,20,0,0,0,0,0,1,0,0,1,0,0,0,0,0,0,0,0,0,0,0,0,0,0,0,0,0,off_by_one_fix_011,NO_ISSUE
10,219,0,1.0,0,0,0,0,1,1,1,0,1,0,1,9,72,0,0,0,0,0,0,0,0,0,0,0,0,0,0,0,0,0,0,0,0,0,0,0,0,0,0,0,0,1,0,0,0,1,0,8,0,off_by_one_bug_012,OFF_BY_ONE_LOOP_BOUNDARY
10,218,0,1.0,0,0,0,0,1,1,1,0,1,0,1,9,72,0,0,0,0,0,0,0,0,0,0,0,0,0,0,0,0,0,0,0,0,0,0,0,0,0,0,0,0,1,0,0,0,1,0,8,0,off_by_one_fix_012,NO_ISSUE
9,222,0,1.0,0,0,0,0,1,1,1,0,0,1,1,11,86,1,1,1,0,0,1,1,1,1,17,0,0,0,0,0,2,0,0,2,0,0,0,0,0,0,0,0,0,0,0,0,0,0,0,0,0,off_by_one_bug_013,OFF_BY_ONE_LOOP_BOUNDARY
9,221,0,1.0,0,0,0,0,1,1,1,0,0,1,1,11,86,1,1,0,0,0,1,0,0,1,17,0,0,0,0,0,2,0,0,2,0,0,0,0,0,0,0,0,0,0,0,0,0,0,0,0,0,off_by_one_fix_013,NO_ISSUE
9,225,0,1.0,0,0,0,0,1,1,1,0,0,1,1,11,90,1,1,1,0,0,1,1,1,1,17,0,0,0,0,0,3,0,0,2,0,0,0,0,0,0,0,0,0,0,0,0,0,0,0,0,0,off_by_one_bug_014,OFF_BY_ONE_LOOP_BOUNDARY
9,224,0,1.0,0,0,0,0,1,1,1,0,0,1,1,11,90,1,1,0,0,0,1,0,0,1,17,0,0,0,0,0,3,0,0,2,0,0,0,0,0,0,0,0,0,0,0,0,0,0,0,0,0,off_by_one_fix_014,NO_ISSUE
9,225,0,1.0,0,0,0,0,1,1,1,0,0,1,1,11,88,1,1,1,0,0,1,1,1,1,20,0,0,0,0,0,1,0,0,1,0,0,0,0,0,0,0,0,0,0,0,0,0,0,0,0,0,off_by_one_bug_015,OFF_BY_ONE_LOOP_BOUNDARY
9,224,0,1.0,0,0,0,0,1,1,1,0,0,1,1,11,88,1,1,0,0,0,1,0,0,1,20,0,0,0,0,0,1,0,0,1,0,0,0,0,0,0,0,0,0,0,0,0,0,0,0,0,0,off_by_one_fix_015,NO_ISSUE
12,286,0,1.0,0,0,0,0,1,1,2,1,0,1,2,11,110,1,1,1,0,0,1,1,1,1,26,1,0,0,0,0,3,0,0,1,0,0,0,0,0,0,0,0,0,0,0,0,0,0,0,0,0,off_by_one_bug_016,OFF_BY_ONE_LOOP_BOUNDARY
12,285,0,1.0,0,0,0,0,1,1,2,1,0,1,2,11,110,1,1,0,0,0,1,0,0,1,26,1,0,0,0,0,3,0,0,1,0,0,0,0,0,0,0,0,0,0,0,0,0,0,0,0,0,off_by_one_fix_016,NO_ISSUE
9,219,0,1.0,0,0,0,0,1,1,1,0,0,1,2,11,87,1,1,1,0,0,1,1,1,1,20,0,0,0,0,0,2,0,0,1,0,0,0,0,0,0,0,0,0,0,0,0,0,0,0,0,0,off_by_one_bug_017,OFF_BY_ONE_LOOP_BOUNDARY
9,218,0,1.0,0,0,0,0,1,1,1,0,0,1,2,11,87,1,1,0,0,0,1,0,0,1,20,0,0,0,0,0,2,0,0,1,0,0,0,0,0,0,0,0,0,0,0,0,0,0,0,0,0,off_by_one_fix_017,NO_ISSUE
11,282,0,1.0,0,0,0,0,1,1,1,2,0,0,2,11,96,1,1,1,0,0,1,1,1,1,20,1,0,1,0,0,1,0,0,1,0,0,0,0,0,0,0,0,0,0,0,0,0,0,0,0,0,off_by_one_bug_018,OFF_BY_ONE_LOOP_BOUNDARY
11,281,0,1.0,0,0,0,0,1,1,1,2,0,0,2,11,96,1,1,0,0,0,1,0,0,1,20,1,0,1,0,0,1,0,0,1,0,0,0,0,0,0,0,0,0,0,0,0,0,0,0,0,0,off_by_one_fix_018,NO_ISSUE
12,287,0,1.0,0,0,0,0,1,1,2,1,0,0,2,11,101,1,1,1,0,0,1,1,1,1,21,1,0,0,0,0,1,0,0,1,0,0,0,0,0,0,0,0,0,0,0,0,0,0,0,0,0,off_by_one_bug_019,OFF_BY_ONE_LOOP_BOUNDARY
12,286,0,1.0,0,0,0,0,1,1,2,1,0,0,2,11,101,1,1,0,0,0,1,0,0,1,21,1,0,0,0,0,1,0,0,1,0,0,0,0,0,0,0,0,0,0,0,0,0,0,0,0,0,off_by_one_fix_019,NO_ISSUE
9,206,0,1.0,0,0,0,0,1,1,1,0,0,1,1,10,80,1,1,1,0,0,1,1,1,1,13,0,0,0,0,0,1,0,0,1,0,0,0,0,0,0,0,0,0,0,0,0,0,0,0,0,0,off_by_one_bug_020,OFF_BY_ONE_LOOP_BOUNDARY
9,205,0,1.0,0,0,0,0,1,1,1,0,0,1,1,10,80,1,1,0,0,0,1,0,0,1,13,0,0,0,0,0,1,0,0,1,0,0,0,0,0,0,0,0,0,0,0,0,0,0,0,0,0,off_by_one_fix_020,NO_ISSUE
11,269,0,1.0,0,0,0,0,1,1,2,1,0,1,1,10,93,1,1,1,0,0,1,1,1,1,13,0,0,0,0,0,1,0,0,1,0,0,0,0,0,0,0,0,0,0,0,0,0,0,0,0,0,off_by_one_bug_021,OFF_BY_ONE_LOOP_BOUNDARY
11,268,0,1.0,0,0,0,0,1,1,2,1,0,1,1,10,93,1,1,0,0,0,1,0,0,1,13,0,0,0,0,0,1,0,0,1,0,0,0,0,0,0,0,0,0,0,0,0,0,0,0,0,0,off_by_one_fix_021,NO_ISSUE
11,324,0,1.0,0,0,0,0,1,1,2,1,0,0,1,12,121,1,1,1,0,0,1,1,1,1,27,0,0,0,0,0,1,0,0,1,0,0,0,0,0,0,0,0,0,0,0,0,0,0,0,0,0,off_by_one_bug_022,OFF_BY_ONE_LOOP_BOUNDARY
11,323,0,1.0,0,0,0,0,1,1,2,1,0,0,1,12,121,1,1,0,0,0,1,0,0,1,27,0,0,0,0,0,1,0,0,1,0,0,0,0,0,0,0,0,0,0,0,0,0,0,0,0,0,off_by_one_fix_022,NO_ISSUE
11,292,0,1.0,0,0,0,0,1,1,2,1,0,1,3,11,121,1,1,1,0,0,1,1,0,1,20,0,0,0,0,0,2,0,0,2,0,0,0,0,0,0,0,0,0,0,0,0,0,0,0,0,0,off_by_one_bug_023,OFF_BY_ONE_LOOP_BOUNDARY
11,291,0,1.0,0,0,0,0,1,1,2,1,0,1,3,11,121,1,1,0,0,0,1,0,0,1,20,0,0,0,0,0,2,0,0,2,0,0,0,0,0,0,0,0,0,0,0,0,0,0,0,0,0,off_by_one_fix_023,NO_ISSUE
11,279,0,1.0,0,0,0,0,1,1,2,1,0,1,2,10,99,1,1,1,0,0,1,1,1,1,13,0,0,0,0,0,1,0,0,1,0,0,0,0,0,0,0,0,0,0,0,0,0,0,0,0,0,off_by_one_bug_024,OFF_BY_ONE_LOOP_BOUNDARY
11,278,0,1.0,0,0,0,0,1,1,2,1,0,1,2,10,99,1,1,0,0,0,1,0,0,1,13,0,0,0,0,0,1,0,0,1,0,0,0,0,0,0,0,0,0,0,0,0,0,0,0,0,0,off_by_one_fix_024,NO_ISSUE
9,226,0,1.0,0,0,0,0,1,1,1,0,0,1,1,11,88,1,1,1,0,0,1,1,1,1,20,0,0,0,0,0,1,0,0,1,0,0,0,0,0,0,0,0,0,0,0,0,0,0,0,0,0,off_by_one_bug_025,OFF_BY_ONE_LOOP_BOUNDARY
9,225,0,1.0,0,0,0,0,1,1,1,0,0,1,1,11,88,1,1,0,0,0,1,0,0,1,20,0,0,0,0,0,1,0,0,1,0,0,0,0,0,0,0,0,0,0,0,0,0,0,0,0,0,off_by_one_fix_025,NO_ISSUE
11,278,0,1.0,0,0,0,0,1,1,2,1,0,1,1,10,115,1,1,1,0,0,1,1,1,1,17,0,0,0,0,0,2,0,0,2,0,0,0,0,0,0,0,0,0,0,0,0,0,0,0,0,0,off_by_one_bug_026,OFF_BY_ONE_LOOP_BOUNDARY
11,277,0,1.0,0,0,0,0,1,1,2,1,0,1,1,10,115,1,1,0,0,0,1,0,0,1,17,0,0,0,0,0,2,0,0,2,0,0,0,0,0,0,0,0,0,0,0,0,0,0,0,0,0,off_by_one_fix_026,NO_ISSUE
9,213,0,1.0,0,0,0,0,1,1,1,0,0,1,1,11,86,1,1,1,0,0,1,1,1,1,19,0,0,0,0,0,2,0,0,1,0,0,0,0,0,0,0,0,0,0,0,0,0,0,0,0,0,off_by_one_bug_027,OFF_BY_ONE_LOOP_BOUNDARY
9,212,0,1.0,0,0,0,0,1,1,1,0,0,1,1,11,86,1,1,0,0,0,1,0,0,1,19,0,0,0,0,0,2,0,0,1,0,0,0,0,0,0,0,0,0,0,0,0,0,0,0,0,0,off_by_one_fix_027,NO_ISSUE
12,285,0,1.0,0,0,0,0,1,1,2,1,0,0,3,12,104,1,1,1,0,0,1,1,1,1,24,1,0,1,0,0,1,0,0,1,0,0,0,0,0,0,0,0,0,0,0,0,0,0,0,0,0,off_by_one_bug_028,OFF_BY_ONE_LOOP_BOUNDARY
12,284,0,1.0,0,0,0,0,1,1,2,1,0,0,3,12,104,1,1,0,0,0,1,0,0,1,24,1,0,1,0,0,1,0,0,1,0,0,0,0,0,0,0,0,0,0,0,0,0,0,0,0,0,off_by_one_fix_028,NO_ISSUE
9,208,0,1.0,0,0,0,0,1,1,1,0,0,0,1,10,79,1,1,1,0,0,1,1,1,1,12,0,0,0,0,0,1,0,0,1,0,0,0,0,0,0,0,0,0,0,0,0,0,0,0,0,0,off_by_one_bug_029,OFF_BY_ONE_LOOP_BOUNDARY
9,207,0,1.0,0,0,0,0,1,1,1,0,0,0,1,10,79,1,1,0,0,0,1,0,0,1,12,0,0,0,0,0,1,0,0,1,0,0,0,0,0,0,0,0,0,0,0,0,0,0,0,0,0,off_by_one_fix_029,NO_ISSUE
12,295,0,1.0,0,0,0,0,1,1,2,1,0,1,2,11,109,1,1,1,0,0,1,1,1,1,22,1,0,1,0,0,1,0,0,1,0,0,0,0,0,0,0,0,0,0,0,0,0,0,0,0,0,off_by_one_bug_030,OFF_BY_ONE_LOOP_BOUNDARY
12,294,0,1.0,0,0,0,0,1,1,2,1,0,1,2,11,109,1,1,0,0,0,1,0,0,1,22,1,0,1,0,0,1,0,0,1,0,0,0,0,0,0,0,0,0,0,0,0,0,0,0,0,0,off_by_one_fix_030,NO_ISSUE
12,333,0,1.0,0,0,0,0,1,1,2,0,0,1,0,11,99,0,0,0,0,0,0,0,0,0,0,1,1,0,0,0,0,0,0,0,0,0,0,0,0,0,0,0,0,0,0,0,0,0,0,0,0,incorrect_cond_bug_001,INCORRECT_CONDITIONAL_OPERATOR
13,350,0,1.0,0,0,0,0,1,1,2,0,0,1,0,11,102,0,0,0,0,0,0,0,0,0,0,1,0,0,0,0,0,0,0,0,0,0,0,0,0,0,0,0,0,0,0,0,0,0,0,0,0,incorrect_cond_fix_001,NO_ISSUE
11,276,0,1.0,0,0,0,0,1,1,1,0,0,1,0,11,79,0,0,0,0,0,0,0,0,0,0,1,1,0,1,0,0,0,0,0,0,0,0,0,0,0,0,0,0,0,0,0,0,0,0,0,0,incorrect_cond_bug_002,INCORRECT_CONDITIONAL_OPERATOR
11,277,0,1.0,0,0,0,0,1,1,1,0,0,0,1,11,79,0,0,0,0,0,0,0,0,0,0,1,0,1,1,0,0,0,0,0,0,0,0,0,0,0,0,0,0,0,0,0,0,0,0,0,0,incorrect_cond_fix_002,NO_ISSUE
12,305,0,1.0,0,0,0,0,1,1,2,0,0,1,1,11,90,0,0,0,0,0,0,0,0,0,0,1,1,0,0,0,0,0,0,0,0,0,0,0,0,0,0,0,0,0,0,0,0,0,0,0,0,incorrect_cond_bug_003,INCORRECT_CONDITIONAL_OPERATOR
13,321,0,1.0,0,0,0,0,1,1,2,0,0,1,1,11,93,0,0,0,0,0,0,0,0,0,0,1,0,0,0,0,0,0,0,0,0,0,0,0,0,0,0,0,0,0,0,0,0,0,0,0,0,incorrect_cond_fix_003,NO_ISSUE
12,306,0,1.0,0,0,0,0,1,1,2,0,0,1,1,11,90,0,0,0,0,0,0,0,0,0,0,1,1,0,0,0,0,0,0,0,0,0,0,0,0,0,0,0,0,0,0,0,0,0,0,0,0,incorrect_cond_bug_004,INCORRECT_CONDITIONAL_OPERATOR
13,321,0,1.0,0,0,0,0,1,1,2,0,0,1,1,11,93,0,0,0,0,0,0,0,0,0,0,1,0,0,0,0,0,0,0,0,0,0,0,0,0,0,0,0,0,0,0,0,0,0,0,0,0,incorrect_cond_fix_004,NO_ISSUE
12,330,0,1.0,0,0,0,0,1,1,2,0,0,1,0,11,99,0,0,0,0,0,0,0,0,0,0,1,1,0,0,0,0,0,0,0,0,0,0,0,0,0,0,0,0,0,0,0,0,0,0,0,0,incorrect_cond_bug_005,INCORRECT_CONDITIONAL_OPERATOR
13,350,0,1.0,0,0,0,0,1,1,2,0,0,1,0,11,102,0,0,0,0,0,0,0,0,0,0,1,0,0,0,0,0,0,0,0,0,0,0,0,0,0,0,0,0,0,0,0,0,0,0,0,0,incorrect_cond_fix_005,NO_ISSUE
12,311,0,1.0,0,0,0,0,1,1,2,0,0,1,2,11,96,0,0,0,0,0,0,0,0,0,0,1,1,1,0,0,0,0,0,0,0,0,0,0,0,0,0,0,0,0,0,0,0,0,0,0,0,incorrect_cond_bug_006,INCORRECT_CONDITIONAL_OPERATOR
13,328,0,1.0,0,0,0,0,1,1,2,0,0,1,2,11,99,0,0,0,0,0,0,0,0,0,0,1,0,0,0,0,0,0,0,0,0,0,0,0,0,0,0,0,0,0,0,0,0,0,0,0,0,incorrect_cond_fix_006,NO_ISSUE
12,301,0,1.0,0,0,0,0,1,1,2,0,0,1,1,11,90,0,0,0,0,0,0,0,0,0,0,1,1,0,0,0,0,0,0,0,0,0,0,0,0,0,0,0,0,0,0,0,0,0,0,0,0,incorrect_cond_bug_007,INCORRECT_CONDITIONAL_OPERATOR
13,315,0,1.0,0,0,0,0,1,1,2,0,0,1,1,11,93,0,0,0,0,0,0,0,0,0,0,1,0,0,0,0,0,0,0,0,0,0,0,0,0,0,0,0,0,0,0,0,0,0,0,0,0,incorrect_cond_fix_007,NO_ISSUE
12,327,0,1.0,0,0,0,0,1,1,2,0,0,1,0,11,99,0,0,0,0,0,0,0,0,0,0,1,1,0,0,0,0,0,0,0,0,0,0,0,0,0,0,0,0,0,0,0,0,0,0,0,0,incorrect_cond_bug_008,INCORRECT_CONDITIONAL_OPERATOR
13,344,0,1.0,0,0,0,0,1,1,2,0,0,1,0,11,102,0,0,0,0,0,0,0,0,0,0,1,0,0,0,0,0,0,0,0,0,0,0,0,0,0,0,0,0,0,0,0,0,0,0,0,0,incorrect_cond_fix_008,NO_ISSUE
12,313,0,1.0,0,0,0,0,1,1,2,0,0,1,1,11,90,0,0,0,0,0,0,0,0,0,0,1,1,1,0,0,0,0,0,0,0,0,0,0,0,0,0,0,0,0,0,0,0,0,0,0,0,incorrect_cond_bug_009,INCORRECT_CONDITIONAL_OPERATOR
13,327,0,1.0,0,0,0,0,1,1,2,0,0,1,1,11,93,0,0,0,0,0,0,0,0,0,0,1,0,0,0,0,0,0,0,0,0,0,0,0,0,0,0,0,0,0,0,0,0,0,0,0,0,incorrect_cond_fix_009,NO_ISSUE
13,312,0,1.0,0,0,0,0,1,1,3,0,0,1,1,11,98,0,0,0,0,0,0,0,0,0,0,1,1,1,0,0,0,0,0,0,0,0,0,0,0,0,0,0,0,0,0,0,0,0,0,0,0,incorrect_cond_bug_010,INCORRECT_CONDITIONAL_OPERATOR
14,326,0,1.0,0,0,0,0,1,1,3,0,0,1,1,11,101,0,0,0,0,0,0,0,0,0,0,1,0,0,0,0,0,0,0,0,0,0,0,0,0,0,0,0,0,0,0,0,0,0,0,0,0,incorrect_cond_fix_010,NO_ISSUE
11,314,0,1.0,0,0,0,0,1,1,1,0,1,1,1,11,83,0,0,0,0,0,0,0,0,0,0,0,0,0,0,0,0,0,0,0,0,0,0,0,0,0,0,0,0,0,0,0,1,1,0,24,0,incorrect_cond_bug_011,INCORRECT_CONDITIONAL_OPERATOR
12,341,0,1.0,0,0,0,0,1,1,1,0,1,1,2,11,89,0,0,0,0,0,0,0,0,0,0,0,0,0,0,0,0,0,0,0,0,0,0,0,0,0,0,0,0,0,0,0,1,1,0,33,0,incorrect_cond_fix_011,NO_ISSUE
9,234,0,1.0,0,0,0,0,1,1,0,0,0,1,0,11,68,0,0,0,0,0,0,0,0,0,0,1,1,0,0,0,0,0,0,0,0,0,0,0,0,0,0,0,0,0,0,0,0,0,0,0,0,incorrect_cond_bug_012,INCORRECT_CONDITIONAL_OPERATOR
9,235,0,1.0,0,0,0,0,1,1,0,0,0,0,1,11,68,0,0,0,0,0,0,0,0,0,0,1,0,1,0,0,0,0,0,0,0,0,0,0,0,0,0,0,0,0,0,0,0,0,0,0,0,incorrect_cond_fix_012,NO_ISSUE
9,246,0,1.0,0,0,0,0,1,1,0,0,0,1,0,11,67,0,0,0,0,0,0,0,0,0,0,1,1,0,0,0,0,0,0,0,0,0,0,0,0,0,0,0,0,0,0,0,0,0,0,0,0,incorrect_cond_bug_013,INCORRECT_CONDITIONAL_OPERATOR
9,247,0,1.0,0,0,0,0,1,1,0,0,0,0,1,11,67,0,0,0,0,0,0,0,0,0,0,1,0,1,0,0,0,0,0,0,0,0,0,0,0,0,0,0,0,0,0,0,0,0,0,0,0,incorrect_cond_fix_013,NO_ISSUE
10,310,0,1.0,0,0,0,0,1,1,1,0,0,1,2,11,88,0,0,0,0,0,0,0,0,0,0,1,1,0,0,1,0,0,0,0,0,0,0,0,0,0,0,0,0,0,0,0,0,0,0,0,0,incorrect_cond_bug_014,INCORRECT_CONDITIONAL_OPERATOR
10,300,0,1.0,0,0,0,0,1,1,1,0,0,0,2,11,82,0,0,0,0,0,0,0,0,0,0,1,0,0,0,1,0,0,0,0,0,0,0,0,0,0,0,0,0,0,0,0,0,0,0,0,0,incorrect_cond_fix_014,NO_ISSUE
8,243,0,1.0,0,0,0,0,1,1,1,1,0,1,1,10,71,0,0,0,0,0,0,0,0,0,0,0,0,0,0,0,0,0,0,0,0,0,0,0,0,0,0,0,0,0,0,0,0,0,0,0,0,incorrect_cond_bug_015,INCORRECT_CONDITIONAL_OPERATOR
8,233,0,1.0,0,0,0,0,1,1,1,1,0,0,1,8,65,0,0,0,0,0,0,0,0,0,0,0,0,0,0,0,0,0,0,0,0,0,0,0,0,0,0,0,0,0,0,0,0,0,0,0,0,incorrect_cond_fix_015,NO_ISSUE
10,288,0,1.0,0,0,0,0,1,1,1,0,0,1,1,11,78,0,0,0,0,0,0,0,0,0,0,1,1,0,0,0,0,0,0,0,0,0,0,0,0,0,0,0,0,0,0,0,0,0,0,0,0,incorrect_cond_bug_016,INCORRECT_CONDITIONAL_OPERATOR
10,280,0,1.0,0,0,0,0,1,1,1,0,0,0,1,11,75,0,0,0,0,0,0,0,0,0,0,1,0,0,0,0,0,0,0,0,0,0,0,0,0,0,0,0,0,0,0,0,0,0,0,0,0,incorrect_cond_fix_016,NO_ISSUE
10,302,0,1.0,0,0,0,0,1,1,1,0,0,1,1,11,78,0,0,0,0,0,0,0,0,0,0,1,1,0,0,0,0,0,0,0,0,0,0,0,0,0,0,0,0,0,0,0,0,0,0,0,0,incorrect_cond_bug_017,INCORRECT_CONDITIONAL_OPERATOR
10,294,0,1.0,0,0,0,0,1,1,1,0,0,0,1,11,75,0,0,0,0,0,0,0,0,0,0,1,0,0,0,0,0,0,0,0,0,0,0,0,0,0,0,0,0,0,0,0,0,0,0,0,0,incorrect_cond_fix_017,NO_ISSUE
10,308,0,1.0,0,0,0,0,1,1,1,0,0,1,0,11,84,0,0,0,0,0,0,0,0,0,0,1,1,0,0,0,0,0,0,0,0,0,0,0,0,0,0,0,0,0,0,0,0,0,0,0,0,incorrect_cond_bug_018,INCORRECT_CONDITIONAL_OPERATOR
10,300,0,1.0,0,0,0,0,1,1,1,0,0,0,0,11,81,0,0,0,0,0,0,0,0,0,0,1,0,0,0,0,0,0,0,0,0,0,0,0,0,0,0,0,0,0,0,0,0,0,0,0,0,incorrect_cond_fix_018,NO_ISSUE
10,305,0,1.0,0,0,0,0,1,1,1,0,0,1,1,11,83,0,0,0,0,0,0,0,0,0,0,1,1,0,0,0,0,0,0,0,0,0,0,0,0,0,0,0,0,0,0,0,0,0,0,0,0,incorrect_cond_bug_019,INCORRECT_CONDITIONAL_OPERATOR
10,297,0,1.0,0,0,0,0,1,1,1,0,0,0,1,11,80,0,0,0,0,0,0,0,0,0,0,1,0,0,0,0,0,0,0,0,0,0,0,0,0,0,0,0,0,0,0,0,0,0,0,0,0,incorrect_cond_fix_019,NO_ISSUE
10,296,0,1.0,0,0,0,0,1,1,1,0,0,1,1,11,78,0,0,0,0,0,0,0,0,0,0,1,1,0,0,0,0,0,0,0,0,0,0,0,0,0,0,0,0,0,0,0,0,0,0,0,0,incorrect_cond_bug_020,INCORRECT_CONDITIONAL_OPERATOR
10,288,0,1.0,0,0,0,0,1,1,1,0,0,0,1,11,75,0,0,0,0,0,0,0,0,0,0,1,0,0,0,0,0,0,0,0,0,0,0,0,0,0,0,0,0,0,0,0,0,0,0,0,0,incorrect_cond_fix_020,NO_ISSUE
10,294,0,1.0,0,0,0,0,1,1,1,0,0,1,2,11,81,0,0,0,0,0,0,0,0,0,0,1,1,1,0,0,0,0,0,0,0,0,0,0,0,0,0,0,0,0,0,0,0,0,0,0,0,incorrect_cond_bug_021,INCORRECT_CONDITIONAL_OPERATOR
10,286,0,1.0,0,0,0,0,1,1,1,0,0,0,2,11,78,0,0,0,0,0,0,0,0,0,0,1,0,0,0,0,0,0,0,0,0,0,0,0,0,0,0,0,0,0,0,0,0,0,0,0,0,incorrect_cond_fix_021,NO_ISSUE
10,304,0,1.0,0,0,0,0,1,1,1,0,0,1,1,11,83,0,0,0,0,0,0,0,0,0,0,1,1,0,0,0,0,0,0,0,0,0,0,0,0,0,0,0,0,0,0,0,0,0,0,0,0,incorrect_cond_bug_022,INCORRECT_CONDITIONAL_OPERATOR
10,296,0,1.0,0,0,0,0,1,1,1,0,0,0,1,11,80,0,0,0,0,0,0,0,0,0,0,1,0,0,0,0,0,0,0,0,0,0,0,0,0,0,0,0,0,0,0,0,0,0,0,0,0,incorrect_cond_fix_022,NO_ISSUE
13,357,0,1.0,0,0,0,0,1,1,2,0,0,1,3,13,107,1,1,0,0,0,0,0,0,0,40,1,1,1,0,0,0,0,0,0,0,0,0,0,0,0,0,0,0,0,0,0,0,0,0,0,0,incorrect_cond_bug_023,INCORRECT_CONDITIONAL_OPERATOR
14,379,0,1.0,0,0,0,0,1,1,2,0,0,1,3,13,110,1,1,0,0,0,0,0,0,0,43,1,0,1,0,0,0,0,0,0,0,0,0,0,0,0,0,0,0,0,0,0,0,0,0,0,0,incorrect_cond_fix_023,NO_ISSUE
10,300,0,1.0,0,0,0,0,1,1,1,0,0,1,0,11,87,0,0,0,0,0,0,0,0,0,0,1,1,0,0,0,1,0,0,1,0,0,0,0,0,0,0,0,0,0,0,0,0,0,0,0,0,incorrect_cond_bug_024,INCORRECT_CONDITIONAL_OPERATOR
10,292,0,1.0,0,0,0,0,1,1,1,0,0,0,0,11,84,0,0,0,0,0,0,0,0,0,0,1,0,0,0,0,1,0,0,1,0,0,0,0,0,0,0,0,0,0,0,0,0,0,0,0,0,incorrect_cond_fix_024,NO_ISSUE
10,298,0,1.0,0,0,0,0,1,1,1,0,0,1,1,11,78,0,0,0,0,0,0,0,0,0,0,1,1,0,0,0,0,0,0,0,0,0,0,0,0,0,0,0,0,0,0,0,0,0,0,0,0,incorrect_cond_bug_025,INCORRECT_CONDITIONAL_OPERATOR
10,290,0,1.0,0,0,0,0,1,1,1,0,0,0,1,11,75,0,0,0,0,0,0,0,0,0,0,1,0,0,0,0,0,0,0,0,0,0,0,0,0,0,0,0,0,0,0,0,0,0,0,0,0,incorrect_cond_fix_025,NO_ISSUE
10,314,0,1.0,0,0,0,0,1,1,1,0,0,1,1,11,83,0,0,0,0,0,0,0,0,0,0,1,1,0,0,0,0,0,0,0,0,0,0,0,0,0,0,0,0,0,0,0,0,0,0,0,0,incorrect_cond_bug_026,INCORRECT_CONDITIONAL_OPERATOR
10,306,0,1.0,0,0,0,0,1,1,1,0,0,0,1,11,80,0,0,0,0,0,0,0,0,0,0,1,0,0,0,0,0,0,0,0,0,0,0,0,0,0,0,0,0,0,0,0,0,0,0,0,0,incorrect_cond_fix_026,NO_ISSUE
10,304,0,1.0,0,0,0,0,1,1,1,0,0,1,0,11,84,0,0,0,0,0,0,0,0,0,0,1,1,0,0,0,0,0,0,0,0,0,0,0,0,0,0,0,0,0,0,0,0,0,0,0,0,incorrect_cond_bug_027,INCORRECT_CONDITIONAL_OPERATOR
10,296,0,1.0,0,0,0,0,1,1,1,0,0,0,0,11,81,0,0,0,0,0,0,0,0,0,0,1,0,0,0,0,0,0,0,0,0,0,0,0,0,0,0,0,0,0,0,0,0,0,0,0,0,incorrect_cond_fix_027,NO_ISSUE
10,292,0,1.0,0,0,0,0,1,1,1,0,0,1,3,12,92,0,0,0,0,0,0,0,0,0,0,1,1,1,0,0,0,0,0,0,0,0,0,0,0,0,0,0,0,0,0,0,0,0,0,0,0,incorrect_cond_bug_028,INCORRECT_CONDITIONAL_OPERATOR
10,284,0,1.0,0,0,0,0,1,1,1,0,0,0,3,11,89,0,0,0,0,0,0,0,0,0,0,1,0,0,0,0,0,0,0,0,0,0,0,0,0,0,0,0,0,0,0,0,0,0,0,0,0,incorrect_cond_fix_028,NO_ISSUE
10,291,0,1.0,0,0,0,0,1,1,1,0,0,1,1,11,78,0,0,0,0,0,0,0,0,0,0,1,1,0,0,0,0,0,0,0,0,0,0,0,0,0,0,0,0,0,0,0,0,0,0,0,0,incorrect_cond_bug_029,INCORRECT_CONDITIONAL_OPERATOR
10,283,0,1.0,0,0,0,0,1,1,1,0,0,0,1,11,75,0,0,0,0,0,0,0,0,0,0,1,0,0,0,0,0,0,0,0,0,0,0,0,0,0,0,0,0,0,0,0,0,0,0,0,0,incorrect_cond_fix_029,NO_ISSUE
10,306,0,1.0,0,0,0,0,1,1,1,0,0,1,0,11,85,0,0,0,0,0,0,0,0,0,0,1,1,0,0,0,0,0,0,0,0,0,0,0,0,0,0,0,0,0,0,0,0,0,0,0,0,incorrect_cond_bug_030,INCORRECT_CONDITIONAL_OPERATOR
10,298,0,1.0,0,0,0,0,1,1,1,0,0,0,0,11,82,0,0,0,0,0,0,0,0,0,0,1,0,0,0,0,0,0,0,0,0,0,0,0,0,0,0,0,0,0,0,0,0,0,0,0,0,incorrect_cond_fix_030,NO_ISSUE
8,164,0,1.0,0,0,0,0,1,1,1,0,0,0,0,10,67,0,0,0,0,0,0,0,0,0,0,0,0,0,0,0,1,1,1,1,0,0,0,0,0,0,0,0,0,0,0,0,0,0,0,0,0,array_index_bug_001,ARRAY_LENGTH_INDEX_MISUSE
9,231,0,1.0,0,0,0,0,1,1,1,0,0,0,1,11,86,0,0,0,0,0,0,0,0,0,0,0,0,0,0,0,1,0,1,1,0,0,0,0,0,0,0,0,0,0,0,0,0,0,0,0,0,array_index_fix_001,NO_ISSUE
8,179,0,1.0,0,0,0,0,1,1,1,0,0,0,0,10,75,0,0,0,0,0,0,0,0,0,0,0,0,0,0,0,1,1,1,1,0,0,0,0,0,0,0,0,0,0,0,0,0,0,0,0,0,array_index_bug_002,ARRAY_LENGTH_INDEX_MISUSE
9,245,0,1.0,0,0,0,0,1,1,1,0,0,0,1,11,94,0,0,0,0,0,0,0,0,0,0,0,0,0,0,0,1,0,1,1,0,0,0,0,0,0,0,0,0,0,0,0,0,0,0,0,0,array_index_fix_002,NO_ISSUE
9,204,0,1.0,0,0,0,0,1,1,2,0,0,0,0,9,77,0,0,0,0,0,0,0,0,0,0,0,0,0,0,0,1,0,0,1,0,0,0,0,0,0,0,0,0,0,0,0,0,0,0,0,0,array_index_bug_003,ARRAY_LENGTH_INDEX_MISUSE
10,270,0,1.0,0,0,0,0,1,1,2,0,0,0,1,9,96,0,0,0,0,0,0,0,0,0,0,0,0,0,0,0,1,0,0,1,0,0,0,0,0,0,0,0,0,0,0,0,0,0,0,0,0,array_index_fix_003,NO_ISSUE
9,214,0,1.0,0,0,0,0,1,1,2,0,0,0,0,9,75,0,0,0,0,0,0,0,0,0,0,0,0,0,0,0,1,1,1,1,0,0,0,0,0,0,0,0,0,0,0,0,0,0,0,0,0,array_index_bug_004,ARRAY_LENGTH_INDEX_MISUSE
10,280,0,1.0,0,0,0,0,1,1,2,0,0,0,1,10,94,0,0,0,0,0,0,0,0,0,0,0,0,0,0,0,1,0,1,1,0,0,0,0,0,0,0,0,0,0,0,0,0,0,0,0,0,array_index_fix_004,NO_ISSUE
9,207,0,1.0,0,0,0,0,1,1,2,0,0,0,0,9,77,0,0,0,0,0,0,0,0,0,0,0,0,0,0,0,1,0,0,1,0,0,0,0,0,0,0,0,0,0,0,0,0,0,0,0,0,array_index_bug_005,ARRAY_LENGTH_INDEX_MISUSE
10,274,0,1.0,0,0,0,0,1,1,2,0,0,0,1,9,96,0,0,0,0,0,0,0,0,0,0,0,0,0,0,0,1,0,0,1,0,0,0,0,0,0,0,0,0,0,0,0,0,0,0,0,0,array_index_fix_005,NO_ISSUE
8,190,0,1.0,0,0,0,0,1,1,1,0,0,0,0,10,80,0,0,0,0,0,0,0,0,0,0,0,0,0,0,0,1,1,1,1,0,0,0,0,0,0,0,0,0,0,0,0,0,0,0,0,0,array_index_bug_006,ARRAY_LENGTH_INDEX_MISUSE
9,256,0,1.0,0,0,0,0,1,1,1,0,0,0,1,11,99,0,0,0,0,0,0,0,0,0,0,0,0,0,0,0,1,0,1,1,0,0,0,0,0,0,0,0,0,0,0,0,0,0,0,0,0,array_index_fix_006,NO_ISSUE
8,168,0,1.0,0,0,0,0,1,1,1,0,0,0,0,10,67,0,0,0,0,0,0,0,0,0,0,0,0,0,0,0,1,1,1,1,0,0,0,0,0,0,0,0,0,0,0,0,0,0,0,0,0,array_index_bug_007,ARRAY_LENGTH_INDEX_MISUSE
9,234,0,1.0,0,0,0,0,1,1,1,0,0,0,1,11,86,0,0,0,0,0,0,0,0,0,0,0,0,0,0,0,1,0,1,1,0,0,0,0,0,0,0,0,0,0,0,0,0,0,0,0,0,array_index_fix_007,NO_ISSUE
9,211,0,1.0,0,0,0,0,1,1,2,0,0,0,0,9,75,0,0,0,0,0,0,0,0,0,0,0,0,0,0,0,1,0,0,1,0,0,0,0,0,0,0,0,0,0,0,0,0,0,0,0,0,array_index_bug_008,ARRAY_LENGTH_INDEX_MISUSE
10,277,0,1.0,0,0,0,0,1,1,2,0,0,0,1,9,94,0,0,0,0,0,0,0,0,0,0,0,0,0,0,0,1,0,0,1,0,0,0,0,0,0,0,0,0,0,0,0,0,0,0,0,0,array_index_fix_008,NO_ISSUE
10,233,0,1.0,0,0,0,0,1,1,1,0,0,0,0,11,78,0,0,0,0,0,0,0,0,0,0,1,0,0,0,0,1,1,1,1,0,0,0,0,0,0,0,0,0,0,0,0,0,0,0,0,0,array_index_bug_009,ARRAY_LENGTH_INDEX_MISUSE
11,300,0,1.0,0,0,0,0,1,1,1,0,0,0,1,11,97,0,0,0,0,0,0,0,0,0,0,1,0,0,0,0,1,0,1,1,0,0,0,0,0,0,0,0,0,0,0,0,0,0,0,0,0,array_index_fix_009,NO_ISSUE
9,204,0,1.0,0,0,0,0,1,1,2,0,0,0,0,9,77,0,0,0,0,0,0,0,0,0,0,0,0,0,0,0,1,1,1,1,0,0,0,0,0,0,0,0,0,0,0,0,0,0,0,0,0,array_index_bug_010,ARRAY_LENGTH_INDEX_MISUSE
10,270,0,1.0,0,0,0,0,1,1,2,0,0,0,1,10,96,0,0,0,0,0,0,0,0,0,0,0,0,0,0,0,1,0,1,1,0,0,0,0,0,0,0,0,0,0,0,0,0,0,0,0,0,array_index_fix_010,NO_ISSUE
5,122,0,1.0,0,0,0,0,1,1,0,1,0,0,0,8,40,0,0,0,0,0,0,0,0,0,0,0,0,0,0,0,1,1,1,1,0,0,0,0,0,0,0,0,0,0,0,0,0,0,0,0,0,array_index_bug_011,ARRAY_LENGTH_INDEX_MISUSE
7,189,0,1.0,0,0,0,0,1,1,0,1,0,0,1,9,59,0,0,0,0,0,0,0,0,0,0,0,0,0,0,0,1,0,1,1,0,0,0,0,0,0,0,0,0,0,0,0,0,0,0,0,0,array_index_fix_011,NO_ISSUE
5,124,0,1.0,0,0,0,0,1,1,0,1,0,0,0,8,38,0,0,0,0,0,0,0,0,0,0,0,0,0,0,0,1,1,1,1,0,0,0,0,0,0,0,0,0,0,0,0,0,0,0,0,0,array_index_bug_012,ARRAY_LENGTH_INDEX_MISUSE
7,191,0,1.0,0,0,0,0,1,1,0,1,0,0,1,9,57,0,0,0,0,0,0,0,0,0,0,0,0,0,0,0,1,0,1,1,0,0,0,0,0,0,0,0,0,0,0,0,0,0,0,0,0,array_index_fix_012,NO_ISSUE
5,128,0,1.0,0,0,0,0,1,1,0,1,0,0,0,8,40,0,0,0,0,0,0,0,0,0,0,0,0,0,0,0,1,1,1,1,0,0,0,0,0,0,0,0,0,0,0,0,0,0,0,0,0,array_index_bug_013,ARRAY_LENGTH_INDEX_MISUSE
7,195,0,1.0,0,0,0,0,1,1,0,1,0,0,1,9,59,0,0,0,0,0,0,0,0,0,0,0,0,0,0,0,1,0,1,1,0,0,0,0,0,0,0,0,0,0,0,0,0,0,0,0,0,array_index_fix_013,NO_ISSUE
5,128,0,1.0,0,0,0,0,1,1,0,1,0,0,0,8,38,0,0,0,0,0,0,0,0,0,0,0,0,0,0,0,1,1,1,1,0,0,0,0,0,0,0,0,0,0,0,0,0,0,0,0,0,array_index_bug_014,ARRAY_LENGTH_INDEX_MISUSE
7,195,0,1.0,0,0,0,0,1,1,0,1,0,0,1,9,57,0,0,0,0,0,0,0,0,0,0,0,0,0,0,0,1,0,1,1,0,0,0,0,0,0,0,0,0,0,0,0,0,0,0,0,0,array_index_fix_014,NO_ISSUE
5,126,0,1.0,0,0,0,0,1,1,0,1,0,0,0,8,40,0,0,0,0,0,0,0,0,0,0,0,0,0,0,0,1,1,1,1,0,0,0,0,0,0,0,0,0,0,0,0,0,0,0,0,0,array_index_bug_015,ARRAY_LENGTH_INDEX_MISUSE
7,193,0,1.0,0,0,0,0,1,1,0,1,0,0,1,9,59,0,0,0,0,0,0,0,0,0,0,0,0,0,0,0,1,0,1,1,0,0,0,0,0,0,0,0,0,0,0,0,0,0,0,0,0,array_index_fix_015,NO_ISSUE
6,167,0,1.0,0,0,0,0,1,1,1,1,0,0,0,10,62,0,0,0,0,0,0,0,0,0,0,0,0,0,0,0,1,1,1,1,0,0,0,0,0,0,0,0,0,0,0,0,0,0,0,0,0,array_index_bug_016,ARRAY_LENGTH_INDEX_MISUSE
8,234,0,1.0,0,0,0,0,1,1,1,1,0,0,1,10,81,0,0,0,0,0,0,0,0,0,0,0,0,0,0,0,1,0,1,1,0,0,0,0,0,0,0,0,0,0,0,0,0,0,0,0,0,array_index_fix_016,NO_ISSUE
6,142,0,1.0,0,0,0,0,1,1,1,1,0,0,0,9,48,0,0,0,0,0,0,0,0,0,0,0,0,0,0,0,1,1,1,1,0,0,0,0,0,0,0,0,0,0,0,0,0,0,0,0,0,array_index_bug_017,ARRAY_LENGTH_INDEX_MISUSE
8,209,0,1.0,0,0,0,0,1,1,1,1,0,0,1,10,67,0,0,0,0,0,0,0,0,0,0,0,0,0,0,0,1,0,1,1,0,0,0,0,0,0,0,0,0,0,0,0,0,0,0,0,0,array_index_fix_017,NO_ISSUE
5,118,0,1.0,0,0,0,0,1,1,0,0,0,1,0,9,41,0,0,0,0,0,0,0,0,0,0,0,0,0,0,0,1,1,1,1,0,0,0,0,0,0,0,0,0,0,0,0,0,0,0,0,0,array_index_bug_018,ARRAY_LENGTH_INDEX_MISUSE
7,185,0,1.0,0,0,0,0,1,1,0,0,0,1,1,10,60,0,0,0,0,0,0,0,0,0,0,0,0,0,0,0,1,0,1,1,0,0,0,0,0,0,0,0,0,0,0,0,0,0,0,0,0,array_index_fix_018,NO_ISSUE
5,120,0,1.0,0,0,0,0,1,1,0,1,0,0,1,9,47,0,0,0,0,0,0,0,0,0,0,0,0,0,0,0,2,1,1,1,0,0,0,0,0,0,0,0,0,0,0,0,0,0,0,0,0,array_index_bug_019,ARRAY_LENGTH_INDEX_MISUSE
7,187,0,1.0,0,0,0,0,1,1,0,1,0,0,2,10,66,0,0,0,0,0,0,0,0,0,0,0,0,0,0,0,2,0,1,1,0,0,0,0,0,0,0,0,0,0,0,0,0,0,0,0,0,array_index_fix_019,NO_ISSUE
5,126,0,1.0,0,0,0,0,1,1,0,0,0,0,0,10,48,0,0,0,0,0,0,0,0,0,0,0,0,0,0,0,1,1,1,1,0,0,0,0,0,0,0,0,0,0,0,0,0,0,0,0,0,array_index_bug_020,ARRAY_LENGTH_INDEX_MISUSE
7,193,0,1.0,0,0,0,0,1,1,0,0,0,0,1,11,67,0,0,0,0,0,0,0,0,0,0,0,0,0,0,0,1,0,1,1,0,0,0,0,0,0,0,0,0,0,0,0,0,0,0,0,0,array_index_fix_020,NO_ISSUE
5,131,0,1.0,0,0,0,0,1,1,0,1,0,0,1,9,42,0,0,0,0,0,0,0,0,0,0,0,0,0,0,0,1,1,1,1,0,0,0,0,0,0,0,0,0,0,0,0,0,0,0,0,0,array_index_bug_021,ARRAY_LENGTH_INDEX_MISUSE
7,198,0,1.0,0,0,0,0,1,1,0,1,0,0,2,10,61,0,0,0,0,0,0,0,0,0,0,0,0,0,0,0,1,0,1,1,0,0,0,0,0,0,0,0,0,0,0,0,0,0,0,0,0,array_index_fix_021,NO_ISSUE
5,123,0,1.0,0,0,0,0,1,1,0,1,0,0,0,9,50,0,0,0,0,0,0,0,0,0,0,0,0,0,0,0,3,1,1,2,0,0,0,0,0,0,0,0,0,0,0,0,0,0,0,0,0,array_index_bug_022,ARRAY_LENGTH_INDEX_MISUSE
7,190,0,1.0,0,0,0,0,1,1,0,1,0,0,1,10,69,0,0,0,0,0,0,0,0,0,0,0,0,0,0,0,3,0,1,2,0,0,0,0,0,0,0,0,0,0,0,0,0,0,0,0,0,array_index_fix_022,NO_ISSUE
5,122,0,1.0,0,0,0,0,1,1,0,1,0,0,0,8,46,0,0,0,0,0,0,0,0,0,0,0,0,0,0,0,1,1,1,1,0,0,0,0,0,0,0,0,0,0,0,0,0,0,0,0,0,array_index_bug_023,ARRAY_LENGTH_INDEX_MISUSE
7,189,0,1.0,0,0,0,0,1,1,0,1,0,0,1,9,65,0,0,0,0,0,0,0,0,0,0,0,0,0,0,0,1,0,1,1,0,0,0,0,0,0,0,0,0,0,0,0,0,0,0,0,0,array_index_fix_023,NO_ISSUE
6,156,0,1.0,0,0,0,0,1,1,1,1,0,0,1,9,51,0,0,0,0,0,0,0,0,0,0,0,0,0,0,0,1,1,1,1,0,0,0,0,0,0,0,0,0,0,0,0,0,0,0,0,0,array_index_bug_024,ARRAY_LENGTH_INDEX_MISUSE
8,223,0,1.0,0,0,0,0,1,1,1,1,0,0,2,10,70,0,0,0,0,0,0,0,0,0,0,0,0,0,0,0,1,0,1,1,0,0,0,0,0,0,0,0,0,0,0,0,0,0,0,0,0,array_index_fix_024,NO_ISSUE
5,123,0,1.0,0,0,0,0,1,1,0,0,0,1,0,9,40,0,0,0,0,0,0,0,0,0,0,0,0,0,0,0,1,1,1,1,0,0,0,0,0,0,0,0,0,0,0,0,0,0,0,0,0,array_index_bug_025,ARRAY_LENGTH_INDEX_MISUSE
7,190,0,1.0,0,0,0,0,1,1,0,0,0,1,1,10,59,0,0,0,0,0,0,0,0,0,0,0,0,0,0,0,1,0,1,1,0,0,0,0,0,0,0,0,0,0,0,0,0,0,0,0,0,array_index_fix_025,NO_ISSUE
6,152,0,1.0,0,0,0,0,1,1,0,1,0,1,1,9,57,0,0,0,0,0,0,0,0,0,0,0,0,0,0,0,3,1,1,1,0,0,0,0,0,0,0,0,0,0,0,0,0,0,0,0,0,array_index_bug_026,ARRAY_LENGTH_INDEX_MISUSE
8,219,0,1.0,0,0,0,0,1,1,0,1,0,1,2,10,76,0,0,0,0,0,0,0,0,0,0,0,0,0,0,0,3,0,1,1,0,0,0,0,0,0,0,0,0,0,0,0,0,0,0,0,0,array_index_fix_026,NO_ISSUE
9,208,0,1.0,0,0,0,0,1,1,1,2,0,0,1,9,64,0,0,0,0,0,0,0,0,0,0,1,0,0,0,0,1,1,1,1,0,0,0,0,0,0,0,0,0,0,0,0,0,0,0,0,0,array_index_bug_027,ARRAY_LENGTH_INDEX_MISUSE
11,275,0,1.0,0,0,0,0,1,1,1,2,0,0,2,10,83,0,0,0,0,0,0,0,0,0,0,1,0,0,0,0,1,0,1,1,0,0,0,0,0,0,0,0,0,0,0,0,0,0,0,0,0,array_index_fix_027,NO_ISSUE
5,128,0,1.0,0,0,0,0,1,1,0,1,0,0,0,10,47,0,0,0,0,0,0,0,0,0,0,0,0,0,0,0,1,1,1,1,0,0,0,0,0,0,0,0,0,0,0,0,0,0,0,0,0,array_index_bug_028,ARRAY_LENGTH_INDEX_MISUSE
7,195,0,1.0,0,0,0,0,1,1,0,1,0,0,1,11,66,0,0,0,0,0,0,0,0,0,0,0,0,0,0,0,1,0,1,1,0,0,0,0,0,0,0,0,0,0,0,0,0,0,0,0,0,array_index_fix_028,NO_ISSUE
5,133,0,1.0,0,0,0,0,1,1,0,1,0,0,1,9,51,0,0,0,0,0,0,0,0,0,0,0,0,0,0,0,1,1,1,1,0,0,0,0,0,0,0,0,0,0,0,0,0,0,0,0,0,array_index_bug_029,ARRAY_LENGTH_INDEX_MISUSE
7,200,0,1.0,0,0,0,0,1,1,0,1,0,0,2,10,70,0,0,0,0,0,0,0,0,0,0,0,0,0,0,0,1,0,1,1,0,0,0,0,0,0,0,0,0,0,0,0,0,0,0,0,0,array_index_fix_029,NO_ISSUE
5,120,0,1.0,0,0,0,0,1,1,0,1,0,0,0,8,38,0,0,0,0,0,0,0,0,0,0,0,0,0,0,0,1,1,1,1,0,0,0,0,0,0,0,0,0,0,0,0,0,0,0,0,0,array_index_bug_030,ARRAY_LENGTH_INDEX_MISUSE
7,187,0,1.0,0,0,0,0,1,1,0,1,0,0,1,9,57,0,0,0,0,0,0,0,0,0,0,0,0,0,0,0,1,0,1,1,0,0,0,0,0,0,0,0,0,0,0,0,0,0,0,0,0,array_index_fix_030,NO_ISSUE
12,262,0,1.0,0,0,0,0,1,1,2,0,0,0,2,11,115,1,1,0,0,0,1,0,0,1,20,0,0,0,0,0,2,0,1,1,0,0,0,0,0,0,0,0,0,0,0,0,0,0,0,0,0,clean_001,NO_ISSUE
15,276,0,1.0,0,0,0,0,1,1,1,0,1,0,2,11,94,0,0,0,0,0,0,0,0,0,0,1,0,1,0,0,0,0,0,0,0,0,0,0,0,0,0,0,0,0,0,0,1,1,0,21,0,clean_002,NO_ISSUE
11,237,0,1.0,0,0,0,0,1,1,2,0,0,0,0,11,80,0,0,0,0,0,0,0,0,0,0,1,0,0,0,0,0,0,0,0,0,0,0,0,0,0,0,0,0,0,0,0,0,0,0,0,0,clean_003,NO_ISSUE
9,209,0,1.0,0,0,0,0,1,1,2,0,0,0,1,9,82,0,0,0,0,0,0,0,0,0,0,0,0,0,0,0,1,0,0,1,0,0,0,0,0,0,0,0,0,0,0,0,0,0,0,0,0,clean_004,NO_ISSUE
13,249,0,1.0,0,0,0,0,1,1,2,0,0,1,0,9,86,0,0,0,0,0,0,0,0,0,0,0,0,0,0,0,0,0,0,0,0,0,0,0,0,0,0,0,0,0,0,0,0,0,0,0,0,clean_005,NO_ISSUE
15,358,0,1.0,0,0,0,0,1,1,3,0,0,0,2,14,134,2,2,0,0,0,2,0,0,2,54,0,0,0,0,0,3,0,0,2,0,0,0,0,0,0,0,0,0,0,0,0,0,0,0,0,0,clean_006,NO_ISSUE
10,217,0,1.0,0,0,0,0,1,1,2,0,1,0,1,11,81,0,0,0,0,0,0,0,0,0,0,0,0,0,0,0,1,0,0,1,0,0,0,0,0,0,0,0,0,0,0,0,1,1,0,25,0,clean_007,NO_ISSUE
9,176,0,1.0,0,0,0,0,1,1,1,1,0,1,0,9,59,0,0,0,0,0,0,0,0,0,0,0,0,0,0,0,0,0,0,0,0,0,0,0,0,0,0,0,0,0,0,0,0,0,0,0,0,clean_008,NO_ISSUE
8,168,0,1.0,0,0,0,0,1,1,0,2,0,0,1,8,43,0,0,0,0,0,0,0,0,0,0,1,0,1,1,0,0,0,0,0,0,0,0,0,0,0,0,0,0,0,0,0,0,0,0,0,0,clean_009,NO_ISSUE
5,112,0,1.0,0,0,0,0,1,1,0,1,0,0,1,9,43,0,0,0,0,0,0,0,0,0,0,0,0,0,0,0,1,0,1,1,0,0,0,0,0,0,0,0,0,0,0,0,0,0,0,0,0,clean_010,NO_ISSUE
7,165,0,1.0,0,0,0,0,1,1,1,0,0,1,3,12,74,1,1,0,0,0,1,0,0,1,23,0,0,0,0,0,2,0,0,1,0,0,0,0,0,0,0,0,0,0,0,0,0,0,0,0,0,clean_011,NO_ISSUE
11,247,0,1.0,0,0,0,0,1,1,2,1,0,1,2,12,97,1,1,0,0,0,1,0,0,1,29,1,0,0,0,0,3,0,0,1,0,0,0,0,0,0,0,0,0,0,0,0,0,0,0,0,0,clean_012,NO_ISSUE
10,260,0,1.0,0,0,0,0,1,1,1,2,0,0,1,11,85,1,1,0,0,0,1,0,0,1,27,1,0,0,0,0,1,0,0,1,0,0,0,0,0,0,0,0,0,0,0,0,0,0,0,0,0,clean_013,NO_ISSUE
13,315,0,1.0,0,0,0,0,1,1,3,0,1,2,2,10,108,0,0,0,0,0,0,0,0,0,0,0,0,0,0,0,4,0,0,1,0,0,0,0,0,0,0,0,0,0,0,0,0,1,0,49,0,clean_014,NO_ISSUE
11,227,0,1.0,0,0,0,0,1,1,1,1,0,0,1,11,70,0,0,0,0,0,0,0,0,0,0,1,0,0,0,0,0,0,0,0,0,0,0,0,0,0,0,0,0,0,0,0,0,0,0,0,0,clean_015,NO_ISSUE
12,298,0,1.0,0,0,0,0,1,1,2,2,0,1,3,10,107,1,1,0,0,0,1,0,0,1,13,1,0,1,0,0,1,0,0,1,0,0,0,0,0,0,0,0,0,0,0,0,0,0,0,0,0,clean_016,NO_ISSUE
9,234,0,1.0,0,0,0,0,1,1,2,1,0,1,1,10,99,1,1,0,0,0,1,0,0,1,17,0,0,0,0,0,2,0,0,2,0,0,0,0,0,0,0,0,0,0,0,0,0,0,0,0,0,clean_017,NO_ISSUE
10,238,0,1.0,0,0,0,0,1,1,1,2,0,0,4,12,88,1,1,0,0,0,1,0,0,1,30,1,0,0,0,0,2,0,0,1,0,0,0,0,0,0,0,0,0,0,0,0,0,0,0,0,0,clean_018,NO_ISSUE
12,358,0,1.0,0,0,0,0,1,1,2,1,0,0,3,12,121,1,1,0,0,0,1,0,0,1,45,1,0,0,0,0,1,0,0,1,0,0,0,0,0,0,0,0,0,0,0,0,0,0,0,0,0,clean_019,NO_ISSUE
17,454,0,1.0,0,0,0,0,1,1,3,2,1,2,9,13,153,0,0,0,0,0,0,0,0,0,0,2,0,1,0,0,2,0,0,1,0,0,0,0,0,0,0,0,0,0,0,1,0,1,0,82,0,clean_020,NO_ISSUE
7,171,0,1.0,0,0,0,0,1,1,1,0,0,1,1,10,69,1,1,0,0,0,1,0,0,1,13,0,0,0,0,0,1,0,0,1,0,0,0,0,0,0,0,0,0,0,0,0,0,0,0,0,0,clean_021,NO_ISSUE
12,355,0,1.0,0,0,0,0,1,1,2,2,0,0,6,14,148,2,2,0,0,0,2,0,0,2,71,1,0,1,0,0,2,0,0,1,0,0,0,0,0,0,0,0,0,0,0,0,0,0,0,0,0,clean_022,NO_ISSUE
11,257,0,1.0,0,0,0,0,1,1,2,1,0,1,2,11,93,1,1,0,0,0,1,0,0,1,29,1,0,0,0,0,2,0,0,1,0,0,0,0,0,0,0,0,0,0,0,0,0,0,0,0,0,clean_023,NO_ISSUE
5,137,0,1.0,0,0,0,0,1,1,0,1,0,0,3,9,49,0,0,0,0,0,0,0,0,0,0,0,0,0,0,0,0,0,0,0,0,0,0,0,0,0,0,0,0,0,0,0,0,0,0,0,0,clean_024,NO_ISSUE
9,230,0,1.0,0,0,0,0,1,1,2,1,0,1,3,10,93,1,1,1,0,0,1,1,0,1,13,0,0,0,0,0,1,0,0,1,0,0,0,0,0,0,0,0,0,0,0,0,0,0,0,0,0,clean_025,NO_ISSUE
10,297,0,1.0,0,0,0,0,1,1,2,0,0,0,3,15,125,2,2,0,0,0,2,0,0,2,72,0,0,0,0,0,3,0,0,2,0,0,0,0,0,0,0,0,0,0,0,0,0,0,0,0,0,clean_026,NO_ISSUE
11,242,0,1.0,0,0,0,0,1,1,1,1,0,0,1,11,75,0,0,0,0,0,0,0,0,0,0,1,0,1,0,0,0,0,0,0,0,0,0,0,0,0,0,0,0,0,0,0,0,0,0,0,0,clean_027,NO_ISSUE
12,291,0,1.0,0,0,0,0,1,1,2,1,0,2,5,11,120,1,1,0,0,0,1,0,0,1,20,1,0,1,0,0,4,0,1,1,0,0,0,0,0,0,0,0,0,0,0,0,0,0,0,0,0,clean_028,NO_ISSUE
10,211,0,1.0,0,0,0,0,1,1,0,2,0,0,1,10,60,0,0,0,0,0,0,0,0,0,0,1,0,0,0,0,0,0,0,0,0,0,0,0,0,0,0,0,0,0,0,0,0,0,0,0,0,clean_029,NO_ISSUE
20,540,0,1.0,0,0,0,0,1,1,2,1,3,4,7,13,242,0,0,0,0,0,0,0,0,0,0,1,0,0,0,0,10,0,0,3,0,0,0,0,0,0,0,0,0,3,0,0,0,3,0,63,0,clean_030,NO_ISSUE
9,216,0,1.0,0,0,0,0,1,1,2,1,0,1,1,10,77,1,1,1,0,0,1,1,1,1,13,0,0,0,0,0,1,0,0,1,0,0,0,0,0,0,0,0,0,0,0,0,0,0,0,0,0,gen_off_by_one_bug_001,OFF_BY_ONE_LOOP_BOUNDARY
9,215,0,1.0,0,0,0,0,1,1,2,1,0,1,1,10,77,1,1,0,0,0,1,0,0,1,13,0,0,0,0,0,1,0,0,1,0,0,0,0,0,0,0,0,0,0,0,0,0,0,0,0,0,gen_off_by_one_fix_001,NO_ISSUE
23,520,0,1.0,0,0,0,0,1,3,1,5,0,0,5,11,176,1,1,1,0,0,1,1,1,1,20,3,0,1,0,0,1,0,0,1,0,0,0,0,0,0,0,0,0,0,0,0,0,0,0,0,0,gen_off_by_one_bug_002,OFF_BY_ONE_LOOP_BOUNDARY
23,519,0,1.0,0,0,0,0,1,3,1,5,0,0,5,11,176,1,1,0,0,0,1,0,0,1,20,3,0,1,0,0,1,0,0,1,0,0,0,0,0,0,0,0,0,0,0,0,0,0,0,0,0,gen_off_by_one_fix_002,NO_ISSUE
9,216,0,1.0,0,0,0,0,1,1,2,1,0,1,1,10,77,1,1,1,0,0,1,1,1,1,13,0,0,0,0,0,1,0,0,1,0,0,0,0,0,0,0,0,0,0,0,0,0,0,0,0,0,gen_off_by_one_bug_003,OFF_BY_ONE_LOOP_BOUNDARY
9,215,0,1.0,0,0,0,0,1,1,2,1,0,1,1,10,77,1,1,0,0,0,1,0,0,1,13,0,0,0,0,0,1,0,0,1,0,0,0,0,0,0,0,0,0,0,0,0,0,0,0,0,0,gen_off_by_one_fix_003,NO_ISSUE
41,1057,0,1.0,0,0,0,0,1,5,8,4,0,2,4,11,375,4,4,1,0,0,4,1,1,4,30,0,0,0,0,0,4,0,0,3,0,0,0,0,0,0,0,0,0,0,0,0,0,0,0,0,0,gen_off_by_one_bug_004,OFF_BY_ONE_LOOP_BOUNDARY
41,1056,0,1.0,0,0,0,0,1,5,8,4,0,2,4,11,375,4,4,0,0,0,4,0,0,4,30,0,0,0,0,0,4,0,0,3,0,0,0,0,0,0,0,0,0,0,0,0,0,0,0,0,0,gen_off_by_one_fix_004,NO_ISSUE
45,1070,0,1.0,0,0,0,0,1,6,6,7,0,2,7,11,368,3,3,1,0,0,3,1,1,3,30,2,0,0,0,0,3,0,0,3,0,0,0,0,0,0,0,0,0,0,0,0,0,0,0,0,0,gen_off_by_one_bug_005,OFF_BY_ONE_LOOP_BOUNDARY
45,1069,0,1.0,0,0,0,0,1,6,6,7,0,2,7,11,368,3,3,0,0,0,3,0,0,3,30,2,0,0,0,0,3,0,0,3,0,0,0,0,0,0,0,0,0,0,0,0,0,0,0,0,0,gen_off_by_one_fix_005,NO_ISSUE
81,1927,0,1.0,0,0,0,0,1,9,12,14,0,4,15,12,666,6,6,1,0,0,6,1,1,6,30,8,0,1,0,0,10,0,0,6,0,0,0,0,0,0,0,0,0,0,0,0,0,0,0,0,0,gen_off_by_one_bug_006,OFF_BY_ONE_LOOP_BOUNDARY
81,1926,0,1.0,0,0,0,0,1,9,12,14,0,4,15,12,666,6,6,0,0,0,6,0,0,6,30,8,0,1,0,0,10,0,0,6,0,0,0,0,0,0,0,0,0,0,0,0,0,0,0,0,0,gen_off_by_one_fix_006,NO_ISSUE
9,244,0,1.0,0,0,0,0,1,1,2,1,0,1,1,10,99,1,1,1,0,0,1,1,1,1,17,0,0,0,0,0,2,0,0,2,0,0,0,0,0,0,0,0,0,0,0,0,0,0,0,0,0,gen_off_by_one_bug_007,OFF_BY_ONE_LOOP_BOUNDARY
9,243,0,1.0,0,0,0,0,1,1,2,1,0,1,1,10,99,1,1,0,0,0,1,0,0,1,17,0,0,0,0,0,2,0,0,2,0,0,0,0,0,0,0,0,0,0,0,0,0,0,0,0,0,gen_off_by_one_fix_007,NO_ISSUE
7,182,0,1.0,0,0,0,0,1,1,1,0,0,0,1,11,71,1,1,1,0,0,1,1,1,1,20,0,0,0,0,0,1,0,0,1,0,0,0,0,0,0,0,0,0,0,0,0,0,0,0,0,0,gen_off_by_one_bug_008,OFF_BY_ONE_LOOP_BOUNDARY
7,181,0,1.0,0,0,0,0,1,1,1,0,0,0,1,11,71,1,1,0,0,0,1,0,0,1,20,0,0,0,0,0,1,0,0,1,0,0,0,0,0,0,0,0,0,0,0,0,0,0,0,0,0,gen_off_by_one_fix_008,NO_ISSUE
9,244,0,1.0,0,0,0,0,1,1,2,1,0,1,1,10,99,1,1,1,0,0,1,1,1,1,17,0,0,0,0,0,2,0,0,2,0,0,0,0,0,0,0,0,0,0,0,0,0,0,0,0,0,gen_off_by_one_bug_009,OFF_BY_ONE_LOOP_BOUNDARY
9,243,0,1.0,0,0,0,0,1,1,2,1,0,1,1,10,99,1,1,0,0,0,1,0,0,1,17,0,0,0,0,0,2,0,0,2,0,0,0,0,0,0,0,0,0,0,0,0,0,0,0,0,0,gen_off_by_one_fix_009,NO_ISSUE
27,590,0,1.0,0,0,0,0,1,3,3,5,1,2,4,10,189,1,1,1,0,0,1,1,1,1,13,2,0,0,0,0,1,0,0,1,0,0,0,0,0,0,0,0,0,0,0,0,0,1,0,14,0,gen_off_by_one_bug_010,OFF_BY_ONE_LOOP_BOUNDARY
27,589,0,1.0,0,0,0,0,1,3,3,5,1,2,4,10,189,1,1,0,0,0,1,0,0,1,13,2,0,0,0,0,1,0,0,1,0,0,0,0,0,0,0,0,0,0,0,0,0,1,0,14,0,gen_off_by_one_fix_010,NO_ISSUE
27,691,0,1.0,0,0,0,0,1,3,5,3,1,2,3,11,243,2,2,1,0,0,2,1,1,2,30,0,0,0,0,0,3,0,0,3,0,0,0,0,0,0,0,0,0,0,0,0,0,1,0,14,0,gen_off_by_one_bug_011,OFF_BY_ONE_LOOP_BOUNDARY
27,690,0,1.0,0,0,0,0,1,3,5,3,1,2,3,11,243,2,2,0,0,0,2,0,0,2,30,0,0,0,0,0,3,0,0,3,0,0,0,0,0,0,0,0,0,0,0,0,0,1,0,14,0,gen_off_by_one_fix_011,NO_ISSUE
9,244,0,1.0,0,0,0,0,1,1,2,1,0,1,1,10,99,1,1,1,0,0,1,1,1,1,17,0,0,0,0,0,2,0,0,2,0,0,0,0,0,0,0,0,0,0,0,0,0,0,0,0,0,gen_off_by_one_bug_012,OFF_BY_ONE_LOOP_BOUNDARY
9,243,0,1.0,0,0,0,0,1,1,2,1,0,1,1,10,99,1,1,0,0,0,1,0,0,1,17,0,0,0,0,0,2,0,0,2,0,0,0,0,0,0,0,0,0,0,0,0,0,0,0,0,0,gen_off_by_one_fix_012,NO_ISSUE
9,213,0,1.0,0,0,0,0,1,1,2,1,0,1,1,10,77,1,1,1,0,0,1,1,1,1,13,0,0,0,0,0,1,0,0,1,0,0,0,0,0,0,0,0,0,0,0,0,0,0,0,0,0,gen_off_by_one_bug_013,OFF_BY_ONE_LOOP_BOUNDARY
9,212,0,1.0,0,0,0,0,1,1,2,1,0,1,1,10,77,1,1,0,0,0,1,0,0,1,13,0,0,0,0,0,1,0,0,1,0,0,0,0,0,0,0,0,0,0,0,0,0,0,0,0,0,gen_off_by_one_fix_013,NO_ISSUE
44,1113,0,1.0,0,0,0,0,1,5,9,5,1,3,5,11,382,4,4,1,0,0,4,1,1,4,30,0,0,0,0,0,4,0,0,3,0,0,0,0,0,0,0,0,0,0,0,0,0,1,0,14,0,gen_off_by_one_bug_014,OFF_BY_ONE_LOOP_BOUNDARY
44,1112,0,1.0,0,0,0,0,1,5,9,5,1,3,5,11,382,4,4,0,0,0,4,0,0,4,30,0,0,0,0,0,4,0,0,3,0,0,0,0,0,0,0,0,0,0,0,0,0,1,0,14,0,gen_off_by_one_fix_014,NO_ISSUE
9,244,0,1.0,0,0,0,0,1,1,2,1,0,1,1,10,99,1,1,1,0,0,1,1,1,1,17,0,0,0,0,0,2,0,0,2,0,0,0,0,0,0,0,0,0,0,0,0,0,0,0,0,0,gen_off_by_one_bug_015,OFF_BY_ONE_LOOP_BOUNDARY
9,243,0,1.0,0,0,0,0,1,1,2,1,0,1,1,10,99,1,1,0,0,0,1,0,0,1,17,0,0,0,0,0,2,0,0,2,0,0,0,0,0,0,0,0,0,0,0,0,0,0,0,0,0,gen_off_by_one_fix_015,NO_ISSUE
9,216,0,1.0,0,0,0,0,1,1,2,1,0,1,1,10,77,1,1,1,0,0,1,1,1,1,13,0,0,0,0,0,1,0,0,1,0,0,0,0,0,0,0,0,0,0,0,0,0,0,0,0,0,gen_off_by_one_bug_016,OFF_BY_ONE_LOOP_BOUNDARY
9,215,0,1.0,0,0,0,0,1,1,2,1,0,1,1,10,77,1,1,0,0,0,1,0,0,1,13,0,0,0,0,0,1,0,0,1,0,0,0,0,0,0,0,0,0,0,0,0,0,0,0,0,0,gen_off_by_one_fix_016,NO_ISSUE
9,219,0,1.0,0,0,0,0,1,1,2,1,0,1,1,10,77,1,1,1,0,0,1,1,1,1,13,0,0,0,0,0,1,0,0,1,0,0,0,0,0,0,0,0,0,0,0,0,0,0,0,0,0,gen_off_by_one_bug_017,OFF_BY_ONE_LOOP_BOUNDARY
9,218,0,1.0,0,0,0,0,1,1,2,1,0,1,1,10,77,1,1,0,0,0,1,0,0,1,13,0,0,0,0,0,1,0,0,1,0,0,0,0,0,0,0,0,0,0,0,0,0,0,0,0,0,gen_off_by_one_fix_017,NO_ISSUE
11,281,0,1.0,0,0,0,0,1,1,2,1,0,0,2,11,93,1,1,1,0,0,1,1,1,1,24,1,0,0,0,0,1,0,0,1,0,0,0,0,0,0,0,0,0,0,0,0,0,0,0,0,0,gen_off_by_one_bug_018,OFF_BY_ONE_LOOP_BOUNDARY
11,280,0,1.0,0,0,0,0,1,1,2,1,0,0,2,11,93,1,1,0,0,0,1,0,0,1,24,1,0,0,0,0,1,0,0,1,0,0,0,0,0,0,0,0,0,0,0,0,0,0,0,0,0,gen_off_by_one_fix_018,NO_ISSUE
7,182,0,1.0,0,0,0,0,1,1,1,0,0,0,1,11,71,1,1,1,0,0,1,1,1,1,20,0,0,0,0,0,1,0,0,1,0,0,0,0,0,0,0,0,0,0,0,0,0,0,0,0,0,gen_off_by_one_bug_019,OFF_BY_ONE_LOOP_BOUNDARY
7,181,0,1.0,0,0,0,0,1,1,1,0,0,0,1,11,71,1,1,0,0,0,1,0,0,1,20,0,0,0,0,0,1,0,0,1,0,0,0,0,0,0,0,0,0,0,0,0,0,0,0,0,0,gen_off_by_one_fix_019,NO_ISSUE
46,1098,0,1.0,0,0,0,0,1,6,7,7,1,3,8,11,380,3,3,1,0,0,3,1,1,3,30,1,0,1,0,0,4,0,0,3,0,0,0,0,0,0,0,0,0,0,0,0,0,1,0,14,0,gen_off_by_one_bug_020,OFF_BY_ONE_LOOP_BOUNDARY
46,1097,0,1.0,0,0,0,0,1,6,7,7,1,3,8,11,380,3,3,0,0,0,3,0,0,3,30,1,0,1,0,0,4,0,0,3,0,0,0,0,0,0,0,0,0,0,0,0,0,1,0,14,0,gen_off_by_one_fix_020,NO_ISSUE
16,362,0,1.0,0,0,0,0,1,2,2,1,1,1,2,11,122,1,1,1,0,0,1,1,1,1,20,0,0,0,0,0,1,0,0,1,0,0,0,0,0,0,0,0,0,0,0,0,0,1,0,14,0,gen_off_by_one_bug_021,OFF_BY_ONE_LOOP_BOUNDARY
16,361,0,1.0,0,0,0,0,1,2,2,1,1,1,2,11,122,1,1,0,0,0,1,0,0,1,20,0,0,0,0,0,1,0,0,1,0,0,0,0,0,0,0,0,0,0,0,0,0,1,0,14,0,gen_off_by_one_fix_021,NO_ISSUE
19,437,0,1.0,0,0,0,0,1,3,3,2,0,1,4,11,164,2,2,1,0,0,2,1,1,2,20,0,0,0,0,0,2,0,0,2,0,0,0,0,0,0,0,0,0,0,0,0,0,0,0,0,0,gen_off_by_one_bug_022,OFF_BY_ONE_LOOP_BOUNDARY
19,436,0,1.0,0,0,0,0,1,3,3,2,0,1,4,11,164,2,2,0,0,0,2,0,0,2,20,0,0,0,0,0,2,0,0,2,0,0,0,0,0,0,0,0,0,0,0,0,0,0,0,0,0,gen_off_by_one_fix_022,NO_ISSUE
21,496,0,1.0,0,0,0,0,1,3,3,1,0,1,2,11,183,2,2,1,0,0,2,1,1,2,20,0,0,0,0,0,2,0,0,2,0,0,0,0,0,0,0,0,0,0,0,0,0,0,0,0,0,gen_off_by_one_bug_023,OFF_BY_ONE_LOOP_BOUNDARY
21,495,0,1.0,0,0,0,0,1,3,3,1,0,1,2,11,183,2,2,0,0,0,2,0,0,2,20,0,0,0,0,0,2,0,0,2,0,0,0,0,0,0,0,0,0,0,0,0,0,0,0,0,0,gen_off_by_one_fix_023,NO_ISSUE
7,182,0,1.0,0,0,0,0,1,1,1,0,0,0,1,11,71,1,1,1,0,0,1,1,1,1,20,0,0,0,0,0,1,0,0,1,0,0,0,0,0,0,0,0,0,0,0,0,0,0,0,0,0,gen_off_by_one_bug_024,OFF_BY_ONE_LOOP_BOUNDARY
7,181,0,1.0,0,0,0,0,1,1,1,0,0,0,1,11,71,1,1,0,0,0,1,0,0,1,20,0,0,0,0,0,1,0,0,1,0,0,0,0,0,0,0,0,0,0,0,0,0,0,0,0,0,gen_off_by_one_fix_024,NO_ISSUE
26,681,0,1.0,0,0,0,0,1,3,4,2,0,0,3,11,230,2,2,1,0,0,2,1,1,2,30,1,0,0,0,0,2,0,0,2,0,0,0,0,0,0,0,0,0,0,0,0,0,0,0,0,0,gen_off_by_one_bug_025,OFF_BY_ONE_LOOP_BOUNDARY
26,680,0,1.0,0,0,0,0,1,3,4,2,0,0,3,11,230,2,2,0,0,0,2,0,0,2,30,1,0,0,0,0,2,0,0,2,0,0,0,0,0,0,0,0,0,0,0,0,0,0,0,0,0,gen_off_by_one_fix_025,NO_ISSUE
54,1297,0,1.0,0,0,0,0,1,6,7,8,0,5,7,11,426,3,3,1,0,0,3,1,1,3,30,2,0,0,0,0,4,0,0,4,1,3,2,0,0,1,0,12,0,0,0,0,0,0,0,0,0,gen_off_by_one_bug_026,OFF_BY_ONE_LOOP_BOUNDARY
54,1296,0,1.0,0,0,0,0,1,6,7,8,0,5,7,11,426,3,3,0,0,0,3,0,0,3,30,2,0,0,0,0,4,0,0,4,1,3,2,0,0,1,0,12,0,0,0,0,0,0,0,0,0,gen_off_by_one_fix_026,NO_ISSUE
26,609,0,1.0,0,0,0,0,1,2,3,2,0,3,2,11,173,1,1,1,0,0,1,1,1,1,24,1,0,0,0,0,1,0,0,1,1,3,2,0,0,1,0,12,0,0,0,0,0,0,0,0,0,gen_off_by_one_bug_027,OFF_BY_ONE_LOOP_BOUNDARY
26,608,0,1.0,0,0,0,0,1,2,3,2,0,3,2,11,173,1,1,0,0,0,1,0,0,1,24,1,0,0,0,0,1,0,0,1,1,3,2,0,0,1,0,12,0,0,0,0,0,0,0,0,0,gen_off_by_one_fix_027,NO_ISSUE
35,872,0,1.0,0,0,0,0,1,4,5,5,0,1,6,12,313,3,3,1,0,0,3,1,1,3,30,3,0,0,0,0,5,0,0,3,0,0,0,0,0,0,0,0,0,0,0,0,0,0,0,0,0,gen_off_by_one_bug_028,OFF_BY_ONE_LOOP_BOUNDARY
35,871,0,1.0,0,0,0,0,1,4,5,5,0,1,6,12,313,3,3,0,0,0,3,0,0,3,30,3,0,0,0,0,5,0,0,3,0,0,0,0,0,0,0,0,0,0,0,0,0,0,0,0,0,gen_off_by_one_fix_028,NO_ISSUE
58,1418,0,1.0,0,0,0,0,1,5,8,5,0,8,4,12,440,3,3,1,0,0,3,1,1,3,30,1,0,0,0,0,6,0,0,4,2,6,4,0,0,2,0,12,0,0,0,0,0,0,0,0,0,gen_off_by_one_bug_029,OFF_BY_ONE_LOOP_BOUNDARY
58,1417,0,1.0,0,0,0,0,1,5,8,5,0,8,4,12,440,3,3,0,0,0,3,0,0,3,30,1,0,0,0,0,6,0,0,4,2,6,4,0,0,2,0,12,0,0,0,0,0,0,0,0,0,gen_off_by_one_fix_029,NO_ISSUE
67,1590,0,1.0,0,0,0,0,1,6,8,8,0,7,6,11,475,3,3,1,0,0,3,1,1,3,30,3,0,0,0,0,3,0,0,3,2,6,4,0,0,2,0,12,0,0,0,0,0,0,0,0,0,gen_off_by_one_bug_030,OFF_BY_ONE_LOOP_BOUNDARY
67,1589,0,1.0,0,0,0,0,1,6,8,8,0,7,6,11,475,3,3,0,0,0,3,0,0,3,30,3,0,0,0,0,3,0,0,3,2,6,4,0,0,2,0,12,0,0,0,0,0,0,0,0,0,gen_off_by_one_fix_030,NO_ISSUE
35,816,0,1.0,0,0,0,0,1,3,3,5,0,3,4,11,236,1,1,1,0,0,1,1,1,1,24,3,0,0,0,0,1,0,0,1,1,3,2,0,0,1,0,12,0,0,0,0,0,0,0,0,0,gen_off_by_one_bug_031,OFF_BY_ONE_LOOP_BOUNDARY
35,815,0,1.0,0,0,0,0,1,3,3,5,0,3,4,11,236,1,1,0,0,0,1,0,0,1,24,3,0,0,0,0,1,0,0,1,1,3,2,0,0,1,0,12,0,0,0,0,0,0,0,0,0,gen_off_by_one_fix_031,NO_ISSUE
48,1059,0,1.0,0,0,0,0,1,5,4,6,1,5,4,11,313,1,1,1,0,0,1,1,1,1,13,2,0,0,0,0,1,0,0,1,1,3,2,0,0,1,0,12,0,0,0,0,0,1,0,14,0,gen_off_by_one_bug_032,OFF_BY_ONE_LOOP_BOUNDARY
48,1058,0,1.0,0,0,0,0,1,5,4,6,1,5,4,11,313,1,1,0,0,0,1,0,0,1,13,2,0,0,0,0,1,0,0,1,1,3,2,0,0,1,0,12,0,0,0,0,0,1,0,14,0,gen_off_by_one_fix_032,NO_ISSUE
11,278,0,1.0,0,0,0,0,1,1,2,1,0,0,2,11,93,1,1,1,0,0,1,1,1,1,24,1,0,0,0,0,1,0,0,1,0,0,0,0,0,0,0,0,0,0,0,0,0,0,0,0,0,gen_off_by_one_bug_033,OFF_BY_ONE_LOOP_BOUNDARY
11,277,0,1.0,0,0,0,0,1,1,2,1,0,0,2,11,93,1,1,0,0,0,1,0,0,1,24,1,0,0,0,0,1,0,0,1,0,0,0,0,0,0,0,0,0,0,0,0,0,0,0,0,0,gen_off_by_one_fix_033,NO_ISSUE
33,776,0,1.0,0,0,0,0,1,4,6,4,0,2,7,12,274,3,3,1,0,0,3,1,1,3,29,2,0,0,0,0,5,0,0,3,0,0,0,0,0,0,0,0,0,0,0,0,0,0,0,0,0,gen_off_by_one_bug_034,OFF_BY_ONE_LOOP_BOUNDARY
33,775,0,1.0,0,0,0,0,1,4,6,4,0,2,7,12,274,3,3,0,0,0,3,0,0,3,29,2,0,0,0,0,5,0,0,3,0,0,0,0,0,0,0,0,0,0,0,0,0,0,0,0,0,gen_off_by_one_fix_034,NO_ISSUE
73,1677,0,1.0,0,0,0,0,1,9,8,13,2,4,14,12,558,3,3,1,0,0,3,1,1,3,30,5,0,2,0,0,6,0,0,4,0,0,0,0,0,0,0,0,0,0,0,0,0,2,0,14,0,gen_off_by_one_bug_035,OFF_BY_ONE_LOOP_BOUNDARY
73,1676,0,1.0,0,0,0,0,1,9,8,13,2,4,14,12,558,3,3,0,0,0,3,0,0,3,30,5,0,2,0,0,6,0,0,4,0,0,0,0,0,0,0,0,0,0,0,0,0,2,0,14,0,gen_off_by_one_fix_035,NO_ISSUE
29,704,0,1.0,0,0,0,0,1,4,4,5,0,1,6,11,239,2,2,1,0,0,2,1,1,2,30,1,0,1,0,0,2,0,0,2,0,0,0,0,0,0,0,0,0,0,0,0,0,0,0,0,0,gen_off_by_one_bug_036,OFF_BY_ONE_LOOP_BOUNDARY
29,703,0,1.0,0,0,0,0,1,4,4,5,0,1,6,11,239,2,2,0,0,0,2,0,0,2,30,1,0,1,0,0,2,0,0,2,0,0,0,0,0,0,0,0,0,0,0,0,0,0,0,0,0,gen_off_by_one_fix_036,NO_ISSUE
34,775,0,1.0,0,0,0,0,1,4,3,7,1,2,6,10,257,1,1,1,0,0,1,1,1,1,17,3,0,1,0,0,2,0,0,2,0,0,0,0,0,0,0,0,0,0,0,0,0,1,0,14,0,gen_off_by_one_bug_037,OFF_BY_ONE_LOOP_BOUNDARY
34,774,0,1.0,0,0,0,0,1,4,3,7,1,2,6,10,257,1,1,0,0,0,1,0,0,1,17,3,0,1,0,0,2,0,0,2,0,0,0,0,0,0,0,0,0,0,0,0,0,1,0,14,0,gen_off_by_one_fix_037,NO_ISSUE
9,216,0,1.0,0,0,0,0,1,1,2,1,0,1,1,10,77,1,1,1,0,0,1,1,1,1,13,0,0,0,0,0,1,0,0,1,0,0,0,0,0,0,0,0,0,0,0,0,0,0,0,0,0,gen_off_by_one_bug_038,OFF_BY_ONE_LOOP_BOUNDARY
9,215,0,1.0,0,0,0,0,1,1,2,1,0,1,1,10,77,1,1,0,0,0,1,0,0,1,13,0,0,0,0,0,1,0,0,1,0,0,0,0,0,0,0,0,0,0,0,0,0,0,0,0,0,gen_off_by_one_fix_038,NO_ISSUE
11,278,0,1.0,0,0,0,0,1,1,2,1,0,0,2,11,93,1,1,1,0,0,1,1,1,1,24,1,0,0,0,0,1,0,0,1,0,0,0,0,0,0,0,0,0,0,0,0,0,0,0,0,0,gen_off_by_one_bug_039,OFF_BY_ONE_LOOP_BOUNDARY
11,277,0,1.0,0,0,0,0,1,1,2,1,0,0,2,11,93,1,1,0,0,0,1,0,0,1,24,1,0,0,0,0,1,0,0,1,0,0,0,0,0,0,0,0,0,0,0,0,0,0,0,0,0,gen_off_by_one_fix_039,NO_ISSUE
14,328,0,1.0,0,0,0,0,1,2,1,2,0,0,3,11,115,1,1,1,0,0,1,1,1,1,20,1,0,1,0,0,1,0,0,1,0,0,0,0,0,0,0,0,0,0,0,0,0,0,0,0,0,gen_off_by_one_bug_040,OFF_BY_ONE_LOOP_BOUNDARY
14,327,0,1.0,0,0,0,0,1,2,1,2,0,0,3,11,115,1,1,0,0,0,1,0,0,1,20,1,0,1,0,0,1,0,0,1,0,0,0,0,0,0,0,0,0,0,0,0,0,0,0,0,0,gen_off_by_one_fix_040,NO_ISSUE
40,1017,0,1.0,0,0,0,0,1,5,6,3,0,2,4,12,368,3,3,1,0,0,3,1,1,3,30,1,0,0,0,0,6,0,0,4,0,0,0,0,0,0,0,0,0,0,0,0,0,0,0,0,0,gen_off_by_one_bug_041,OFF_BY_ONE_LOOP_BOUNDARY
40,1016,0,1.0,0,0,0,0,1,5,6,3,0,2,4,12,368,3,3,0,0,0,3,0,0,3,30,1,0,0,0,0,6,0,0,4,0,0,0,0,0,0,0,0,0,0,0,0,0,0,0,0,0,gen_off_by_one_fix_041,NO_ISSUE
7,176,0,1.0,0,0,0,0,1,1,1,0,0,0,1,11,71,1,1,1,0,0,1,1,1,1,20,0,0,0,0,0,1,0,0,1,0,0,0,0,0,0,0,0,0,0,0,0,0,0,0,0,0,gen_off_by_one_bug_042,OFF_BY_ONE_LOOP_BOUNDARY
7,175,0,1.0,0,0,0,0,1,1,1,0,0,0,1,11,71,1,1,0,0,0,1,0,0,1,20,0,0,0,0,0,1,0,0,1,0,0,0,0,0,0,0,0,0,0,0,0,0,0,0,0,0,gen_off_by_one_fix_042,NO_ISSUE
23,525,0,1.0,0,0,0,0,1,3,4,3,0,2,5,12,190,2,2,1,0,0,2,1,1,2,29,1,0,0,0,0,4,0,0,2,0,0,0,0,0,0,0,0,0,0,0,0,0,0,0,0,0,gen_off_by_one_bug_043,OFF_BY_ONE_LOOP_BOUNDARY
23,524,0,1.0,0,0,0,0,1,3,4,3,0,2,5,12,190,2,2,0,0,0,2,0,0,2,29,1,0,0,0,0,4,0,0,2,0,0,0,0,0,0,0,0,0,0,0,0,0,0,0,0,0,gen_off_by_one_fix_043,NO_ISSUE
35,773,0,1.0,0,0,0,0,1,4,5,6,1,3,5,10,257,2,2,1,0,0,2,1,1,2,13,2,0,0,0,0,2,0,0,2,0,0,0,0,0,0,0,0,0,0,0,0,0,1,0,14,0,gen_off_by_one_bug_044,OFF_BY_ONE_LOOP_BOUNDARY
35,772,0,1.0,0,0,0,0,1,4,5,6,1,3,5,10,257,2,2,0,0,0,2,0,0,2,13,2,0,0,0,0,2,0,0,2,0,0,0,0,0,0,0,0,0,0,0,0,0,1,0,14,0,gen_off_by_one_fix_044,NO_ISSUE
9,244,0,1.0,0,0,0,0,1,1,2,1,0,1,1,10,99,1,1,1,0,0,1,1,1,1,17,0,0,0,0,0,2,0,0,2,0,0,0,0,0,0,0,0,0,0,0,0,0,0,0,0,0,gen_off_by_one_bug_045,OFF_BY_ONE_LOOP_BOUNDARY
9,243,0,1.0,0,0,0,0,1,1,2,1,0,1,1,10,99,1,1,0,0,0,1,0,0,1,17,0,0,0,0,0,2,0,0,2,0,0,0,0,0,0,0,0,0,0,0,0,0,0,0,0,0,gen_off_by_one_fix_045,NO_ISSUE
9,216,0,1.0,0,0,0,0,1,1,2,1,0,1,1,10,77,1,1,1,0,0,1,1,1,1,13,0,0,0,0,0,1,0,0,1,0,0,0,0,0,0,0,0,0,0,0,0,0,0,0,0,0,gen_off_by_one_bug_046,OFF_BY_ONE_LOOP_BOUNDARY
9,215,0,1.0,0,0,0,0,1,1,2,1,0,1,1,10,77,1,1,0,0,0,1,0,0,1,13,0,0,0,0,0,1,0,0,1,0,0,0,0,0,0,0,0,0,0,0,0,0,0,0,0,0,gen_off_by_one_fix_046,NO_ISSUE
26,603,0,1.0,0,0,0,0,1,3,4,4,0,2,5,12,209,2,2,1,0,0,2,1,1,2,29,2,0,1,0,0,4,0,0,2,0,0,0,0,0,0,0,0,0,0,0,0,0,0,0,0,0,gen_off_by_one_bug_047,OFF_BY_ONE_LOOP_BOUNDARY
26,602,0,1.0,0,0,0,0,1,3,4,4,0,2,5,12,209,2,2,0,0,0,2,0,0,2,29,2,0,1,0,0,4,0,0,2,0,0,0,0,0,0,0,0,0,0,0,0,0,0,0,0,0,gen_off_by_one_fix_047,NO_ISSUE
16,371,0,1.0,0,0,0,0,1,2,1,3,0,0,3,11,132,1,1,1,0,0,1,1,1,1,20,2,0,0,0,0,1,0,0,1,0,0,0,0,0,0,0,0,0,0,0,0,0,0,0,0,0,gen_off_by_one_bug_048,OFF_BY_ONE_LOOP_BOUNDARY
16,370,0,1.0,0,0,0,0,1,2,1,3,0,0,3,11,132,1,1,0,0,0,1,0,0,1,20,2,0,0,0,0,1,0,0,1,0,0,0,0,0,0,0,0,0,0,0,0,0,0,0,0,0,gen_off_by_one_fix_048,NO_ISSUE
47,1080,0,1.0,0,0,0,0,1,6,5,9,0,2,10,12,376,3,3,1,0,0,3,1,1,3,29,5,0,0,0,0,5,0,0,3,0,0,0,0,0,0,0,0,0,0,0,0,0,0,0,0,0,gen_off_by_one_bug_049,OFF_BY_ONE_LOOP_BOUNDARY
47,1079,0,1.0,0,0,0,0,1,6,5,9,0,2,10,12,376,3,3,0,0,0,3,0,0,3,29,5,0,0,0,0,5,0,0,3,0,0,0,0,0,0,0,0,0,0,0,0,0,0,0,0,0,gen_off_by_one_fix_049,NO_ISSUE
23,541,0,1.0,0,0,0,0,1,3,4,3,0,1,5,11,186,2,2,1,0,0,2,1,1,2,24,1,0,0,0,0,2,0,0,2,0,0,0,0,0,0,0,0,0,0,0,0,0,0,0,0,0,gen_off_by_one_bug_050,OFF_BY_ONE_LOOP_BOUNDARY
23,540,0,1.0,0,0,0,0,1,3,4,3,0,1,5,11,186,2,2,0,0,0,2,0,0,2,24,1,0,0,0,0,2,0,0,2,0,0,0,0,0,0,0,0,0,0,0,0,0,0,0,0,0,gen_off_by_one_fix_050,NO_ISSUE
7,176,0,1.0,0,0,0,0,1,1,1,0,0,0,1,11,71,1,1,1,0,0,1,1,1,1,20,0,0,0,0,0,1,0,0,1,0,0,0,0,0,0,0,0,0,0,0,0,0,0,0,0,0,gen_off_by_one_bug_051,OFF_BY_ONE_LOOP_BOUNDARY
7,175,0,1.0,0,0,0,0,1,1,1,0,0,0,1,11,71,1,1,0,0,0,1,0,0,1,20,0,0,0,0,0,1,0,0,1,0,0,0,0,0,0,0,0,0,0,0,0,0,0,0,0,0,gen_off_by_one_fix_051,NO_ISSUE
9,248,0,1.0,0,0,0,0,1,1,2,1,0,1,1,10,99,1,1,1,0,0,1,1,1,1,17,0,0,0,0,0,2,0,0,2,0,0,0,0,0,0,0,0,0,0,0,0,0,0,0,0,0,gen_off_by_one_bug_052,OFF_BY_ONE_LOOP_BOUNDARY
9,247,0,1.0,0,0,0,0,1,1,2,1,0,1,1,10,99,1,1,0,0,0,1,0,0,1,17,0,0,0,0,0,2,0,0,2,0,0,0,0,0,0,0,0,0,0,0,0,0,0,0,0,0,gen_off_by_one_fix_052,NO_ISSUE
20,455,0,1.0,0,0,0,0,1,2,3,2,1,1,3,11,144,1,1,1,0,0,1,1,1,1,24,1,0,0,0,0,1,0,0,1,0,0,0,0,0,0,0,0,0,0,0,0,0,1,0,14,0,gen_off_by_one_bug_053,OFF_BY_ONE_LOOP_BOUNDARY
20,454,0,1.0,0,0,0,0,1,2,3,2,1,1,3,11,144,1,1,0,0,0,1,0,0,1,24,1,0,0,0,0,1,0,0,1,0,0,0,0,0,0,0,0,0,0,0,0,0,1,0,14,0,gen_off_by_one_fix_053,NO_ISSUE
9,216,0,1.0,0,0,0,0,1,1,2,1,0,1,1,10,77,1,1,1,0,0,1,1,1,1,13,0,0,0,0,0,1,0,0,1,0,0,0,0,0,0,0,0,0,0,0,0,0,0,0,0,0,gen_off_by_one_bug_054,OFF_BY_ONE_LOOP_BOUNDARY
9,215,0,1.0,0,0,0,0,1,1,2,1,0,1,1,10,77,1,1,0,0,0,1,0,0,1,13,0,0,0,0,0,1,0,0,1,0,0,0,0,0,0,0,0,0,0,0,0,0,0,0,0,0,gen_off_by_one_fix_054,NO_ISSUE
16,377,0,1.0,0,0,0,0,1,2,1,3,0,0,3,11,132,1,1,1,0,0,1,1,1,1,20,2,0,0,0,0,1,0,0,1,0,0,0,0,0,0,0,0,0,0,0,0,0,0,0,0,0,gen_off_by_one_bug_055,OFF_BY_ONE_LOOP_BOUNDARY
16,376,0,1.0,0,0,0,0,1,2,1,3,0,0,3,11,132,1,1,0,0,0,1,0,0,1,20,2,0,0,0,0,1,0,0,1,0,0,0,0,0,0,0,0,0,0,0,0,0,0,0,0,0,gen_off_by_one_fix_055,NO_ISSUE
24,536,0,1.0,0,0,0,0,1,3,4,4,0,2,4,10,189,2,2,1,0,0,2,1,1,2,13,1,0,1,0,0,2,0,0,2,0,0,0,0,0,0,0,0,0,0,0,0,0,0,0,0,0,gen_off_by_one_bug_056,OFF_BY_ONE_LOOP_BOUNDARY
24,535,0,1.0,0,0,0,0,1,3,4,4,0,2,4,10,189,2,2,0,0,0,2,0,0,2,13,1,0,1,0,0,2,0,0,2,0,0,0,0,0,0,0,0,0,0,0,0,0,0,0,0,0,gen_off_by_one_fix_056,NO_ISSUE
7,182,0,1.0,0,0,0,0,1,1,1,0,0,0,1,11,71,1,1,1,0,0,1,1,1,1,20,0,0,0,0,0,1,0,0,1,0,0,0,0,0,0,0,0,0,0,0,0,0,0,0,0,0,gen_off_by_one_bug_057,OFF_BY_ONE_LOOP_BOUNDARY
7,181,0,1.0,0,0,0,0,1,1,1,0,0,0,1,11,71,1,1,0,0,0,1,0,0,1,20,0,0,0,0,0,1,0,0,1,0,0,0,0,0,0,0,0,0,0,0,0,0,0,0,0,0,gen_off_by_one_fix_057,NO_ISSUE
49,1076,0,1.0,0,0,0,0,1,5,5,6,2,6,5,11,325,1,1,1,0,0,1,1,1,1,17,1,0,1,0,0,2,0,0,2,1,3,2,0,0,1,0,12,0,0,0,0,0,2,0,14,0,gen_off_by_one_bug_058,OFF_BY_ONE_LOOP_BOUNDARY
49,1075,0,1.0,0,0,0,0,1,5,5,6,2,6,5,11,325,1,1,0,0,0,1,0,0,1,17,1,0,1,0,0,2,0,0,2,1,3,2,0,0,1,0,12,0,0,0,0,0,2,0,14,0,gen_off_by_one_fix_058,NO_ISSUE
17,427,0,1.0,0,0,0,0,1,2,4,2,0,2,2,10,167,2,2,1,0,0,2,1,1,2,17,0,0,0,0,0,3,0,0,3,0,0,0,0,0,0,0,0,0,0,0,0,0,0,0,0,0,gen_off_by_one_bug_059,OFF_BY_ONE_LOOP_BOUNDARY
17,426,0,1.0,0,0,0,0,1,2,4,2,0,2,2,10,167,2,2,0,0,0,2,0,0,2,17,0,0,0,0,0,3,0,0,3,0,0,0,0,0,0,0,0,0,0,0,0,0,0,0,0,0,gen_off_by_one_fix_059,NO_ISSUE
16,449,0,1.0,0,0,0,0,1,2,3,1,0,0,2,11,164,2,2,1,0,0,2,1,1,2,30,0,0,0,0,0,2,0,0,2,0,0,0,0,0,0,0,0,0,0,0,0,0,0,0,0,0,gen_off_by_one_bug_060,OFF_BY_ONE_LOOP_BOUNDARY
16,448,0,1.0,0,0,0,0,1,2,3,1,0,0,2,11,164,2,2,0,0,0,2,0,0,2,30,0,0,0,0,0,2,0,0,2,0,0,0,0,0,0,0,0,0,0,0,0,0,0,0,0,0,gen_off_by_one_fix_060,NO_ISSUE
11,281,0,1.0,0,0,0,0,1,1,2,1,0,0,2,11,93,1,1,1,0,0,1,1,1,1,24,1,0,0,0,0,1,0,0,1,0,0,0,0,0,0,0,0,0,0,0,0,0,0,0,0,0,gen_off_by_one_bug_061,OFF_BY_ONE_LOOP_BOUNDARY
11,280,0,1.0,0,0,0,0,1,1,2,1,0,0,2,11,93,1,1,0,0,0,1,0,0,1,24,1,0,0,0,0,1,0,0,1,0,0,0,0,0,0,0,0,0,0,0,0,0,0,0,0,0,gen_off_by_one_fix_061,NO_ISSUE
27,632,0,1.0,0,0,0,0,1,3,6,3,0,2,4,11,229,3,3,1,0,0,3,1,1,3,24,1,0,0,0,0,3,0,0,3,0,0,0,0,0,0,0,0,0,0,0,0,0,0,0,0,0,gen_off_by_one_bug_062,OFF_BY_ONE_LOOP_BOUNDARY
27,631,0,1.0,0,0,0,0,1,3,6,3,0,2,4,11,229,3,3,0,0,0,3,0,0,3,24,1,0,0,0,0,3,0,0,3,0,0,0,0,0,0,0,0,0,0,0,0,0,0,0,0,0,gen_off_by_one_fix_062,NO_ISSUE
11,281,0,1.0,0,0,0,0,1,1,2,1,0,0,2,11,93,1,1,1,0,0,1,1,1,1,24,1,0,0,0,0,1,0,0,1,0,0,0,0,0,0,0,0,0,0,0,0,0,0,0,0,0,gen_off_by_one_bug_063,OFF_BY_ONE_LOOP_BOUNDARY
11,280,0,1.0,0,0,0,0,1,1,2,1,0,0,2,11,93,1,1,0,0,0,1,0,0,1,24,1,0,0,0,0,1,0,0,1,0,0,0,0,0,0,0,0,0,0,0,0,0,0,0,0,0,gen_off_by_one_fix_063,NO_ISSUE
36,852,0,1.0,0,0,0,0,1,3,5,3,0,4,4,12,261,2,2,1,0,0,2,1,1,2,29,2,0,0,0,0,4,0,0,2,1,3,2,0,0,1,0,12,0,0,0,0,0,0,0,0,0,gen_off_by_one_bug_064,OFF_BY_ONE_LOOP_BOUNDARY
36,851,0,1.0,0,0,0,0,1,3,5,3,0,4,4,12,261,2,2,0,0,0,2,0,0,2,29,2,0,0,0,0,4,0,0,2,1,3,2,0,0,1,0,12,0,0,0,0,0,0,0,0,0,gen_off_by_one_fix_064,NO_ISSUE
13,300,0,1.0,0,0,0,0,1,2,2,2,0,1,3,10,102,1,1,1,0,0,1,1,1,1,13,0,0,0,0,0,1,0,0,1,0,0,0,0,0,0,0,0,0,0,0,0,0,0,0,0,0,gen_off_by_one_bug_065,OFF_BY_ONE_LOOP_BOUNDARY
13,299,0,1.0,0,0,0,0,1,2,2,2,0,1,3,10,102,1,1,0,0,0,1,0,0,1,13,0,0,0,0,0,1,0,0,1,0,0,0,0,0,0,0,0,0,0,0,0,0,0,0,0,0,gen_off_by_one_fix_065,NO_ISSUE
25,591,0,1.0,0,0,0,0,1,3,4,2,0,2,3,12,209,2,2,1,0,0,2,1,1,2,29,1,0,0,0,0,4,0,0,1,0,0,0,0,0,0,0,0,0,0,0,0,0,0,0,0,0,gen_off_by_one_bug_066,OFF_BY_ONE_LOOP_BOUNDARY
25,590,0,1.0,0,0,0,0,1,3,4,2,0,2,3,12,209,2,2,0,0,0,2,0,0,2,29,1,0,0,0,0,4,0,0,1,0,0,0,0,0,0,0,0,0,0,0,0,0,0,0,0,0,gen_off_by_one_fix_066,NO_ISSUE
20,461,0,1.0,0,0,0,0,1,2,3,2,1,1,3,11,144,1,1,1,0,0,1,1,1,1,24,1,0,0,0,0,1,0,0,1,0,0,0,0,0,0,0,0,0,0,0,0,0,1,0,14,0,gen_off_by_one_bug_067,OFF_BY_ONE_LOOP_BOUNDARY
20,460,0,1.0,0,0,0,0,1,2,3,2,1,1,3,11,144,1,1,0,0,0,1,0,0,1,24,1,0,0,0,0,1,0,0,1,0,0,0,0,0,0,0,0,0,0,0,0,0,1,0,14,0,gen_off_by_one_fix_067,NO_ISSUE
9,240,0,1.0,0,0,0,0,1,1,2,1,0,1,1,10,99,1,1,1,0,0,1,1,1,1,17,0,0,0,0,0,2,0,0,2,0,0,0,0,0,0,0,0,0,0,0,0,0,0,0,0,0,gen_off_by_one_bug_068,OFF_BY_ONE_LOOP_BOUNDARY
9,239,0,1.0,0,0,0,0,1,1,2,1,0,1,1,10,99,1,1,0,0,0,1,0,0,1,17,0,0,0,0,0,2,0,0,2,0,0,0,0,0,0,0,0,0,0,0,0,0,0,0,0,0,gen_off_by_one_fix_068,NO_ISSUE
27,651,0,1.0,0,0,0,0,1,3,4,2,0,1,4,12,225,2,2,1,0,0,2,1,1,2,29,2,0,0,0,0,4,0,0,2,0,0,0,0,0,0,0,0,0,0,0,0,0,0,0,0,0,gen_off_by_one_bug_069,OFF_BY_ONE_LOOP_BOUNDARY
27,650,0,1.0,0,0,0,0,1,3,4,2,0,1,4,12,225,2,2,0,0,0,2,0,0,2,29,2,0,0,0,0,4,0,0,2,0,0,0,0,0,0,0,0,0,0,0,0,0,0,0,0,0,gen_off_by_one_fix_069,NO_ISSUE
47,1049,0,1.0,0,0,0,0,1,5,5,7,0,5,7,12,331,2,2,1,0,0,2,1,1,2,29,3,0,0,0,0,4,0,0,1,1,3,2,0,0,1,0,12,0,0,0,0,0,0,0,0,0,gen_off_by_one_bug_070,OFF_BY_ONE_LOOP_BOUNDARY
47,1048,0,1.0,0,0,0,0,1,5,5,7,0,5,7,12,331,2,2,0,0,0,2,0,0,2,29,3,0,0,0,0,4,0,0,1,1,3,2,0,0,1,0,12,0,0,0,0,0,0,0,0,0,gen_off_by_one_fix_070,NO_ISSUE
39,869,0,1.0,0,0,0,0,1,3,4,3,0,7,1,11,237,1,1,1,0,0,1,1,1,1,13,0,0,0,0,0,1,0,0,1,2,6,4,0,0,2,0,12,0,0,0,0,0,0,0,0,0,gen_off_by_one_bug_071,OFF_BY_ONE_LOOP_BOUNDARY
39,868,0,1.0,0,0,0,0,1,3,4,3,0,7,1,11,237,1,1,0,0,0,1,0,0,1,13,0,0,0,0,0,1,0,0,1,2,6,4,0,0,2,0,12,0,0,0,0,0,0,0,0,0,gen_off_by_one_fix_071,NO_ISSUE
32,765,0,1.0,0,0,0,0,1,3,4,2,0,4,3,12,239,2,2,1,0,0,2,1,1,2,29,1,0,0,0,0,4,0,0,2,1,3,2,0,0,1,0,12,0,0,0,0,0,0,0,0,0,gen_off_by_one_bug_072,OFF_BY_ONE_LOOP_BOUNDARY
32,764,0,1.0,0,0,0,0,1,3,4,2,0,4,3,12,239,2,2,0,0,0,2,0,0,2,29,1,0,0,0,0,4,0,0,2,1,3,2,0,0,1,0,12,0,0,0,0,0,0,0,0,0,gen_off_by_one_fix_072,NO_ISSUE
25,650,0,1.0,0,0,0,0,1,3,3,4,0,0,4,11,227,2,2,1,0,0,2,1,1,2,30,2,0,0,0,0,2,0,0,2,0,0,0,0,0,0,0,0,0,0,0,0,0,0,0,0,0,gen_off_by_one_bug_073,OFF_BY_ONE_LOOP_BOUNDARY
25,649,0,1.0,0,0,0,0,1,3,3,4,0,0,4,11,227,2,2,0,0,0,2,0,0,2,30,2,0,0,0,0,2,0,0,2,0,0,0,0,0,0,0,0,0,0,0,0,0,0,0,0,0,gen_off_by_one_fix_073,NO_ISSUE
24,563,0,1.0,0,0,0,0,1,3,3,4,0,1,4,11,202,2,2,1,0,0,2,1,1,2,20,2,0,0,0,0,2,0,0,2,0,0,0,0,0,0,0,0,0,0,0,0,0,0,0,0,0,gen_off_by_one_bug_074,OFF_BY_ONE_LOOP_BOUNDARY
24,562,0,1.0,0,0,0,0,1,3,3,4,0,1,4,11,202,2,2,0,0,0,2,0,0,2,20,2,0,0,0,0,2,0,0,2,0,0,0,0,0,0,0,0,0,0,0,0,0,0,0,0,0,gen_off_by_one_fix_074,NO_ISSUE
26,603,0,1.0,0,0,0,0,1,4,2,6,0,1,7,10,210,1,1,1,0,0,1,1,1,1,17,2,0,0,0,0,2,0,0,2,0,0,0,0,0,0,0,0,0,0,0,0,0,0,0,0,0,gen_off_by_one_bug_075,OFF_BY_ONE_LOOP_BOUNDARY
26,602,0,1.0,0,0,0,0,1,4,2,6,0,1,7,10,210,1,1,0,0,0,1,0,0,1,17,2,0,0,0,0,2,0,0,2,0,0,0,0,0,0,0,0,0,0,0,0,0,0,0,0,0,gen_off_by_one_fix_075,NO_ISSUE
42,968,0,1.0,0,0,0,0,1,4,3,8,0,4,5,11,303,1,1,1,0,0,1,1,1,1,17,4,0,0,0,0,2,0,0,2,1,3,2,0,0,1,0,12,0,0,0,0,0,0,0,0,0,gen_off_by_one_bug_076,OFF_BY_ONE_LOOP_BOUNDARY
42,967,0,1.0,0,0,0,0,1,4,3,8,0,4,5,11,303,1,1,0,0,0,1,0,0,1,17,4,0,0,0,0,2,0,0,2,1,3,2,0,0,1,0,12,0,0,0,0,0,0,0,0,0,gen_off_by_one_fix_076,NO_ISSUE
19,455,0,1.0,0,0,0,0,1,2,4,2,0,1,3,11,161,2,2,1,0,0,2,1,1,2,24,1,0,0,0,0,2,0,0,2,0,0,0,0,0,0,0,0,0,0,0,0,0,0,0,0,0,gen_off_by_one_bug_077,OFF_BY_ONE_LOOP_BOUNDARY
19,454,0,1.0,0,0,0,0,1,2,4,2,0,1,3,11,161,2,2,0,0,0,2,0,0,2,24,1,0,0,0,0,2,0,0,2,0,0,0,0,0,0,0,0,0,0,0,0,0,0,0,0,0,gen_off_by_one_fix_077,NO_ISSUE
19,443,0,1.0,0,0,0,0,1,3,3,2,0,1,4,11,164,2,2,1,0,0,2,1,1,2,20,0,0,0,0,0,2,0,0,2,0,0,0,0,0,0,0,0,0,0,0,0,0,0,0,0,0,gen_off_by_one_bug_078,OFF_BY_ONE_LOOP_BOUNDARY
19,442,0,1.0,0,0,0,0,1,3,3,2,0,1,4,11,164,2,2,0,0,0,2,0,0,2,20,0,0,0,0,0,2,0,0,2,0,0,0,0,0,0,0,0,0,0,0,0,0,0,0,0,0,gen_off_by_one_fix_078,NO_ISSUE
9,216,0,1.0,0,0,0,0,1,1,2,1,0,1,1,10,77,1,1,1,0,0,1,1,1,1,13,0,0,0,0,0,1,0,0,1,0,0,0,0,0,0,0,0,0,0,0,0,0,0,0,0,0,gen_off_by_one_bug_079,OFF_BY_ONE_LOOP_BOUNDARY
9,215,0,1.0,0,0,0,0,1,1,2,1,0,1,1,10,77,1,1,0,0,0,1,0,0,1,13,0,0,0,0,0,1,0,0,1,0,0,0,0,0,0,0,0,0,0,0,0,0,0,0,0,0,gen_off_by_one_fix_079,NO_ISSUE
51,1107,0,1.0,0,0,0,0,1,6,5,11,1,3,9,10,362,2,2,1,0,0,2,1,1,2,13,5,0,1,0,0,2,0,0,2,0,0,0,0,0,0,0,0,0,0,0,0,0,1,0,14,0,gen_off_by_one_bug_080,OFF_BY_ONE_LOOP_BOUNDARY
51,1106,0,1.0,0,0,0,0,1,6,5,11,1,3,9,10,362,2,2,0,0,0,2,0,0,2,13,5,0,1,0,0,2,0,0,2,0,0,0,0,0,0,0,0,0,0,0,0,0,1,0,14,0,gen_off_by_one_fix_080,NO_ISSUE
23,586,0,1.0,0,0,0,0,1,3,3,3,0,0,4,11,208,2,2,1,0,0,2,1,1,2,30,1,0,1,0,0,2,0,0,2,0,0,0,0,0,0,0,0,0,0,0,0,0,0,0,0,0,gen_off_by_one_bug_081,OFF_BY_ONE_LOOP_BOUNDARY
23,585,0,1.0,0,0,0,0,1,3,3,3,0,0,4,11,208,2,2,0,0,0,2,0,0,2,30,1,0,1,0,0,2,0,0,2,0,0,0,0,0,0,0,0,0,0,0,0,0,0,0,0,0,gen_off_by_one_fix_081,NO_ISSUE
13,290,0,1.0,0,0,0,0,1,2,2,2,0,1,3,10,102,1,1,1,0,0,1,1,1,1,13,0,0,0,0,0,1,0,0,1,0,0,0,0,0,0,0,0,0,0,0,0,0,0,0,0,0,gen_off_by_one_bug_082,OFF_BY_ONE_LOOP_BOUNDARY
13,289,0,1.0,0,0,0,0,1,2,2,2,0,1,3,10,102,1,1,0,0,0,1,0,0,1,13,0,0,0,0,0,1,0,0,1,0,0,0,0,0,0,0,0,0,0,0,0,0,0,0,0,0,gen_off_by_one_fix_082,NO_ISSUE
9,216,0,1.0,0,0,0,0,1,1,2,1,0,1,1,10,77,1,1,1,0,0,1,1,1,1,13,0,0,0,0,0,1,0,0,1,0,0,0,0,0,0,0,0,0,0,0,0,0,0,0,0,0,gen_off_by_one_bug_083,OFF_BY_ONE_LOOP_BOUNDARY
9,215,0,1.0,0,0,0,0,1,1,2,1,0,1,1,10,77,1,1,0,0,0,1,0,0,1,13,0,0,0,0,0,1,0,0,1,0,0,0,0,0,0,0,0,0,0,0,0,0,0,0,0,0,gen_off_by_one_fix_083,NO_ISSUE
27,604,0,1.0,0,0,0,0,1,3,3,4,1,1,5,11,188,1,1,1,0,0,1,1,1,1,24,2,0,1,0,0,1,0,0,1,0,0,0,0,0,0,0,0,0,0,0,0,0,1,0,14,0,gen_off_by_one_bug_084,OFF_BY_ONE_LOOP_BOUNDARY
27,603,0,1.0,0,0,0,0,1,3,3,4,1,1,5,11,188,1,1,0,0,0,1,0,0,1,24,2,0,1,0,0,1,0,0,1,0,0,0,0,0,0,0,0,0,0,0,0,0,1,0,14,0,gen_off_by_one_fix_084,NO_ISSUE
24,566,0,1.0,0,0,0,0,1,3,3,4,0,1,4,11,202,2,2,1,0,0,2,1,1,2,20,2,0,0,0,0,2,0,0,2,0,0,0,0,0,0,0,0,0,0,0,0,0,0,0,0,0,gen_off_by_one_bug_085,OFF_BY_ONE_LOOP_BOUNDARY
24,565,0,1.0,0,0,0,0,1,3,3,4,0,1,4,11,202,2,2,0,0,0,2,0,0,2,20,2,0,0,0,0,2,0,0,2,0,0,0,0,0,0,0,0,0,0,0,0,0,0,0,0,0,gen_off_by_one_fix_085,NO_ISSUE
75,1676,0,1.0,0,0,0,0,1,8,8,10,1,7,10,12,535,3,3,1,0,0,3,1,1,3,29,5,0,1,0,0,7,0,0,2,1,3,2,0,0,1,0,12,0,0,0,0,0,1,0,14,0,gen_off_by_one_bug_086,OFF_BY_ONE_LOOP_BOUNDARY
75,1675,0,1.0,0,0,0,0,1,8,8,10,1,7,10,12,535,3,3,0,0,0,3,0,0,3,29,5,0,1,0,0,7,0,0,2,1,3,2,0,0,1,0,12,0,0,0,0,0,1,0,14,0,gen_off_by_one_fix_086,NO_ISSUE
46,1035,0,1.0,0,0,0,0,1,6,3,7,1,2,6,10,345,1,1,1,0,0,1,1,1,1,17,3,0,1,0,0,2,0,0,2,0,0,0,0,0,0,0,0,0,0,0,0,0,1,0,14,0,gen_off_by_one_bug_087,OFF_BY_ONE_LOOP_BOUNDARY
46,1034,0,1.0,0,0,0,0,1,6,3,7,1,2,6,10,345,1,1,0,0,0,1,0,0,1,17,3,0,1,0,0,2,0,0,2,0,0,0,0,0,0,0,0,0,0,0,0,0,1,0,14,0,gen_off_by_one_fix_087,NO_ISSUE
39,872,0,1.0,0,0,0,0,1,5,4,3,2,3,3,10,289,1,1,1,0,0,1,1,1,1,17,0,0,0,0,0,2,0,0,2,0,0,0,0,0,0,0,0,0,0,0,0,0,2,0,14,0,gen_off_by_one_bug_088,OFF_BY_ONE_LOOP_BOUNDARY
39,871,0,1.0,0,0,0,0,1,5,4,3,2,3,3,10,289,1,1,0,0,0,1,0,0,1,17,0,0,0,0,0,2,0,0,2,0,0,0,0,0,0,0,0,0,0,0,0,0,2,0,14,0,gen_off_by_one_fix_088,NO_ISSUE
63,1478,0,1.0,0,0,0,0,1,7,9,10,0,4,12,12,525,5,5,1,0,0,5,1,1,5,29,7,0,0,0,0,11,0,0,4,0,0,0,0,0,0,0,0,0,0,0,0,0,0,0,0,0,gen_off_by_one_bug_089,OFF_BY_ONE_LOOP_BOUNDARY
63,1477,0,1.0,0,0,0,0,1,7,9,10,0,4,12,12,525,5,5,0,0,0,5,0,0,5,29,7,0,0,0,0,11,0,0,4,0,0,0,0,0,0,0,0,0,0,0,0,0,0,0,0,0,gen_off_by_one_fix_089,NO_ISSUE
26,595,0,1.0,0,0,0,0,1,3,3,2,1,1,3,11,188,1,1,1,0,0,1,1,1,1,24,1,0,0,0,0,1,0,0,1,0,0,0,0,0,0,0,0,0,0,0,0,0,1,0,14,0,gen_off_by_one_bug_090,OFF_BY_ONE_LOOP_BOUNDARY
26,594,0,1.0,0,0,0,0,1,3,3,2,1,1,3,11,188,1,1,0,0,0,1,0,0,1,24,1,0,0,0,0,1,0,0,1,0,0,0,0,0,0,0,0,0,0,0,0,0,1,0,14,0,gen_off_by_one_fix_090,NO_ISSUE
22,491,0,1.0,0,0,0,0,1,3,2,5,0,1,5,10,163,1,1,1,0,0,1,1,1,1,13,2,0,0,0,0,1,0,0,1,0,0,0,0,0,0,0,0,0,0,0,0,0,0,0,0,0,gen_off_by_one_bug_091,OFF_BY_ONE_LOOP_BOUNDARY
22,490,0,1.0,0,0,0,0,1,3,2,5,0,1,5,10,163,1,1,0,0,0,1,0,0,1,13,2,0,0,0,0,1,0,0,1,0,0,0,0,0,0,0,0,0,0,0,0,0,0,0,0,0,gen_off_by_one_fix_091,NO_ISSUE
9,216,0,1.0,0,0,0,0,1,1,2,1,0,1,1,10,77,1,1,1,0,0,1,1,1,1,13,0,0,0,0,0,1,0,0,1,0,0,0,0,0,0,0,0,0,0,0,0,0,0,0,0,0,gen_off_by_one_bug_092,OFF_BY_ONE_LOOP_BOUNDARY
9,215,0,1.0,0,0,0,0,1,1,2,1,0,1,1,10,77,1,1,0,0,0,1,0,0,1,13,0,0,0,0,0,1,0,0,1,0,0,0,0,0,0,0,0,0,0,0,0,0,0,0,0,0,gen_off_by_one_fix_092,NO_ISSUE
9,244,0,1.0,0,0,0,0,1,1,2,1,0,1,1,10,99,1,1,1,0,0,1,1,1,1,17,0,0,0,0,0,2,0,0,2,0,0,0,0,0,0,0,0,0,0,0,0,0,0,0,0,0,gen_off_by_one_bug_093,OFF_BY_ONE_LOOP_BOUNDARY
9,243,0,1.0,0,0,0,0,1,1,2,1,0,1,1,10,99,1,1,0,0,0,1,0,0,1,17,0,0,0,0,0,2,0,0,2,0,0,0,0,0,0,0,0,0,0,0,0,0,0,0,0,0,gen_off_by_one_fix_093,NO_ISSUE
9,216,0,1.0,0,0,0,0,1,1,2,1,0,1,1,10,77,1,1,1,0,0,1,1,1,1,13,0,0,0,0,0,1,0,0,1,0,0,0,0,0,0,0,0,0,0,0,0,0,0,0,0,0,gen_off_by_one_bug_094,OFF_BY_ONE_LOOP_BOUNDARY
9,215,0,1.0,0,0,0,0,1,1,2,1,0,1,1,10,77,1,1,0,0,0,1,0,0,1,13,0,0,0,0,0,1,0,0,1,0,0,0,0,0,0,0,0,0,0,0,0,0,0,0,0,0,gen_off_by_one_fix_094,NO_ISSUE
56,1427,0,1.0,0,0,0,0,1,7,8,7,0,2,6,11,504,4,4,1,0,0,4,1,1,4,30,2,0,0,0,0,5,0,0,4,0,0,0,0,0,0,0,0,0,0,0,0,0,0,0,0,0,gen_off_by_one_bug_095,OFF_BY_ONE_LOOP_BOUNDARY
56,1426,0,1.0,0,0,0,0,1,7,8,7,0,2,6,11,504,4,4,0,0,0,4,0,0,4,30,2,0,0,0,0,5,0,0,4,0,0,0,0,0,0,0,0,0,0,0,0,0,0,0,0,0,gen_off_by_one_fix_095,NO_ISSUE
26,596,0,1.0,0,0,0,0,1,3,5,3,1,3,3,10,218,2,2,1,0,0,2,1,1,2,17,0,0,0,0,0,3,0,0,3,0,0,0,0,0,0,0,0,0,0,0,0,0,1,0,14,0,gen_off_by_one_bug_096,OFF_BY_ONE_LOOP_BOUNDARY
26,595,0,1.0,0,0,0,0,1,3,5,3,1,3,3,10,218,2,2,0,0,0,2,0,0,2,17,0,0,0,0,0,3,0,0,3,0,0,0,0,0,0,0,0,0,0,0,0,0,1,0,14,0,gen_off_by_one_fix_096,NO_ISSUE
20,433,0,1.0,0,0,0,0,1,3,2,4,0,1,5,10,146,1,1,1,0,0,1,1,1,1,13,1,0,1,0,0,1,0,0,1,0,0,0,0,0,0,0,0,0,0,0,0,0,0,0,0,0,gen_off_by_one_bug_097,OFF_BY_ONE_LOOP_BOUNDARY
20,432,0,1.0,0,0,0,0,1,3,2,4,0,1,5,10,146,1,1,0,0,0,1,0,0,1,13,1,0,1,0,0,1,0,0,1,0,0,0,0,0,0,0,0,0,0,0,0,0,0,0,0,0,gen_off_by_one_fix_097,NO_ISSUE
9,236,0,1.0,0,0,0,0,1,1,2,1,0,1,1,10,99,1,1,1,0,0,1,1,1,1,17,0,0,0,0,0,2,0,0,2,0,0,0,0,0,0,0,0,0,0,0,0,0,0,0,0,0,gen_off_by_one_bug_098,OFF_BY_ONE_LOOP_BOUNDARY
9,235,0,1.0,0,0,0,0,1,1,2,1,0,1,1,10,99,1,1,0,0,0,1,0,0,1,17,0,0,0,0,0,2,0,0,2,0,0,0,0,0,0,0,0,0,0,0,0,0,0,0,0,0,gen_off_by_one_fix_098,NO_ISSUE
13,315,0,1.0,0,0,0,0,1,2,1,0,0,0,1,11,115,1,1,1,0,0,1,1,1,1,20,0,0,0,0,0,1,0,0,1,0,0,0,0,0,0,0,0,0,0,0,0,0,0,0,0,0,gen_off_by_one_bug_099,OFF_BY_ONE_LOOP_BOUNDARY
13,314,0,1.0,0,0,0,0,1,2,1,0,0,0,1,11,115,1,1,0,0,0,1,0,0,1,20,0,0,0,0,0,1,0,0,1,0,0,0,0,0,0,0,0,0,0,0,0,0,0,0,0,0,gen_off_by_one_fix_099,NO_ISSUE
15,362,0,1.0,0,0,0,0,1,2,3,1,0,1,2,11,139,2,2,1,0,0,2,1,1,2,20,0,0,0,0,0,2,0,0,1,0,0,0,0,0,0,0,0,0,0,0,0,0,0,0,0,0,gen_off_by_one_bug_100,OFF_BY_ONE_LOOP_BOUNDARY
15,361,0,1.0,0,0,0,0,1,2,3,1,0,1,2,11,139,2,2,0,0,0,2,0,0,2,20,0,0,0,0,0,2,0,0,1,0,0,0,0,0,0,0,0,0,0,0,0,0,0,0,0,0,gen_off_by_one_fix_100,NO_ISSUE
7,182,0,1.0,0,0,0,0,1,1,1,0,0,0,1,11,71,1,1,1,0,0,1,1,1,1,20,0,0,0,0,0,1,0,0,1,0,0,0,0,0,0,0,0,0,0,0,0,0,0,0,0,0,gen_off_by_one_bug_101,OFF_BY_ONE_LOOP_BOUNDARY
7,181,0,1.0,0,0,0,0,1,1,1,0,0,0,1,11,71,1,1,0,0,0,1,0,0,1,20,0,0,0,0,0,1,0,0,1,0,0,0,0,0,0,0,0,0,0,0,0,0,0,0,0,0,gen_off_by_one_fix_101,NO_ISSUE
31,784,0,1.0,0,0,0,0,1,4,4,6,0,1,6,11,278,2,2,1,0,0,2,1,1,2,30,2,0,0,0,0,3,0,0,3,0,0,0,0,0,0,0,0,0,0,0,0,0,0,0,0,0,gen_off_by_one_bug_102,OFF_BY_ONE_LOOP_BOUNDARY
31,783,0,1.0,0,0,0,0,1,4,4,6,0,1,6,11,278,2,2,0,0,0,2,0,0,2,30,2,0,0,0,0,3,0,0,3,0,0,0,0,0,0,0,0,0,0,0,0,0,0,0,0,0,gen_off_by_one_fix_102,NO_ISSUE
9,219,0,1.0,0,0,0,0,1,1,2,1,0,1,1,10,77,1,1,1,0,0,1,1,1,1,13,0,0,0,0,0,1,0,0,1,0,0,0,0,0,0,0,0,0,0,0,0,0,0,0,0,0,gen_off_by_one_bug_103,OFF_BY_ONE_LOOP_BOUNDARY
9,218,0,1.0,0,0,0,0,1,1,2,1,0,1,1,10,77,1,1,0,0,0,1,0,0,1,13,0,0,0,0,0,1,0,0,1,0,0,0,0,0,0,0,0,0,0,0,0,0,0,0,0,0,gen_off_by_one_fix_103,NO_ISSUE
33,767,0,1.0,0,0,0,0,1,5,6,5,0,3,7,10,285,3,3,1,0,0,3,1,1,3,17,0,0,0,0,0,4,0,0,3,0,0,0,0,0,0,0,0,0,0,0,0,0,0,0,0,0,gen_off_by_one_bug_104,OFF_BY_ONE_LOOP_BOUNDARY
33,766,0,1.0,0,0,0,0,1,5,6,5,0,3,7,10,285,3,3,0,0,0,3,0,0,3,17,0,0,0,0,0,4,0,0,3,0,0,0,0,0,0,0,0,0,0,0,0,0,0,0,0,0,gen_off_by_one_fix_104,NO_ISSUE
7,182,0,1.0,0,0,0,0,1,1,1,0,0,0,1,11,71,1,1,1,0,0,1,1,1,1,20,0,0,0,0,0,1,0,0,1,0,0,0,0,0,0,0,0,0,0,0,0,0,0,0,0,0,gen_off_by_one_bug_105,OFF_BY_ONE_LOOP_BOUNDARY
7,181,0,1.0,0,0,0,0,1,1,1,0,0,0,1,11,71,1,1,0,0,0,1,0,0,1,20,0,0,0,0,0,1,0,0,1,0,0,0,0,0,0,0,0,0,0,0,0,0,0,0,0,0,gen_off_by_one_fix_105,NO_ISSUE
40,879,0,1.0,0,0,0,0,1,4,4,3,2,5,3,11,253,1,1,1,0,0,1,1,1,1,20,0,0,0,0,0,1,0,0,1,1,3,2,0,0,1,0,12,0,0,0,0,0,2,0,14,0,gen_off_by_one_bug_106,OFF_BY_ONE_LOOP_BOUNDARY
40,878,0,1.0,0,0,0,0,1,4,4,3,2,5,3,11,253,1,1,0,0,0,1,0,0,1,20,0,0,0,0,0,1,0,0,1,1,3,2,0,0,1,0,12,0,0,0,0,0,2,0,14,0,gen_off_by_one_fix_106,NO_ISSUE
11,275,0,1.0,0,0,0,0,1,1,2,1,0,0,2,11,93,1,1,1,0,0,1,1,1,1,24,1,0,0,0,0,1,0,0,1,0,0,0,0,0,0,0,0,0,0,0,0,0,0,0,0,0,gen_off_by_one_bug_107,OFF_BY_ONE_LOOP_BOUNDARY
11,274,0,1.0,0,0,0,0,1,1,2,1,0,0,2,11,93,1,1,0,0,0,1,0,0,1,24,1,0,0,0,0,1,0,0,1,0,0,0,0,0,0,0,0,0,0,0,0,0,0,0,0,0,gen_off_by_one_fix_107,NO_ISSUE
18,411,0,1.0,0,0,0,0,1,2,2,4,0,1,3,10,138,1,1,1,0,0,1,1,1,1,13,2,0,0,0,0,1,0,0,1,0,0,0,0,0,0,0,0,0,0,0,0,0,0,0,0,0,gen_off_by_one_bug_108,OFF_BY_ONE_LOOP_BOUNDARY
18,410,0,1.0,0,0,0,0,1,2,2,4,0,1,3,10,138,1,1,0,0,0,1,0,0,1,13,2,0,0,0,0,1,0,0,1,0,0,0,0,0,0,0,0,0,0,0,0,0,0,0,0,0,gen_off_by_one_fix_108,NO_ISSUE
9,213,0,1.0,0,0,0,0,1,1,2,1,0,1,1,10,77,1,1,1,0,0,1,1,1,1,13,0,0,0,0,0,1,0,0,1,0,0,0,0,0,0,0,0,0,0,0,0,0,0,0,0,0,gen_off_by_one_bug_109,OFF_BY_ONE_LOOP_BOUNDARY
9,212,0,1.0,0,0,0,0,1,1,2,1,0,1,1,10,77,1,1,0,0,0,1,0,0,1,13,0,0,0,0,0,1,0,0,1,0,0,0,0,0,0,0,0,0,0,0,0,0,0,0,0,0,gen_off_by_one_fix_109,NO_ISSUE
7,182,0,1.0,0,0,0,0,1,1,1,0,0,0,1,11,71,1,1,1,0,0,1,1,1,1,20,0,0,0,0,0,1,0,0,1,0,0,0,0,0,0,0,0,0,0,0,0,0,0,0,0,0,gen_off_by_one_bug_110,OFF_BY_ONE_LOOP_BOUNDARY
7,181,0,1.0,0,0,0,0,1,1,1,0,0,0,1,11,71,1,1,0,0,0,1,0,0,1,20,0,0,0,0,0,1,0,0,1,0,0,0,0,0,0,0,0,0,0,0,0,0,0,0,0,0,gen_off_by_one_fix_110,NO_ISSUE
9,244,0,1.0,0,0,0,0,1,1,2,1,0,1,1,10,99,1,1,1,0,0,1,1,1,1,17,0,0,0,0,0,2,0,0,2,0,0,0,0,0,0,0,0,0,0,0,0,0,0,0,0,0,gen_off_by_one_bug_111,OFF_BY_ONE_LOOP_BOUNDARY
9,243,0,1.0,0,0,0,0,1,1,2,1,0,1,1,10,99,1,1,0,0,0,1,0,0,1,17,0,0,0,0,0,2,0,0,2,0,0,0,0,0,0,0,0,0,0,0,0,0,0,0,0,0,gen_off_by_one_fix_111,NO_ISSUE
16,387,0,1.0,0,0,0,0,1,2,2,3,0,1,3,10,143,1,1,1,0,0,1,1,1,1,17,1,0,1,0,0,2,0,0,2,0,0,0,0,0,0,0,0,0,0,0,0,0,0,0,0,0,gen_off_by_one_bug_112,OFF_BY_ONE_LOOP_BOUNDARY
16,386,0,1.0,0,0,0,0,1,2,2,3,0,1,3,10,143,1,1,0,0,0,1,0,0,1,17,1,0,1,0,0,2,0,0,2,0,0,0,0,0,0,0,0,0,0,0,0,0,0,0,0,0,gen_off_by_one_fix_112,NO_ISSUE
38,822,0,1.0,0,0,0,0,1,5,4,8,0,2,8,10,277,2,2,1,0,0,2,1,1,2,13,3,0,3,0,0,2,0,0,2,0,0,0,0,0,0,0,0,0,0,0,0,0,0,0,0,0,gen_off_by_one_bug_113,OFF_BY_ONE_LOOP_BOUNDARY
38,821,0,1.0,0,0,0,0,1,5,4,8,0,2,8,10,277,2,2,0,0,0,2,0,0,2,13,3,0,3,0,0,2,0,0,2,0,0,0,0,0,0,0,0,0,0,0,0,0,0,0,0,0,gen_off_by_one_fix_113,NO_ISSUE
59,1314,0,1.0,0,0,0,0,1,6,6,9,1,5,8,11,399,2,2,1,0,0,2,1,1,2,24,4,0,1,0,0,2,0,0,2,1,3,2,0,0,1,0,12,0,0,0,0,0,1,0,14,0,gen_off_by_one_bug_114,OFF_BY_ONE_LOOP_BOUNDARY
59,1313,0,1.0,0,0,0,0,1,6,6,9,1,5,8,11,399,2,2,0,0,0,2,0,0,2,24,4,0,1,0,0,2,0,0,2,1,3,2,0,0,1,0,12,0,0,0,0,0,1,0,14,0,gen_off_by_one_fix_114,NO_ISSUE
16,383,0,1.0,0,0,0,0,1,2,1,3,0,0,3,11,134,1,1,1,0,0,1,1,1,1,20,2,0,0,0,0,1,0,0,1,0,0,0,0,0,0,0,0,0,0,0,0,0,0,0,0,0,gen_off_by_one_bug_115,OFF_BY_ONE_LOOP_BOUNDARY
16,382,0,1.0,0,0,0,0,1,2,1,3,0,0,3,11,134,1,1,0,0,0,1,0,0,1,20,2,0,0,0,0,1,0,0,1,0,0,0,0,0,0,0,0,0,0,0,0,0,0,0,0,0,gen_off_by_one_fix_115,NO_ISSUE
15,356,0,1.0,0,0,0,0,1,2,2,2,0,0,4,11,118,1,1,1,0,0,1,1,1,1,24,1,0,0,0,0,1,0,0,1,0,0,0,0,0,0,0,0,0,0,0,0,0,0,0,0,0,gen_off_by_one_bug_116,OFF_BY_ONE_LOOP_BOUNDARY
15,355,0,1.0,0,0,0,0,1,2,2,2,0,0,4,11,118,1,1,0,0,0,1,0,0,1,24,1,0,0,0,0,1,0,0,1,0,0,0,0,0,0,0,0,0,0,0,0,0,0,0,0,0,gen_off_by_one_fix_116,NO_ISSUE
11,281,0,1.0,0,0,0,0,1,1,2,1,0,0,2,11,93,1,1,1,0,0,1,1,1,1,24,1,0,0,0,0,1,0,0,1,0,0,0,0,0,0,0,0,0,0,0,0,0,0,0,0,0,gen_off_by_one_bug_117,OFF_BY_ONE_LOOP_BOUNDARY
11,280,0,1.0,0,0,0,0,1,1,2,1,0,0,2,11,93,1,1,0,0,0,1,0,0,1,24,1,0,0,0,0,1,0,0,1,0,0,0,0,0,0,0,0,0,0,0,0,0,0,0,0,0,gen_off_by_one_fix_117,NO_ISSUE
28,683,0,1.0,0,0,0,0,1,3,4,5,0,2,5,12,248,2,2,1,0,0,2,1,1,2,29,3,0,0,0,0,5,0,0,2,0,0,0,0,0,0,0,0,0,0,0,0,0,0,0,0,0,gen_off_by_one_bug_118,OFF_BY_ONE_LOOP_BOUNDARY
28,682,0,1.0,0,0,0,0,1,3,4,5,0,2,5,12,248,2,2,0,0,0,2,0,0,2,29,3,0,0,0,0,5,0,0,2,0,0,0,0,0,0,0,0,0,0,0,0,0,0,0,0,0,gen_off_by_one_fix_118,NO_ISSUE
11,281,0,1.0,0,0,0,0,1,1,2,1,0,0,2,11,93,1,1,1,0,0,1,1,1,1,24,1,0,0,0,0,1,0,0,1,0,0,0,0,0,0,0,0,0,0,0,0,0,0,0,0,0,gen_off_by_one_bug_119,OFF_BY_ONE_LOOP_BOUNDARY
11,280,0,1.0,0,0,0,0,1,1,2,1,0,0,2,11,93,1,1,0,0,0,1,0,0,1,24,1,0,0,0,0,1,0,0,1,0,0,0,0,0,0,0,0,0,0,0,0,0,0,0,0,0,gen_off_by_one_fix_119,NO_ISSUE
16,377,0,1.0,0,0,0,0,1,2,1,3,0,0,3,11,132,1,1,1,0,0,1,1,1,1,20,2,0,0,0,0,1,0,0,1,0,0,0,0,0,0,0,0,0,0,0,0,0,0,0,0,0,gen_off_by_one_bug_120,OFF_BY_ONE_LOOP_BOUNDARY
16,376,0,1.0,0,0,0,0,1,2,1,3,0,0,3,11,132,1,1,0,0,0,1,0,0,1,20,2,0,0,0,0,1,0,0,1,0,0,0,0,0,0,0,0,0,0,0,0,0,0,0,0,0,gen_off_by_one_fix_120,NO_ISSUE
31,702,0,1.0,0,0,0,0,1,4,3,6,1,2,6,10,236,1,1,1,0,0,1,1,1,1,17,2,0,0,0,0,2,0,0,2,0,0,0,0,0,0,0,0,0,0,0,0,0,1,0,14,0,gen_off_by_one_bug_121,OFF_BY_ONE_LOOP_BOUNDARY
31,701,0,1.0,0,0,0,0,1,4,3,6,1,2,6,10,236,1,1,0,0,0,1,0,0,1,17,2,0,0,0,0,2,0,0,2,0,0,0,0,0,0,0,0,0,0,0,0,0,1,0,14,0,gen_off_by_one_fix_121,NO_ISSUE
7,182,0,1.0,0,0,0,0,1,1,1,0,0,0,1,11,71,1,1,1,0,0,1,1,1,1,20,0,0,0,0,0,1,0,0,1,0,0,0,0,0,0,0,0,0,0,0,0,0,0,0,0,0,gen_off_by_one_bug_122,OFF_BY_ONE_LOOP_BOUNDARY
7,181,0,1.0,0,0,0,0,1,1,1,0,0,0,1,11,71,1,1,0,0,0,1,0,0,1,20,0,0,0,0,0,1,0,0,1,0,0,0,0,0,0,0,0,0,0,0,0,0,0,0,0,0,gen_off_by_one_fix_122,NO_ISSUE
37,872,0,1.0,0,0,0,0,1,4,4,8,0,1,7,11,287,2,2,1,0,0,2,1,1,2,24,5,0,0,0,0,2,0,0,2,0,0,0,0,0,0,0,0,0,0,0,0,0,0,0,0,0,gen_off_by_one_bug_123,OFF_BY_ONE_LOOP_BOUNDARY
37,871,0,1.0,0,0,0,0,1,4,4,8,0,1,7,11,287,2,2,0,0,0,2,0,0,2,24,5,0,0,0,0,2,0,0,2,0,0,0,0,0,0,0,0,0,0,0,0,0,0,0,0,0,gen_off_by_one_fix_123,NO_ISSUE
9,244,0,1.0,0,0,0,0,1,1,2,1,0,1,1,10,99,1,1,1,0,0,1,1,1,1,17,0,0,0,0,0,2,0,0,2,0,0,0,0,0,0,0,0,0,0,0,0,0,0,0,0,0,gen_off_by_one_bug_124,OFF_BY_ONE_LOOP_BOUNDARY
9,243,0,1.0,0,0,0,0,1,1,2,1,0,1,1,10,99,1,1,0,0,0,1,0,0,1,17,0,0,0,0,0,2,0,0,2,0,0,0,0,0,0,0,0,0,0,0,0,0,0,0,0,0,gen_off_by_one_fix_124,NO_ISSUE
11,275,0,1.0,0,0,0,0,1,1,2,1,0,0,2,11,93,1,1,1,0,0,1,1,1,1,24,1,0,0,0,0,1,0,0,1,0,0,0,0,0,0,0,0,0,0,0,0,0,0,0,0,0,gen_off_by_one_bug_125,OFF_BY_ONE_LOOP_BOUNDARY
11,274,0,1.0,0,0,0,0,1,1,2,1,0,0,2,11,93,1,1,0,0,0,1,0,0,1,24,1,0,0,0,0,1,0,0,1,0,0,0,0,0,0,0,0,0,0,0,0,0,0,0,0,0,gen_off_by_one_fix_125,NO_ISSUE
9,236,0,1.0,0,0,0,0,1,1,2,1,0,1,1,10,99,1,1,1,0,0,1,1,1,1,17,0,0,0,0,0,2,0,0,2,0,0,0,0,0,0,0,0,0,0,0,0,0,0,0,0,0,gen_off_by_one_bug_126,OFF_BY_ONE_LOOP_BOUNDARY
9,235,0,1.0,0,0,0,0,1,1,2,1,0,1,1,10,99,1,1,0,0,0,1,0,0,1,17,0,0,0,0,0,2,0,0,2,0,0,0,0,0,0,0,0,0,0,0,0,0,0,0,0,0,gen_off_by_one_fix_126,NO_ISSUE
24,567,0,1.0,0,0,0,0,1,3,4,4,0,2,4,10,211,2,2,1,0,0,2,1,1,2,17,1,0,1,0,0,3,0,0,2,0,0,0,0,0,0,0,0,0,0,0,0,0,0,0,0,0,gen_off_by_one_bug_127,OFF_BY_ONE_LOOP_BOUNDARY
24,566,0,1.0,0,0,0,0,1,3,4,4,0,2,4,10,211,2,2,0,0,0,2,0,0,2,17,1,0,1,0,0,3,0,0,2,0,0,0,0,0,0,0,0,0,0,0,0,0,0,0,0,0,gen_off_by_one_fix_127,NO_ISSUE
9,219,0,1.0,0,0,0,0,1,1,2,1,0,1,1,10,77,1,1,1,0,0,1,1,1,1,13,0,0,0,0,0,1,0,0,1,0,0,0,0,0,0,0,0,0,0,0,0,0,0,0,0,0,gen_off_by_one_bug_128,OFF_BY_ONE_LOOP_BOUNDARY
9,218,0,1.0,0,0,0,0,1,1,2,1,0,1,1,10,77,1,1,0,0,0,1,0,0,1,13,0,0,0,0,0,1,0,0,1,0,0,0,0,0,0,0,0,0,0,0,0,0,0,0,0,0,gen_off_by_one_fix_128,NO_ISSUE
13,326,0,1.0,0,0,0,0,1,2,2,2,0,1,3,10,124,1,1,1,0,0,1,1,1,1,17,0,0,0,0,0,2,0,0,2,0,0,0,0,0,0,0,0,0,0,0,0,0,0,0,0,0,gen_off_by_one_bug_129,OFF_BY_ONE_LOOP_BOUNDARY
13,325,0,1.0,0,0,0,0,1,2,2,2,0,1,3,10,124,1,1,0,0,0,1,0,0,1,17,0,0,0,0,0,2,0,0,2,0,0,0,0,0,0,0,0,0,0,0,0,0,0,0,0,0,gen_off_by_one_fix_129,NO_ISSUE
26,604,0,1.0,0,0,0,0,1,3,4,4,0,1,5,11,205,2,2,1,0,0,2,1,1,2,24,2,0,1,0,0,2,0,0,2,0,0,0,0,0,0,0,0,0,0,0,0,0,0,0,0,0,gen_off_by_one_bug_130,OFF_BY_ONE_LOOP_BOUNDARY
26,603,0,1.0,0,0,0,0,1,3,4,4,0,1,5,11,205,2,2,0,0,0,2,0,0,2,24,2,0,1,0,0,2,0,0,2,0,0,0,0,0,0,0,0,0,0,0,0,0,0,0,0,0,gen_off_by_one_fix_130,NO_ISSUE
17,390,0,1.0,0,0,0,0,1,2,4,2,0,2,2,10,145,2,2,1,0,0,2,1,1,2,13,0,0,0,0,0,2,0,0,2,0,0,0,0,0,0,0,0,0,0,0,0,0,0,0,0,0,gen_off_by_one_bug_131,OFF_BY_ONE_LOOP_BOUNDARY
17,389,0,1.0,0,0,0,0,1,2,4,2,0,2,2,10,145,2,2,0,0,0,2,0,0,2,13,0,0,0,0,0,2,0,0,2,0,0,0,0,0,0,0,0,0,0,0,0,0,0,0,0,0,gen_off_by_one_fix_131,NO_ISSUE
7,182,0,1.0,0,0,0,0,1,1,1,0,0,0,1,11,71,1,1,1,0,0,1,1,1,1,20,0,0,0,0,0,1,0,0,1,0,0,0,0,0,0,0,0,0,0,0,0,0,0,0,0,0,gen_off_by_one_bug_132,OFF_BY_ONE_LOOP_BOUNDARY
7,181,0,1.0,0,0,0,0,1,1,1,0,0,0,1,11,71,1,1,0,0,0,1,0,0,1,20,0,0,0,0,0,1,0,0,1,0,0,0,0,0,0,0,0,0,0,0,0,0,0,0,0,0,gen_off_by_one_fix_132,NO_ISSUE
9,219,0,1.0,0,0,0,0,1,1,2,1,0,1,1,10,77,1,1,1,0,0,1,1,1,1,13,0,0,0,0,0,1,0,0,1,0,0,0,0,0,0,0,0,0,0,0,0,0,0,0,0,0,gen_off_by_one_bug_133,OFF_BY_ONE_LOOP_BOUNDARY
9,218,0,1.0,0,0,0,0,1,1,2,1,0,1,1,10,77,1,1,0,0,0,1,0,0,1,13,0,0,0,0,0,1,0,0,1,0,0,0,0,0,0,0,0,0,0,0,0,0,0,0,0,0,gen_off_by_one_fix_133,NO_ISSUE
21,488,0,1.0,0,0,0,0,1,3,3,1,0,1,2,11,183,2,2,1,0,0,2,1,1,2,20,0,0,0,0,0,2,0,0,2,0,0,0,0,0,0,0,0,0,0,0,0,0,0,0,0,0,gen_off_by_one_bug_134,OFF_BY_ONE_LOOP_BOUNDARY
21,487,0,1.0,0,0,0,0,1,3,3,1,0,1,2,11,183,2,2,0,0,0,2,0,0,2,20,0,0,0,0,0,2,0,0,2,0,0,0,0,0,0,0,0,0,0,0,0,0,0,0,0,0,gen_off_by_one_fix_134,NO_ISSUE
42,994,0,1.0,0,0,0,0,1,4,7,4,0,6,4,12,335,3,3,1,0,0,3,1,1,3,29,1,0,0,0,0,6,0,0,3,1,3,2,0,0,1,0,12,0,0,0,0,0,0,0,0,0,gen_off_by_one_bug_135,OFF_BY_ONE_LOOP_BOUNDARY
42,993,0,1.0,0,0,0,0,1,4,7,4,0,6,4,12,335,3,3,0,0,0,3,0,0,3,29,1,0,0,0,0,6,0,0,3,1,3,2,0,0,1,0,12,0,0,0,0,0,0,0,0,0,gen_off_by_one_fix_135,NO_ISSUE
30,705,0,1.0,0,0,0,0,1,3,3,2,0,4,1,11,223,1,1,1,0,0,1,1,1,1,17,0,0,0,0,0,2,0,0,2,1,3,2,0,0,1,0,12,0,0,0,0,0,0,0,0,0,gen_off_by_one_bug_136,OFF_BY_ONE_LOOP_BOUNDARY
30,704,0,1.0,0,0,0,0,1,3,3,2,0,4,1,11,223,1,1,0,0,0,1,0,0,1,17,0,0,0,0,0,2,0,0,2,1,3,2,0,0,1,0,12,0,0,0,0,0,0,0,0,0,gen_off_by_one_fix_136,NO_ISSUE
9,248,0,1.0,0,0,0,0,1,1,2,1,0,1,1,10,99,1,1,1,0,0,1,1,1,1,17,0,0,0,0,0,2,0,0,2,0,0,0,0,0,0,0,0,0,0,0,0,0,0,0,0,0,gen_off_by_one_bug_137,OFF_BY_ONE_LOOP_BOUNDARY
9,247,0,1.0,0,0,0,0,1,1,2,1,0,1,1,10,99,1,1,0,0,0,1,0,0,1,17,0,0,0,0,0,2,0,0,2,0,0,0,0,0,0,0,0,0,0,0,0,0,0,0,0,0,gen_off_by_one_fix_137,NO_ISSUE
7,185,0,1.0,0,0,0,0,1,1,1,0,0,0,1,11,71,1,1,1,0,0,1,1,1,1,20,0,0,0,0,0,1,0,0,1,0,0,0,0,0,0,0,0,0,0,0,0,0,0,0,0,0,gen_off_by_one_bug_138,OFF_BY_ONE_LOOP_BOUNDARY
7,184,0,1.0,0,0,0,0,1,1,1,0,0,0,1,11,71,1,1,0,0,0,1,0,0,1,20,0,0,0,0,0,1,0,0,1,0,0,0,0,0,0,0,0,0,0,0,0,0,0,0,0,0,gen_off_by_one_fix_138,NO_ISSUE
7,185,0,1.0,0,0,0,0,1,1,1,0,0,0,1,11,71,1,1,1,0,0,1,1,1,1,20,0,0,0,0,0,1,0,0,1,0,0,0,0,0,0,0,0,0,0,0,0,0,0,0,0,0,gen_off_by_one_bug_139,OFF_BY_ONE_LOOP_BOUNDARY
7,184,0,1.0,0,0,0,0,1,1,1,0,0,0,1,11,71,1,1,0,0,0,1,0,0,1,20,0,0,0,0,0,1,0,0,1,0,0,0,0,0,0,0,0,0,0,0,0,0,0,0,0,0,gen_off_by_one_fix_139,NO_ISSUE
11,284,0,1.0,0,0,0,0,1,1,2,1,0,0,2,11,93,1,1,1,0,0,1,1,1,1,24,1,0,0,0,0,1,0,0,1,0,0,0,0,0,0,0,0,0,0,0,0,0,0,0,0,0,gen_off_by_one_bug_140,OFF_BY_ONE_LOOP_BOUNDARY
11,283,0,1.0,0,0,0,0,1,1,2,1,0,0,2,11,93,1,1,0,0,0,1,0,0,1,24,1,0,0,0,0,1,0,0,1,0,0,0,0,0,0,0,0,0,0,0,0,0,0,0,0,0,gen_off_by_one_fix_140,NO_ISSUE
9,244,0,1.0,0,0,0,0,1,1,2,1,0,1,1,10,99,1,1,1,0,0,1,1,1,1,17,0,0,0,0,0,2,0,0,2,0,0,0,0,0,0,0,0,0,0,0,0,0,0,0,0,0,gen_off_by_one_bug_141,OFF_BY_ONE_LOOP_BOUNDARY
9,243,0,1.0,0,0,0,0,1,1,2,1,0,1,1,10,99,1,1,0,0,0,1,0,0,1,17,0,0,0,0,0,2,0,0,2,0,0,0,0,0,0,0,0,0,0,0,0,0,0,0,0,0,gen_off_by_one_fix_141,NO_ISSUE
9,248,0,1.0,0,0,0,0,1,1,2,1,0,1,1,10,99,1,1,1,0,0,1,1,1,1,17,0,0,0,0,0,2,0,0,2,0,0,0,0,0,0,0,0,0,0,0,0,0,0,0,0,0,gen_off_by_one_bug_142,OFF_BY_ONE_LOOP_BOUNDARY
9,247,0,1.0,0,0,0,0,1,1,2,1,0,1,1,10,99,1,1,0,0,0,1,0,0,1,17,0,0,0,0,0,2,0,0,2,0,0,0,0,0,0,0,0,0,0,0,0,0,0,0,0,0,gen_off_by_one_fix_142,NO_ISSUE
37,827,0,1.0,0,0,0,0,1,5,3,6,0,1,6,11,288,2,2,1,0,0,2,1,1,2,20,3,0,1,0,0,2,0,0,2,0,0,0,0,0,0,0,0,0,0,0,0,0,0,0,0,0,gen_off_by_one_bug_143,OFF_BY_ONE_LOOP_BOUNDARY
37,826,0,1.0,0,0,0,0,1,5,3,6,0,1,6,11,288,2,2,0,0,0,2,0,0,2,20,3,0,1,0,0,2,0,0,2,0,0,0,0,0,0,0,0,0,0,0,0,0,0,0,0,0,gen_off_by_one_fix_143,NO_ISSUE
76,1760,0,1.0,0,0,0,0,1,8,10,11,1,7,10,12,564,4,4,1,0,0,4,1,1,4,30,4,0,1,0,0,6,0,0,3,1,3,2,0,0,1,0,12,0,0,0,0,0,1,0,14,0,gen_off_by_one_bug_144,OFF_BY_ONE_LOOP_BOUNDARY
76,1759,0,1.0,0,0,0,0,1,8,10,11,1,7,10,12,564,4,4,0,0,0,4,0,0,4,30,4,0,1,0,0,6,0,0,3,1,3,2,0,0,1,0,12,0,0,0,0,0,1,0,14,0,gen_off_by_one_fix_144,NO_ISSUE
9,244,0,1.0,0,0,0,0,1,1,2,1,0,1,1,10,99,1,1,1,0,0,1,1,1,1,17,0,0,0,0,0,2,0,0,2,0,0,0,0,0,0,0,0,0,0,0,0,0,0,0,0,0,gen_off_by_one_bug_145,OFF_BY_ONE_LOOP_BOUNDARY
9,243,0,1.0,0,0,0,0,1,1,2,1,0,1,1,10,99,1,1,0,0,0,1,0,0,1,17,0,0,0,0,0,2,0,0,2,0,0,0,0,0,0,0,0,0,0,0,0,0,0,0,0,0,gen_off_by_one_fix_145,NO_ISSUE
73,1675,0,1.0,0,0,0,0,1,7,8,11,0,9,7,11,521,3,3,1,0,0,3,1,1,3,17,4,0,0,0,0,4,0,0,3,2,6,4,0,0,2,0,12,0,0,0,0,0,0,0,0,0,gen_off_by_one_bug_146,OFF_BY_ONE_LOOP_BOUNDARY
73,1674,0,1.0,0,0,0,0,1,7,8,11,0,9,7,11,521,3,3,0,0,0,3,0,0,3,17,4,0,0,0,0,4,0,0,3,2,6,4,0,0,2,0,12,0,0,0,0,0,0,0,0,0,gen_off_by_one_fix_146,NO_ISSUE
68,1750,0,1.0,0,0,0,0,1,9,9,4,0,1,6,12,614,5,5,1,0,0,5,1,1,5,30,1,0,0,0,0,7,0,0,3,0,0,0,0,0,0,0,0,0,0,0,0,0,0,0,0,0,gen_off_by_one_bug_147,OFF_BY_ONE_LOOP_BOUNDARY
68,1749,0,1.0,0,0,0,0,1,9,9,4,0,1,6,12,614,5,5,0,0,0,5,0,0,5,30,1,0,0,0,0,7,0,0,3,0,0,0,0,0,0,0,0,0,0,0,0,0,0,0,0,0,gen_off_by_one_fix_147,NO_ISSUE
18,424,0,1.0,0,0,0,0,1,2,2,3,0,0,4,11,137,1,1,1,0,0,1,1,1,1,24,2,0,1,0,0,1,0,0,1,0,0,0,0,0,0,0,0,0,0,0,0,0,0,0,0,0,gen_off_by_one_bug_148,OFF_BY_ONE_LOOP_BOUNDARY
18,423,0,1.0,0,0,0,0,1,2,2,3,0,0,4,11,137,1,1,0,0,0,1,0,0,1,24,2,0,1,0,0,1,0,0,1,0,0,0,0,0,0,0,0,0,0,0,0,0,0,0,0,0,gen_off_by_one_fix_148,NO_ISSUE
11,281,0,1.0,0,0,0,0,1,1,2,1,0,0,2,11,93,1,1,1,0,0,1,1,1,1,24,1,0,0,0,0,1,0,0,1,0,0,0,0,0,0,0,0,0,0,0,0,0,0,0,0,0,gen_off_by_one_bug_149,OFF_BY_ONE_LOOP_BOUNDARY
11,280,0,1.0,0,0,0,0,1,1,2,1,0,0,2,11,93,1,1,0,0,0,1,0,0,1,24,1,0,0,0,0,1,0,0,1,0,0,0,0,0,0,0,0,0,0,0,0,0,0,0,0,0,gen_off_by_one_fix_149,NO_ISSUE
13,313,0,1.0,0,0,0,0,1,2,1,0,0,0,1,11,115,1,1,1,0,0,1,1,1,1,20,0,0,0,0,0,1,0,0,1,0,0,0,0,0,0,0,0,0,0,0,0,0,0,0,0,0,gen_off_by_one_bug_150,OFF_BY_ONE_LOOP_BOUNDARY
13,312,0,1.0,0,0,0,0,1,2,1,0,0,0,1,11,115,1,1,0,0,0,1,0,0,1,20,0,0,0,0,0,1,0,0,1,0,0,0,0,0,0,0,0,0,0,0,0,0,0,0,0,0,gen_off_by_one_fix_150,NO_ISSUE
36,847,0,1.0,0,0,0,0,1,3,5,3,0,4,4,12,261,2,2,1,0,0,2,1,1,2,29,2,0,0,0,0,4,0,0,2,1,3,2,0,0,1,0,12,0,0,0,0,0,0,0,0,0,gen_off_by_one_bug_151,OFF_BY_ONE_LOOP_BOUNDARY
36,846,0,1.0,0,0,0,0,1,3,5,3,0,4,4,12,261,2,2,0,0,0,2,0,0,2,29,2,0,0,0,0,4,0,0,2,1,3,2,0,0,1,0,12,0,0,0,0,0,0,0,0,0,gen_off_by_one_fix_151,NO_ISSUE
62,1430,0,1.0,0,0,0,0,1,8,9,10,1,4,12,12,488,4,4,1,0,0,4,1,1,4,30,3,0,0,0,0,6,0,0,4,0,0,0,0,0,0,0,0,0,0,0,0,0,1,0,14,0,gen_off_by_one_bug_152,OFF_BY_ONE_LOOP_BOUNDARY
62,1429,0,1.0,0,0,0,0,1,8,9,10,1,4,12,12,488,4,4,0,0,0,4,0,0,4,30,3,0,0,0,0,6,0,0,4,0,0,0,0,0,0,0,0,0,0,0,0,0,1,0,14,0,gen_off_by_one_fix_152,NO_ISSUE
11,281,0,1.0,0,0,0,0,1,1,2,1,0,0,2,11,93,1,1,1,0,0,1,1,1,1,24,1,0,0,0,0,1,0,0,1,0,0,0,0,0,0,0,0,0,0,0,0,0,0,0,0,0,gen_off_by_one_bug_153,OFF_BY_ONE_LOOP_BOUNDARY
11,280,0,1.0,0,0,0,0,1,1,2,1,0,0,2,11,93,1,1,0,0,0,1,0,0,1,24,1,0,0,0,0,1,0,0,1,0,0,0,0,0,0,0,0,0,0,0,0,0,0,0,0,0,gen_off_by_one_fix_153,NO_ISSUE
43,1057,0,1.0,0,0,0,0,1,5,6,6,0,1,6,11,359,3,3,1,0,0,3,1,1,3,30,3,0,0,0,0,3,0,0,3,0,0,0,0,0,0,0,0,0,0,0,0,0,0,0,0,0,gen_off_by_one_bug_154,OFF_BY_ONE_LOOP_BOUNDARY
43,1056,0,1.0,0,0,0,0,1,5,6,6,0,1,6,11,359,3,3,0,0,0,3,0,0,3,30,3,0,0,0,0,3,0,0,3,0,0,0,0,0,0,0,0,0,0,0,0,0,0,0,0,0,gen_off_by_one_fix_154,NO_ISSUE
43,1048,0,1.0,0,0,0,0,1,5,8,6,0,3,7,12,370,4,4,1,0,0,4,1,1,4,30,2,0,1,0,0,6,0,0,2,0,0,0,0,0,0,0,0,0,0,0,0,0,0,0,0,0,gen_off_by_one_bug_155,OFF_BY_ONE_LOOP_BOUNDARY
43,1047,0,1.0,0,0,0,0,1,5,8,6,0,3,7,12,370,4,4,0,0,0,4,0,0,4,30,2,0,1,0,0,6,0,0,2,0,0,0,0,0,0,0,0,0,0,0,0,0,0,0,0,0,gen_off_by_one_fix_155,NO_ISSUE
28,744,0,1.0,0,0,0,0,1,3,6,3,0,2,4,12,280,3,3,1,0,0,3,1,1,3,30,1,0,0,0,0,6,0,0,3,0,0,0,0,0,0,0,0,0,0,0,0,0,0,0,0,0,gen_off_by_one_bug_156,OFF_BY_ONE_LOOP_BOUNDARY
28,743,0,1.0,0,0,0,0,1,3,6,3,0,2,4,12,280,3,3,0,0,0,3,0,0,3,30,1,0,0,0,0,6,0,0,3,0,0,0,0,0,0,0,0,0,0,0,0,0,0,0,0,0,gen_off_by_one_fix_156,NO_ISSUE
24,623,0,1.0,0,0,0,0,1,3,4,3,0,0,5,11,211,2,2,1,0,0,2,1,1,2,30,1,0,0,0,0,2,0,0,2,0,0,0,0,0,0,0,0,0,0,0,0,0,0,0,0,0,gen_off_by_one_bug_157,OFF_BY_ONE_LOOP_BOUNDARY
24,622,0,1.0,0,0,0,0,1,3,4,3,0,0,5,11,211,2,2,0,0,0,2,0,0,2,30,1,0,0,0,0,2,0,0,2,0,0,0,0,0,0,0,0,0,0,0,0,0,0,0,0,0,gen_off_by_one_fix_157,NO_ISSUE
11,275,0,1.0,0,0,0,0,1,1,2,1,0,0,2,11,93,1,1,1,0,0,1,1,1,1,24,1,0,0,0,0,1,0,0,1,0,0,0,0,0,0,0,0,0,0,0,0,0,0,0,0,0,gen_off_by_one_bug_158,OFF_BY_ONE_LOOP_BOUNDARY
11,274,0,1.0,0,0,0,0,1,1,2,1,0,0,2,11,93,1,1,0,0,0,1,0,0,1,24,1,0,0,0,0,1,0,0,1,0,0,0,0,0,0,0,0,0,0,0,0,0,0,0,0,0,gen_off_by_one_fix_158,NO_ISSUE
19,458,0,1.0,0,0,0,0,1,2,4,2,0,1,3,11,161,2,2,1,0,0,2,1,1,2,24,1,0,0,0,0,2,0,0,2,0,0,0,0,0,0,0,0,0,0,0,0,0,0,0,0,0,gen_off_by_one_bug_159,OFF_BY_ONE_LOOP_BOUNDARY
19,457,0,1.0,0,0,0,0,1,2,4,2,0,1,3,11,161,2,2,0,0,0,2,0,0,2,24,1,0,0,0,0,2,0,0,2,0,0,0,0,0,0,0,0,0,0,0,0,0,0,0,0,0,gen_off_by_one_fix_159,NO_ISSUE
27,616,0,1.0,0,0,0,0,1,3,4,3,2,3,3,10,201,1,1,1,0,0,1,1,1,1,17,0,0,0,0,0,2,0,0,2,0,0,0,0,0,0,0,0,0,0,0,0,0,2,0,14,0,gen_off_by_one_bug_160,OFF_BY_ONE_LOOP_BOUNDARY
27,615,0,1.0,0,0,0,0,1,3,4,3,2,3,3,10,201,1,1,0,0,0,1,0,0,1,17,0,0,0,0,0,2,0,0,2,0,0,0,0,0,0,0,0,0,0,0,0,0,2,0,14,0,gen_off_by_one_fix_160,NO_ISSUE
11,275,0,1.0,0,0,0,0,1,1,2,1,0,0,2,11,93,1,1,1,0,0,1,1,1,1,24,1,0,0,0,0,1,0,0,1,0,0,0,0,0,0,0,0,0,0,0,0,0,0,0,0,0,gen_off_by_one_bug_161,OFF_BY_ONE_LOOP_BOUNDARY
11,274,0,1.0,0,0,0,0,1,1,2,1,0,0,2,11,93,1,1,0,0,0,1,0,0,1,24,1,0,0,0,0,1,0,0,1,0,0,0,0,0,0,0,0,0,0,0,0,0,0,0,0,0,gen_off_by_one_fix_161,NO_ISSUE
34,790,0,1.0,0,0,0,0,1,3,5,3,0,4,3,11,241,2,2,1,0,0,2,1,1,2,24,1,0,0,0,0,2,0,0,2,1,3,2,0,0,1,0,12,0,0,0,0,0,0,0,0,0,gen_off_by_one_bug_162,OFF_BY_ONE_LOOP_BOUNDARY
34,789,0,1.0,0,0,0,0,1,3,5,3,0,4,3,11,241,2,2,0,0,0,2,0,0,2,24,1,0,0,0,0,2,0,0,2,1,3,2,0,0,1,0,12,0,0,0,0,0,0,0,0,0,gen_off_by_one_fix_162,NO_ISSUE
7,185,0,1.0,0,0,0,0,1,1,1,0,0,0,1,11,71,1,1,1,0,0,1,1,1,1,20,0,0,0,0,0,1,0,0,1,0,0,0,0,0,0,0,0,0,0,0,0,0,0,0,0,0,gen_off_by_one_bug_163,OFF_BY_ONE_LOOP_BOUNDARY
7,184,0,1.0,0,0,0,0,1,1,1,0,0,0,1,11,71,1,1,0,0,0,1,0,0,1,20,0,0,0,0,0,1,0,0,1,0,0,0,0,0,0,0,0,0,0,0,0,0,0,0,0,0,gen_off_by_one_fix_163,NO_ISSUE
67,1563,0,1.0,0,0,0,0,1,8,9,12,1,4,12,12,526,4,4,1,0,0,4,1,1,4,30,5,0,0,0,0,6,0,0,4,0,0,0,0,0,0,0,0,0,0,0,0,0,1,0,14,0,gen_off_by_one_bug_164,OFF_BY_ONE_LOOP_BOUNDARY
67,1562,0,1.0,0,0,0,0,1,8,9,12,1,4,12,12,526,4,4,0,0,0,4,0,0,4,30,5,0,0,0,0,6,0,0,4,0,0,0,0,0,0,0,0,0,0,0,0,0,1,0,14,0,gen_off_by_one_fix_164,NO_ISSUE
11,281,0,1.0,0,0,0,0,1,1,2,1,0,0,2,11,93,1,1,1,0,0,1,1,1,1,24,1,0,0,0,0,1,0,0,1,0,0,0,0,0,0,0,0,0,0,0,0,0,0,0,0,0,gen_off_by_one_bug_165,OFF_BY_ONE_LOOP_BOUNDARY
11,280,0,1.0,0,0,0,0,1,1,2,1,0,0,2,11,93,1,1,0,0,0,1,0,0,1,24,1,0,0,0,0,1,0,0,1,0,0,0,0,0,0,0,0,0,0,0,0,0,0,0,0,0,gen_off_by_one_fix_165,NO_ISSUE
9,216,0,1.0,0,0,0,0,1,1,2,1,0,1,1,10,77,1,1,1,0,0,1,1,1,1,13,0,0,0,0,0,1,0,0,1,0,0,0,0,0,0,0,0,0,0,0,0,0,0,0,0,0,gen_off_by_one_bug_166,OFF_BY_ONE_LOOP_BOUNDARY
9,215,0,1.0,0,0,0,0,1,1,2,1,0,1,1,10,77,1,1,0,0,0,1,0,0,1,13,0,0,0,0,0,1,0,0,1,0,0,0,0,0,0,0,0,0,0,0,0,0,0,0,0,0,gen_off_by_one_fix_166,NO_ISSUE
57,1375,0,1.0,0,0,0,0,1,6,6,12,0,1,11,12,457,3,3,1,0,0,3,1,1,3,30,8,0,0,0,0,5,0,0,2,0,0,0,0,0,0,0,0,0,0,0,0,0,0,0,0,0,gen_off_by_one_bug_167,OFF_BY_ONE_LOOP_BOUNDARY
57,1374,0,1.0,0,0,0,0,1,6,6,12,0,1,11,12,457,3,3,0,0,0,3,0,0,3,30,8,0,0,0,0,5,0,0,2,0,0,0,0,0,0,0,0,0,0,0,0,0,0,0,0,0,gen_off_by_one_fix_167,NO_ISSUE
11,281,0,1.0,0,0,0,0,1,1,2,1,0,0,2,11,93,1,1,1,0,0,1,1,1,1,24,1,0,0,0,0,1,0,0,1,0,0,0,0,0,0,0,0,0,0,0,0,0,0,0,0,0,gen_off_by_one_bug_168,OFF_BY_ONE_LOOP_BOUNDARY
11,280,0,1.0,0,0,0,0,1,1,2,1,0,0,2,11,93,1,1,0,0,0,1,0,0,1,24,1,0,0,0,0,1,0,0,1,0,0,0,0,0,0,0,0,0,0,0,0,0,0,0,0,0,gen_off_by_one_fix_168,NO_ISSUE
9,216,0,1.0,0,0,0,0,1,1,2,1,0,1,1,10,77,1,1,1,0,0,1,1,1,1,13,0,0,0,0,0,1,0,0,1,0,0,0,0,0,0,0,0,0,0,0,0,0,0,0,0,0,gen_off_by_one_bug_169,OFF_BY_ONE_LOOP_BOUNDARY
9,215,0,1.0,0,0,0,0,1,1,2,1,0,1,1,10,77,1,1,0,0,0,1,0,0,1,13,0,0,0,0,0,1,0,0,1,0,0,0,0,0,0,0,0,0,0,0,0,0,0,0,0,0,gen_off_by_one_fix_169,NO_ISSUE
11,281,0,1.0,0,0,0,0,1,1,2,1,0,0,2,11,93,1,1,1,0,0,1,1,1,1,24,1,0,0,0,0,1,0,0,1,0,0,0,0,0,0,0,0,0,0,0,0,0,0,0,0,0,gen_off_by_one_bug_170,OFF_BY_ONE_LOOP_BOUNDARY
11,280,0,1.0,0,0,0,0,1,1,2,1,0,0,2,11,93,1,1,0,0,0,1,0,0,1,24,1,0,0,0,0,1,0,0,1,0,0,0,0,0,0,0,0,0,0,0,0,0,0,0,0,0,gen_off_by_one_fix_170,NO_ISSUE
17,393,0,1.0,0,0,0,0,1,2,0,5,0,1,2,10,108,0,0,0,0,0,0,0,0,0,0,3,1,0,0,0,0,0,0,0,0,0,0,0,0,0,0,0,0,0,0,0,0,0,0,0,0,gen_incorrect_cond_bug_001,INCORRECT_CONDITIONAL_OPERATOR
17,394,0,1.0,0,0,0,0,1,2,0,5,0,0,3,10,108,0,0,0,0,0,0,0,0,0,0,3,0,1,0,0,0,0,0,0,0,0,0,0,0,0,0,0,0,0,0,0,0,0,0,0,0,gen_incorrect_cond_fix_001,NO_ISSUE
29,658,0,1.0,0,0,0,0,1,4,2,5,0,2,3,10,203,1,1,0,0,0,1,0,0,1,13,2,1,1,0,0,1,0,0,1,0,0,0,0,0,0,0,0,0,0,0,0,0,0,0,0,0,gen_incorrect_cond_bug_002,INCORRECT_CONDITIONAL_OPERATOR
29,659,0,1.0,0,0,0,0,1,4,2,5,0,1,4,10,203,1,1,0,0,0,1,0,0,1,13,2,0,2,0,0,1,0,0,1,0,0,0,0,0,0,0,0,0,0,0,0,0,0,0,0,0,gen_incorrect_cond_fix_002,NO_ISSUE
8,193,0,1.0,0,0,0,0,1,1,0,2,0,1,0,9,49,0,0,0,0,0,0,0,0,0,0,1,1,0,1,0,0,0,0,0,0,0,0,0,0,0,0,0,0,0,0,0,0,0,0,0,0,gen_incorrect_cond_bug_003,INCORRECT_CONDITIONAL_OPERATOR
8,194,0,1.0,0,0,0,0,1,1,0,2,0,0,1,9,49,0,0,0,0,0,0,0,0,0,0,1,0,1,1,0,0,0,0,0,0,0,0,0,0,0,0,0,0,0,0,0,0,0,0,0,0,gen_incorrect_cond_fix_003,NO_ISSUE
27,628,0,1.0,0,0,0,0,1,3,2,6,0,2,4,12,200,1,1,0,0,0,1,0,0,1,29,4,1,0,1,0,3,0,0,1,0,0,0,0,0,0,0,0,0,0,0,0,0,0,0,0,0,gen_incorrect_cond_bug_004,INCORRECT_CONDITIONAL_OPERATOR
27,629,0,1.0,0,0,0,0,1,3,2,6,0,1,5,12,200,1,1,0,0,0,1,0,0,1,29,4,0,1,1,0,3,0,0,1,0,0,0,0,0,0,0,0,0,0,0,0,0,0,0,0,0,gen_incorrect_cond_fix_004,NO_ISSUE
8,204,0,1.0,0,0,0,0,1,1,0,2,0,1,0,8,47,0,0,0,0,0,0,0,0,0,0,1,1,0,0,0,0,0,0,0,0,0,0,0,0,0,0,0,0,0,0,0,0,0,0,0,0,gen_incorrect_cond_bug_005,INCORRECT_CONDITIONAL_OPERATOR
8,205,0,1.0,0,0,0,0,1,1,0,2,0,0,1,8,47,0,0,0,0,0,0,0,0,0,0,1,0,1,0,0,0,0,0,0,0,0,0,0,0,0,0,0,0,0,0,0,0,0,0,0,0,gen_incorrect_cond_fix_005,NO_ISSUE
8,198,0,1.0,0,0,0,0,1,1,0,2,0,1,0,8,47,0,0,0,0,0,0,0,0,0,0,1,1,0,0,0,0,0,0,0,0,0,0,0,0,0,0,0,0,0,0,0,0,0,0,0,0,gen_incorrect_cond_bug_006,INCORRECT_CONDITIONAL_OPERATOR
8,199,0,1.0,0,0,0,0,1,1,0,2,0,0,1,8,47,0,0,0,0,0,0,0,0,0,0,1,0,1,0,0,0,0,0,0,0,0,0,0,0,0,0,0,0,0,0,0,0,0,0,0,0,gen_incorrect_cond_fix_006,NO_ISSUE
17,412,0,1.0,0,0,0,0,1,2,0,5,0,1,2,9,110,0,0,0,0,0,0,0,0,0,0,3,1,0,0,0,0,0,0,0,0,0,0,0,0,0,0,0,0,0,0,0,0,0,0,0,0,gen_incorrect_cond_bug_007,INCORRECT_CONDITIONAL_OPERATOR
17,413,0,1.0,0,0,0,0,1,2,0,5,0,0,3,9,110,0,0,0,0,0,0,0,0,0,0,3,0,1,0,0,0,0,0,0,0,0,0,0,0,0,0,0,0,0,0,0,0,0,0,0,0,gen_incorrect_cond_fix_007,NO_ISSUE
17,388,0,1.0,0,0,0,0,1,2,0,5,0,1,2,10,108,0,0,0,0,0,0,0,0,0,0,3,1,0,0,0,0,0,0,0,0,0,0,0,0,0,0,0,0,0,0,0,0,0,0,0,0,gen_incorrect_cond_bug_008,INCORRECT_CONDITIONAL_OPERATOR
17,389,0,1.0,0,0,0,0,1,2,0,5,0,0,3,10,108,0,0,0,0,0,0,0,0,0,0,3,0,1,0,0,0,0,0,0,0,0,0,0,0,0,0,0,0,0,0,0,0,0,0,0,0,gen_incorrect_cond_fix_008,NO_ISSUE
35,764,0,1.0,0,0,0,0,1,5,0,10,0,1,8,10,221,0,0,0,0,0,0,0,0,0,0,5,1,2,0,0,0,0,0,0,0,0,0,0,0,0,0,0,0,0,0,0,0,0,0,0,0,gen_incorrect_cond_bug_009,INCORRECT_CONDITIONAL_OPERATOR
35,765,0,1.0,0,0,0,0,1,5,0,10,0,0,9,10,221,0,0,0,0,0,0,0,0,0,0,5,0,3,0,0,0,0,0,0,0,0,0,0,0,0,0,0,0,0,0,0,0,0,0,0,0,gen_incorrect_cond_fix_009,NO_ISSUE
36,828,0,1.0,0,0,0,0,1,4,3,7,1,3,5,12,247,1,1,0,0,0,1,0,0,1,29,4,1,0,0,0,3,0,0,1,0,0,0,0,0,0,0,0,0,0,0,0,0,1,0,14,0,gen_incorrect_cond_bug_010,INCORRECT_CONDITIONAL_OPERATOR
36,829,0,1.0,0,0,0,0,1,4,3,7,1,2,6,12,247,1,1,0,0,0,1,0,0,1,29,4,0,1,0,0,3,0,0,1,0,0,0,0,0,0,0,0,0,0,0,0,0,1,0,14,0,gen_incorrect_cond_fix_010,NO_ISSUE
7,178,0,1.0,0,0,0,0,1,1,0,0,0,1,0,11,52,0,0,0,0,0,0,0,0,0,0,1,1,0,0,0,0,0,0,0,0,0,0,0,0,0,0,0,0,0,0,0,0,0,0,0,0,gen_incorrect_cond_bug_011,INCORRECT_CONDITIONAL_OPERATOR
7,179,0,1.0,0,0,0,0,1,1,0,0,0,0,1,11,52,0,0,0,0,0,0,0,0,0,0,1,0,1,0,0,0,0,0,0,0,0,0,0,0,0,0,0,0,0,0,0,0,0,0,0,0,gen_incorrect_cond_fix_011,NO_ISSUE
48,1077,0,1.0,0,0,0,0,1,6,2,12,0,2,10,12,328,1,1,0,0,0,1,0,0,1,29,7,1,3,0,0,3,0,0,1,0,0,0,0,0,0,0,0,0,0,0,0,0,0,0,0,0,gen_incorrect_cond_bug_012,INCORRECT_CONDITIONAL_OPERATOR
48,1078,0,1.0,0,0,0,0,1,6,2,12,0,1,11,12,328,1,1,0,0,0,1,0,0,1,29,7,0,4,0,0,3,0,0,1,0,0,0,0,0,0,0,0,0,0,0,0,0,0,0,0,0,gen_incorrect_cond_fix_012,NO_ISSUE
7,176,0,1.0,0,0,0,0,1,1,0,0,0,1,0,11,52,0,0,0,0,0,0,0,0,0,0,1,1,0,0,0,0,0,0,0,0,0,0,0,0,0,0,0,0,0,0,0,0,0,0,0,0,gen_incorrect_cond_bug_013,INCORRECT_CONDITIONAL_OPERATOR
7,177,0,1.0,0,0,0,0,1,1,0,0,0,0,1,11,52,0,0,0,0,0,0,0,0,0,0,1,0,1,0,0,0,0,0,0,0,0,0,0,0,0,0,0,0,0,0,0,0,0,0,0,0,gen_incorrect_cond_fix_013,NO_ISSUE
21,449,0,1.0,0,0,0,0,1,3,1,4,1,2,3,9,125,0,0,0,0,0,0,0,0,0,0,1,1,0,1,0,0,0,0,0,0,0,0,0,0,0,0,0,0,0,0,0,0,1,0,14,0,gen_incorrect_cond_bug_014,INCORRECT_CONDITIONAL_OPERATOR
21,450,0,1.0,0,0,0,0,1,3,1,4,1,1,4,9,125,0,0,0,0,0,0,0,0,0,0,1,0,1,1,0,0,0,0,0,0,0,0,0,0,0,0,0,0,0,0,0,0,1,0,14,0,gen_incorrect_cond_fix_014,NO_ISSUE
59,1353,0,1.0,0,0,0,0,1,7,6,13,0,4,10,12,439,3,3,0,0,0,3,0,0,3,29,7,1,1,0,0,5,0,0,3,0,0,0,0,0,0,0,0,0,0,0,0,0,0,0,0,0,gen_incorrect_cond_bug_015,INCORRECT_CONDITIONAL_OPERATOR
59,1354,0,1.0,0,0,0,0,1,7,6,13,0,3,11,12,439,3,3,0,0,0,3,0,0,3,29,7,0,2,0,0,5,0,0,3,0,0,0,0,0,0,0,0,0,0,0,0,0,0,0,0,0,gen_incorrect_cond_fix_015,NO_ISSUE
30,749,0,1.0,0,0,0,0,1,4,2,7,0,1,5,11,228,1,1,0,0,0,1,0,0,1,30,3,1,0,0,0,1,0,0,1,0,0,0,0,0,0,0,0,0,0,0,0,0,0,0,0,0,gen_incorrect_cond_bug_016,INCORRECT_CONDITIONAL_OPERATOR
30,750,0,1.0,0,0,0,0,1,4,2,7,0,0,6,11,228,1,1,0,0,0,1,0,0,1,30,3,0,1,0,0,1,0,0,1,0,0,0,0,0,0,0,0,0,0,0,0,0,0,0,0,0,gen_incorrect_cond_fix_016,NO_ISSUE
16,443,0,1.0,0,0,0,0,1,2,2,1,0,1,1,11,145,1,1,0,0,0,1,0,0,1,30,1,1,0,0,0,1,0,0,1,0,0,0,0,0,0,0,0,0,0,0,0,0,0,0,0,0,gen_incorrect_cond_bug_017,INCORRECT_CONDITIONAL_OPERATOR
16,444,0,1.0,0,0,0,0,1,2,2,1,0,0,2,11,145,1,1,0,0,0,1,0,0,1,30,1,0,1,0,0,1,0,0,1,0,0,0,0,0,0,0,0,0,0,0,0,0,0,0,0,0,gen_incorrect_cond_fix_017,NO_ISSUE
8,184,0,1.0,0,0,0,0,1,1,0,2,0,1,0,9,49,0,0,0,0,0,0,0,0,0,0,1,1,0,1,0,0,0,0,0,0,0,0,0,0,0,0,0,0,0,0,0,0,0,0,0,0,gen_incorrect_cond_bug_018,INCORRECT_CONDITIONAL_OPERATOR
8,185,0,1.0,0,0,0,0,1,1,0,2,0,0,1,9,49,0,0,0,0,0,0,0,0,0,0,1,0,1,1,0,0,0,0,0,0,0,0,0,0,0,0,0,0,0,0,0,0,0,0,0,0,gen_incorrect_cond_fix_018,NO_ISSUE
8,200,0,1.0,0,0,0,0,1,1,0,2,0,1,0,8,47,0,0,0,0,0,0,0,0,0,0,1,1,0,0,0,0,0,0,0,0,0,0,0,0,0,0,0,0,0,0,0,0,0,0,0,0,gen_incorrect_cond_bug_019,INCORRECT_CONDITIONAL_OPERATOR
8,201,0,1.0,0,0,0,0,1,1,0,2,0,0,1,8,47,0,0,0,0,0,0,0,0,0,0,1,0,1,0,0,0,0,0,0,0,0,0,0,0,0,0,0,0,0,0,0,0,0,0,0,0,gen_incorrect_cond_fix_019,NO_ISSUE
13,317,0,1.0,0,0,0,0,1,2,0,0,0,1,0,11,96,0,0,0,0,0,0,0,0,0,0,1,1,0,0,0,0,0,0,0,0,0,0,0,0,0,0,0,0,0,0,0,0,0,0,0,0,gen_incorrect_cond_bug_020,INCORRECT_CONDITIONAL_OPERATOR
13,318,0,1.0,0,0,0,0,1,2,0,0,0,0,1,11,96,0,0,0,0,0,0,0,0,0,0,1,0,1,0,0,0,0,0,0,0,0,0,0,0,0,0,0,0,0,0,0,0,0,0,0,0,gen_incorrect_cond_fix_020,NO_ISSUE
42,1013,0,1.0,0,0,0,0,1,6,2,7,0,1,5,11,316,1,1,0,0,0,1,0,0,1,30,3,1,0,0,0,1,0,0,1,0,0,0,0,0,0,0,0,0,0,0,0,0,0,0,0,0,gen_incorrect_cond_bug_021,INCORRECT_CONDITIONAL_OPERATOR
42,1014,0,1.0,0,0,0,0,1,6,2,7,0,0,6,11,316,1,1,0,0,0,1,0,0,1,30,3,0,1,0,0,1,0,0,1,0,0,0,0,0,0,0,0,0,0,0,0,0,0,0,0,0,gen_incorrect_cond_fix_021,NO_ISSUE
7,177,0,1.0,0,0,0,0,1,1,0,0,0,1,0,11,52,0,0,0,0,0,0,0,0,0,0,1,1,0,0,0,0,0,0,0,0,0,0,0,0,0,0,0,0,0,0,0,0,0,0,0,0,gen_incorrect_cond_bug_022,INCORRECT_CONDITIONAL_OPERATOR
7,178,0,1.0,0,0,0,0,1,1,0,0,0,0,1,11,52,0,0,0,0,0,0,0,0,0,0,1,0,1,0,0,0,0,0,0,0,0,0,0,0,0,0,0,0,0,0,0,0,0,0,0,0,gen_incorrect_cond_fix_022,NO_ISSUE
16,356,0,1.0,0,0,0,0,1,2,1,1,1,2,1,11,103,0,0,0,0,0,0,0,0,0,0,1,1,0,0,0,0,0,0,0,0,0,0,0,0,0,0,0,0,0,0,0,0,1,0,14,0,gen_incorrect_cond_bug_023,INCORRECT_CONDITIONAL_OPERATOR
16,357,0,1.0,0,0,0,0,1,2,1,1,1,1,2,11,103,0,0,0,0,0,0,0,0,0,0,1,0,1,0,0,0,0,0,0,0,0,0,0,0,0,0,0,0,0,0,0,0,1,0,14,0,gen_incorrect_cond_fix_023,NO_ISSUE
8,196,0,1.0,0,0,0,0,1,1,0,2,0,1,0,8,47,0,0,0,0,0,0,0,0,0,0,1,1,0,0,0,0,0,0,0,0,0,0,0,0,0,0,0,0,0,0,0,0,0,0,0,0,gen_incorrect_cond_bug_024,INCORRECT_CONDITIONAL_OPERATOR
8,197,0,1.0,0,0,0,0,1,1,0,2,0,0,1,8,47,0,0,0,0,0,0,0,0,0,0,1,0,1,0,0,0,0,0,0,0,0,0,0,0,0,0,0,0,0,0,0,0,0,0,0,0,gen_incorrect_cond_fix_024,NO_ISSUE
43,967,0,1.0,0,0,0,0,1,5,3,4,0,5,1,11,285,1,1,0,0,0,1,0,0,1,13,1,1,0,1,0,1,0,0,1,1,3,2,0,0,1,0,12,0,0,0,0,0,0,0,0,0,gen_incorrect_cond_bug_025,INCORRECT_CONDITIONAL_OPERATOR
43,968,0,1.0,0,0,0,0,1,5,3,4,0,4,2,11,285,1,1,0,0,0,1,0,0,1,13,1,0,1,1,0,1,0,0,1,1,3,2,0,0,1,0,12,0,0,0,0,0,0,0,0,0,gen_incorrect_cond_fix_025,NO_ISSUE
8,204,0,1.0,0,0,0,0,1,1,0,2,0,1,0,8,47,0,0,0,0,0,0,0,0,0,0,1,1,0,0,0,0,0,0,0,0,0,0,0,0,0,0,0,0,0,0,0,0,0,0,0,0,gen_incorrect_cond_bug_026,INCORRECT_CONDITIONAL_OPERATOR
8,205,0,1.0,0,0,0,0,1,1,0,2,0,0,1,8,47,0,0,0,0,0,0,0,0,0,0,1,0,1,0,0,0,0,0,0,0,0,0,0,0,0,0,0,0,0,0,0,0,0,0,0,0,gen_incorrect_cond_fix_026,NO_ISSUE
8,200,0,1.0,0,0,0,0,1,1,0,2,0,1,0,8,47,0,0,0,0,0,0,0,0,0,0,1,1,0,0,0,0,0,0,0,0,0,0,0,0,0,0,0,0,0,0,0,0,0,0,0,0,gen_incorrect_cond_bug_027,INCORRECT_CONDITIONAL_OPERATOR
8,201,0,1.0,0,0,0,0,1,1,0,2,0,0,1,8,47,0,0,0,0,0,0,0,0,0,0,1,0,1,0,0,0,0,0,0,0,0,0,0,0,0,0,0,0,0,0,0,0,0,0,0,0,gen_incorrect_cond_fix_027,NO_ISSUE
8,196,0,1.0,0,0,0,0,1,1,0,2,0,1,0,8,47,0,0,0,0,0,0,0,0,0,0,1,1,0,0,0,0,0,0,0,0,0,0,0,0,0,0,0,0,0,0,0,0,0,0,0,0,gen_incorrect_cond_bug_028,INCORRECT_CONDITIONAL_OPERATOR
8,197,0,1.0,0,0,0,0,1,1,0,2,0,0,1,8,47,0,0,0,0,0,0,0,0,0,0,1,0,1,0,0,0,0,0,0,0,0,0,0,0,0,0,0,0,0,0,0,0,0,0,0,0,gen_incorrect_cond_fix_028,NO_ISSUE
21,465,0,1.0,0,0,0,0,1,3,0,6,0,1,4,10,135,0,0,0,0,0,0,0,0,0,0,3,1,0,1,0,0,0,0,0,0,0,0,0,0,0,0,0,0,0,0,0,0,0,0,0,0,gen_incorrect_cond_bug_029,INCORRECT_CONDITIONAL_OPERATOR
21,466,0,1.0,0,0,0,0,1,3,0,6,0,0,5,10,135,0,0,0,0,0,0,0,0,0,0,3,0,1,1,0,0,0,0,0,0,0,0,0,0,0,0,0,0,0,0,0,0,0,0,0,0,gen_incorrect_cond_fix_029,NO_ISSUE
8,196,0,1.0,0,0,0,0,1,1,0,2,0,1,0,8,47,0,0,0,0,0,0,0,0,0,0,1,1,0,0,0,0,0,0,0,0,0,0,0,0,0,0,0,0,0,0,0,0,0,0,0,0,gen_incorrect_cond_bug_030,INCORRECT_CONDITIONAL_OPERATOR
8,197,0,1.0,0,0,0,0,1,1,0,2,0,0,1,8,47,0,0,0,0,0,0,0,0,0,0,1,0,1,0,0,0,0,0,0,0,0,0,0,0,0,0,0,0,0,0,0,0,0,0,0,0,gen_incorrect_cond_fix_030,NO_ISSUE
16,380,0,1.0,0,0,0,0,1,2,2,3,0,2,1,10,115,1,1,0,0,0,1,0,0,1,13,1,1,0,0,0,1,0,0,1,0,0,0,0,0,0,0,0,0,0,0,0,0,0,0,0,0,gen_incorrect_cond_bug_031,INCORRECT_CONDITIONAL_OPERATOR
16,381,0,1.0,0,0,0,0,1,2,2,3,0,1,2,10,115,1,1,0,0,0,1,0,0,1,13,1,0,1,0,0,1,0,0,1,0,0,0,0,0,0,0,0,0,0,0,0,0,0,0,0,0,gen_incorrect_cond_fix_031,NO_ISSUE
33,758,0,1.0,0,0,0,0,1,4,4,6,0,3,5,12,247,2,2,0,0,0,2,0,0,2,29,3,1,1,0,0,4,0,0,2,0,0,0,0,0,0,0,0,0,0,0,0,0,0,0,0,0,gen_incorrect_cond_bug_032,INCORRECT_CONDITIONAL_OPERATOR
33,759,0,1.0,0,0,0,0,1,4,4,6,0,2,6,12,247,2,2,0,0,0,2,0,0,2,29,3,0,2,0,0,4,0,0,2,0,0,0,0,0,0,0,0,0,0,0,0,0,0,0,0,0,gen_incorrect_cond_fix_032,NO_ISSUE
7,180,0,1.0,0,0,0,0,1,1,0,0,0,1,0,11,52,0,0,0,0,0,0,0,0,0,0,1,1,0,0,0,0,0,0,0,0,0,0,0,0,0,0,0,0,0,0,0,0,0,0,0,0,gen_incorrect_cond_bug_033,INCORRECT_CONDITIONAL_OPERATOR
7,181,0,1.0,0,0,0,0,1,1,0,0,0,0,1,11,52,0,0,0,0,0,0,0,0,0,0,1,0,1,0,0,0,0,0,0,0,0,0,0,0,0,0,0,0,0,0,0,0,0,0,0,0,gen_incorrect_cond_fix_033,NO_ISSUE
8,191,0,1.0,0,0,0,0,1,1,0,2,0,1,0,9,49,0,0,0,0,0,0,0,0,0,0,1,1,0,1,0,0,0,0,0,0,0,0,0,0,0,0,0,0,0,0,0,0,0,0,0,0,gen_incorrect_cond_bug_034,INCORRECT_CONDITIONAL_OPERATOR
8,192,0,1.0,0,0,0,0,1,1,0,2,0,0,1,9,49,0,0,0,0,0,0,0,0,0,0,1,0,1,1,0,0,0,0,0,0,0,0,0,0,0,0,0,0,0,0,0,0,0,0,0,0,gen_incorrect_cond_fix_034,NO_ISSUE
27,630,0,1.0,0,0,0,0,1,3,2,6,0,2,4,12,198,1,1,0,0,0,1,0,0,1,29,4,1,0,1,0,3,0,0,1,0,0,0,0,0,0,0,0,0,0,0,0,0,0,0,0,0,gen_incorrect_cond_bug_035,INCORRECT_CONDITIONAL_OPERATOR
27,631,0,1.0,0,0,0,0,1,3,2,6,0,1,5,12,198,1,1,0,0,0,1,0,0,1,29,4,0,1,1,0,3,0,0,1,0,0,0,0,0,0,0,0,0,0,0,0,0,0,0,0,0,gen_incorrect_cond_fix_035,NO_ISSUE
25,574,0,1.0,0,0,0,0,1,3,2,5,0,2,4,12,181,1,1,0,0,0,1,0,0,1,29,3,1,1,1,0,3,0,0,1,0,0,0,0,0,0,0,0,0,0,0,0,0,0,0,0,0,gen_incorrect_cond_bug_036,INCORRECT_CONDITIONAL_OPERATOR
25,575,0,1.0,0,0,0,0,1,3,2,5,0,1,5,12,181,1,1,0,0,0,1,0,0,1,29,3,0,2,1,0,3,0,0,1,0,0,0,0,0,0,0,0,0,0,0,0,0,0,0,0,0,gen_incorrect_cond_fix_036,NO_ISSUE
60,1468,0,1.0,0,0,0,0,1,6,6,7,0,7,4,11,418,2,2,0,0,0,2,0,0,2,30,1,1,0,0,0,2,0,0,1,2,6,4,0,0,2,0,12,0,0,0,0,0,0,0,0,0,gen_incorrect_cond_bug_037,INCORRECT_CONDITIONAL_OPERATOR
60,1469,0,1.0,0,0,0,0,1,6,6,7,0,6,5,11,418,2,2,0,0,0,2,0,0,2,30,1,0,1,0,0,2,0,0,1,2,6,4,0,0,2,0,12,0,0,0,0,0,0,0,0,0,gen_incorrect_cond_fix_037,NO_ISSUE
34,834,0,1.0,0,0,0,0,1,5,4,4,0,2,7,12,283,2,2,0,0,0,2,0,0,2,30,2,1,0,0,0,4,0,0,2,0,0,0,0,0,0,0,0,0,0,0,0,0,0,0,0,0,gen_incorrect_cond_bug_038,INCORRECT_CONDITIONAL_OPERATOR
34,835,0,1.0,0,0,0,0,1,5,4,4,0,1,8,12,283,2,2,0,0,0,2,0,0,2,30,2,0,1,0,0,4,0,0,2,0,0,0,0,0,0,0,0,0,0,0,0,0,0,0,0,0,gen_incorrect_cond_fix_038,NO_ISSUE
21,492,0,1.0,0,0,0,0,1,3,2,1,0,2,1,11,164,1,1,0,0,0,1,0,0,1,13,1,1,0,0,0,1,0,0,1,0,0,0,0,0,0,0,0,0,0,0,0,0,0,0,0,0,gen_incorrect_cond_bug_039,INCORRECT_CONDITIONAL_OPERATOR
21,493,0,1.0,0,0,0,0,1,3,2,1,0,1,2,11,164,1,1,0,0,0,1,0,0,1,13,1,0,1,0,0,1,0,0,1,0,0,0,0,0,0,0,0,0,0,0,0,0,0,0,0,0,gen_incorrect_cond_fix_039,NO_ISSUE
12,276,0,1.0,0,0,0,0,1,2,0,3,0,1,2,8,72,0,0,0,0,0,0,0,0,0,0,1,1,0,0,0,0,0,0,0,0,0,0,0,0,0,0,0,0,0,0,0,0,0,0,0,0,gen_incorrect_cond_bug_040,INCORRECT_CONDITIONAL_OPERATOR
12,277,0,1.0,0,0,0,0,1,2,0,3,0,0,3,8,72,0,0,0,0,0,0,0,0,0,0,1,0,1,0,0,0,0,0,0,0,0,0,0,0,0,0,0,0,0,0,0,0,0,0,0,0,gen_incorrect_cond_fix_040,NO_ISSUE
7,183,0,1.0,0,0,0,0,1,1,0,0,0,1,0,11,52,0,0,0,0,0,0,0,0,0,0,1,1,0,0,0,0,0,0,0,0,0,0,0,0,0,0,0,0,0,0,0,0,0,0,0,0,gen_incorrect_cond_bug_041,INCORRECT_CONDITIONAL_OPERATOR
7,184,0,1.0,0,0,0,0,1,1,0,0,0,0,1,11,52,0,0,0,0,0,0,0,0,0,0,1,0,1,0,0,0,0,0,0,0,0,0,0,0,0,0,0,0,0,0,0,0,0,0,0,0,gen_incorrect_cond_fix_041,NO_ISSUE
48,1042,0,1.0,0,0,0,0,1,6,2,7,1,5,7,11,294,0,0,0,0,0,0,0,0,0,0,3,1,0,0,0,0,0,0,0,1,3,2,0,0,1,0,12,0,0,0,0,0,1,0,14,0,gen_incorrect_cond_bug_042,INCORRECT_CONDITIONAL_OPERATOR
48,1043,0,1.0,0,0,0,0,1,6,2,7,1,4,8,11,294,0,0,0,0,0,0,0,0,0,0,3,0,1,0,0,0,0,0,0,1,3,2,0,0,1,0,12,0,0,0,0,0,1,0,14,0,gen_incorrect_cond_fix_042,NO_ISSUE
35,851,0,1.0,0,0,0,0,1,4,3,7,1,2,4,11,254,1,1,0,0,0,1,0,0,1,30,3,1,0,0,0,1,0,0,1,0,0,0,0,0,0,0,0,0,0,0,0,0,1,0,14,0,gen_incorrect_cond_bug_043,INCORRECT_CONDITIONAL_OPERATOR
35,852,0,1.0,0,0,0,0,1,4,3,7,1,1,5,11,254,1,1,0,0,0,1,0,0,1,30,3,0,1,0,0,1,0,0,1,0,0,0,0,0,0,0,0,0,0,0,0,0,1,0,14,0,gen_incorrect_cond_fix_043,NO_ISSUE
8,191,0,1.0,0,0,0,0,1,1,0,2,0,1,0,9,49,0,0,0,0,0,0,0,0,0,0,1,1,0,1,0,0,0,0,0,0,0,0,0,0,0,0,0,0,0,0,0,0,0,0,0,0,gen_incorrect_cond_bug_044,INCORRECT_CONDITIONAL_OPERATOR
8,192,0,1.0,0,0,0,0,1,1,0,2,0,0,1,9,49,0,0,0,0,0,0,0,0,0,0,1,0,1,1,0,0,0,0,0,0,0,0,0,0,0,0,0,0,0,0,0,0,0,0,0,0,gen_incorrect_cond_fix_044,NO_ISSUE
8,200,0,1.0,0,0,0,0,1,1,0,2,0,1,0,8,47,0,0,0,0,0,0,0,0,0,0,1,1,0,0,0,0,0,0,0,0,0,0,0,0,0,0,0,0,0,0,0,0,0,0,0,0,gen_incorrect_cond_bug_045,INCORRECT_CONDITIONAL_OPERATOR
8,201,0,1.0,0,0,0,0,1,1,0,2,0,0,1,8,47,0,0,0,0,0,0,0,0,0,0,1,0,1,0,0,0,0,0,0,0,0,0,0,0,0,0,0,0,0,0,0,0,0,0,0,0,gen_incorrect_cond_fix_045,NO_ISSUE
8,186,0,1.0,0,0,0,0,1,1,0,2,0,1,0,9,49,0,0,0,0,0,0,0,0,0,0,1,1,0,1,0,0,0,0,0,0,0,0,0,0,0,0,0,0,0,0,0,0,0,0,0,0,gen_incorrect_cond_bug_046,INCORRECT_CONDITIONAL_OPERATOR
8,187,0,1.0,0,0,0,0,1,1,0,2,0,0,1,9,49,0,0,0,0,0,0,0,0,0,0,1,0,1,1,0,0,0,0,0,0,0,0,0,0,0,0,0,0,0,0,0,0,0,0,0,0,gen_incorrect_cond_fix_046,NO_ISSUE
16,368,0,1.0,0,0,0,0,1,2,2,3,0,2,1,10,117,1,1,0,0,0,1,0,0,1,13,1,1,0,1,0,1,0,0,1,0,0,0,0,0,0,0,0,0,0,0,0,0,0,0,0,0,gen_incorrect_cond_bug_047,INCORRECT_CONDITIONAL_OPERATOR
16,369,0,1.0,0,0,0,0,1,2,2,3,0,1,2,10,117,1,1,0,0,0,1,0,0,1,13,1,0,1,1,0,1,0,0,1,0,0,0,0,0,0,0,0,0,0,0,0,0,0,0,0,0,gen_incorrect_cond_fix_047,NO_ISSUE
43,1007,0,1.0,0,0,0,0,1,5,6,8,0,4,6,12,332,3,3,0,0,0,3,0,0,3,29,4,1,0,0,0,5,0,0,2,0,0,0,0,0,0,0,0,0,0,0,0,0,0,0,0,0,gen_incorrect_cond_bug_048,INCORRECT_CONDITIONAL_OPERATOR
43,1008,0,1.0,0,0,0,0,1,5,6,8,0,3,7,12,332,3,3,0,0,0,3,0,0,3,29,4,0,1,0,0,5,0,0,2,0,0,0,0,0,0,0,0,0,0,0,0,0,0,0,0,0,gen_incorrect_cond_fix_048,NO_ISSUE
39,921,0,1.0,0,0,0,0,1,5,3,8,1,2,6,11,281,1,1,0,0,0,1,0,0,1,30,3,1,0,1,0,1,0,0,1,0,0,0,0,0,0,0,0,0,0,0,0,0,1,0,14,0,gen_incorrect_cond_bug_049,INCORRECT_CONDITIONAL_OPERATOR
39,922,0,1.0,0,0,0,0,1,5,3,8,1,1,7,11,281,1,1,0,0,0,1,0,0,1,30,3,0,1,1,0,1,0,0,1,0,0,0,0,0,0,0,0,0,0,0,0,0,1,0,14,0,gen_incorrect_cond_fix_049,NO_ISSUE
8,206,0,1.0,0,0,0,0,1,1,0,2,0,1,0,8,47,0,0,0,0,0,0,0,0,0,0,1,1,0,0,0,0,0,0,0,0,0,0,0,0,0,0,0,0,0,0,0,0,0,0,0,0,gen_incorrect_cond_bug_050,INCORRECT_CONDITIONAL_OPERATOR
8,207,0,1.0,0,0,0,0,1,1,0,2,0,0,1,8,47,0,0,0,0,0,0,0,0,0,0,1,0,1,0,0,0,0,0,0,0,0,0,0,0,0,0,0,0,0,0,0,0,0,0,0,0,gen_incorrect_cond_fix_050,NO_ISSUE
23,542,0,1.0,0,0,0,0,1,3,4,2,0,3,2,11,188,2,2,0,0,0,2,0,0,2,13,1,1,0,0,0,2,0,0,2,0,0,0,0,0,0,0,0,0,0,0,0,0,0,0,0,0,gen_incorrect_cond_bug_051,INCORRECT_CONDITIONAL_OPERATOR
23,543,0,1.0,0,0,0,0,1,3,4,2,0,2,3,11,188,2,2,0,0,0,2,0,0,2,13,1,0,1,0,0,2,0,0,2,0,0,0,0,0,0,0,0,0,0,0,0,0,0,0,0,0,gen_incorrect_cond_fix_051,NO_ISSUE
15,355,0,1.0,0,0,0,0,1,2,2,1,0,2,1,11,120,1,1,0,0,0,1,0,0,1,13,1,1,0,0,0,1,0,0,1,0,0,0,0,0,0,0,0,0,0,0,0,0,0,0,0,0,gen_incorrect_cond_bug_052,INCORRECT_CONDITIONAL_OPERATOR
15,356,0,1.0,0,0,0,0,1,2,2,1,0,1,2,11,120,1,1,0,0,0,1,0,0,1,13,1,0,1,0,0,1,0,0,1,0,0,0,0,0,0,0,0,0,0,0,0,0,0,0,0,0,gen_incorrect_cond_fix_052,NO_ISSUE
23,520,0,1.0,0,0,0,0,1,2,1,3,0,4,0,11,129,0,0,0,0,0,0,0,0,0,0,1,1,0,1,0,0,0,0,0,1,3,2,0,0,1,0,12,0,0,0,0,0,0,0,0,0,gen_incorrect_cond_bug_053,INCORRECT_CONDITIONAL_OPERATOR
23,521,0,1.0,0,0,0,0,1,2,1,3,0,3,1,11,129,0,0,0,0,0,0,0,0,0,0,1,0,1,1,0,0,0,0,0,1,3,2,0,0,1,0,12,0,0,0,0,0,0,0,0,0,gen_incorrect_cond_fix_053,NO_ISSUE
27,641,0,1.0,0,0,0,0,1,3,2,6,0,2,4,12,196,1,1,0,0,0,1,0,0,1,29,4,1,0,0,0,3,0,0,1,0,0,0,0,0,0,0,0,0,0,0,0,0,0,0,0,0,gen_incorrect_cond_bug_054,INCORRECT_CONDITIONAL_OPERATOR
27,642,0,1.0,0,0,0,0,1,3,2,6,0,1,5,12,196,1,1,0,0,0,1,0,0,1,29,4,0,1,0,0,3,0,0,1,0,0,0,0,0,0,0,0,0,0,0,0,0,0,0,0,0,gen_incorrect_cond_fix_054,NO_ISSUE
16,381,0,1.0,0,0,0,0,1,2,0,3,0,1,2,11,115,0,0,0,0,0,0,0,0,0,0,3,1,0,0,0,0,0,0,0,0,0,0,0,0,0,0,0,0,0,0,0,0,0,0,0,0,gen_incorrect_cond_bug_055,INCORRECT_CONDITIONAL_OPERATOR
16,382,0,1.0,0,0,0,0,1,2,0,3,0,0,3,11,115,0,0,0,0,0,0,0,0,0,0,3,0,1,0,0,0,0,0,0,0,0,0,0,0,0,0,0,0,0,0,0,0,0,0,0,0,gen_incorrect_cond_fix_055,NO_ISSUE
8,185,0,1.0,0,0,0,0,1,1,0,2,0,1,0,9,49,0,0,0,0,0,0,0,0,0,0,1,1,0,1,0,0,0,0,0,0,0,0,0,0,0,0,0,0,0,0,0,0,0,0,0,0,gen_incorrect_cond_bug_056,INCORRECT_CONDITIONAL_OPERATOR
8,186,0,1.0,0,0,0,0,1,1,0,2,0,0,1,9,49,0,0,0,0,0,0,0,0,0,0,1,0,1,1,0,0,0,0,0,0,0,0,0,0,0,0,0,0,0,0,0,0,0,0,0,0,gen_incorrect_cond_fix_056,NO_ISSUE
8,204,0,1.0,0,0,0,0,1,1,0,2,0,1,0,8,47,0,0,0,0,0,0,0,0,0,0,1,1,0,0,0,0,0,0,0,0,0,0,0,0,0,0,0,0,0,0,0,0,0,0,0,0,gen_incorrect_cond_bug_057,INCORRECT_CONDITIONAL_OPERATOR
8,205,0,1.0,0,0,0,0,1,1,0,2,0,0,1,8,47,0,0,0,0,0,0,0,0,0,0,1,0,1,0,0,0,0,0,0,0,0,0,0,0,0,0,0,0,0,0,0,0,0,0,0,0,gen_incorrect_cond_fix_057,NO_ISSUE
29,614,0,1.0,0,0,0,0,1,4,2,3,2,3,4,11,179,0,0,0,0,0,0,0,0,0,0,1,1,0,0,0,0,0,0,0,0,0,0,0,0,0,0,0,0,0,0,0,0,2,0,14,0,gen_incorrect_cond_bug_058,INCORRECT_CONDITIONAL_OPERATOR
29,615,0,1.0,0,0,0,0,1,4,2,3,2,2,5,11,179,0,0,0,0,0,0,0,0,0,0,1,0,1,0,0,0,0,0,0,0,0,0,0,0,0,0,0,0,0,0,0,0,2,0,14,0,gen_incorrect_cond_fix_058,NO_ISSUE
8,204,0,1.0,0,0,0,0,1,1,0,2,0,1,0,8,47,0,0,0,0,0,0,0,0,0,0,1,1,0,0,0,0,0,0,0,0,0,0,0,0,0,0,0,0,0,0,0,0,0,0,0,0,gen_incorrect_cond_bug_059,INCORRECT_CONDITIONAL_OPERATOR
8,205,0,1.0,0,0,0,0,1,1,0,2,0,0,1,8,47,0,0,0,0,0,0,0,0,0,0,1,0,1,0,0,0,0,0,0,0,0,0,0,0,0,0,0,0,0,0,0,0,0,0,0,0,gen_incorrect_cond_fix_059,NO_ISSUE
8,188,0,1.0,0,0,0,0,1,1,0,2,0,1,0,9,49,0,0,0,0,0,0,0,0,0,0,1,1,0,1,0,0,0,0,0,0,0,0,0,0,0,0,0,0,0,0,0,0,0,0,0,0,gen_incorrect_cond_bug_060,INCORRECT_CONDITIONAL_OPERATOR
8,189,0,1.0,0,0,0,0,1,1,0,2,0,0,1,9,49,0,0,0,0,0,0,0,0,0,0,1,0,1,1,0,0,0,0,0,0,0,0,0,0,0,0,0,0,0,0,0,0,0,0,0,0,gen_incorrect_cond_fix_060,NO_ISSUE
26,594,0,1.0,0,0,0,0,1,3,0,8,0,1,4,9,175,0,0,0,0,0,0,0,0,0,0,5,1,0,1,0,0,0,0,0,0,0,0,0,0,0,0,0,0,0,0,0,0,0,0,0,0,gen_incorrect_cond_bug_061,INCORRECT_CONDITIONAL_OPERATOR
26,595,0,1.0,0,0,0,0,1,3,0,8,0,0,5,9,175,0,0,0,0,0,0,0,0,0,0,5,0,1,1,0,0,0,0,0,0,0,0,0,0,0,0,0,0,0,0,0,0,0,0,0,0,gen_incorrect_cond_fix_061,NO_ISSUE
58,1382,0,1.0,0,0,0,0,1,6,3,11,0,4,7,11,412,1,1,0,0,0,1,0,0,1,30,7,1,0,0,0,1,0,0,1,1,3,2,0,0,1,0,12,0,0,0,0,0,0,0,0,0,gen_incorrect_cond_bug_062,INCORRECT_CONDITIONAL_OPERATOR
58,1383,0,1.0,0,0,0,0,1,6,3,11,0,3,8,11,412,1,1,0,0,0,1,0,0,1,30,7,0,1,0,0,1,0,0,1,1,3,2,0,0,1,0,12,0,0,0,0,0,0,0,0,0,gen_incorrect_cond_fix_062,NO_ISSUE
52,1230,0,1.0,0,0,0,0,1,6,5,11,1,3,7,11,383,2,2,0,0,0,2,0,0,2,30,5,1,0,0,0,2,0,0,2,0,0,0,0,0,0,0,0,0,0,0,0,0,1,0,14,0,gen_incorrect_cond_bug_063,INCORRECT_CONDITIONAL_OPERATOR
52,1231,0,1.0,0,0,0,0,1,6,5,11,1,2,8,11,383,2,2,0,0,0,2,0,0,2,30,5,0,1,0,0,2,0,0,2,0,0,0,0,0,0,0,0,0,0,0,0,0,1,0,14,0,gen_incorrect_cond_fix_063,NO_ISSUE
8,198,0,1.0,0,0,0,0,1,1,0,2,0,1,0,8,47,0,0,0,0,0,0,0,0,0,0,1,1,0,0,0,0,0,0,0,0,0,0,0,0,0,0,0,0,0,0,0,0,0,0,0,0,gen_incorrect_cond_bug_064,INCORRECT_CONDITIONAL_OPERATOR
8,199,0,1.0,0,0,0,0,1,1,0,2,0,0,1,8,47,0,0,0,0,0,0,0,0,0,0,1,0,1,0,0,0,0,0,0,0,0,0,0,0,0,0,0,0,0,0,0,0,0,0,0,0,gen_incorrect_cond_fix_064,NO_ISSUE
8,196,0,1.0,0,0,0,0,1,1,0,2,0,1,0,8,47,0,0,0,0,0,0,0,0,0,0,1,1,0,0,0,0,0,0,0,0,0,0,0,0,0,0,0,0,0,0,0,0,0,0,0,0,gen_incorrect_cond_bug_065,INCORRECT_CONDITIONAL_OPERATOR
8,197,0,1.0,0,0,0,0,1,1,0,2,0,0,1,8,47,0,0,0,0,0,0,0,0,0,0,1,0,1,0,0,0,0,0,0,0,0,0,0,0,0,0,0,0,0,0,0,0,0,0,0,0,gen_incorrect_cond_fix_065,NO_ISSUE
7,179,0,1.0,0,0,0,0,1,1,0,0,0,1,0,11,52,0,0,0,0,0,0,0,0,0,0,1,1,0,0,0,0,0,0,0,0,0,0,0,0,0,0,0,0,0,0,0,0,0,0,0,0,gen_incorrect_cond_bug_066,INCORRECT_CONDITIONAL_OPERATOR
7,180,0,1.0,0,0,0,0,1,1,0,0,0,0,1,11,52,0,0,0,0,0,0,0,0,0,0,1,0,1,0,0,0,0,0,0,0,0,0,0,0,0,0,0,0,0,0,0,0,0,0,0,0,gen_incorrect_cond_fix_066,NO_ISSUE
31,774,0,1.0,0,0,0,0,1,3,3,2,0,4,1,11,225,1,1,0,0,0,1,0,0,1,30,1,1,0,0,0,1,0,0,1,1,3,2,0,0,1,0,12,0,0,0,0,0,0,0,0,0,gen_incorrect_cond_bug_067,INCORRECT_CONDITIONAL_OPERATOR
31,775,0,1.0,0,0,0,0,1,3,3,2,0,3,2,11,225,1,1,0,0,0,1,0,0,1,30,1,0,1,0,0,1,0,0,1,1,3,2,0,0,1,0,12,0,0,0,0,0,0,0,0,0,gen_incorrect_cond_fix_067,NO_ISSUE
25,645,0,1.0,0,0,0,0,1,3,2,4,0,1,3,11,206,1,1,0,0,0,1,0,0,1,30,3,1,0,0,0,1,0,0,1,0,0,0,0,0,0,0,0,0,0,0,0,0,0,0,0,0,gen_incorrect_cond_bug_068,INCORRECT_CONDITIONAL_OPERATOR
25,646,0,1.0,0,0,0,0,1,3,2,4,0,0,4,11,206,1,1,0,0,0,1,0,0,1,30,3,0,1,0,0,1,0,0,1,0,0,0,0,0,0,0,0,0,0,0,0,0,0,0,0,0,gen_incorrect_cond_fix_068,NO_ISSUE
23,525,0,1.0,0,0,0,0,1,3,0,5,0,1,4,11,159,0,0,0,0,0,0,0,0,0,0,4,1,1,0,0,0,0,0,0,0,0,0,0,0,0,0,0,0,0,0,0,0,0,0,0,0,gen_incorrect_cond_bug_069,INCORRECT_CONDITIONAL_OPERATOR
23,526,0,1.0,0,0,0,0,1,3,0,5,0,0,5,11,159,0,0,0,0,0,0,0,0,0,0,4,0,2,0,0,0,0,0,0,0,0,0,0,0,0,0,0,0,0,0,0,0,0,0,0,0,gen_incorrect_cond_fix_069,NO_ISSUE
7,180,0,1.0,0,0,0,0,1,1,0,0,0,1,0,11,52,0,0,0,0,0,0,0,0,0,0,1,1,0,0,0,0,0,0,0,0,0,0,0,0,0,0,0,0,0,0,0,0,0,0,0,0,gen_incorrect_cond_bug_070,INCORRECT_CONDITIONAL_OPERATOR
7,181,0,1.0,0,0,0,0,1,1,0,0,0,0,1,11,52,0,0,0,0,0,0,0,0,0,0,1,0,1,0,0,0,0,0,0,0,0,0,0,0,0,0,0,0,0,0,0,0,0,0,0,0,gen_incorrect_cond_fix_070,NO_ISSUE
8,193,0,1.0,0,0,0,0,1,1,0,2,0,1,0,9,49,0,0,0,0,0,0,0,0,0,0,1,1,0,1,0,0,0,0,0,0,0,0,0,0,0,0,0,0,0,0,0,0,0,0,0,0,gen_incorrect_cond_bug_071,INCORRECT_CONDITIONAL_OPERATOR
8,194,0,1.0,0,0,0,0,1,1,0,2,0,0,1,9,49,0,0,0,0,0,0,0,0,0,0,1,0,1,1,0,0,0,0,0,0,0,0,0,0,0,0,0,0,0,0,0,0,0,0,0,0,gen_incorrect_cond_fix_071,NO_ISSUE
49,1082,0,1.0,0,0,0,0,1,5,4,7,1,6,5,12,312,1,1,0,0,0,1,0,0,1,29,3,1,1,1,0,3,0,0,1,1,3,2,0,0,1,0,12,0,0,0,0,0,1,0,14,0,gen_incorrect_cond_bug_072,INCORRECT_CONDITIONAL_OPERATOR
49,1083,0,1.0,0,0,0,0,1,5,4,7,1,5,6,12,312,1,1,0,0,0,1,0,0,1,29,3,0,2,1,0,3,0,0,1,1,3,2,0,0,1,0,12,0,0,0,0,0,1,0,14,0,gen_incorrect_cond_fix_072,NO_ISSUE
8,194,0,1.0,0,0,0,0,1,1,0,2,0,1,0,8,47,0,0,0,0,0,0,0,0,0,0,1,1,0,0,0,0,0,0,0,0,0,0,0,0,0,0,0,0,0,0,0,0,0,0,0,0,gen_incorrect_cond_bug_073,INCORRECT_CONDITIONAL_OPERATOR
8,195,0,1.0,0,0,0,0,1,1,0,2,0,0,1,8,47,0,0,0,0,0,0,0,0,0,0,1,0,1,0,0,0,0,0,0,0,0,0,0,0,0,0,0,0,0,0,0,0,0,0,0,0,gen_incorrect_cond_fix_073,NO_ISSUE
28,634,0,1.0,0,0,0,0,1,4,2,4,0,2,6,12,209,1,1,0,0,0,1,0,0,1,29,3,1,1,0,0,3,0,0,1,0,0,0,0,0,0,0,0,0,0,0,0,0,0,0,0,0,gen_incorrect_cond_bug_074,INCORRECT_CONDITIONAL_OPERATOR
28,635,0,1.0,0,0,0,0,1,4,2,4,0,1,7,12,209,1,1,0,0,0,1,0,0,1,29,3,0,2,0,0,3,0,0,1,0,0,0,0,0,0,0,0,0,0,0,0,0,0,0,0,0,gen_incorrect_cond_fix_074,NO_ISSUE
47,1058,0,1.0,0,0,0,0,1,6,5,6,1,4,5,11,346,2,2,0,0,0,2,0,0,2,13,3,1,0,0,0,2,0,0,2,0,0,0,0,0,0,0,0,0,0,0,0,0,1,0,14,0,gen_incorrect_cond_bug_075,INCORRECT_CONDITIONAL_OPERATOR
47,1059,0,1.0,0,0,0,0,1,6,5,6,1,3,6,11,346,2,2,0,0,0,2,0,0,2,13,3,0,1,0,0,2,0,0,2,0,0,0,0,0,0,0,0,0,0,0,0,0,1,0,14,0,gen_incorrect_cond_fix_075,NO_ISSUE
15,343,0,1.0,0,0,0,0,1,2,0,4,0,1,2,9,91,0,0,0,0,0,0,0,0,0,0,2,1,1,0,0,0,0,0,0,0,0,0,0,0,0,0,0,0,0,0,0,0,0,0,0,0,gen_incorrect_cond_bug_076,INCORRECT_CONDITIONAL_OPERATOR
15,344,0,1.0,0,0,0,0,1,2,0,4,0,0,3,9,91,0,0,0,0,0,0,0,0,0,0,2,0,2,0,0,0,0,0,0,0,0,0,0,0,0,0,0,0,0,0,0,0,0,0,0,0,gen_incorrect_cond_fix_076,NO_ISSUE
66,1565,0,1.0,0,0,0,0,1,8,6,15,0,3,12,12,508,3,3,0,0,0,3,0,0,3,30,8,1,0,0,0,5,0,0,3,0,0,0,0,0,0,0,0,0,0,0,0,0,0,0,0,0,gen_incorrect_cond_bug_077,INCORRECT_CONDITIONAL_OPERATOR
66,1566,0,1.0,0,0,0,0,1,8,6,15,0,2,13,12,508,3,3,0,0,0,3,0,0,3,30,8,0,1,0,0,5,0,0,3,0,0,0,0,0,0,0,0,0,0,0,0,0,0,0,0,0,gen_incorrect_cond_fix_077,NO_ISSUE
17,467,0,1.0,0,0,0,0,1,2,2,3,0,1,1,11,140,1,1,0,0,0,1,0,0,1,30,1,1,0,0,0,1,0,0,1,0,0,0,0,0,0,0,0,0,0,0,0,0,0,0,0,0,gen_incorrect_cond_bug_078,INCORRECT_CONDITIONAL_OPERATOR
17,468,0,1.0,0,0,0,0,1,2,2,3,0,0,2,11,140,1,1,0,0,0,1,0,0,1,30,1,0,1,0,0,1,0,0,1,0,0,0,0,0,0,0,0,0,0,0,0,0,0,0,0,0,gen_incorrect_cond_fix_078,NO_ISSUE
7,177,0,1.0,0,0,0,0,1,1,0,0,0,1,0,11,52,0,0,0,0,0,0,0,0,0,0,1,1,0,0,0,0,0,0,0,0,0,0,0,0,0,0,0,0,0,0,0,0,0,0,0,0,gen_incorrect_cond_bug_079,INCORRECT_CONDITIONAL_OPERATOR
7,178,0,1.0,0,0,0,0,1,1,0,0,0,0,1,11,52,0,0,0,0,0,0,0,0,0,0,1,0,1,0,0,0,0,0,0,0,0,0,0,0,0,0,0,0,0,0,0,0,0,0,0,0,gen_incorrect_cond_fix_079,NO_ISSUE
24,538,0,1.0,0,0,0,0,1,3,3,2,1,3,2,11,171,1,1,0,0,0,1,0,0,1,13,1,1,0,0,0,1,0,0,1,0,0,0,0,0,0,0,0,0,0,0,0,0,1,0,14,0,gen_incorrect_cond_bug_080,INCORRECT_CONDITIONAL_OPERATOR
24,539,0,1.0,0,0,0,0,1,3,3,2,1,2,3,11,171,1,1,0,0,0,1,0,0,1,13,1,0,1,0,0,1,0,0,1,0,0,0,0,0,0,0,0,0,0,0,0,0,1,0,14,0,gen_incorrect_cond_fix_080,NO_ISSUE
7,176,0,1.0,0,0,0,0,1,1,0,0,0,1,0,11,52,0,0,0,0,0,0,0,0,0,0,1,1,0,0,0,0,0,0,0,0,0,0,0,0,0,0,0,0,0,0,0,0,0,0,0,0,gen_incorrect_cond_bug_081,INCORRECT_CONDITIONAL_OPERATOR
7,177,0,1.0,0,0,0,0,1,1,0,0,0,0,1,11,52,0,0,0,0,0,0,0,0,0,0,1,0,1,0,0,0,0,0,0,0,0,0,0,0,0,0,0,0,0,0,0,0,0,0,0,0,gen_incorrect_cond_fix_081,NO_ISSUE
20,450,0,1.0,0,0,0,0,1,3,0,4,0,1,4,11,138,0,0,0,0,0,0,0,0,0,0,3,1,0,0,0,0,0,0,0,0,0,0,0,0,0,0,0,0,0,0,0,0,0,0,0,0,gen_incorrect_cond_bug_082,INCORRECT_CONDITIONAL_OPERATOR
20,451,0,1.0,0,0,0,0,1,3,0,4,0,0,5,11,138,0,0,0,0,0,0,0,0,0,0,3,0,1,0,0,0,0,0,0,0,0,0,0,0,0,0,0,0,0,0,0,0,0,0,0,0,gen_incorrect_cond_fix_082,NO_ISSUE
7,176,0,1.0,0,0,0,0,1,1,0,0,0,1,0,11,52,0,0,0,0,0,0,0,0,0,0,1,1,0,0,0,0,0,0,0,0,0,0,0,0,0,0,0,0,0,0,0,0,0,0,0,0,gen_incorrect_cond_bug_083,INCORRECT_CONDITIONAL_OPERATOR
7,177,0,1.0,0,0,0,0,1,1,0,0,0,0,1,11,52,0,0,0,0,0,0,0,0,0,0,1,0,1,0,0,0,0,0,0,0,0,0,0,0,0,0,0,0,0,0,0,0,0,0,0,0,gen_incorrect_cond_fix_083,NO_ISSUE
7,176,0,1.0,0,0,0,0,1,1,0,0,0,1,0,11,52,0,0,0,0,0,0,0,0,0,0,1,1,0,0,0,0,0,0,0,0,0,0,0,0,0,0,0,0,0,0,0,0,0,0,0,0,gen_incorrect_cond_bug_084,INCORRECT_CONDITIONAL_OPERATOR
7,177,0,1.0,0,0,0,0,1,1,0,0,0,0,1,11,52,0,0,0,0,0,0,0,0,0,0,1,0,1,0,0,0,0,0,0,0,0,0,0,0,0,0,0,0,0,0,0,0,0,0,0,0,gen_incorrect_cond_fix_084,NO_ISSUE
26,622,0,1.0,0,0,0,0,1,3,4,4,0,3,3,12,203,2,2,0,0,0,2,0,0,2,29,2,1,0,0,0,4,0,0,2,0,0,0,0,0,0,0,0,0,0,0,0,0,0,0,0,0,gen_incorrect_cond_bug_085,INCORRECT_CONDITIONAL_OPERATOR
26,623,0,1.0,0,0,0,0,1,3,4,4,0,2,4,12,203,2,2,0,0,0,2,0,0,2,29,2,0,1,0,0,4,0,0,2,0,0,0,0,0,0,0,0,0,0,0,0,0,0,0,0,0,gen_incorrect_cond_fix_085,NO_ISSUE
75,1696,0,1.0,0,0,0,0,1,8,7,10,1,9,7,11,490,2,2,0,0,0,2,0,0,2,30,2,1,1,1,0,2,0,0,2,2,6,4,0,0,2,0,12,0,0,0,0,0,1,0,14,0,gen_incorrect_cond_bug_086,INCORRECT_CONDITIONAL_OPERATOR
75,1697,0,1.0,0,0,0,0,1,8,7,10,1,8,8,11,490,2,2,0,0,0,2,0,0,2,30,2,0,2,1,0,2,0,0,2,2,6,4,0,0,2,0,12,0,0,0,0,0,1,0,14,0,gen_incorrect_cond_fix_086,NO_ISSUE
7,177,0,1.0,0,0,0,0,1,1,0,0,0,1,0,11,52,0,0,0,0,0,0,0,0,0,0,1,1,0,0,0,0,0,0,0,0,0,0,0,0,0,0,0,0,0,0,0,0,0,0,0,0,gen_incorrect_cond_bug_087,INCORRECT_CONDITIONAL_OPERATOR
7,178,0,1.0,0,0,0,0,1,1,0,0,0,0,1,11,52,0,0,0,0,0,0,0,0,0,0,1,0,1,0,0,0,0,0,0,0,0,0,0,0,0,0,0,0,0,0,0,0,0,0,0,0,gen_incorrect_cond_fix_087,NO_ISSUE
8,200,0,1.0,0,0,0,0,1,1,0,2,0,1,0,8,47,0,0,0,0,0,0,0,0,0,0,1,1,0,0,0,0,0,0,0,0,0,0,0,0,0,0,0,0,0,0,0,0,0,0,0,0,gen_incorrect_cond_bug_088,INCORRECT_CONDITIONAL_OPERATOR
8,201,0,1.0,0,0,0,0,1,1,0,2,0,0,1,8,47,0,0,0,0,0,0,0,0,0,0,1,0,1,0,0,0,0,0,0,0,0,0,0,0,0,0,0,0,0,0,0,0,0,0,0,0,gen_incorrect_cond_fix_088,NO_ISSUE
15,351,0,1.0,0,0,0,0,1,2,0,4,0,1,2,9,91,0,0,0,0,0,0,0,0,0,0,2,1,1,0,0,0,0,0,0,0,0,0,0,0,0,0,0,0,0,0,0,0,0,0,0,0,gen_incorrect_cond_bug_089,INCORRECT_CONDITIONAL_OPERATOR
15,352,0,1.0,0,0,0,0,1,2,0,4,0,0,3,9,91,0,0,0,0,0,0,0,0,0,0,2,0,2,0,0,0,0,0,0,0,0,0,0,0,0,0,0,0,0,0,0,0,0,0,0,0,gen_incorrect_cond_fix_089,NO_ISSUE
28,631,0,1.0,0,0,0,0,1,4,2,3,0,2,1,10,205,1,1,0,0,0,1,0,0,1,13,1,1,0,1,0,1,0,0,1,0,0,0,0,0,0,0,0,0,0,0,0,0,0,0,0,0,gen_incorrect_cond_bug_090,INCORRECT_CONDITIONAL_OPERATOR
28,632,0,1.0,0,0,0,0,1,4,2,3,0,1,2,10,205,1,1,0,0,0,1,0,0,1,13,1,0,1,1,0,1,0,0,1,0,0,0,0,0,0,0,0,0,0,0,0,0,0,0,0,0,gen_incorrect_cond_fix_090,NO_ISSUE
8,191,0,1.0,0,0,0,0,1,1,0,2,0,1,0,9,49,0,0,0,0,0,0,0,0,0,0,1,1,0,1,0,0,0,0,0,0,0,0,0,0,0,0,0,0,0,0,0,0,0,0,0,0,gen_incorrect_cond_bug_091,INCORRECT_CONDITIONAL_OPERATOR
8,192,0,1.0,0,0,0,0,1,1,0,2,0,0,1,9,49,0,0,0,0,0,0,0,0,0,0,1,0,1,1,0,0,0,0,0,0,0,0,0,0,0,0,0,0,0,0,0,0,0,0,0,0,gen_incorrect_cond_fix_091,NO_ISSUE
22,508,0,1.0,0,0,0,0,1,2,1,1,0,4,0,11,132,0,0,0,0,0,0,0,0,0,0,1,1,0,0,0,0,0,0,0,1,3,2,0,0,1,0,12,0,0,0,0,0,0,0,0,0,gen_incorrect_cond_bug_092,INCORRECT_CONDITIONAL_OPERATOR
22,509,0,1.0,0,0,0,0,1,2,1,1,0,3,1,11,132,0,0,0,0,0,0,0,0,0,0,1,0,1,0,0,0,0,0,0,1,3,2,0,0,1,0,12,0,0,0,0,0,0,0,0,0,gen_incorrect_cond_fix_092,NO_ISSUE
59,1390,0,1.0,0,0,0,0,1,6,3,13,0,4,7,11,403,1,1,0,0,0,1,0,0,1,30,7,1,0,0,0,1,0,0,1,1,3,2,0,0,1,0,12,0,0,0,0,0,0,0,0,0,gen_incorrect_cond_bug_093,INCORRECT_CONDITIONAL_OPERATOR
59,1391,0,1.0,0,0,0,0,1,6,3,13,0,3,8,11,403,1,1,0,0,0,1,0,0,1,30,7,0,1,0,0,1,0,0,1,1,3,2,0,0,1,0,12,0,0,0,0,0,0,0,0,0,gen_incorrect_cond_fix_093,NO_ISSUE
24,616,0,1.0,0,0,0,0,1,3,2,5,0,1,3,11,184,1,1,0,0,0,1,0,0,1,30,2,1,1,0,0,1,0,0,1,0,0,0,0,0,0,0,0,0,0,0,0,0,0,0,0,0,gen_incorrect_cond_bug_094,INCORRECT_CONDITIONAL_OPERATOR
24,617,0,1.0,0,0,0,0,1,3,2,5,0,0,4,11,184,1,1,0,0,0,1,0,0,1,30,2,0,2,0,0,1,0,0,1,0,0,0,0,0,0,0,0,0,0,0,0,0,0,0,0,0,gen_incorrect_cond_fix_094,NO_ISSUE
7,179,0,1.0,0,0,0,0,1,1,0,0,0,1,0,11,52,0,0,0,0,0,0,0,0,0,0,1,1,0,0,0,0,0,0,0,0,0,0,0,0,0,0,0,0,0,0,0,0,0,0,0,0,gen_incorrect_cond_bug_095,INCORRECT_CONDITIONAL_OPERATOR
7,180,0,1.0,0,0,0,0,1,1,0,0,0,0,1,11,52,0,0,0,0,0,0,0,0,0,0,1,0,1,0,0,0,0,0,0,0,0,0,0,0,0,0,0,0,0,0,0,0,0,0,0,0,gen_incorrect_cond_fix_095,NO_ISSUE
23,535,0,1.0,0,0,0,0,1,3,0,5,0,1,2,10,154,0,0,0,0,0,0,0,0,0,0,3,1,0,0,0,0,0,0,0,0,0,0,0,0,0,0,0,0,0,0,0,0,0,0,0,0,gen_incorrect_cond_bug_096,INCORRECT_CONDITIONAL_OPERATOR
23,536,0,1.0,0,0,0,0,1,3,0,5,0,0,3,10,154,0,0,0,0,0,0,0,0,0,0,3,0,1,0,0,0,0,0,0,0,0,0,0,0,0,0,0,0,0,0,0,0,0,0,0,0,gen_incorrect_cond_fix_096,NO_ISSUE
17,376,0,1.0,0,0,0,0,1,2,0,5,0,1,2,10,110,0,0,0,0,0,0,0,0,0,0,3,1,0,1,0,0,0,0,0,0,0,0,0,0,0,0,0,0,0,0,0,0,0,0,0,0,gen_incorrect_cond_bug_097,INCORRECT_CONDITIONAL_OPERATOR
17,377,0,1.0,0,0,0,0,1,2,0,5,0,0,3,10,110,0,0,0,0,0,0,0,0,0,0,3,0,1,1,0,0,0,0,0,0,0,0,0,0,0,0,0,0,0,0,0,0,0,0,0,0,gen_incorrect_cond_fix_097,NO_ISSUE
62,1399,0,1.0,0,0,0,0,1,6,6,6,0,9,5,12,412,2,2,0,0,0,2,0,0,2,29,3,1,1,0,0,4,0,0,2,2,6,4,0,0,2,0,12,0,0,0,0,0,0,0,0,0,gen_incorrect_cond_bug_098,INCORRECT_CONDITIONAL_OPERATOR
62,1400,0,1.0,0,0,0,0,1,6,6,6,0,8,6,12,412,2,2,0,0,0,2,0,0,2,29,3,0,2,0,0,4,0,0,2,2,6,4,0,0,2,0,12,0,0,0,0,0,0,0,0,0,gen_incorrect_cond_fix_098,NO_ISSUE
41,921,0,1.0,0,0,0,0,1,6,0,7,0,1,6,11,289,0,0,0,0,0,0,0,0,0,0,5,1,0,0,0,0,0,0,0,0,0,0,0,0,0,0,0,0,0,0,0,0,0,0,0,0,gen_incorrect_cond_bug_099,INCORRECT_CONDITIONAL_OPERATOR
41,922,0,1.0,0,0,0,0,1,6,0,7,0,0,7,11,289,0,0,0,0,0,0,0,0,0,0,5,0,1,0,0,0,0,0,0,0,0,0,0,0,0,0,0,0,0,0,0,0,0,0,0,0,gen_incorrect_cond_fix_099,NO_ISSUE
8,188,0,1.0,0,0,0,0,1,1,0,2,0,1,0,9,49,0,0,0,0,0,0,0,0,0,0,1,1,0,1,0,0,0,0,0,0,0,0,0,0,0,0,0,0,0,0,0,0,0,0,0,0,gen_incorrect_cond_bug_100,INCORRECT_CONDITIONAL_OPERATOR
8,189,0,1.0,0,0,0,0,1,1,0,2,0,0,1,9,49,0,0,0,0,0,0,0,0,0,0,1,0,1,1,0,0,0,0,0,0,0,0,0,0,0,0,0,0,0,0,0,0,0,0,0,0,gen_incorrect_cond_fix_100,NO_ISSUE
8,202,0,1.0,0,0,0,0,1,1,0,2,0,1,0,8,47,0,0,0,0,0,0,0,0,0,0,1,1,0,0,0,0,0,0,0,0,0,0,0,0,0,0,0,0,0,0,0,0,0,0,0,0,gen_incorrect_cond_bug_101,INCORRECT_CONDITIONAL_OPERATOR
8,203,0,1.0,0,0,0,0,1,1,0,2,0,0,1,8,47,0,0,0,0,0,0,0,0,0,0,1,0,1,0,0,0,0,0,0,0,0,0,0,0,0,0,0,0,0,0,0,0,0,0,0,0,gen_incorrect_cond_fix_101,NO_ISSUE
17,386,0,1.0,0,0,0,0,1,2,1,3,1,2,1,9,100,0,0,0,0,0,0,0,0,0,0,1,1,0,1,0,0,0,0,0,0,0,0,0,0,0,0,0,0,0,0,0,0,1,0,14,0,gen_incorrect_cond_bug_102,INCORRECT_CONDITIONAL_OPERATOR
17,387,0,1.0,0,0,0,0,1,2,1,3,1,1,2,9,100,0,0,0,0,0,0,0,0,0,0,1,0,1,1,0,0,0,0,0,0,0,0,0,0,0,0,0,0,0,0,0,0,1,0,14,0,gen_incorrect_cond_fix_102,NO_ISSUE
8,194,0,1.0,0,0,0,0,1,1,0,2,0,1,0,8,47,0,0,0,0,0,0,0,0,0,0,1,1,0,0,0,0,0,0,0,0,0,0,0,0,0,0,0,0,0,0,0,0,0,0,0,0,gen_incorrect_cond_bug_103,INCORRECT_CONDITIONAL_OPERATOR
8,195,0,1.0,0,0,0,0,1,1,0,2,0,0,1,8,47,0,0,0,0,0,0,0,0,0,0,1,0,1,0,0,0,0,0,0,0,0,0,0,0,0,0,0,0,0,0,0,0,0,0,0,0,gen_incorrect_cond_fix_103,NO_ISSUE
82,1971,0,1.0,0,0,0,0,1,9,11,8,0,8,8,12,640,5,5,0,0,0,5,0,0,5,30,4,1,0,0,0,11,0,0,3,1,3,2,0,0,1,0,12,0,0,0,0,0,0,0,0,0,gen_incorrect_cond_bug_104,INCORRECT_CONDITIONAL_OPERATOR
82,1972,0,1.0,0,0,0,0,1,9,11,8,0,7,9,12,640,5,5,0,0,0,5,0,0,5,30,4,0,1,0,0,11,0,0,3,1,3,2,0,0,1,0,12,0,0,0,0,0,0,0,0,0,gen_incorrect_cond_fix_104,NO_ISSUE
17,387,0,1.0,0,0,0,0,1,3,0,1,0,1,2,11,121,0,0,0,0,0,0,0,0,0,0,1,1,0,0,0,0,0,0,0,0,0,0,0,0,0,0,0,0,0,0,0,0,0,0,0,0,gen_incorrect_cond_bug_105,INCORRECT_CONDITIONAL_OPERATOR
17,388,0,1.0,0,0,0,0,1,3,0,1,0,0,3,11,121,0,0,0,0,0,0,0,0,0,0,1,0,1,0,0,0,0,0,0,0,0,0,0,0,0,0,0,0,0,0,0,0,0,0,0,0,gen_incorrect_cond_fix_105,NO_ISSUE
8,191,0,1.0,0,0,0,0,1,1,0,2,0,1,0,9,49,0,0,0,0,0,0,0,0,0,0,1,1,0,1,0,0,0,0,0,0,0,0,0,0,0,0,0,0,0,0,0,0,0,0,0,0,gen_incorrect_cond_bug_106,INCORRECT_CONDITIONAL_OPERATOR
8,192,0,1.0,0,0,0,0,1,1,0,2,0,0,1,9,49,0,0,0,0,0,0,0,0,0,0,1,0,1,1,0,0,0,0,0,0,0,0,0,0,0,0,0,0,0,0,0,0,0,0,0,0,gen_incorrect_cond_fix_106,NO_ISSUE
79,1800,0,1.0,0,0,0,0,1,9,7,11,1,9,9,11,513,2,2,0,0,0,2,0,0,2,30,2,1,1,0,0,2,0,0,2,2,6,4,0,0,2,0,12,0,0,0,0,0,1,0,14,0,gen_incorrect_cond_bug_107,INCORRECT_CONDITIONAL_OPERATOR
79,1801,0,1.0,0,0,0,0,1,9,7,11,1,8,10,11,513,2,2,0,0,0,2,0,0,2,30,2,0,2,0,0,2,0,0,2,2,6,4,0,0,2,0,12,0,0,0,0,0,1,0,14,0,gen_incorrect_cond_fix_107,NO_ISSUE
7,178,0,1.0,0,0,0,0,1,1,0,0,0,1,0,11,52,0,0,0,0,0,0,0,0,0,0,1,1,0,0,0,0,0,0,0,0,0,0,0,0,0,0,0,0,0,0,0,0,0,0,0,0,gen_incorrect_cond_bug_108,INCORRECT_CONDITIONAL_OPERATOR
7,179,0,1.0,0,0,0,0,1,1,0,0,0,0,1,11,52,0,0,0,0,0,0,0,0,0,0,1,0,1,0,0,0,0,0,0,0,0,0,0,0,0,0,0,0,0,0,0,0,0,0,0,0,gen_incorrect_cond_fix_108,NO_ISSUE
21,462,0,1.0,0,0,0,0,1,3,0,4,0,1,2,10,137,0,0,0,0,0,0,0,0,0,0,2,1,1,1,0,0,0,0,0,0,0,0,0,0,0,0,0,0,0,0,0,0,0,0,0,0,gen_incorrect_cond_bug_109,INCORRECT_CONDITIONAL_OPERATOR
21,463,0,1.0,0,0,0,0,1,3,0,4,0,0,3,10,137,0,0,0,0,0,0,0,0,0,0,2,0,2,1,0,0,0,0,0,0,0,0,0,0,0,0,0,0,0,0,0,0,0,0,0,0,gen_incorrect_cond_fix_109,NO_ISSUE
17,396,0,1.0,0,0,0,0,1,2,0,5,0,1,2,9,112,0,0,0,0,0,0,0,0,0,0,3,1,0,1,0,0,0,0,0,0,0,0,0,0,0,0,0,0,0,0,0,0,0,0,0,0,gen_incorrect_cond_bug_110,INCORRECT_CONDITIONAL_OPERATOR
17,397,0,1.0,0,0,0,0,1,2,0,5,0,0,3,9,112,0,0,0,0,0,0,0,0,0,0,3,0,1,1,0,0,0,0,0,0,0,0,0,0,0,0,0,0,0,0,0,0,0,0,0,0,gen_incorrect_cond_fix_110,NO_ISSUE
17,369,0,1.0,0,0,0,0,1,2,1,3,1,2,1,9,100,0,0,0,0,0,0,0,0,0,0,1,1,0,1,0,0,0,0,0,0,0,0,0,0,0,0,0,0,0,0,0,0,1,0,14,0,gen_incorrect_cond_bug_111,INCORRECT_CONDITIONAL_OPERATOR
17,370,0,1.0,0,0,0,0,1,2,1,3,1,1,2,9,100,0,0,0,0,0,0,0,0,0,0,1,0,1,1,0,0,0,0,0,0,0,0,0,0,0,0,0,0,0,0,0,0,1,0,14,0,gen_incorrect_cond_fix_111,NO_ISSUE
7,176,0,1.0,0,0,0,0,1,1,0,0,0,1,0,11,52,0,0,0,0,0,0,0,0,0,0,1,1,0,0,0,0,0,0,0,0,0,0,0,0,0,0,0,0,0,0,0,0,0,0,0,0,gen_incorrect_cond_bug_112,INCORRECT_CONDITIONAL_OPERATOR
7,177,0,1.0,0,0,0,0,1,1,0,0,0,0,1,11,52,0,0,0,0,0,0,0,0,0,0,1,0,1,0,0,0,0,0,0,0,0,0,0,0,0,0,0,0,0,0,0,0,0,0,0,0,gen_incorrect_cond_fix_112,NO_ISSUE
17,471,0,1.0,0,0,0,0,1,2,2,3,0,1,1,11,140,1,1,0,0,0,1,0,0,1,30,1,1,0,0,0,1,0,0,1,0,0,0,0,0,0,0,0,0,0,0,0,0,0,0,0,0,gen_incorrect_cond_bug_113,INCORRECT_CONDITIONAL_OPERATOR
17,472,0,1.0,0,0,0,0,1,2,2,3,0,0,2,11,140,1,1,0,0,0,1,0,0,1,30,1,0,1,0,0,1,0,0,1,0,0,0,0,0,0,0,0,0,0,0,0,0,0,0,0,0,gen_incorrect_cond_fix_113,NO_ISSUE
8,200,0,1.0,0,0,0,0,1,1,0,2,0,1,0,8,47,0,0,0,0,0,0,0,0,0,0,1,1,0,0,0,0,0,0,0,0,0,0,0,0,0,0,0,0,0,0,0,0,0,0,0,0,gen_incorrect_cond_bug_114,INCORRECT_CONDITIONAL_OPERATOR
8,201,0,1.0,0,0,0,0,1,1,0,2,0,0,1,8,47,0,0,0,0,0,0,0,0,0,0,1,0,1,0,0,0,0,0,0,0,0,0,0,0,0,0,0,0,0,0,0,0,0,0,0,0,gen_incorrect_cond_fix_114,NO_ISSUE
12,274,0,1.0,0,0,0,0,1,2,0,3,0,1,2,8,72,0,0,0,0,0,0,0,0,0,0,1,1,0,0,0,0,0,0,0,0,0,0,0,0,0,0,0,0,0,0,0,0,0,0,0,0,gen_incorrect_cond_bug_115,INCORRECT_CONDITIONAL_OPERATOR
12,275,0,1.0,0,0,0,0,1,2,0,3,0,0,3,8,72,0,0,0,0,0,0,0,0,0,0,1,0,1,0,0,0,0,0,0,0,0,0,0,0,0,0,0,0,0,0,0,0,0,0,0,0,gen_incorrect_cond_fix_115,NO_ISSUE
18,446,0,1.0,0,0,0,0,1,2,2,3,0,2,2,12,135,1,1,0,0,0,1,0,0,1,29,2,1,0,0,0,3,0,0,1,0,0,0,0,0,0,0,0,0,0,0,0,0,0,0,0,0,gen_incorrect_cond_bug_116,INCORRECT_CONDITIONAL_OPERATOR
18,447,0,1.0,0,0,0,0,1,2,2,3,0,1,3,12,135,1,1,0,0,0,1,0,0,1,29,2,0,1,0,0,3,0,0,1,0,0,0,0,0,0,0,0,0,0,0,0,0,0,0,0,0,gen_incorrect_cond_fix_116,NO_ISSUE
8,184,0,1.0,0,0,0,0,1,1,0,2,0,1,0,9,49,0,0,0,0,0,0,0,0,0,0,1,1,0,1,0,0,0,0,0,0,0,0,0,0,0,0,0,0,0,0,0,0,0,0,0,0,gen_incorrect_cond_bug_117,INCORRECT_CONDITIONAL_OPERATOR
8,185,0,1.0,0,0,0,0,1,1,0,2,0,0,1,9,49,0,0,0,0,0,0,0,0,0,0,1,0,1,1,0,0,0,0,0,0,0,0,0,0,0,0,0,0,0,0,0,0,0,0,0,0,gen_incorrect_cond_fix_117,NO_ISSUE
7,178,0,1.0,0,0,0,0,1,1,0,0,0,1,0,11,52,0,0,0,0,0,0,0,0,0,0,1,1,0,0,0,0,0,0,0,0,0,0,0,0,0,0,0,0,0,0,0,0,0,0,0,0,gen_incorrect_cond_bug_118,INCORRECT_CONDITIONAL_OPERATOR
7,179,0,1.0,0,0,0,0,1,1,0,0,0,0,1,11,52,0,0,0,0,0,0,0,0,0,0,1,0,1,0,0,0,0,0,0,0,0,0,0,0,0,0,0,0,0,0,0,0,0,0,0,0,gen_incorrect_cond_fix_118,NO_ISSUE
14,321,0,1.0,0,0,0,0,1,2,0,2,0,1,2,11,96,0,0,0,0,0,0,0,0,0,0,2,1,1,0,0,0,0,0,0,0,0,0,0,0,0,0,0,0,0,0,0,0,0,0,0,0,gen_incorrect_cond_bug_119,INCORRECT_CONDITIONAL_OPERATOR
14,322,0,1.0,0,0,0,0,1,2,0,2,0,0,3,11,96,0,0,0,0,0,0,0,0,0,0,2,0,2,0,0,0,0,0,0,0,0,0,0,0,0,0,0,0,0,0,0,0,0,0,0,0,gen_incorrect_cond_fix_119,NO_ISSUE
22,500,0,1.0,0,0,0,0,1,3,2,3,0,2,3,11,164,1,1,0,0,0,1,0,0,1,13,2,1,1,0,0,1,0,0,1,0,0,0,0,0,0,0,0,0,0,0,0,0,0,0,0,0,gen_incorrect_cond_bug_120,INCORRECT_CONDITIONAL_OPERATOR
22,501,0,1.0,0,0,0,0,1,3,2,3,0,1,4,11,164,1,1,0,0,0,1,0,0,1,13,2,0,2,0,0,1,0,0,1,0,0,0,0,0,0,0,0,0,0,0,0,0,0,0,0,0,gen_incorrect_cond_fix_120,NO_ISSUE
7,178,0,1.0,0,0,0,0,1,1,0,0,0,1,0,11,52,0,0,0,0,0,0,0,0,0,0,1,1,0,0,0,0,0,0,0,0,0,0,0,0,0,0,0,0,0,0,0,0,0,0,0,0,gen_incorrect_cond_bug_121,INCORRECT_CONDITIONAL_OPERATOR
7,179,0,1.0,0,0,0,0,1,1,0,0,0,0,1,11,52,0,0,0,0,0,0,0,0,0,0,1,0,1,0,0,0,0,0,0,0,0,0,0,0,0,0,0,0,0,0,0,0,0,0,0,0,gen_incorrect_cond_fix_121,NO_ISSUE
56,1256,0,1.0,0,0,0,0,1,7,2,14,0,2,9,10,390,1,1,0,0,0,1,0,0,1,13,8,1,1,0,0,1,0,0,1,0,0,0,0,0,0,0,0,0,0,0,0,0,0,0,0,0,gen_incorrect_cond_bug_122,INCORRECT_CONDITIONAL_OPERATOR
56,1257,0,1.0,0,0,0,0,1,7,2,14,0,1,10,10,390,1,1,0,0,0,1,0,0,1,13,8,0,2,0,0,1,0,0,1,0,0,0,0,0,0,0,0,0,0,0,0,0,0,0,0,0,gen_incorrect_cond_fix_122,NO_ISSUE
53,1164,0,1.0,0,0,0,0,1,5,3,5,1,8,1,11,304,0,0,0,0,0,0,0,0,0,0,1,1,0,1,0,0,0,0,0,2,6,4,0,0,2,0,12,0,0,0,0,0,1,0,14,0,gen_incorrect_cond_bug_123,INCORRECT_CONDITIONAL_OPERATOR
53,1165,0,1.0,0,0,0,0,1,5,3,5,1,7,2,11,304,0,0,0,0,0,0,0,0,0,0,1,0,1,1,0,0,0,0,0,2,6,4,0,0,2,0,12,0,0,0,0,0,1,0,14,0,gen_incorrect_cond_fix_123,NO_ISSUE
16,444,0,1.0,0,0,0,0,1,2,2,1,0,1,1,11,145,1,1,0,0,0,1,0,0,1,30,1,1,0,0,0,1,0,0,1,0,0,0,0,0,0,0,0,0,0,0,0,0,0,0,0,0,gen_incorrect_cond_bug_124,INCORRECT_CONDITIONAL_OPERATOR
16,445,0,1.0,0,0,0,0,1,2,2,1,0,0,2,11,145,1,1,0,0,0,1,0,0,1,30,1,0,1,0,0,1,0,0,1,0,0,0,0,0,0,0,0,0,0,0,0,0,0,0,0,0,gen_incorrect_cond_fix_124,NO_ISSUE
8,188,0,1.0,0,0,0,0,1,1,0,2,0,1,0,9,49,0,0,0,0,0,0,0,0,0,0,1,1,0,1,0,0,0,0,0,0,0,0,0,0,0,0,0,0,0,0,0,0,0,0,0,0,gen_incorrect_cond_bug_125,INCORRECT_CONDITIONAL_OPERATOR
8,189,0,1.0,0,0,0,0,1,1,0,2,0,0,1,9,49,0,0,0,0,0,0,0,0,0,0,1,0,1,1,0,0,0,0,0,0,0,0,0,0,0,0,0,0,0,0,0,0,0,0,0,0,gen_incorrect_cond_fix_125,NO_ISSUE
53,1254,0,1.0,0,0,0,0,1,6,3,7,0,4,3,11,369,1,1,0,0,0,1,0,0,1,30,3,1,0,0,0,1,0,0,1,1,3,2,0,0,1,0,12,0,0,0,0,0,0,0,0,0,gen_incorrect_cond_bug_126,INCORRECT_CONDITIONAL_OPERATOR
53,1255,0,1.0,0,0,0,0,1,6,3,7,0,3,4,11,369,1,1,0,0,0,1,0,0,1,30,3,0,1,0,0,1,0,0,1,1,3,2,0,0,1,0,12,0,0,0,0,0,0,0,0,0,gen_incorrect_cond_fix_126,NO_ISSUE
53,1181,0,1.0,0,0,0,0,1,8,2,6,0,2,6,12,382,1,1,0,0,0,1,0,0,1,29,3,1,1,1,0,3,0,0,1,0,0,0,0,0,0,0,0,0,0,0,0,0,0,0,0,0,gen_incorrect_cond_bug_127,INCORRECT_CONDITIONAL_OPERATOR
53,1182,0,1.0,0,0,0,0,1,8,2,6,0,1,7,12,382,1,1,0,0,0,1,0,0,1,29,3,0,2,1,0,3,0,0,1,0,0,0,0,0,0,0,0,0,0,0,0,0,0,0,0,0,gen_incorrect_cond_fix_127,NO_ISSUE
43,1038,0,1.0,0,0,0,0,1,5,4,10,0,2,6,11,330,2,2,0,0,0,2,0,0,2,30,5,1,0,0,0,2,0,0,2,0,0,0,0,0,0,0,0,0,0,0,0,0,0,0,0,0,gen_incorrect_cond_bug_128,INCORRECT_CONDITIONAL_OPERATOR
43,1039,0,1.0,0,0,0,0,1,5,4,10,0,1,7,11,330,2,2,0,0,0,2,0,0,2,30,5,0,1,0,0,2,0,0,2,0,0,0,0,0,0,0,0,0,0,0,0,0,0,0,0,0,gen_incorrect_cond_fix_128,NO_ISSUE
17,393,0,1.0,0,0,0,0,1,2,0,5,0,1,2,10,108,0,0,0,0,0,0,0,0,0,0,3,1,0,0,0,0,0,0,0,0,0,0,0,0,0,0,0,0,0,0,0,0,0,0,0,0,gen_incorrect_cond_bug_129,INCORRECT_CONDITIONAL_OPERATOR
17,394,0,1.0,0,0,0,0,1,2,0,5,0,0,3,10,108,0,0,0,0,0,0,0,0,0,0,3,0,1,0,0,0,0,0,0,0,0,0,0,0,0,0,0,0,0,0,0,0,0,0,0,0,gen_incorrect_cond_fix_129,NO_ISSUE
8,204,0,1.0,0,0,0,0,1,1,0,2,0,1,0,8,47,0,0,0,0,0,0,0,0,0,0,1,1,0,0,0,0,0,0,0,0,0,0,0,0,0,0,0,0,0,0,0,0,0,0,0,0,gen_incorrect_cond_bug_130,INCORRECT_CONDITIONAL_OPERATOR
8,205,0,1.0,0,0,0,0,1,1,0,2,0,0,1,8,47,0,0,0,0,0,0,0,0,0,0,1,0,1,0,0,0,0,0,0,0,0,0,0,0,0,0,0,0,0,0,0,0,0,0,0,0,gen_incorrect_cond_fix_130,NO_ISSUE
23,503,0,1.0,0,0,0,0,1,3,1,3,1,2,1,10,144,0,0,0,0,0,0,0,0,0,0,1,1,0,1,0,0,0,0,0,0,0,0,0,0,0,0,0,0,0,0,0,0,1,0,14,0,gen_incorrect_cond_bug_131,INCORRECT_CONDITIONAL_OPERATOR
23,504,0,1.0,0,0,0,0,1,3,1,3,1,1,2,10,144,0,0,0,0,0,0,0,0,0,0,1,0,1,1,0,0,0,0,0,0,0,0,0,0,0,0,0,0,0,0,0,0,1,0,14,0,gen_incorrect_cond_fix_131,NO_ISSUE
8,198,0,1.0,0,0,0,0,1,1,0,2,0,1,0,8,47,0,0,0,0,0,0,0,0,0,0,1,1,0,0,0,0,0,0,0,0,0,0,0,0,0,0,0,0,0,0,0,0,0,0,0,0,gen_incorrect_cond_bug_132,INCORRECT_CONDITIONAL_OPERATOR
8,199,0,1.0,0,0,0,0,1,1,0,2,0,0,1,8,47,0,0,0,0,0,0,0,0,0,0,1,0,1,0,0,0,0,0,0,0,0,0,0,0,0,0,0,0,0,0,0,0,0,0,0,0,gen_incorrect_cond_fix_132,NO_ISSUE
8,196,0,1.0,0,0,0,0,1,1,0,2,0,1,0,8,47,0,0,0,0,0,0,0,0,0,0,1,1,0,0,0,0,0,0,0,0,0,0,0,0,0,0,0,0,0,0,0,0,0,0,0,0,gen_incorrect_cond_bug_133,INCORRECT_CONDITIONAL_OPERATOR
8,197,0,1.0,0,0,0,0,1,1,0,2,0,0,1,8,47,0,0,0,0,0,0,0,0,0,0,1,0,1,0,0,0,0,0,0,0,0,0,0,0,0,0,0,0,0,0,0,0,0,0,0,0,gen_incorrect_cond_fix_133,NO_ISSUE
42,987,0,1.0,0,0,0,0,1,6,4,7,0,2,8,11,326,2,2,0,0,0,2,0,0,2,30,3,1,2,0,0,2,0,0,2,0,0,0,0,0,0,0,0,0,0,0,0,0,0,0,0,0,gen_incorrect_cond_bug_134,INCORRECT_CONDITIONAL_OPERATOR
42,988,0,1.0,0,0,0,0,1,6,4,7,0,1,9,11,326,2,2,0,0,0,2,0,0,2,30,3,0,3,0,0,2,0,0,2,0,0,0,0,0,0,0,0,0,0,0,0,0,0,0,0,0,gen_incorrect_cond_fix_134,NO_ISSUE
8,200,0,1.0,0,0,0,0,1,1,0,2,0,1,0,8,47,0,0,0,0,0,0,0,0,0,0,1,1,0,0,0,0,0,0,0,0,0,0,0,0,0,0,0,0,0,0,0,0,0,0,0,0,gen_incorrect_cond_bug_135,INCORRECT_CONDITIONAL_OPERATOR
8,201,0,1.0,0,0,0,0,1,1,0,2,0,0,1,8,47,0,0,0,0,0,0,0,0,0,0,1,0,1,0,0,0,0,0,0,0,0,0,0,0,0,0,0,0,0,0,0,0,0,0,0,0,gen_incorrect_cond_fix_135,NO_ISSUE
7,184,0,1.0,0,0,0,0,1,1,0,0,0,1,0,11,52,0,0,0,0,0,0,0,0,0,0,1,1,0,0,0,0,0,0,0,0,0,0,0,0,0,0,0,0,0,0,0,0,0,0,0,0,gen_incorrect_cond_bug_136,INCORRECT_CONDITIONAL_OPERATOR
7,185,0,1.0,0,0,0,0,1,1,0,0,0,0,1,11,52,0,0,0,0,0,0,0,0,0,0,1,0,1,0,0,0,0,0,0,0,0,0,0,0,0,0,0,0,0,0,0,0,0,0,0,0,gen_incorrect_cond_fix_136,NO_ISSUE
8,196,0,1.0,0,0,0,0,1,1,0,2,0,1,0,8,47,0,0,0,0,0,0,0,0,0,0,1,1,0,0,0,0,0,0,0,0,0,0,0,0,0,0,0,0,0,0,0,0,0,0,0,0,gen_incorrect_cond_bug_137,INCORRECT_CONDITIONAL_OPERATOR
8,197,0,1.0,0,0,0,0,1,1,0,2,0,0,1,8,47,0,0,0,0,0,0,0,0,0,0,1,0,1,0,0,0,0,0,0,0,0,0,0,0,0,0,0,0,0,0,0,0,0,0,0,0,gen_incorrect_cond_fix_137,NO_ISSUE
8,188,0,1.0,0,0,0,0,1,1,0,2,0,1,0,9,49,0,0,0,0,0,0,0,0,0,0,1,1,0,1,0,0,0,0,0,0,0,0,0,0,0,0,0,0,0,0,0,0,0,0,0,0,gen_incorrect_cond_bug_138,INCORRECT_CONDITIONAL_OPERATOR
8,189,0,1.0,0,0,0,0,1,1,0,2,0,0,1,9,49,0,0,0,0,0,0,0,0,0,0,1,0,1,1,0,0,0,0,0,0,0,0,0,0,0,0,0,0,0,0,0,0,0,0,0,0,gen_incorrect_cond_fix_138,NO_ISSUE
16,372,0,1.0,0,0,0,0,1,2,2,3,0,2,1,10,117,1,1,0,0,0,1,0,0,1,13,1,1,0,1,0,1,0,0,1,0,0,0,0,0,0,0,0,0,0,0,0,0,0,0,0,0,gen_incorrect_cond_bug_139,INCORRECT_CONDITIONAL_OPERATOR
16,373,0,1.0,0,0,0,0,1,2,2,3,0,1,2,10,117,1,1,0,0,0,1,0,0,1,13,1,0,1,1,0,1,0,0,1,0,0,0,0,0,0,0,0,0,0,0,0,0,0,0,0,0,gen_incorrect_cond_fix_139,NO_ISSUE
63,1446,0,1.0,0,0,0,0,1,8,3,14,1,2,12,11,450,1,1,0,0,0,1,0,0,1,30,8,1,1,0,0,1,0,0,1,0,0,0,0,0,0,0,0,0,0,0,0,0,1,0,14,0,gen_incorrect_cond_bug_140,INCORRECT_CONDITIONAL_OPERATOR
63,1447,0,1.0,0,0,0,0,1,8,3,14,1,1,13,11,450,1,1,0,0,0,1,0,0,1,30,8,0,2,0,0,1,0,0,1,0,0,0,0,0,0,0,0,0,0,0,0,0,1,0,14,0,gen_incorrect_cond_fix_140,NO_ISSUE
48,1142,0,1.0,0,0,0,0,1,6,3,7,0,4,7,11,338,1,1,0,0,0,1,0,0,1,30,3,1,0,0,0,1,0,0,1,1,3,2,0,0,1,0,12,0,0,0,0,0,0,0,0,0,gen_incorrect_cond_bug_141,INCORRECT_CONDITIONAL_OPERATOR
48,1143,0,1.0,0,0,0,0,1,6,3,7,0,3,8,11,338,1,1,0,0,0,1,0,0,1,30,3,0,1,0,0,1,0,0,1,1,3,2,0,0,1,0,12,0,0,0,0,0,0,0,0,0,gen_incorrect_cond_fix_141,NO_ISSUE
8,196,0,1.0,0,0,0,0,1,1,0,2,0,1,0,8,47,0,0,0,0,0,0,0,0,0,0,1,1,0,0,0,0,0,0,0,0,0,0,0,0,0,0,0,0,0,0,0,0,0,0,0,0,gen_incorrect_cond_bug_142,INCORRECT_CONDITIONAL_OPERATOR
8,197,0,1.0,0,0,0,0,1,1,0,2,0,0,1,8,47,0,0,0,0,0,0,0,0,0,0,1,0,1,0,0,0,0,0,0,0,0,0,0,0,0,0,0,0,0,0,0,0,0,0,0,0,gen_incorrect_cond_fix_142,NO_ISSUE
26,606,0,1.0,0,0,0,0,1,3,0,8,0,1,4,10,171,0,0,0,0,0,0,0,0,0,0,5,1,0,0,0,0,0,0,0,0,0,0,0,0,0,0,0,0,0,0,0,0,0,0,0,0,gen_incorrect_cond_bug_143,INCORRECT_CONDITIONAL_OPERATOR
26,607,0,1.0,0,0,0,0,1,3,0,8,0,0,5,10,171,0,0,0,0,0,0,0,0,0,0,5,0,1,0,0,0,0,0,0,0,0,0,0,0,0,0,0,0,0,0,0,0,0,0,0,0,gen_incorrect_cond_fix_143,NO_ISSUE
54,1270,0,1.0,0,0,0,0,1,5,4,7,0,7,3,11,344,1,1,0,0,0,1,0,0,1,30,2,1,1,0,0,1,0,0,1,2,6,4,0,0,2,0,12,0,0,0,0,0,0,0,0,0,gen_incorrect_cond_bug_144,INCORRECT_CONDITIONAL_OPERATOR
54,1271,0,1.0,0,0,0,0,1,5,4,7,0,6,4,11,344,1,1,0,0,0,1,0,0,1,30,2,0,2,0,0,1,0,0,1,2,6,4,0,0,2,0,12,0,0,0,0,0,0,0,0,0,gen_incorrect_cond_fix_144,NO_ISSUE
7,178,0,1.0,0,0,0,0,1,1,0,0,0,1,0,11,52,0,0,0,0,0,0,0,0,0,0,1,1,0,0,0,0,0,0,0,0,0,0,0,0,0,0,0,0,0,0,0,0,0,0,0,0,gen_incorrect_cond_bug_145,INCORRECT_CONDITIONAL_OPERATOR
7,179,0,1.0,0,0,0,0,1,1,0,0,0,0,1,11,52,0,0,0,0,0,0,0,0,0,0,1,0,1,0,0,0,0,0,0,0,0,0,0,0,0,0,0,0,0,0,0,0,0,0,0,0,gen_incorrect_cond_fix_145,NO_ISSUE
39,897,0,1.0,0,0,0,0,1,5,2,8,0,2,8,12,289,1,1,0,0,0,1,0,0,1,29,6,1,0,0,0,3,0,0,1,0,0,0,0,0,0,0,0,0,0,0,0,0,0,0,0,0,gen_incorrect_cond_bug_146,INCORRECT_CONDITIONAL_OPERATOR
39,898,0,1.0,0,0,0,0,1,5,2,8,0,1,9,12,289,1,1,0,0,0,1,0,0,1,29,6,0,1,0,0,3,0,0,1,0,0,0,0,0,0,0,0,0,0,0,0,0,0,0,0,0,gen_incorrect_cond_fix_146,NO_ISSUE
61,1435,0,1.0,0,0,0,0,1,6,6,6,0,8,2,11,414,2,2,0,0,0,2,0,0,2,30,1,1,0,1,0,2,0,0,2,2,6,4,0,0,2,0,12,0,0,0,0,0,0,0,0,0,gen_incorrect_cond_bug_147,INCORRECT_CONDITIONAL_OPERATOR
61,1436,0,1.0,0,0,0,0,1,6,6,6,0,7,3,11,414,2,2,0,0,0,2,0,0,2,30,1,0,1,1,0,2,0,0,2,2,6,4,0,0,2,0,12,0,0,0,0,0,0,0,0,0,gen_incorrect_cond_fix_147,NO_ISSUE
13,311,0,1.0,0,0,0,0,1,2,0,0,0,1,0,11,96,0,0,0,0,0,0,0,0,0,0,1,1,0,0,0,0,0,0,0,0,0,0,0,0,0,0,0,0,0,0,0,0,0,0,0,0,gen_incorrect_cond_bug_148,INCORRECT_CONDITIONAL_OPERATOR
13,312,0,1.0,0,0,0,0,1,2,0,0,0,0,1,11,96,0,0,0,0,0,0,0,0,0,0,1,0,1,0,0,0,0,0,0,0,0,0,0,0,0,0,0,0,0,0,0,0,0,0,0,0,gen_incorrect_cond_fix_148,NO_ISSUE
27,642,0,1.0,0,0,0,0,1,3,2,6,0,2,4,12,196,1,1,0,0,0,1,0,0,1,29,4,1,0,0,0,3,0,0,1,0,0,0,0,0,0,0,0,0,0,0,0,0,0,0,0,0,gen_incorrect_cond_bug_149,INCORRECT_CONDITIONAL_OPERATOR
27,643,0,1.0,0,0,0,0,1,3,2,6,0,1,5,12,196,1,1,0,0,0,1,0,0,1,29,4,0,1,0,0,3,0,0,1,0,0,0,0,0,0,0,0,0,0,0,0,0,0,0,0,0,gen_incorrect_cond_fix_149,NO_ISSUE
17,455,0,1.0,0,0,0,0,1,2,2,3,0,1,1,11,142,1,1,0,0,0,1,0,0,1,30,1,1,0,1,0,1,0,0,1,0,0,0,0,0,0,0,0,0,0,0,0,0,0,0,0,0,gen_incorrect_cond_bug_150,INCORRECT_CONDITIONAL_OPERATOR
17,456,0,1.0,0,0,0,0,1,2,2,3,0,0,2,11,142,1,1,0,0,0,1,0,0,1,30,1,0,1,1,0,1,0,0,1,0,0,0,0,0,0,0,0,0,0,0,0,0,0,0,0,0,gen_incorrect_cond_fix_150,NO_ISSUE
17,377,0,1.0,0,0,0,0,1,2,0,5,0,1,2,10,110,0,0,0,0,0,0,0,0,0,0,3,1,0,1,0,0,0,0,0,0,0,0,0,0,0,0,0,0,0,0,0,0,0,0,0,0,gen_incorrect_cond_bug_151,INCORRECT_CONDITIONAL_OPERATOR
17,378,0,1.0,0,0,0,0,1,2,0,5,0,0,3,10,110,0,0,0,0,0,0,0,0,0,0,3,0,1,1,0,0,0,0,0,0,0,0,0,0,0,0,0,0,0,0,0,0,0,0,0,0,gen_incorrect_cond_fix_151,NO_ISSUE
17,374,0,1.0,0,0,0,0,1,2,1,3,1,2,1,9,100,0,0,0,0,0,0,0,0,0,0,1,1,0,1,0,0,0,0,0,0,0,0,0,0,0,0,0,0,0,0,0,0,1,0,14,0,gen_incorrect_cond_bug_152,INCORRECT_CONDITIONAL_OPERATOR
17,375,0,1.0,0,0,0,0,1,2,1,3,1,1,2,9,100,0,0,0,0,0,0,0,0,0,0,1,0,1,1,0,0,0,0,0,0,0,0,0,0,0,0,0,0,0,0,0,0,1,0,14,0,gen_incorrect_cond_fix_152,NO_ISSUE
17,382,0,1.0,0,0,0,0,1,2,0,5,0,1,2,10,110,0,0,0,0,0,0,0,0,0,0,3,1,0,1,0,0,0,0,0,0,0,0,0,0,0,0,0,0,0,0,0,0,0,0,0,0,gen_incorrect_cond_bug_153,INCORRECT_CONDITIONAL_OPERATOR
17,383,0,1.0,0,0,0,0,1,2,0,5,0,0,3,10,110,0,0,0,0,0,0,0,0,0,0,3,0,1,1,0,0,0,0,0,0,0,0,0,0,0,0,0,0,0,0,0,0,0,0,0,0,gen_incorrect_cond_fix_153,NO_ISSUE
29,646,0,1.0,0,0,0,0,1,4,0,5,0,1,2,10,200,0,0,0,0,0,0,0,0,0,0,3,1,0,1,0,0,0,0,0,0,0,0,0,0,0,0,0,0,0,0,0,0,0,0,0,0,gen_incorrect_cond_bug_154,INCORRECT_CONDITIONAL_OPERATOR
29,647,0,1.0,0,0,0,0,1,4,0,5,0,0,3,10,200,0,0,0,0,0,0,0,0,0,0,3,0,1,1,0,0,0,0,0,0,0,0,0,0,0,0,0,0,0,0,0,0,0,0,0,0,gen_incorrect_cond_fix_154,NO_ISSUE
16,372,0,1.0,0,0,0,0,1,2,2,3,0,2,1,10,117,1,1,0,0,0,1,0,0,1,13,1,1,0,1,0,1,0,0,1,0,0,0,0,0,0,0,0,0,0,0,0,0,0,0,0,0,gen_incorrect_cond_bug_155,INCORRECT_CONDITIONAL_OPERATOR
16,373,0,1.0,0,0,0,0,1,2,2,3,0,1,2,10,117,1,1,0,0,0,1,0,0,1,13,1,0,1,1,0,1,0,0,1,0,0,0,0,0,0,0,0,0,0,0,0,0,0,0,0,0,gen_incorrect_cond_fix_155,NO_ISSUE
8,194,0,1.0,0,0,0,0,1,1,0,2,0,1,0,9,49,0,0,0,0,0,0,0,0,0,0,1,1,0,1,0,0,0,0,0,0,0,0,0,0,0,0,0,0,0,0,0,0,0,0,0,0,gen_incorrect_cond_bug_156,INCORRECT_CONDITIONAL_OPERATOR
8,195,0,1.0,0,0,0,0,1,1,0,2,0,0,1,9,49,0,0,0,0,0,0,0,0,0,0,1,0,1,1,0,0,0,0,0,0,0,0,0,0,0,0,0,0,0,0,0,0,0,0,0,0,gen_incorrect_cond_fix_156,NO_ISSUE
8,192,0,1.0,0,0,0,0,1,1,0,2,0,1,0,9,49,0,0,0,0,0,0,0,0,0,0,1,1,0,1,0,0,0,0,0,0,0,0,0,0,0,0,0,0,0,0,0,0,0,0,0,0,gen_incorrect_cond_bug_157,INCORRECT_CONDITIONAL_OPERATOR
8,193,0,1.0,0,0,0,0,1,1,0,2,0,0,1,9,49,0,0,0,0,0,0,0,0,0,0,1,0,1,1,0,0,0,0,0,0,0,0,0,0,0,0,0,0,0,0,0,0,0,0,0,0,gen_incorrect_cond_fix_157,NO_ISSUE
8,190,0,1.0,0,0,0,0,1,1,0,2,0,1,0,9,49,0,0,0,0,0,0,0,0,0,0,1,1,0,1,0,0,0,0,0,0,0,0,0,0,0,0,0,0,0,0,0,0,0,0,0,0,gen_incorrect_cond_bug_158,INCORRECT_CONDITIONAL_OPERATOR
8,191,0,1.0,0,0,0,0,1,1,0,2,0,0,1,9,49,0,0,0,0,0,0,0,0,0,0,1,0,1,1,0,0,0,0,0,0,0,0,0,0,0,0,0,0,0,0,0,0,0,0,0,0,gen_incorrect_cond_fix_158,NO_ISSUE
8,190,0,1.0,0,0,0,0,1,1,0,2,0,1,0,9,49,0,0,0,0,0,0,0,0,0,0,1,1,0,1,0,0,0,0,0,0,0,0,0,0,0,0,0,0,0,0,0,0,0,0,0,0,gen_incorrect_cond_bug_159,INCORRECT_CONDITIONAL_OPERATOR
8,191,0,1.0,0,0,0,0,1,1,0,2,0,0,1,9,49,0,0,0,0,0,0,0,0,0,0,1,0,1,1,0,0,0,0,0,0,0,0,0,0,0,0,0,0,0,0,0,0,0,0,0,0,gen_incorrect_cond_fix_159,NO_ISSUE
8,192,0,1.0,0,0,0,0,1,1,0,2,0,1,0,9,49,0,0,0,0,0,0,0,0,0,0,1,1,0,1,0,0,0,0,0,0,0,0,0,0,0,0,0,0,0,0,0,0,0,0,0,0,gen_incorrect_cond_bug_160,INCORRECT_CONDITIONAL_OPERATOR
8,193,0,1.0,0,0,0,0,1,1,0,2,0,0,1,9,49,0,0,0,0,0,0,0,0,0,0,1,0,1,1,0,0,0,0,0,0,0,0,0,0,0,0,0,0,0,0,0,0,0,0,0,0,gen_incorrect_cond_fix_160,NO_ISSUE
50,1206,0,1.0,0,0,0,0,1,5,3,10,0,4,5,11,346,1,1,0,0,0,1,0,0,1,30,5,1,0,0,0,1,0,0,1,1,3,2,0,0,1,0,12,0,0,0,0,0,0,0,0,0,gen_incorrect_cond_bug_161,INCORRECT_CONDITIONAL_OPERATOR
50,1207,0,1.0,0,0,0,0,1,5,3,10,0,3,6,11,346,1,1,0,0,0,1,0,0,1,30,5,0,1,0,0,1,0,0,1,1,3,2,0,0,1,0,12,0,0,0,0,0,0,0,0,0,gen_incorrect_cond_fix_161,NO_ISSUE
27,613,0,1.0,0,0,0,0,1,3,1,4,0,4,2,11,152,0,0,0,0,0,0,0,0,0,0,1,1,0,0,0,0,0,0,0,1,3,2,0,0,1,0,12,0,0,0,0,0,0,0,0,0,gen_incorrect_cond_bug_162,INCORRECT_CONDITIONAL_OPERATOR
27,614,0,1.0,0,0,0,0,1,3,1,4,0,3,3,11,152,0,0,0,0,0,0,0,0,0,0,1,0,1,0,0,0,0,0,0,1,3,2,0,0,1,0,12,0,0,0,0,0,0,0,0,0,gen_incorrect_cond_fix_162,NO_ISSUE
8,200,0,1.0,0,0,0,0,1,1,0,2,0,1,0,8,47,0,0,0,0,0,0,0,0,0,0,1,1,0,0,0,0,0,0,0,0,0,0,0,0,0,0,0,0,0,0,0,0,0,0,0,0,gen_incorrect_cond_bug_163,INCORRECT_CONDITIONAL_OPERATOR
8,201,0,1.0,0,0,0,0,1,1,0,2,0,0,1,8,47,0,0,0,0,0,0,0,0,0,0,1,0,1,0,0,0,0,0,0,0,0,0,0,0,0,0,0,0,0,0,0,0,0,0,0,0,gen_incorrect_cond_fix_163,NO_ISSUE
7,177,0,1.0,0,0,0,0,1,1,0,0,0,1,0,11,52,0,0,0,0,0,0,0,0,0,0,1,1,0,0,0,0,0,0,0,0,0,0,0,0,0,0,0,0,0,0,0,0,0,0,0,0,gen_incorrect_cond_bug_164,INCORRECT_CONDITIONAL_OPERATOR
7,178,0,1.0,0,0,0,0,1,1,0,0,0,0,1,11,52,0,0,0,0,0,0,0,0,0,0,1,0,1,0,0,0,0,0,0,0,0,0,0,0,0,0,0,0,0,0,0,0,0,0,0,0,gen_incorrect_cond_fix_164,NO_ISSUE
7,178,0,1.0,0,0,0,0,1,1,0,0,0,1,0,11,52,0,0,0,0,0,0,0,0,0,0,1,1,0,0,0,0,0,0,0,0,0,0,0,0,0,0,0,0,0,0,0,0,0,0,0,0,gen_incorrect_cond_bug_165,INCORRECT_CONDITIONAL_OPERATOR
7,179,0,1.0,0,0,0,0,1,1,0,0,0,0,1,11,52,0,0,0,0,0,0,0,0,0,0,1,0,1,0,0,0,0,0,0,0,0,0,0,0,0,0,0,0,0,0,0,0,0,0,0,0,gen_incorrect_cond_fix_165,NO_ISSUE
46,1111,0,1.0,0,0,0,0,1,4,4,3,0,7,1,11,305,1,1,0,0,0,1,0,0,1,30,1,1,0,0,0,1,0,0,1,2,6,4,0,0,2,0,12,0,0,0,0,0,0,0,0,0,gen_incorrect_cond_bug_166,INCORRECT_CONDITIONAL_OPERATOR
46,1112,0,1.0,0,0,0,0,1,4,4,3,0,6,2,11,305,1,1,0,0,0,1,0,0,1,30,1,0,1,0,0,1,0,0,1,2,6,4,0,0,2,0,12,0,0,0,0,0,0,0,0,0,gen_incorrect_cond_fix_166,NO_ISSUE
17,453,0,1.0,0,0,0,0,1,2,2,3,0,1,1,11,142,1,1,0,0,0,1,0,0,1,30,1,1,0,1,0,1,0,0,1,0,0,0,0,0,0,0,0,0,0,0,0,0,0,0,0,0,gen_incorrect_cond_bug_167,INCORRECT_CONDITIONAL_OPERATOR
17,454,0,1.0,0,0,0,0,1,2,2,3,0,0,2,11,142,1,1,0,0,0,1,0,0,1,30,1,0,1,1,0,1,0,0,1,0,0,0,0,0,0,0,0,0,0,0,0,0,0,0,0,0,gen_incorrect_cond_fix_167,NO_ISSUE
25,711,0,1.0,0,0,0,0,1,3,4,2,0,1,2,11,238,2,2,0,0,0,2,0,0,2,30,1,1,0,0,0,2,0,0,1,0,0,0,0,0,0,0,0,0,0,0,0,0,0,0,0,0,gen_incorrect_cond_bug_168,INCORRECT_CONDITIONAL_OPERATOR
25,712,0,1.0,0,0,0,0,1,3,4,2,0,0,3,11,238,2,2,0,0,0,2,0,0,2,30,1,0,1,0,0,2,0,0,1,0,0,0,0,0,0,0,0,0,0,0,0,0,0,0,0,0,gen_incorrect_cond_fix_168,NO_ISSUE
42,960,0,1.0,0,0,0,0,1,6,4,5,0,3,7,12,321,2,2,0,0,0,2,0,0,2,29,3,1,1,0,0,4,0,0,2,0,0,0,0,0,0,0,0,0,0,0,0,0,0,0,0,0,gen_incorrect_cond_bug_169,INCORRECT_CONDITIONAL_OPERATOR
42,961,0,1.0,0,0,0,0,1,6,4,5,0,2,8,12,321,2,2,0,0,0,2,0,0,2,29,3,0,2,0,0,4,0,0,2,0,0,0,0,0,0,0,0,0,0,0,0,0,0,0,0,0,gen_incorrect_cond_fix_169,NO_ISSUE
22,496,0,1.0,0,0,0,0,1,3,2,3,0,2,3,11,164,1,1,0,0,0,1,0,0,1,13,2,1,1,0,0,1,0,0,1,0,0,0,0,0,0,0,0,0,0,0,0,0,0,0,0,0,gen_incorrect_cond_bug_170,INCORRECT_CONDITIONAL_OPERATOR
22,497,0,1.0,0,0,0,0,1,3,2,3,0,1,4,11,164,1,1,0,0,0,1,0,0,1,13,2,0,2,0,0,1,0,0,1,0,0,0,0,0,0,0,0,0,0,0,0,0,0,0,0,0,gen_incorrect_cond_fix_170,NO_ISSUE
23,546,0,1.0,0,0,0,0,1,3,4,3,0,2,3,12,196,2,2,0,0,0,2,0,0,2,29,1,0,0,0,0,5,1,1,3,0,0,0,0,0,0,0,0,0,0,0,0,0,0,0,0,0,gen_array_index_bug_001,ARRAY_LENGTH_INDEX_MISUSE
23,550,0,1.0,0,0,0,0,1,3,4,3,0,2,4,12,199,2,2,0,0,0,2,0,0,2,29,1,0,0,0,0,5,0,1,3,0,0,0,0,0,0,0,0,0,0,0,0,0,0,0,0,0,gen_array_index_fix_001,NO_ISSUE
13,293,0,1.0,0,0,0,0,1,2,2,2,0,1,1,10,108,1,1,0,0,0,1,0,0,1,13,0,0,0,0,0,2,1,1,2,0,0,0,0,0,0,0,0,0,0,0,0,0,0,0,0,0,gen_array_index_bug_002,ARRAY_LENGTH_INDEX_MISUSE
13,297,0,1.0,0,0,0,0,1,2,2,2,0,1,2,10,111,1,1,0,0,0,1,0,0,1,13,0,0,0,0,0,2,0,1,2,0,0,0,0,0,0,0,0,0,0,0,0,0,0,0,0,0,gen_array_index_fix_002,NO_ISSUE
12,278,0,1.0,0,0,0,0,1,2,0,2,0,0,2,10,92,0,0,0,0,0,0,0,0,0,0,1,0,1,0,0,1,1,1,1,0,0,0,0,0,0,0,0,0,0,0,0,0,0,0,0,0,gen_array_index_bug_003,ARRAY_LENGTH_INDEX_MISUSE
12,282,0,1.0,0,0,0,0,1,2,0,2,0,0,3,11,95,0,0,0,0,0,0,0,0,0,0,1,0,1,0,0,1,0,1,1,0,0,0,0,0,0,0,0,0,0,0,0,0,0,0,0,0,gen_array_index_fix_003,NO_ISSUE
24,544,0,1.0,0,0,0,0,1,4,0,4,0,1,4,10,176,0,0,0,0,0,0,0,0,0,0,2,0,0,0,0,1,1,1,1,0,0,0,0,0,0,0,0,0,0,0,0,0,0,0,0,0,gen_array_index_bug_004,ARRAY_LENGTH_INDEX_MISUSE
24,548,0,1.0,0,0,0,0,1,4,0,4,0,1,5,10,179,0,0,0,0,0,0,0,0,0,0,2,0,0,0,0,1,0,1,1,0,0,0,0,0,0,0,0,0,0,0,0,0,0,0,0,0,gen_array_index_fix_004,NO_ISSUE
5,138,0,1.0,0,0,0,0,1,1,0,0,0,0,0,10,48,0,0,0,0,0,0,0,0,0,0,0,0,0,0,0,1,1,1,1,0,0,0,0,0,0,0,0,0,0,0,0,0,0,0,0,0,gen_array_index_bug_005,ARRAY_LENGTH_INDEX_MISUSE
5,142,0,1.0,0,0,0,0,1,1,0,0,0,0,1,11,51,0,0,0,0,0,0,0,0,0,0,0,0,0,0,0,1,0,1,1,0,0,0,0,0,0,0,0,0,0,0,0,0,0,0,0,0,gen_array_index_fix_005,NO_ISSUE
5,138,0,1.0,0,0,0,0,1,1,0,0,0,0,0,10,48,0,0,0,0,0,0,0,0,0,0,0,0,0,0,0,1,1,1,1,0,0,0,0,0,0,0,0,0,0,0,0,0,0,0,0,0,gen_array_index_bug_006,ARRAY_LENGTH_INDEX_MISUSE
5,142,0,1.0,0,0,0,0,1,1,0,0,0,0,1,11,51,0,0,0,0,0,0,0,0,0,0,0,0,0,0,0,1,0,1,1,0,0,0,0,0,0,0,0,0,0,0,0,0,0,0,0,0,gen_array_index_fix_006,NO_ISSUE
29,650,0,1.0,0,0,0,0,1,3,2,2,1,4,1,11,179,0,0,0,0,0,0,0,0,0,0,0,0,0,0,0,1,1,1,1,1,3,2,0,0,1,0,12,0,0,0,0,0,1,0,14,0,gen_array_index_bug_007,ARRAY_LENGTH_INDEX_MISUSE
29,654,0,1.0,0,0,0,0,1,3,2,2,1,4,2,11,182,0,0,0,0,0,0,0,0,0,0,0,0,0,0,0,1,0,1,1,1,3,2,0,0,1,0,12,0,0,0,0,0,1,0,14,0,gen_array_index_fix_007,NO_ISSUE
24,549,0,1.0,0,0,0,0,1,3,3,2,1,2,3,12,187,1,1,0,0,0,1,0,0,1,29,1,0,0,0,0,4,1,1,1,0,0,0,0,0,0,0,0,0,0,0,0,0,1,0,14,0,gen_array_index_bug_008,ARRAY_LENGTH_INDEX_MISUSE
24,553,0,1.0,0,0,0,0,1,3,3,2,1,2,4,12,190,1,1,0,0,0,1,0,0,1,29,1,0,0,0,0,4,0,1,1,0,0,0,0,0,0,0,0,0,0,0,0,0,1,0,14,0,gen_array_index_fix_008,NO_ISSUE
5,135,0,1.0,0,0,0,0,1,1,0,0,0,1,0,9,46,0,0,0,0,0,0,0,0,0,0,0,0,0,0,0,1,1,1,1,0,0,0,0,0,0,0,0,0,0,0,0,0,0,0,0,0,gen_array_index_bug_009,ARRAY_LENGTH_INDEX_MISUSE
5,139,0,1.0,0,0,0,0,1,1,0,0,0,1,1,10,49,0,0,0,0,0,0,0,0,0,0,0,0,0,0,0,1,0,1,1,0,0,0,0,0,0,0,0,0,0,0,0,0,0,0,0,0,gen_array_index_fix_009,NO_ISSUE
5,119,0,1.0,0,0,0,0,1,1,0,1,0,0,0,8,40,0,0,0,0,0,0,0,0,0,0,0,0,0,0,0,1,1,1,1,0,0,0,0,0,0,0,0,0,0,0,0,0,0,0,0,0,gen_array_index_bug_010,ARRAY_LENGTH_INDEX_MISUSE
5,123,0,1.0,0,0,0,0,1,1,0,1,0,0,1,9,43,0,0,0,0,0,0,0,0,0,0,0,0,0,0,0,1,0,1,1,0,0,0,0,0,0,0,0,0,0,0,0,0,0,0,0,0,gen_array_index_fix_010,NO_ISSUE
36,801,0,1.0,0,0,0,0,1,5,5,5,1,3,6,12,272,2,2,0,0,0,2,0,0,2,29,1,0,0,0,0,5,1,1,2,0,0,0,0,0,0,0,0,0,0,0,0,0,1,0,14,0,gen_array_index_bug_011,ARRAY_LENGTH_INDEX_MISUSE
36,805,0,1.0,0,0,0,0,1,5,5,5,1,3,7,12,275,2,2,0,0,0,2,0,0,2,29,1,0,0,0,0,5,0,1,2,0,0,0,0,0,0,0,0,0,0,0,0,0,1,0,14,0,gen_array_index_fix_011,NO_ISSUE
37,812,0,1.0,0,0,0,0,1,5,5,5,1,3,5,10,279,2,2,0,0,0,2,0,0,2,13,1,0,1,0,0,3,1,1,3,0,0,0,0,0,0,0,0,0,0,0,0,0,1,0,14,0,gen_array_index_bug_012,ARRAY_LENGTH_INDEX_MISUSE
37,816,0,1.0,0,0,0,0,1,5,5,5,1,3,6,11,282,2,2,0,0,0,2,0,0,2,13,1,0,1,0,0,3,0,1,3,0,0,0,0,0,0,0,0,0,0,0,0,0,1,0,14,0,gen_array_index_fix_012,NO_ISSUE
21,453,0,1.0,0,0,0,0,1,3,0,6,0,0,4,10,145,0,0,0,0,0,0,0,0,0,0,3,0,1,0,0,1,1,1,1,0,0,0,0,0,0,0,0,0,0,0,0,0,0,0,0,0,gen_array_index_bug_013,ARRAY_LENGTH_INDEX_MISUSE
21,457,0,1.0,0,0,0,0,1,3,0,6,0,0,5,10,148,0,0,0,0,0,0,0,0,0,0,3,0,1,0,0,1,0,1,1,0,0,0,0,0,0,0,0,0,0,0,0,0,0,0,0,0,gen_array_index_fix_013,NO_ISSUE
29,663,0,1.0,0,0,0,0,1,4,0,7,0,0,4,10,208,0,0,0,0,0,0,0,0,0,0,4,0,0,0,0,1,1,1,1,0,0,0,0,0,0,0,0,0,0,0,0,0,0,0,0,0,gen_array_index_bug_014,ARRAY_LENGTH_INDEX_MISUSE
29,667,0,1.0,0,0,0,0,1,4,0,7,0,0,5,10,211,0,0,0,0,0,0,0,0,0,0,4,0,0,0,0,1,0,1,1,0,0,0,0,0,0,0,0,0,0,0,0,0,0,0,0,0,gen_array_index_fix_014,NO_ISSUE
29,654,0,1.0,0,0,0,0,1,3,2,2,1,5,1,11,177,0,0,0,0,0,0,0,0,0,0,0,0,0,0,0,1,1,1,1,1,3,2,0,0,1,0,12,0,0,0,0,0,1,0,14,0,gen_array_index_bug_015,ARRAY_LENGTH_INDEX_MISUSE
29,658,0,1.0,0,0,0,0,1,3,2,2,1,5,2,11,180,0,0,0,0,0,0,0,0,0,0,0,0,0,0,0,1,0,1,1,1,3,2,0,0,1,0,12,0,0,0,0,0,1,0,14,0,gen_array_index_fix_015,NO_ISSUE
5,116,0,1.0,0,0,0,0,1,1,0,1,0,0,0,8,40,0,0,0,0,0,0,0,0,0,0,0,0,0,0,0,1,1,1,1,0,0,0,0,0,0,0,0,0,0,0,0,0,0,0,0,0,gen_array_index_bug_016,ARRAY_LENGTH_INDEX_MISUSE
5,120,0,1.0,0,0,0,0,1,1,0,1,0,0,1,9,43,0,0,0,0,0,0,0,0,0,0,0,0,0,0,0,1,0,1,1,0,0,0,0,0,0,0,0,0,0,0,0,0,0,0,0,0,gen_array_index_fix_016,NO_ISSUE
5,122,0,1.0,0,0,0,0,1,1,0,1,0,0,0,8,40,0,0,0,0,0,0,0,0,0,0,0,0,0,0,0,1,1,1,1,0,0,0,0,0,0,0,0,0,0,0,0,0,0,0,0,0,gen_array_index_bug_017,ARRAY_LENGTH_INDEX_MISUSE
5,126,0,1.0,0,0,0,0,1,1,0,1,0,0,1,9,43,0,0,0,0,0,0,0,0,0,0,0,0,0,0,0,1,0,1,1,0,0,0,0,0,0,0,0,0,0,0,0,0,0,0,0,0,gen_array_index_fix_017,NO_ISSUE
5,119,0,1.0,0,0,0,0,1,1,0,1,0,0,0,8,40,0,0,0,0,0,0,0,0,0,0,0,0,0,0,0,1,1,1,1,0,0,0,0,0,0,0,0,0,0,0,0,0,0,0,0,0,gen_array_index_bug_018,ARRAY_LENGTH_INDEX_MISUSE
5,123,0,1.0,0,0,0,0,1,1,0,1,0,0,1,9,43,0,0,0,0,0,0,0,0,0,0,0,0,0,0,0,1,0,1,1,0,0,0,0,0,0,0,0,0,0,0,0,0,0,0,0,0,gen_array_index_fix_018,NO_ISSUE
5,135,0,1.0,0,0,0,0,1,1,0,0,0,1,0,9,46,0,0,0,0,0,0,0,0,0,0,0,0,0,0,0,1,1,1,1,0,0,0,0,0,0,0,0,0,0,0,0,0,0,0,0,0,gen_array_index_bug_019,ARRAY_LENGTH_INDEX_MISUSE
5,139,0,1.0,0,0,0,0,1,1,0,0,0,1,1,10,49,0,0,0,0,0,0,0,0,0,0,0,0,0,0,0,1,0,1,1,0,0,0,0,0,0,0,0,0,0,0,0,0,0,0,0,0,gen_array_index_fix_019,NO_ISSUE
48,1149,0,1.0,0,0,0,0,1,6,6,9,0,2,8,12,396,3,3,0,0,0,3,0,0,3,30,4,0,1,0,0,6,1,1,4,0,0,0,0,0,0,0,0,0,0,0,0,0,0,0,0,0,gen_array_index_bug_020,ARRAY_LENGTH_INDEX_MISUSE
48,1153,0,1.0,0,0,0,0,1,6,6,9,0,2,9,12,399,3,3,0,0,0,3,0,0,3,30,4,0,1,0,0,6,0,1,4,0,0,0,0,0,0,0,0,0,0,0,0,0,0,0,0,0,gen_array_index_fix_020,NO_ISSUE
13,312,0,1.0,0,0,0,0,1,2,2,1,0,1,1,10,116,1,1,0,0,0,1,0,0,1,13,0,0,0,0,0,2,1,1,2,0,0,0,0,0,0,0,0,0,0,0,0,0,0,0,0,0,gen_array_index_bug_021,ARRAY_LENGTH_INDEX_MISUSE
13,316,0,1.0,0,0,0,0,1,2,2,1,0,1,2,11,119,1,1,0,0,0,1,0,0,1,13,0,0,0,0,0,2,0,1,2,0,0,0,0,0,0,0,0,0,0,0,0,0,0,0,0,0,gen_array_index_fix_021,NO_ISSUE
11,252,0,1.0,0,0,0,0,1,2,0,1,0,0,0,10,84,0,0,0,0,0,0,0,0,0,0,0,0,0,0,0,1,1,1,1,0,0,0,0,0,0,0,0,0,0,0,0,0,0,0,0,0,gen_array_index_bug_022,ARRAY_LENGTH_INDEX_MISUSE
11,256,0,1.0,0,0,0,0,1,2,0,1,0,0,1,10,87,0,0,0,0,0,0,0,0,0,0,0,0,0,0,0,1,0,1,1,0,0,0,0,0,0,0,0,0,0,0,0,0,0,0,0,0,gen_array_index_fix_022,NO_ISSUE
5,119,0,1.0,0,0,0,0,1,1,0,1,0,0,0,8,40,0,0,0,0,0,0,0,0,0,0,0,0,0,0,0,1,1,1,1,0,0,0,0,0,0,0,0,0,0,0,0,0,0,0,0,0,gen_array_index_bug_023,ARRAY_LENGTH_INDEX_MISUSE
5,123,0,1.0,0,0,0,0,1,1,0,1,0,0,1,9,43,0,0,0,0,0,0,0,0,0,0,0,0,0,0,0,1,0,1,1,0,0,0,0,0,0,0,0,0,0,0,0,0,0,0,0,0,gen_array_index_fix_023,NO_ISSUE
22,585,0,1.0,0,0,0,0,1,3,4,2,0,2,2,11,207,2,2,0,0,0,2,0,0,2,30,0,0,0,0,0,3,1,1,3,0,0,0,0,0,0,0,0,0,0,0,0,0,0,0,0,0,gen_array_index_bug_024,ARRAY_LENGTH_INDEX_MISUSE
22,589,0,1.0,0,0,0,0,1,3,4,2,0,2,3,11,210,2,2,0,0,0,2,0,0,2,30,0,0,0,0,0,3,0,1,3,0,0,0,0,0,0,0,0,0,0,0,0,0,0,0,0,0,gen_array_index_fix_024,NO_ISSUE
24,541,0,1.0,0,0,0,0,1,4,0,2,0,0,2,10,180,0,0,0,0,0,0,0,0,0,0,1,0,1,0,0,1,1,1,1,0,0,0,0,0,0,0,0,0,0,0,0,0,0,0,0,0,gen_array_index_bug_025,ARRAY_LENGTH_INDEX_MISUSE
24,545,0,1.0,0,0,0,0,1,4,0,2,0,0,3,11,183,0,0,0,0,0,0,0,0,0,0,1,0,1,0,0,1,0,1,1,0,0,0,0,0,0,0,0,0,0,0,0,0,0,0,0,0,gen_array_index_fix_025,NO_ISSUE
55,1198,0,1.0,0,0,0,0,1,7,4,9,2,3,8,12,379,1,1,0,0,0,1,0,0,1,29,4,0,1,0,0,4,1,1,2,0,0,0,0,0,0,0,0,0,0,0,0,0,2,0,14,0,gen_array_index_bug_026,ARRAY_LENGTH_INDEX_MISUSE
55,1202,0,1.0,0,0,0,0,1,7,4,9,2,3,9,12,382,1,1,0,0,0,1,0,0,1,29,4,0,1,0,0,4,0,1,2,0,0,0,0,0,0,0,0,0,0,0,0,0,2,0,14,0,gen_array_index_fix_026,NO_ISSUE
5,135,0,1.0,0,0,0,0,1,1,0,0,0,1,0,9,46,0,0,0,0,0,0,0,0,0,0,0,0,0,0,0,1,1,1,1,0,0,0,0,0,0,0,0,0,0,0,0,0,0,0,0,0,gen_array_index_bug_027,ARRAY_LENGTH_INDEX_MISUSE
5,139,0,1.0,0,0,0,0,1,1,0,0,0,1,1,10,49,0,0,0,0,0,0,0,0,0,0,0,0,0,0,0,1,0,1,1,0,0,0,0,0,0,0,0,0,0,0,0,0,0,0,0,0,gen_array_index_fix_027,NO_ISSUE
5,138,0,1.0,0,0,0,0,1,1,0,0,0,0,0,10,48,0,0,0,0,0,0,0,0,0,0,0,0,0,0,0,1,1,1,1,0,0,0,0,0,0,0,0,0,0,0,0,0,0,0,0,0,gen_array_index_bug_028,ARRAY_LENGTH_INDEX_MISUSE
5,142,0,1.0,0,0,0,0,1,1,0,0,0,0,1,11,51,0,0,0,0,0,0,0,0,0,0,0,0,0,0,0,1,0,1,1,0,0,0,0,0,0,0,0,0,0,0,0,0,0,0,0,0,gen_array_index_fix_028,NO_ISSUE
13,312,0,1.0,0,0,0,0,1,2,2,1,0,1,1,10,116,1,1,0,0,0,1,0,0,1,13,0,0,0,0,0,2,1,1,2,0,0,0,0,0,0,0,0,0,0,0,0,0,0,0,0,0,gen_array_index_bug_029,ARRAY_LENGTH_INDEX_MISUSE
13,316,0,1.0,0,0,0,0,1,2,2,1,0,1,2,11,119,1,1,0,0,0,1,0,0,1,13,0,0,0,0,0,2,0,1,2,0,0,0,0,0,0,0,0,0,0,0,0,0,0,0,0,0,gen_array_index_fix_029,NO_ISSUE
44,978,0,1.0,0,0,0,0,1,4,2,6,0,6,2,11,261,0,0,0,0,0,0,0,0,0,0,2,0,0,0,0,1,1,1,1,2,6,4,0,0,2,0,12,0,0,0,0,0,0,0,0,0,gen_array_index_bug_030,ARRAY_LENGTH_INDEX_MISUSE
44,982,0,1.0,0,0,0,0,1,4,2,6,0,6,3,11,264,0,0,0,0,0,0,0,0,0,0,2,0,0,0,0,1,0,1,1,2,6,4,0,0,2,0,12,0,0,0,0,0,0,0,0,0,gen_array_index_fix_030,NO_ISSUE
13,302,0,1.0,0,0,0,0,1,2,2,2,0,1,1,10,108,1,1,0,0,0,1,0,0,1,13,0,0,0,0,0,2,1,1,2,0,0,0,0,0,0,0,0,0,0,0,0,0,0,0,0,0,gen_array_index_bug_031,ARRAY_LENGTH_INDEX_MISUSE
13,306,0,1.0,0,0,0,0,1,2,2,2,0,1,2,10,111,1,1,0,0,0,1,0,0,1,13,0,0,0,0,0,2,0,1,2,0,0,0,0,0,0,0,0,0,0,0,0,0,0,0,0,0,gen_array_index_fix_031,NO_ISSUE
5,122,0,1.0,0,0,0,0,1,1,0,1,0,0,0,8,40,0,0,0,0,0,0,0,0,0,0,0,0,0,0,0,1,1,1,1,0,0,0,0,0,0,0,0,0,0,0,0,0,0,0,0,0,gen_array_index_bug_032,ARRAY_LENGTH_INDEX_MISUSE
5,126,0,1.0,0,0,0,0,1,1,0,1,0,0,1,9,43,0,0,0,0,0,0,0,0,0,0,0,0,0,0,0,1,0,1,1,0,0,0,0,0,0,0,0,0,0,0,0,0,0,0,0,0,gen_array_index_fix_032,NO_ISSUE
36,793,0,1.0,0,0,0,0,1,4,2,4,1,5,3,11,221,0,0,0,0,0,0,0,0,0,0,1,0,1,0,0,1,1,1,1,1,3,2,0,0,1,0,12,0,0,0,0,0,1,0,14,0,gen_array_index_bug_033,ARRAY_LENGTH_INDEX_MISUSE
36,797,0,1.0,0,0,0,0,1,4,2,4,1,5,4,11,224,0,0,0,0,0,0,0,0,0,0,1,0,1,0,0,1,0,1,1,1,3,2,0,0,1,0,12,0,0,0,0,0,1,0,14,0,gen_array_index_fix_033,NO_ISSUE
13,309,0,1.0,0,0,0,0,1,2,2,1,0,2,1,10,114,1,1,0,0,0,1,0,0,1,13,0,0,0,0,0,2,1,1,2,0,0,0,0,0,0,0,0,0,0,0,0,0,0,0,0,0,gen_array_index_bug_034,ARRAY_LENGTH_INDEX_MISUSE
13,313,0,1.0,0,0,0,0,1,2,2,1,0,2,2,10,117,1,1,0,0,0,1,0,0,1,13,0,0,0,0,0,2,0,1,2,0,0,0,0,0,0,0,0,0,0,0,0,0,0,0,0,0,gen_array_index_fix_034,NO_ISSUE
32,704,0,1.0,0,0,0,0,1,4,1,8,1,1,5,9,217,0,0,0,0,0,0,0,0,0,0,4,0,0,0,0,1,1,1,1,0,0,0,0,0,0,0,0,0,0,0,0,0,1,0,14,0,gen_array_index_bug_035,ARRAY_LENGTH_INDEX_MISUSE
32,708,0,1.0,0,0,0,0,1,4,1,8,1,1,6,9,220,0,0,0,0,0,0,0,0,0,0,4,0,0,0,0,1,0,1,1,0,0,0,0,0,0,0,0,0,0,0,0,0,1,0,14,0,gen_array_index_fix_035,NO_ISSUE
5,135,0,1.0,0,0,0,0,1,1,0,0,0,0,0,10,48,0,0,0,0,0,0,0,0,0,0,0,0,0,0,0,1,1,1,1,0,0,0,0,0,0,0,0,0,0,0,0,0,0,0,0,0,gen_array_index_bug_036,ARRAY_LENGTH_INDEX_MISUSE
5,139,0,1.0,0,0,0,0,1,1,0,0,0,0,1,11,51,0,0,0,0,0,0,0,0,0,0,0,0,0,0,0,1,0,1,1,0,0,0,0,0,0,0,0,0,0,0,0,0,0,0,0,0,gen_array_index_fix_036,NO_ISSUE
24,623,0,1.0,0,0,0,0,1,3,4,3,0,1,3,12,221,2,2,0,0,0,2,0,0,2,30,1,0,0,0,0,5,1,1,3,0,0,0,0,0,0,0,0,0,0,0,0,0,0,0,0,0,gen_array_index_bug_037,ARRAY_LENGTH_INDEX_MISUSE
24,627,0,1.0,0,0,0,0,1,3,4,3,0,1,4,12,224,2,2,0,0,0,2,0,0,2,30,1,0,0,0,0,5,0,1,3,0,0,0,0,0,0,0,0,0,0,0,0,0,0,0,0,0,gen_array_index_fix_037,NO_ISSUE
41,925,0,1.0,0,0,0,0,1,6,2,7,0,2,8,12,308,1,1,0,0,0,1,0,0,1,29,4,0,1,0,0,4,1,1,1,0,0,0,0,0,0,0,0,0,0,0,0,0,0,0,0,0,gen_array_index_bug_038,ARRAY_LENGTH_INDEX_MISUSE
41,929,0,1.0,0,0,0,0,1,6,2,7,0,2,9,12,311,1,1,0,0,0,1,0,0,1,29,4,0,1,0,0,4,0,1,1,0,0,0,0,0,0,0,0,0,0,0,0,0,0,0,0,0,gen_array_index_fix_038,NO_ISSUE
51,1204,0,1.0,0,0,0,0,1,6,3,9,0,4,7,11,366,1,1,0,0,0,1,0,0,1,30,4,0,0,0,0,2,1,1,2,1,3,2,0,0,1,0,12,0,0,0,0,0,0,0,0,0,gen_array_index_bug_039,ARRAY_LENGTH_INDEX_MISUSE
51,1208,0,1.0,0,0,0,0,1,6,3,9,0,4,8,11,369,1,1,0,0,0,1,0,0,1,30,4,0,0,0,0,2,0,1,2,1,3,2,0,0,1,0,12,0,0,0,0,0,0,0,0,0,gen_array_index_fix_039,NO_ISSUE
5,135,0,1.0,0,0,0,0,1,1,0,0,0,1,0,9,46,0,0,0,0,0,0,0,0,0,0,0,0,0,0,0,1,1,1,1,0,0,0,0,0,0,0,0,0,0,0,0,0,0,0,0,0,gen_array_index_bug_040,ARRAY_LENGTH_INDEX_MISUSE
5,139,0,1.0,0,0,0,0,1,1,0,0,0,1,1,10,49,0,0,0,0,0,0,0,0,0,0,0,0,0,0,0,1,0,1,1,0,0,0,0,0,0,0,0,0,0,0,0,0,0,0,0,0,gen_array_index_fix_040,NO_ISSUE
15,380,0,1.0,0,0,0,0,1,2,2,1,0,2,2,12,134,1,1,0,0,0,1,0,0,1,29,1,0,0,0,0,4,1,1,2,0,0,0,0,0,0,0,0,0,0,0,0,0,0,0,0,0,gen_array_index_bug_041,ARRAY_LENGTH_INDEX_MISUSE
15,384,0,1.0,0,0,0,0,1,2,2,1,0,2,3,12,137,1,1,0,0,0,1,0,0,1,29,1,0,0,0,0,4,0,1,2,0,0,0,0,0,0,0,0,0,0,0,0,0,0,0,0,0,gen_array_index_fix_041,NO_ISSUE
5,135,0,1.0,0,0,0,0,1,1,0,0,0,1,0,9,46,0,0,0,0,0,0,0,0,0,0,0,0,0,0,0,1,1,1,1,0,0,0,0,0,0,0,0,0,0,0,0,0,0,0,0,0,gen_array_index_bug_042,ARRAY_LENGTH_INDEX_MISUSE
5,139,0,1.0,0,0,0,0,1,1,0,0,0,1,1,10,49,0,0,0,0,0,0,0,0,0,0,0,0,0,0,0,1,0,1,1,0,0,0,0,0,0,0,0,0,0,0,0,0,0,0,0,0,gen_array_index_fix_042,NO_ISSUE
28,628,0,1.0,0,0,0,0,1,4,3,2,1,3,2,10,209,1,1,0,0,0,1,0,0,1,13,0,0,0,0,0,2,1,1,2,0,0,0,0,0,0,0,0,0,0,0,0,0,1,0,14,0,gen_array_index_bug_043,ARRAY_LENGTH_INDEX_MISUSE
28,632,0,1.0,0,0,0,0,1,4,3,2,1,3,3,10,212,1,1,0,0,0,1,0,0,1,13,0,0,0,0,0,2,0,1,2,0,0,0,0,0,0,0,0,0,0,0,0,0,1,0,14,0,gen_array_index_fix_043,NO_ISSUE
20,442,0,1.0,0,0,0,0,1,3,1,2,1,1,1,10,135,0,0,0,0,0,0,0,0,0,0,0,0,0,0,0,1,1,1,1,0,0,0,0,0,0,0,0,0,0,0,0,0,1,0,14,0,gen_array_index_bug_044,ARRAY_LENGTH_INDEX_MISUSE
20,446,0,1.0,0,0,0,0,1,3,1,2,1,1,2,10,138,0,0,0,0,0,0,0,0,0,0,0,0,0,0,0,1,0,1,1,0,0,0,0,0,0,0,0,0,0,0,0,0,1,0,14,0,gen_array_index_fix_044,NO_ISSUE
29,632,0,1.0,0,0,0,0,1,3,2,3,1,4,1,11,171,0,0,0,0,0,0,0,0,0,0,0,0,0,0,0,1,1,1,1,1,3,2,0,0,1,0,12,0,0,0,0,0,1,0,14,0,gen_array_index_bug_045,ARRAY_LENGTH_INDEX_MISUSE
29,636,0,1.0,0,0,0,0,1,3,2,3,1,4,2,11,174,0,0,0,0,0,0,0,0,0,0,0,0,0,0,0,1,0,1,1,1,3,2,0,0,1,0,12,0,0,0,0,0,1,0,14,0,gen_array_index_fix_045,NO_ISSUE
20,468,0,1.0,0,0,0,0,1,2,1,1,0,3,0,11,128,0,0,0,0,0,0,0,0,0,0,0,0,0,0,0,1,1,1,1,1,3,2,0,0,1,0,12,0,0,0,0,0,0,0,0,0,gen_array_index_bug_046,ARRAY_LENGTH_INDEX_MISUSE
20,472,0,1.0,0,0,0,0,1,2,1,1,0,3,1,11,131,0,0,0,0,0,0,0,0,0,0,0,0,0,0,0,1,0,1,1,1,3,2,0,0,1,0,12,0,0,0,0,0,0,0,0,0,gen_array_index_fix_046,NO_ISSUE
5,138,0,1.0,0,0,0,0,1,1,0,0,0,0,0,10,48,0,0,0,0,0,0,0,0,0,0,0,0,0,0,0,1,1,1,1,0,0,0,0,0,0,0,0,0,0,0,0,0,0,0,0,0,gen_array_index_bug_047,ARRAY_LENGTH_INDEX_MISUSE
5,142,0,1.0,0,0,0,0,1,1,0,0,0,0,1,11,51,0,0,0,0,0,0,0,0,0,0,0,0,0,0,0,1,0,1,1,0,0,0,0,0,0,0,0,0,0,0,0,0,0,0,0,0,gen_array_index_fix_047,NO_ISSUE
20,454,0,1.0,0,0,0,0,1,3,0,4,0,0,2,10,147,0,0,0,0,0,0,0,0,0,0,2,0,0,0,0,1,1,1,1,0,0,0,0,0,0,0,0,0,0,0,0,0,0,0,0,0,gen_array_index_bug_048,ARRAY_LENGTH_INDEX_MISUSE
20,458,0,1.0,0,0,0,0,1,3,0,4,0,0,3,10,150,0,0,0,0,0,0,0,0,0,0,2,0,0,0,0,1,0,1,1,0,0,0,0,0,0,0,0,0,0,0,0,0,0,0,0,0,gen_array_index_fix_048,NO_ISSUE
9,213,0,1.0,0,0,0,0,1,2,0,1,0,0,2,10,73,0,0,0,0,0,0,0,0,0,0,0,0,0,0,0,1,1,1,1,0,0,0,0,0,0,0,0,0,0,0,0,0,0,0,0,0,gen_array_index_bug_049,ARRAY_LENGTH_INDEX_MISUSE
9,217,0,1.0,0,0,0,0,1,2,0,1,0,0,3,11,76,0,0,0,0,0,0,0,0,0,0,0,0,0,0,0,1,0,1,1,0,0,0,0,0,0,0,0,0,0,0,0,0,0,0,0,0,gen_array_index_fix_049,NO_ISSUE
5,135,0,1.0,0,0,0,0,1,1,0,0,0,1,0,9,46,0,0,0,0,0,0,0,0,0,0,0,0,0,0,0,1,1,1,1,0,0,0,0,0,0,0,0,0,0,0,0,0,0,0,0,0,gen_array_index_bug_050,ARRAY_LENGTH_INDEX_MISUSE
5,139,0,1.0,0,0,0,0,1,1,0,0,0,1,1,10,49,0,0,0,0,0,0,0,0,0,0,0,0,0,0,0,1,0,1,1,0,0,0,0,0,0,0,0,0,0,0,0,0,0,0,0,0,gen_array_index_fix_050,NO_ISSUE
24,526,0,1.0,0,0,0,0,1,3,1,3,0,3,2,11,145,0,0,0,0,0,0,0,0,0,0,0,0,0,0,0,1,1,1,1,1,3,2,0,0,1,0,12,0,0,0,0,0,0,0,0,0,gen_array_index_bug_051,ARRAY_LENGTH_INDEX_MISUSE
24,530,0,1.0,0,0,0,0,1,3,1,3,0,3,3,11,148,0,0,0,0,0,0,0,0,0,0,0,0,0,0,0,1,0,1,1,1,3,2,0,0,1,0,12,0,0,0,0,0,0,0,0,0,gen_array_index_fix_051,NO_ISSUE
52,1209,0,1.0,0,0,0,0,1,8,4,11,0,1,13,12,403,2,2,0,0,0,2,0,0,2,30,4,0,1,0,0,5,1,1,3,0,0,0,0,0,0,0,0,0,0,0,0,0,0,0,0,0,gen_array_index_bug_052,ARRAY_LENGTH_INDEX_MISUSE
52,1213,0,1.0,0,0,0,0,1,8,4,11,0,1,14,12,406,2,2,0,0,0,2,0,0,2,30,4,0,1,0,0,5,0,1,3,0,0,0,0,0,0,0,0,0,0,0,0,0,0,0,0,0,gen_array_index_fix_052,NO_ISSUE
42,938,0,1.0,0,0,0,0,1,5,4,6,2,3,6,12,301,1,1,0,0,0,1,0,0,1,29,3,0,0,0,0,4,1,1,2,0,0,0,0,0,0,0,0,0,0,0,0,0,2,0,14,0,gen_array_index_bug_053,ARRAY_LENGTH_INDEX_MISUSE
42,942,0,1.0,0,0,0,0,1,5,4,6,2,3,7,12,304,1,1,0,0,0,1,0,0,1,29,3,0,0,0,0,4,0,1,2,0,0,0,0,0,0,0,0,0,0,0,0,0,2,0,14,0,gen_array_index_fix_053,NO_ISSUE
5,132,0,1.0,0,0,0,0,1,1,0,0,0,1,0,9,46,0,0,0,0,0,0,0,0,0,0,0,0,0,0,0,1,1,1,1,0,0,0,0,0,0,0,0,0,0,0,0,0,0,0,0,0,gen_array_index_bug_054,ARRAY_LENGTH_INDEX_MISUSE
5,136,0,1.0,0,0,0,0,1,1,0,0,0,1,1,10,49,0,0,0,0,0,0,0,0,0,0,0,0,0,0,0,1,0,1,1,0,0,0,0,0,0,0,0,0,0,0,0,0,0,0,0,0,gen_array_index_fix_054,NO_ISSUE
53,1256,0,1.0,0,0,0,0,1,7,4,10,0,2,8,11,419,2,2,0,0,0,2,0,0,2,30,5,0,1,0,0,3,1,1,3,0,0,0,0,0,0,0,0,0,0,0,0,0,0,0,0,0,gen_array_index_bug_055,ARRAY_LENGTH_INDEX_MISUSE
53,1260,0,1.0,0,0,0,0,1,7,4,10,0,2,9,11,422,2,2,0,0,0,2,0,0,2,30,5,0,1,0,0,3,0,1,3,0,0,0,0,0,0,0,0,0,0,0,0,0,0,0,0,0,gen_array_index_fix_055,NO_ISSUE
50,1214,0,1.0,0,0,0,0,1,8,5,6,1,1,9,11,404,2,2,0,0,0,2,0,0,2,30,0,0,0,0,0,3,1,1,2,0,0,0,0,0,0,0,0,0,0,0,0,0,1,0,14,0,gen_array_index_bug_056,ARRAY_LENGTH_INDEX_MISUSE
50,1218,0,1.0,0,0,0,0,1,8,5,6,1,1,10,11,407,2,2,0,0,0,2,0,0,2,30,0,0,0,0,0,3,0,1,2,0,0,0,0,0,0,0,0,0,0,0,0,0,1,0,14,0,gen_array_index_fix_056,NO_ISSUE
15,346,0,1.0,0,0,0,0,1,3,0,1,0,1,2,10,115,0,0,0,0,0,0,0,0,0,0,0,0,0,0,0,1,1,1,1,0,0,0,0,0,0,0,0,0,0,0,0,0,0,0,0,0,gen_array_index_bug_057,ARRAY_LENGTH_INDEX_MISUSE
15,350,0,1.0,0,0,0,0,1,3,0,1,0,1,3,10,118,0,0,0,0,0,0,0,0,0,0,0,0,0,0,0,1,0,1,1,0,0,0,0,0,0,0,0,0,0,0,0,0,0,0,0,0,gen_array_index_fix_057,NO_ISSUE
29,681,0,1.0,0,0,0,0,1,4,4,4,0,2,6,12,241,2,2,0,0,0,2,0,0,2,29,2,0,0,0,0,7,1,1,3,0,0,0,0,0,0,0,0,0,0,0,0,0,0,0,0,0,gen_array_index_bug_058,ARRAY_LENGTH_INDEX_MISUSE
29,685,0,1.0,0,0,0,0,1,4,4,4,0,2,7,12,244,2,2,0,0,0,2,0,0,2,29,2,0,0,0,0,7,0,1,3,0,0,0,0,0,0,0,0,0,0,0,0,0,0,0,0,0,gen_array_index_fix_058,NO_ISSUE
46,1117,0,1.0,0,0,0,0,1,6,4,9,0,2,9,12,378,2,2,0,0,0,2,0,0,2,30,5,0,0,0,0,5,1,1,3,0,0,0,0,0,0,0,0,0,0,0,0,0,0,0,0,0,gen_array_index_bug_059,ARRAY_LENGTH_INDEX_MISUSE
46,1121,0,1.0,0,0,0,0,1,6,4,9,0,2,10,12,381,2,2,0,0,0,2,0,0,2,30,5,0,0,0,0,5,0,1,3,0,0,0,0,0,0,0,0,0,0,0,0,0,0,0,0,0,gen_array_index_fix_059,NO_ISSUE
5,138,0,1.0,0,0,0,0,1,1,0,0,0,0,0,10,48,0,0,0,0,0,0,0,0,0,0,0,0,0,0,0,1,1,1,1,0,0,0,0,0,0,0,0,0,0,0,0,0,0,0,0,0,gen_array_index_bug_060,ARRAY_LENGTH_INDEX_MISUSE
5,142,0,1.0,0,0,0,0,1,1,0,0,0,0,1,11,51,0,0,0,0,0,0,0,0,0,0,0,0,0,0,0,1,0,1,1,0,0,0,0,0,0,0,0,0,0,0,0,0,0,0,0,0,gen_array_index_fix_060,NO_ISSUE
5,113,0,1.0,0,0,0,0,1,1,0,1,0,0,0,8,40,0,0,0,0,0,0,0,0,0,0,0,0,0,0,0,1,1,1,1,0,0,0,0,0,0,0,0,0,0,0,0,0,0,0,0,0,gen_array_index_bug_061,ARRAY_LENGTH_INDEX_MISUSE
5,117,0,1.0,0,0,0,0,1,1,0,1,0,0,1,9,43,0,0,0,0,0,0,0,0,0,0,0,0,0,0,0,1,0,1,1,0,0,0,0,0,0,0,0,0,0,0,0,0,0,0,0,0,gen_array_index_fix_061,NO_ISSUE
5,116,0,1.0,0,0,0,0,1,1,0,1,0,0,0,8,40,0,0,0,0,0,0,0,0,0,0,0,0,0,0,0,1,1,1,1,0,0,0,0,0,0,0,0,0,0,0,0,0,0,0,0,0,gen_array_index_bug_062,ARRAY_LENGTH_INDEX_MISUSE
5,120,0,1.0,0,0,0,0,1,1,0,1,0,0,1,9,43,0,0,0,0,0,0,0,0,0,0,0,0,0,0,0,1,0,1,1,0,0,0,0,0,0,0,0,0,0,0,0,0,0,0,0,0,gen_array_index_fix_062,NO_ISSUE
30,657,0,1.0,0,0,0,0,1,4,0,9,0,0,6,10,206,0,0,0,0,0,0,0,0,0,0,5,0,1,0,0,1,1,1,1,0,0,0,0,0,0,0,0,0,0,0,0,0,0,0,0,0,gen_array_index_bug_063,ARRAY_LENGTH_INDEX_MISUSE
30,661,0,1.0,0,0,0,0,1,4,0,9,0,0,7,10,209,0,0,0,0,0,0,0,0,0,0,5,0,1,0,0,1,0,1,1,0,0,0,0,0,0,0,0,0,0,0,0,0,0,0,0,0,gen_array_index_fix_063,NO_ISSUE
9,215,0,1.0,0,0,0,0,1,2,0,1,0,0,2,10,73,0,0,0,0,0,0,0,0,0,0,0,0,0,0,0,1,1,1,1,0,0,0,0,0,0,0,0,0,0,0,0,0,0,0,0,0,gen_array_index_bug_064,ARRAY_LENGTH_INDEX_MISUSE
9,219,0,1.0,0,0,0,0,1,2,0,1,0,0,3,11,76,0,0,0,0,0,0,0,0,0,0,0,0,0,0,0,1,0,1,1,0,0,0,0,0,0,0,0,0,0,0,0,0,0,0,0,0,gen_array_index_fix_064,NO_ISSUE
5,138,0,1.0,0,0,0,0,1,1,0,0,0,1,0,9,46,0,0,0,0,0,0,0,0,0,0,0,0,0,0,0,1,1,1,1,0,0,0,0,0,0,0,0,0,0,0,0,0,0,0,0,0,gen_array_index_bug_065,ARRAY_LENGTH_INDEX_MISUSE
5,142,0,1.0,0,0,0,0,1,1,0,0,0,1,1,10,49,0,0,0,0,0,0,0,0,0,0,0,0,0,0,0,1,0,1,1,0,0,0,0,0,0,0,0,0,0,0,0,0,0,0,0,0,gen_array_index_fix_065,NO_ISSUE
5,135,0,1.0,0,0,0,0,1,1,0,0,0,1,0,9,46,0,0,0,0,0,0,0,0,0,0,0,0,0,0,0,1,1,1,1,0,0,0,0,0,0,0,0,0,0,0,0,0,0,0,0,0,gen_array_index_bug_066,ARRAY_LENGTH_INDEX_MISUSE
5,139,0,1.0,0,0,0,0,1,1,0,0,0,1,1,10,49,0,0,0,0,0,0,0,0,0,0,0,0,0,0,0,1,0,1,1,0,0,0,0,0,0,0,0,0,0,0,0,0,0,0,0,0,gen_array_index_fix_066,NO_ISSUE
51,1161,0,1.0,0,0,0,0,1,5,6,4,0,8,2,11,344,2,2,0,0,0,2,0,0,2,13,0,0,0,0,0,3,1,1,1,2,6,4,0,0,2,0,12,0,0,0,0,0,0,0,0,0,gen_array_index_bug_067,ARRAY_LENGTH_INDEX_MISUSE
51,1165,0,1.0,0,0,0,0,1,5,6,4,0,8,3,11,347,2,2,0,0,0,2,0,0,2,13,0,0,0,0,0,3,0,1,1,2,6,4,0,0,2,0,12,0,0,0,0,0,0,0,0,0,gen_array_index_fix_067,NO_ISSUE
5,135,0,1.0,0,0,0,0,1,1,0,0,0,1,0,9,46,0,0,0,0,0,0,0,0,0,0,0,0,0,0,0,1,1,1,1,0,0,0,0,0,0,0,0,0,0,0,0,0,0,0,0,0,gen_array_index_bug_068,ARRAY_LENGTH_INDEX_MISUSE
5,139,0,1.0,0,0,0,0,1,1,0,0,0,1,1,10,49,0,0,0,0,0,0,0,0,0,0,0,0,0,0,0,1,0,1,1,0,0,0,0,0,0,0,0,0,0,0,0,0,0,0,0,0,gen_array_index_fix_068,NO_ISSUE
5,135,0,1.0,0,0,0,0,1,1,0,0,0,1,0,9,46,0,0,0,0,0,0,0,0,0,0,0,0,0,0,0,1,1,1,1,0,0,0,0,0,0,0,0,0,0,0,0,0,0,0,0,0,gen_array_index_bug_069,ARRAY_LENGTH_INDEX_MISUSE
5,139,0,1.0,0,0,0,0,1,1,0,0,0,1,1,10,49,0,0,0,0,0,0,0,0,0,0,0,0,0,0,0,1,0,1,1,0,0,0,0,0,0,0,0,0,0,0,0,0,0,0,0,0,gen_array_index_fix_069,NO_ISSUE
38,962,0,1.0,0,0,0,0,1,5,6,3,0,2,4,12,341,3,3,0,0,0,3,0,0,3,30,1,0,0,0,0,6,1,1,4,0,0,0,0,0,0,0,0,0,0,0,0,0,0,0,0,0,gen_array_index_bug_070,ARRAY_LENGTH_INDEX_MISUSE
38,966,0,1.0,0,0,0,0,1,5,6,3,0,2,5,12,344,3,3,0,0,0,3,0,0,3,30,1,0,0,0,0,6,0,1,4,0,0,0,0,0,0,0,0,0,0,0,0,0,0,0,0,0,gen_array_index_fix_070,NO_ISSUE
5,116,0,1.0,0,0,0,0,1,1,0,1,0,0,0,8,40,0,0,0,0,0,0,0,0,0,0,0,0,0,0,0,1,1,1,1,0,0,0,0,0,0,0,0,0,0,0,0,0,0,0,0,0,gen_array_index_bug_071,ARRAY_LENGTH_INDEX_MISUSE
5,120,0,1.0,0,0,0,0,1,1,0,1,0,0,1,9,43,0,0,0,0,0,0,0,0,0,0,0,0,0,0,0,1,0,1,1,0,0,0,0,0,0,0,0,0,0,0,0,0,0,0,0,0,gen_array_index_fix_071,NO_ISSUE
24,641,0,1.0,0,0,0,0,1,3,4,2,0,2,3,12,227,2,2,0,0,0,2,0,0,2,30,1,0,0,0,0,5,1,1,3,0,0,0,0,0,0,0,0,0,0,0,0,0,0,0,0,0,gen_array_index_bug_072,ARRAY_LENGTH_INDEX_MISUSE
24,645,0,1.0,0,0,0,0,1,3,4,2,0,2,4,12,230,2,2,0,0,0,2,0,0,2,30,1,0,0,0,0,5,0,1,3,0,0,0,0,0,0,0,0,0,0,0,0,0,0,0,0,0,gen_array_index_fix_072,NO_ISSUE
40,888,0,1.0,0,0,0,0,1,5,3,8,1,2,7,12,286,1,1,0,0,0,1,0,0,1,29,4,0,1,0,0,4,1,1,1,0,0,0,0,0,0,0,0,0,0,0,0,0,1,0,14,0,gen_array_index_bug_073,ARRAY_LENGTH_INDEX_MISUSE
40,892,0,1.0,0,0,0,0,1,5,3,8,1,2,8,12,289,1,1,0,0,0,1,0,0,1,29,4,0,1,0,0,4,0,1,1,0,0,0,0,0,0,0,0,0,0,0,0,0,1,0,14,0,gen_array_index_fix_073,NO_ISSUE
44,968,0,1.0,0,0,0,0,1,6,2,5,2,3,4,10,299,0,0,0,0,0,0,0,0,0,0,2,0,0,0,0,1,1,1,1,0,0,0,0,0,0,0,0,0,0,0,0,0,2,0,14,0,gen_array_index_bug_074,ARRAY_LENGTH_INDEX_MISUSE
44,972,0,1.0,0,0,0,0,1,6,2,5,2,3,5,10,302,0,0,0,0,0,0,0,0,0,0,2,0,0,0,0,1,0,1,1,0,0,0,0,0,0,0,0,0,0,0,0,0,2,0,14,0,gen_array_index_fix_074,NO_ISSUE
14,402,0,1.0,0,0,0,0,1,2,2,1,0,0,1,11,141,1,1,0,0,0,1,0,0,1,30,0,0,0,0,0,2,1,1,2,0,0,0,0,0,0,0,0,0,0,0,0,0,0,0,0,0,gen_array_index_bug_075,ARRAY_LENGTH_INDEX_MISUSE
14,406,0,1.0,0,0,0,0,1,2,2,1,0,0,2,11,144,1,1,0,0,0,1,0,0,1,30,0,0,0,0,0,2,0,1,2,0,0,0,0,0,0,0,0,0,0,0,0,0,0,0,0,0,gen_array_index_fix_075,NO_ISSUE
5,119,0,1.0,0,0,0,0,1,1,0,1,0,0,0,8,40,0,0,0,0,0,0,0,0,0,0,0,0,0,0,0,1,1,1,1,0,0,0,0,0,0,0,0,0,0,0,0,0,0,0,0,0,gen_array_index_bug_076,ARRAY_LENGTH_INDEX_MISUSE
5,123,0,1.0,0,0,0,0,1,1,0,1,0,0,1,9,43,0,0,0,0,0,0,0,0,0,0,0,0,0,0,0,1,0,1,1,0,0,0,0,0,0,0,0,0,0,0,0,0,0,0,0,0,gen_array_index_fix_076,NO_ISSUE
5,129,0,1.0,0,0,0,0,1,1,0,0,0,0,0,10,48,0,0,0,0,0,0,0,0,0,0,0,0,0,0,0,1,1,1,1,0,0,0,0,0,0,0,0,0,0,0,0,0,0,0,0,0,gen_array_index_bug_077,ARRAY_LENGTH_INDEX_MISUSE
5,133,0,1.0,0,0,0,0,1,1,0,0,0,0,1,11,51,0,0,0,0,0,0,0,0,0,0,0,0,0,0,0,1,0,1,1,0,0,0,0,0,0,0,0,0,0,0,0,0,0,0,0,0,gen_array_index_fix_077,NO_ISSUE
35,785,0,1.0,0,0,0,0,1,4,3,4,0,4,3,11,240,1,1,0,0,0,1,0,0,1,13,1,0,1,0,0,2,1,1,2,1,3,2,0,0,1,0,12,0,0,0,0,0,0,0,0,0,gen_array_index_bug_078,ARRAY_LENGTH_INDEX_MISUSE
35,789,0,1.0,0,0,0,0,1,4,3,4,0,4,4,11,243,1,1,0,0,0,1,0,0,1,13,1,0,1,0,0,2,0,1,2,1,3,2,0,0,1,0,12,0,0,0,0,0,0,0,0,0,gen_array_index_fix_078,NO_ISSUE
5,119,0,1.0,0,0,0,0,1,1,0,1,0,0,0,8,40,0,0,0,0,0,0,0,0,0,0,0,0,0,0,0,1,1,1,1,0,0,0,0,0,0,0,0,0,0,0,0,0,0,0,0,0,gen_array_index_bug_079,ARRAY_LENGTH_INDEX_MISUSE
5,123,0,1.0,0,0,0,0,1,1,0,1,0,0,1,9,43,0,0,0,0,0,0,0,0,0,0,0,0,0,0,0,1,0,1,1,0,0,0,0,0,0,0,0,0,0,0,0,0,0,0,0,0,gen_array_index_fix_079,NO_ISSUE
5,135,0,1.0,0,0,0,0,1,1,0,0,0,0,0,10,48,0,0,0,0,0,0,0,0,0,0,0,0,0,0,0,1,1,1,1,0,0,0,0,0,0,0,0,0,0,0,0,0,0,0,0,0,gen_array_index_bug_080,ARRAY_LENGTH_INDEX_MISUSE
5,139,0,1.0,0,0,0,0,1,1,0,0,0,0,1,11,51,0,0,0,0,0,0,0,0,0,0,0,0,0,0,0,1,0,1,1,0,0,0,0,0,0,0,0,0,0,0,0,0,0,0,0,0,gen_array_index_fix_080,NO_ISSUE
13,318,0,1.0,0,0,0,0,1,2,2,1,0,2,1,10,114,1,1,0,0,0,1,0,0,1,13,0,0,0,0,0,2,1,1,2,0,0,0,0,0,0,0,0,0,0,0,0,0,0,0,0,0,gen_array_index_bug_081,ARRAY_LENGTH_INDEX_MISUSE
13,322,0,1.0,0,0,0,0,1,2,2,1,0,2,2,10,117,1,1,0,0,0,1,0,0,1,13,0,0,0,0,0,2,0,1,2,0,0,0,0,0,0,0,0,0,0,0,0,0,0,0,0,0,gen_array_index_fix_081,NO_ISSUE
43,1087,0,1.0,0,0,0,0,1,6,4,9,0,0,8,11,358,2,2,0,0,0,2,0,0,2,30,3,0,1,0,0,3,1,1,2,0,0,0,0,0,0,0,0,0,0,0,0,0,0,0,0,0,gen_array_index_bug_082,ARRAY_LENGTH_INDEX_MISUSE
43,1091,0,1.0,0,0,0,0,1,6,4,9,0,0,9,11,361,2,2,0,0,0,2,0,0,2,30,3,0,1,0,0,3,0,1,2,0,0,0,0,0,0,0,0,0,0,0,0,0,0,0,0,0,gen_array_index_fix_082,NO_ISSUE
5,135,0,1.0,0,0,0,0,1,1,0,0,0,1,0,9,46,0,0,0,0,0,0,0,0,0,0,0,0,0,0,0,1,1,1,1,0,0,0,0,0,0,0,0,0,0,0,0,0,0,0,0,0,gen_array_index_bug_083,ARRAY_LENGTH_INDEX_MISUSE
5,139,0,1.0,0,0,0,0,1,1,0,0,0,1,1,10,49,0,0,0,0,0,0,0,0,0,0,0,0,0,0,0,1,0,1,1,0,0,0,0,0,0,0,0,0,0,0,0,0,0,0,0,0,gen_array_index_fix_083,NO_ISSUE
49,1077,0,1.0,0,0,0,0,1,6,4,4,1,5,2,11,327,1,1,0,0,0,1,0,0,1,13,0,0,0,0,0,2,1,1,2,1,3,2,0,0,1,0,12,0,0,0,0,0,1,0,14,0,gen_array_index_bug_084,ARRAY_LENGTH_INDEX_MISUSE
49,1081,0,1.0,0,0,0,0,1,6,4,4,1,5,3,11,330,1,1,0,0,0,1,0,0,1,13,0,0,0,0,0,2,0,1,2,1,3,2,0,0,1,0,12,0,0,0,0,0,1,0,14,0,gen_array_index_fix_084,NO_ISSUE
42,939,0,1.0,0,0,0,0,1,5,5,4,0,5,2,11,300,2,2,0,0,0,2,0,0,2,13,0,0,0,0,0,3,1,1,3,1,3,2,0,0,1,0,12,0,0,0,0,0,0,0,0,0,gen_array_index_bug_085,ARRAY_LENGTH_INDEX_MISUSE
42,943,0,1.0,0,0,0,0,1,5,5,4,0,5,3,11,303,2,2,0,0,0,2,0,0,2,13,0,0,0,0,0,3,0,1,3,1,3,2,0,0,1,0,12,0,0,0,0,0,0,0,0,0,gen_array_index_fix_085,NO_ISSUE
5,138,0,1.0,0,0,0,0,1,1,0,0,0,0,0,10,48,0,0,0,0,0,0,0,0,0,0,0,0,0,0,0,1,1,1,1,0,0,0,0,0,0,0,0,0,0,0,0,0,0,0,0,0,gen_array_index_bug_086,ARRAY_LENGTH_INDEX_MISUSE
5,142,0,1.0,0,0,0,0,1,1,0,0,0,0,1,11,51,0,0,0,0,0,0,0,0,0,0,0,0,0,0,0,1,0,1,1,0,0,0,0,0,0,0,0,0,0,0,0,0,0,0,0,0,gen_array_index_fix_086,NO_ISSUE
5,135,0,1.0,0,0,0,0,1,1,0,0,0,1,0,9,46,0,0,0,0,0,0,0,0,0,0,0,0,0,0,0,1,1,1,1,0,0,0,0,0,0,0,0,0,0,0,0,0,0,0,0,0,gen_array_index_bug_087,ARRAY_LENGTH_INDEX_MISUSE
5,139,0,1.0,0,0,0,0,1,1,0,0,0,1,1,10,49,0,0,0,0,0,0,0,0,0,0,0,0,0,0,0,1,0,1,1,0,0,0,0,0,0,0,0,0,0,0,0,0,0,0,0,0,gen_array_index_fix_087,NO_ISSUE
5,135,0,1.0,0,0,0,0,1,1,0,0,0,1,0,9,46,0,0,0,0,0,0,0,0,0,0,0,0,0,0,0,1,1,1,1,0,0,0,0,0,0,0,0,0,0,0,0,0,0,0,0,0,gen_array_index_bug_088,ARRAY_LENGTH_INDEX_MISUSE
5,139,0,1.0,0,0,0,0,1,1,0,0,0,1,1,10,49,0,0,0,0,0,0,0,0,0,0,0,0,0,0,0,1,0,1,1,0,0,0,0,0,0,0,0,0,0,0,0,0,0,0,0,0,gen_array_index_fix_088,NO_ISSUE
5,116,0,1.0,0,0,0,0,1,1,0,1,0,0,0,8,40,0,0,0,0,0,0,0,0,0,0,0,0,0,0,0,1,1,1,1,0,0,0,0,0,0,0,0,0,0,0,0,0,0,0,0,0,gen_array_index_bug_089,ARRAY_LENGTH_INDEX_MISUSE
5,120,0,1.0,0,0,0,0,1,1,0,1,0,0,1,9,43,0,0,0,0,0,0,0,0,0,0,0,0,0,0,0,1,0,1,1,0,0,0,0,0,0,0,0,0,0,0,0,0,0,0,0,0,gen_array_index_fix_089,NO_ISSUE
5,116,0,1.0,0,0,0,0,1,1,0,1,0,0,0,8,40,0,0,0,0,0,0,0,0,0,0,0,0,0,0,0,1,1,1,1,0,0,0,0,0,0,0,0,0,0,0,0,0,0,0,0,0,gen_array_index_bug_090,ARRAY_LENGTH_INDEX_MISUSE
5,120,0,1.0,0,0,0,0,1,1,0,1,0,0,1,9,43,0,0,0,0,0,0,0,0,0,0,0,0,0,0,0,1,0,1,1,0,0,0,0,0,0,0,0,0,0,0,0,0,0,0,0,0,gen_array_index_fix_090,NO_ISSUE
33,759,0,1.0,0,0,0,0,1,4,3,5,1,2,5,12,248,1,1,0,0,0,1,0,0,1,29,3,0,0,0,0,4,1,1,2,0,0,0,0,0,0,0,0,0,0,0,0,0,1,0,14,0,gen_array_index_bug_091,ARRAY_LENGTH_INDEX_MISUSE
33,763,0,1.0,0,0,0,0,1,4,3,5,1,2,6,12,251,1,1,0,0,0,1,0,0,1,29,3,0,0,0,0,4,0,1,2,0,0,0,0,0,0,0,0,0,0,0,0,0,1,0,14,0,gen_array_index_fix_091,NO_ISSUE
9,191,0,1.0,0,0,0,0,1,2,0,2,0,0,2,8,65,0,0,0,0,0,0,0,0,0,0,0,0,0,0,0,1,1,1,1,0,0,0,0,0,0,0,0,0,0,0,0,0,0,0,0,0,gen_array_index_bug_092,ARRAY_LENGTH_INDEX_MISUSE
9,195,0,1.0,0,0,0,0,1,2,0,2,0,0,3,9,68,0,0,0,0,0,0,0,0,0,0,0,0,0,0,0,1,0,1,1,0,0,0,0,0,0,0,0,0,0,0,0,0,0,0,0,0,gen_array_index_fix_092,NO_ISSUE
5,119,0,1.0,0,0,0,0,1,1,0,1,0,0,0,8,40,0,0,0,0,0,0,0,0,0,0,0,0,0,0,0,1,1,1,1,0,0,0,0,0,0,0,0,0,0,0,0,0,0,0,0,0,gen_array_index_bug_093,ARRAY_LENGTH_INDEX_MISUSE
5,123,0,1.0,0,0,0,0,1,1,0,1,0,0,1,9,43,0,0,0,0,0,0,0,0,0,0,0,0,0,0,0,1,0,1,1,0,0,0,0,0,0,0,0,0,0,0,0,0,0,0,0,0,gen_array_index_fix_093,NO_ISSUE
9,196,0,1.0,0,0,0,0,1,2,0,2,0,0,2,8,65,0,0,0,0,0,0,0,0,0,0,0,0,0,0,0,1,1,1,1,0,0,0,0,0,0,0,0,0,0,0,0,0,0,0,0,0,gen_array_index_bug_094,ARRAY_LENGTH_INDEX_MISUSE
9,200,0,1.0,0,0,0,0,1,2,0,2,0,0,3,9,68,0,0,0,0,0,0,0,0,0,0,0,0,0,0,0,1,0,1,1,0,0,0,0,0,0,0,0,0,0,0,0,0,0,0,0,0,gen_array_index_fix_094,NO_ISSUE
5,119,0,1.0,0,0,0,0,1,1,0,1,0,0,0,8,40,0,0,0,0,0,0,0,0,0,0,0,0,0,0,0,1,1,1,1,0,0,0,0,0,0,0,0,0,0,0,0,0,0,0,0,0,gen_array_index_bug_095,ARRAY_LENGTH_INDEX_MISUSE
5,123,0,1.0,0,0,0,0,1,1,0,1,0,0,1,9,43,0,0,0,0,0,0,0,0,0,0,0,0,0,0,0,1,0,1,1,0,0,0,0,0,0,0,0,0,0,0,0,0,0,0,0,0,gen_array_index_fix_095,NO_ISSUE
45,1005,0,1.0,0,0,0,0,1,6,5,6,1,4,5,10,338,2,2,0,0,0,2,0,0,2,13,2,0,0,0,0,3,1,1,2,0,0,0,0,0,0,0,0,0,0,0,0,0,1,0,14,0,gen_array_index_bug_096,ARRAY_LENGTH_INDEX_MISUSE
45,1009,0,1.0,0,0,0,0,1,6,5,6,1,4,6,10,341,2,2,0,0,0,2,0,0,2,13,2,0,0,0,0,3,0,1,2,0,0,0,0,0,0,0,0,0,0,0,0,0,1,0,14,0,gen_array_index_fix_096,NO_ISSUE
22,522,0,1.0,0,0,0,0,1,3,2,4,0,2,3,10,177,1,1,0,0,0,1,0,0,1,13,2,0,0,0,0,2,1,1,2,0,0,0,0,0,0,0,0,0,0,0,0,0,0,0,0,0,gen_array_index_bug_097,ARRAY_LENGTH_INDEX_MISUSE
22,526,0,1.0,0,0,0,0,1,3,2,4,0,2,4,10,180,1,1,0,0,0,1,0,0,1,13,2,0,0,0,0,2,0,1,2,0,0,0,0,0,0,0,0,0,0,0,0,0,0,0,0,0,gen_array_index_fix_097,NO_ISSUE
40,974,0,1.0,0,0,0,0,1,5,4,8,0,1,7,12,326,2,2,0,0,0,2,0,0,2,30,4,0,1,0,0,5,1,1,3,0,0,0,0,0,0,0,0,0,0,0,0,0,0,0,0,0,gen_array_index_bug_098,ARRAY_LENGTH_INDEX_MISUSE
40,978,0,1.0,0,0,0,0,1,5,4,8,0,1,8,12,329,2,2,0,0,0,2,0,0,2,30,4,0,1,0,0,5,0,1,3,0,0,0,0,0,0,0,0,0,0,0,0,0,0,0,0,0,gen_array_index_fix_098,NO_ISSUE
51,1126,0,1.0,0,0,0,0,1,5,3,5,1,8,3,11,301,0,0,0,0,0,0,0,0,0,0,1,0,1,0,0,1,1,1,1,2,6,4,0,0,2,0,12,0,0,0,0,0,1,0,14,0,gen_array_index_bug_099,ARRAY_LENGTH_INDEX_MISUSE
51,1130,0,1.0,0,0,0,0,1,5,3,5,1,8,4,11,304,0,0,0,0,0,0,0,0,0,0,1,0,1,0,0,1,0,1,1,2,6,4,0,0,2,0,12,0,0,0,0,0,1,0,14,0,gen_array_index_fix_099,NO_ISSUE
57,1223,0,1.0,0,0,0,0,1,7,4,5,3,7,5,11,348,0,0,0,0,0,0,0,0,0,0,0,0,0,0,0,1,1,1,1,1,3,2,0,0,1,0,12,0,0,0,0,0,3,0,14,0,gen_array_index_bug_100,ARRAY_LENGTH_INDEX_MISUSE
57,1227,0,1.0,0,0,0,0,1,7,4,5,3,7,6,11,351,0,0,0,0,0,0,0,0,0,0,0,0,0,0,0,1,0,1,1,1,3,2,0,0,1,0,12,0,0,0,0,0,3,0,14,0,gen_array_index_fix_100,NO_ISSUE
45,1012,0,1.0,0,0,0,0,1,6,0,13,0,1,10,10,319,0,0,0,0,0,0,0,0,0,0,8,0,0,0,0,1,1,1,1,0,0,0,0,0,0,0,0,0,0,0,0,0,0,0,0,0,gen_array_index_bug_101,ARRAY_LENGTH_INDEX_MISUSE
45,1016,0,1.0,0,0,0,0,1,6,0,13,0,1,11,10,322,0,0,0,0,0,0,0,0,0,0,8,0,0,0,0,1,0,1,1,0,0,0,0,0,0,0,0,0,0,0,0,0,0,0,0,0,gen_array_index_fix_101,NO_ISSUE
48,1126,0,1.0,0,0,0,0,1,6,3,10,1,2,8,11,358,1,1,0,0,0,1,0,0,1,30,5,0,1,0,0,2,1,1,2,0,0,0,0,0,0,0,0,0,0,0,0,0,1,0,14,0,gen_array_index_bug_102,ARRAY_LENGTH_INDEX_MISUSE
48,1130,0,1.0,0,0,0,0,1,6,3,10,1,2,9,11,361,1,1,0,0,0,1,0,0,1,30,5,0,1,0,0,2,0,1,2,0,0,0,0,0,0,0,0,0,0,0,0,0,1,0,14,0,gen_array_index_fix_102,NO_ISSUE
5,122,0,1.0,0,0,0,0,1,1,0,1,0,0,0,8,40,0,0,0,0,0,0,0,0,0,0,0,0,0,0,0,1,1,1,1,0,0,0,0,0,0,0,0,0,0,0,0,0,0,0,0,0,gen_array_index_bug_103,ARRAY_LENGTH_INDEX_MISUSE
5,126,0,1.0,0,0,0,0,1,1,0,1,0,0,1,9,43,0,0,0,0,0,0,0,0,0,0,0,0,0,0,0,1,0,1,1,0,0,0,0,0,0,0,0,0,0,0,0,0,0,0,0,0,gen_array_index_fix_103,NO_ISSUE
24,623,0,1.0,0,0,0,0,1,3,4,3,0,1,3,12,221,2,2,0,0,0,2,0,0,2,30,1,0,0,0,0,5,1,1,3,0,0,0,0,0,0,0,0,0,0,0,0,0,0,0,0,0,gen_array_index_bug_104,ARRAY_LENGTH_INDEX_MISUSE
24,627,0,1.0,0,0,0,0,1,3,4,3,0,1,4,12,224,2,2,0,0,0,2,0,0,2,30,1,0,0,0,0,5,0,1,3,0,0,0,0,0,0,0,0,0,0,0,0,0,0,0,0,0,gen_array_index_fix_104,NO_ISSUE
5,135,0,1.0,0,0,0,0,1,1,0,0,0,0,0,10,48,0,0,0,0,0,0,0,0,0,0,0,0,0,0,0,1,1,1,1,0,0,0,0,0,0,0,0,0,0,0,0,0,0,0,0,0,gen_array_index_bug_105,ARRAY_LENGTH_INDEX_MISUSE
5,139,0,1.0,0,0,0,0,1,1,0,0,0,0,1,11,51,0,0,0,0,0,0,0,0,0,0,0,0,0,0,0,1,0,1,1,0,0,0,0,0,0,0,0,0,0,0,0,0,0,0,0,0,gen_array_index_fix_105,NO_ISSUE
13,318,0,1.0,0,0,0,0,1,2,2,1,0,1,1,10,116,1,1,0,0,0,1,0,0,1,13,0,0,0,0,0,2,1,1,2,0,0,0,0,0,0,0,0,0,0,0,0,0,0,0,0,0,gen_array_index_bug_106,ARRAY_LENGTH_INDEX_MISUSE
13,322,0,1.0,0,0,0,0,1,2,2,1,0,1,2,11,119,1,1,0,0,0,1,0,0,1,13,0,0,0,0,0,2,0,1,2,0,0,0,0,0,0,0,0,0,0,0,0,0,0,0,0,0,gen_array_index_fix_106,NO_ISSUE
44,953,0,1.0,0,0,0,0,1,6,3,8,1,2,6,10,310,1,1,0,0,0,1,0,0,1,13,3,0,1,0,0,2,1,1,2,0,0,0,0,0,0,0,0,0,0,0,0,0,1,0,14,0,gen_array_index_bug_107,ARRAY_LENGTH_INDEX_MISUSE
44,957,0,1.0,0,0,0,0,1,6,3,8,1,2,7,10,313,1,1,0,0,0,1,0,0,1,13,3,0,1,0,0,2,0,1,2,0,0,0,0,0,0,0,0,0,0,0,0,0,1,0,14,0,gen_array_index_fix_107,NO_ISSUE
15,374,0,1.0,0,0,0,0,1,2,2,1,0,2,2,12,134,1,1,0,0,0,1,0,0,1,29,1,0,0,0,0,4,1,1,2,0,0,0,0,0,0,0,0,0,0,0,0,0,0,0,0,0,gen_array_index_bug_108,ARRAY_LENGTH_INDEX_MISUSE
15,378,0,1.0,0,0,0,0,1,2,2,1,0,2,3,12,137,1,1,0,0,0,1,0,0,1,29,1,0,0,0,0,4,0,1,2,0,0,0,0,0,0,0,0,0,0,0,0,0,0,0,0,0,gen_array_index_fix_108,NO_ISSUE
5,113,0,1.0,0,0,0,0,1,1,0,1,0,0,0,8,40,0,0,0,0,0,0,0,0,0,0,0,0,0,0,0,1,1,1,1,0,0,0,0,0,0,0,0,0,0,0,0,0,0,0,0,0,gen_array_index_bug_109,ARRAY_LENGTH_INDEX_MISUSE
5,117,0,1.0,0,0,0,0,1,1,0,1,0,0,1,9,43,0,0,0,0,0,0,0,0,0,0,0,0,0,0,0,1,0,1,1,0,0,0,0,0,0,0,0,0,0,0,0,0,0,0,0,0,gen_array_index_fix_109,NO_ISSUE
5,119,0,1.0,0,0,0,0,1,1,0,1,0,0,0,8,40,0,0,0,0,0,0,0,0,0,0,0,0,0,0,0,1,1,1,1,0,0,0,0,0,0,0,0,0,0,0,0,0,0,0,0,0,gen_array_index_bug_110,ARRAY_LENGTH_INDEX_MISUSE
5,123,0,1.0,0,0,0,0,1,1,0,1,0,0,1,9,43,0,0,0,0,0,0,0,0,0,0,0,0,0,0,0,1,0,1,1,0,0,0,0,0,0,0,0,0,0,0,0,0,0,0,0,0,gen_array_index_fix_110,NO_ISSUE
12,262,0,1.0,0,0,0,0,1,2,0,3,0,0,2,9,84,0,0,0,0,0,0,0,0,0,0,1,0,1,0,0,1,1,1,1,0,0,0,0,0,0,0,0,0,0,0,0,0,0,0,0,0,gen_array_index_bug_111,ARRAY_LENGTH_INDEX_MISUSE
12,266,0,1.0,0,0,0,0,1,2,0,3,0,0,3,9,87,0,0,0,0,0,0,0,0,0,0,1,0,1,0,0,1,0,1,1,0,0,0,0,0,0,0,0,0,0,0,0,0,0,0,0,0,gen_array_index_fix_111,NO_ISSUE
23,526,0,1.0,0,0,0,0,1,3,1,4,1,1,3,10,162,0,0,0,0,0,0,0,0,0,0,2,0,0,0,0,1,1,1,1,0,0,0,0,0,0,0,0,0,0,0,0,0,1,0,14,0,gen_array_index_bug_112,ARRAY_LENGTH_INDEX_MISUSE
23,530,0,1.0,0,0,0,0,1,3,1,4,1,1,4,11,165,0,0,0,0,0,0,0,0,0,0,2,0,0,0,0,1,0,1,1,0,0,0,0,0,0,0,0,0,0,0,0,0,1,0,14,0,gen_array_index_fix_112,NO_ISSUE
51,1108,0,1.0,0,0,0,0,1,6,2,10,1,4,7,11,320,0,0,0,0,0,0,0,0,0,0,4,0,0,0,0,1,1,1,1,1,3,2,0,0,1,0,12,0,0,0,0,0,1,0,14,0,gen_array_index_bug_113,ARRAY_LENGTH_INDEX_MISUSE
51,1112,0,1.0,0,0,0,0,1,6,2,10,1,4,8,11,323,0,0,0,0,0,0,0,0,0,0,4,0,0,0,0,1,0,1,1,1,3,2,0,0,1,0,12,0,0,0,0,0,1,0,14,0,gen_array_index_fix_113,NO_ISSUE
5,135,0,1.0,0,0,0,0,1,1,0,0,0,1,0,9,46,0,0,0,0,0,0,0,0,0,0,0,0,0,0,0,1,1,1,1,0,0,0,0,0,0,0,0,0,0,0,0,0,0,0,0,0,gen_array_index_bug_114,ARRAY_LENGTH_INDEX_MISUSE
5,139,0,1.0,0,0,0,0,1,1,0,0,0,1,1,10,49,0,0,0,0,0,0,0,0,0,0,0,0,0,0,0,1,0,1,1,0,0,0,0,0,0,0,0,0,0,0,0,0,0,0,0,0,gen_array_index_fix_114,NO_ISSUE
23,566,0,1.0,0,0,0,0,1,3,3,3,1,1,2,11,184,1,1,0,0,0,1,0,0,1,30,0,0,0,0,0,2,1,1,2,0,0,0,0,0,0,0,0,0,0,0,0,0,1,0,14,0,gen_array_index_bug_115,ARRAY_LENGTH_INDEX_MISUSE
23,570,0,1.0,0,0,0,0,1,3,3,3,1,1,3,11,187,1,1,0,0,0,1,0,0,1,30,0,0,0,0,0,2,0,1,2,0,0,0,0,0,0,0,0,0,0,0,0,0,1,0,14,0,gen_array_index_fix_115,NO_ISSUE
11,273,0,1.0,0,0,0,0,1,2,0,0,0,1,0,10,90,0,0,0,0,0,0,0,0,0,0,0,0,0,0,0,1,1,1,1,0,0,0,0,0,0,0,0,0,0,0,0,0,0,0,0,0,gen_array_index_bug_116,ARRAY_LENGTH_INDEX_MISUSE
11,277,0,1.0,0,0,0,0,1,2,0,0,0,1,1,10,93,0,0,0,0,0,0,0,0,0,0,0,0,0,0,0,1,0,1,1,0,0,0,0,0,0,0,0,0,0,0,0,0,0,0,0,0,gen_array_index_fix_116,NO_ISSUE
5,132,0,1.0,0,0,0,0,1,1,0,0,0,0,0,10,48,0,0,0,0,0,0,0,0,0,0,0,0,0,0,0,1,1,1,1,0,0,0,0,0,0,0,0,0,0,0,0,0,0,0,0,0,gen_array_index_bug_117,ARRAY_LENGTH_INDEX_MISUSE
5,136,0,1.0,0,0,0,0,1,1,0,0,0,0,1,11,51,0,0,0,0,0,0,0,0,0,0,0,0,0,0,0,1,0,1,1,0,0,0,0,0,0,0,0,0,0,0,0,0,0,0,0,0,gen_array_index_fix_117,NO_ISSUE
13,296,0,1.0,0,0,0,0,1,2,2,2,0,1,1,10,108,1,1,0,0,0,1,0,0,1,13,0,0,0,0,0,2,1,1,2,0,0,0,0,0,0,0,0,0,0,0,0,0,0,0,0,0,gen_array_index_bug_118,ARRAY_LENGTH_INDEX_MISUSE
13,300,0,1.0,0,0,0,0,1,2,2,2,0,1,2,10,111,1,1,0,0,0,1,0,0,1,13,0,0,0,0,0,2,0,1,2,0,0,0,0,0,0,0,0,0,0,0,0,0,0,0,0,0,gen_array_index_fix_118,NO_ISSUE
29,661,0,1.0,0,0,0,0,1,3,1,4,0,4,2,11,187,0,0,0,0,0,0,0,0,0,0,2,0,0,0,0,1,1,1,1,1,3,2,0,0,1,0,12,0,0,0,0,0,0,0,0,0,gen_array_index_bug_119,ARRAY_LENGTH_INDEX_MISUSE
29,665,0,1.0,0,0,0,0,1,3,1,4,0,4,3,11,190,0,0,0,0,0,0,0,0,0,0,2,0,0,0,0,1,0,1,1,1,3,2,0,0,1,0,12,0,0,0,0,0,0,0,0,0,gen_array_index_fix_119,NO_ISSUE
29,659,0,1.0,0,0,0,0,1,3,1,4,0,3,2,11,189,0,0,0,0,0,0,0,0,0,0,2,0,0,0,0,1,1,1,1,1,3,2,0,0,1,0,12,0,0,0,0,0,0,0,0,0,gen_array_index_bug_120,ARRAY_LENGTH_INDEX_MISUSE
29,663,0,1.0,0,0,0,0,1,3,1,4,0,3,3,11,192,0,0,0,0,0,0,0,0,0,0,2,0,0,0,0,1,0,1,1,1,3,2,0,0,1,0,12,0,0,0,0,0,0,0,0,0,gen_array_index_fix_120,NO_ISSUE
21,482,0,1.0,0,0,0,0,1,3,0,5,0,0,4,10,155,0,0,0,0,0,0,0,0,0,0,3,0,1,0,0,1,1,1,1,0,0,0,0,0,0,0,0,0,0,0,0,0,0,0,0,0,gen_array_index_bug_121,ARRAY_LENGTH_INDEX_MISUSE
21,486,0,1.0,0,0,0,0,1,3,0,5,0,0,5,11,158,0,0,0,0,0,0,0,0,0,0,3,0,1,0,0,1,0,1,1,0,0,0,0,0,0,0,0,0,0,0,0,0,0,0,0,0,gen_array_index_fix_121,NO_ISSUE
5,122,0,1.0,0,0,0,0,1,1,0,1,0,0,0,8,40,0,0,0,0,0,0,0,0,0,0,0,0,0,0,0,1,1,1,1,0,0,0,0,0,0,0,0,0,0,0,0,0,0,0,0,0,gen_array_index_bug_122,ARRAY_LENGTH_INDEX_MISUSE
5,126,0,1.0,0,0,0,0,1,1,0,1,0,0,1,9,43,0,0,0,0,0,0,0,0,0,0,0,0,0,0,0,1,0,1,1,0,0,0,0,0,0,0,0,0,0,0,0,0,0,0,0,0,gen_array_index_fix_122,NO_ISSUE
5,119,0,1.0,0,0,0,0,1,1,0,1,0,0,0,8,40,0,0,0,0,0,0,0,0,0,0,0,0,0,0,0,1,1,1,1,0,0,0,0,0,0,0,0,0,0,0,0,0,0,0,0,0,gen_array_index_bug_123,ARRAY_LENGTH_INDEX_MISUSE
5,123,0,1.0,0,0,0,0,1,1,0,1,0,0,1,9,43,0,0,0,0,0,0,0,0,0,0,0,0,0,0,0,1,0,1,1,0,0,0,0,0,0,0,0,0,0,0,0,0,0,0,0,0,gen_array_index_fix_123,NO_ISSUE
33,819,0,1.0,0,0,0,0,1,5,2,5,0,1,5,11,271,1,1,0,0,0,1,0,0,1,30,2,0,0,0,0,2,1,1,2,0,0,0,0,0,0,0,0,0,0,0,0,0,0,0,0,0,gen_array_index_bug_124,ARRAY_LENGTH_INDEX_MISUSE
33,823,0,1.0,0,0,0,0,1,5,2,5,0,1,6,11,274,1,1,0,0,0,1,0,0,1,30,2,0,0,0,0,2,0,1,2,0,0,0,0,0,0,0,0,0,0,0,0,0,0,0,0,0,gen_array_index_fix_124,NO_ISSUE
5,132,0,1.0,0,0,0,0,1,1,0,0,0,0,0,10,48,0,0,0,0,0,0,0,0,0,0,0,0,0,0,0,1,1,1,1,0,0,0,0,0,0,0,0,0,0,0,0,0,0,0,0,0,gen_array_index_bug_125,ARRAY_LENGTH_INDEX_MISUSE
5,136,0,1.0,0,0,0,0,1,1,0,0,0,0,1,11,51,0,0,0,0,0,0,0,0,0,0,0,0,0,0,0,1,0,1,1,0,0,0,0,0,0,0,0,0,0,0,0,0,0,0,0,0,gen_array_index_fix_125,NO_ISSUE
72,1559,0,1.0,0,0,0,0,1,8,4,6,2,8,4,11,442,0,0,0,0,0,0,0,0,0,0,1,0,1,0,0,1,1,1,1,2,6,4,0,0,2,0,12,0,0,0,0,0,2,0,14,0,gen_array_index_bug_126,ARRAY_LENGTH_INDEX_MISUSE
72,1563,0,1.0,0,0,0,0,1,8,4,6,2,8,5,11,445,0,0,0,0,0,0,0,0,0,0,1,0,1,0,0,1,0,1,1,2,6,4,0,0,2,0,12,0,0,0,0,0,2,0,14,0,gen_array_index_fix_126,NO_ISSUE
5,132,0,1.0,0,0,0,0,1,1,0,0,0,1,0,9,46,0,0,0,0,0,0,0,0,0,0,0,0,0,0,0,1,1,1,1,0,0,0,0,0,0,0,0,0,0,0,0,0,0,0,0,0,gen_array_index_bug_127,ARRAY_LENGTH_INDEX_MISUSE
5,136,0,1.0,0,0,0,0,1,1,0,0,0,1,1,10,49,0,0,0,0,0,0,0,0,0,0,0,0,0,0,0,1,0,1,1,0,0,0,0,0,0,0,0,0,0,0,0,0,0,0,0,0,gen_array_index_fix_127,NO_ISSUE
43,1066,0,1.0,0,0,0,0,1,5,7,4,1,4,6,12,366,3,3,0,0,0,3,0,0,3,30,2,0,0,0,0,8,1,1,4,0,0,0,0,0,0,0,0,0,0,0,0,0,1,0,14,0,gen_array_index_bug_128,ARRAY_LENGTH_INDEX_MISUSE
43,1070,0,1.0,0,0,0,0,1,5,7,4,1,4,7,12,369,3,3,0,0,0,3,0,0,3,30,2,0,0,0,0,8,0,1,4,0,0,0,0,0,0,0,0,0,0,0,0,0,1,0,14,0,gen_array_index_fix_128,NO_ISSUE
12,265,0,1.0,0,0,0,0,1,2,0,3,0,0,2,9,84,0,0,0,0,0,0,0,0,0,0,1,0,1,0,0,1,1,1,1,0,0,0,0,0,0,0,0,0,0,0,0,0,0,0,0,0,gen_array_index_bug_129,ARRAY_LENGTH_INDEX_MISUSE
12,269,0,1.0,0,0,0,0,1,2,0,3,0,0,3,9,87,0,0,0,0,0,0,0,0,0,0,1,0,1,0,0,1,0,1,1,0,0,0,0,0,0,0,0,0,0,0,0,0,0,0,0,0,gen_array_index_fix_129,NO_ISSUE
5,135,0,1.0,0,0,0,0,1,1,0,0,0,0,0,10,48,0,0,0,0,0,0,0,0,0,0,0,0,0,0,0,1,1,1,1,0,0,0,0,0,0,0,0,0,0,0,0,0,0,0,0,0,gen_array_index_bug_130,ARRAY_LENGTH_INDEX_MISUSE
5,139,0,1.0,0,0,0,0,1,1,0,0,0,0,1,11,51,0,0,0,0,0,0,0,0,0,0,0,0,0,0,0,1,0,1,1,0,0,0,0,0,0,0,0,0,0,0,0,0,0,0,0,0,gen_array_index_fix_130,NO_ISSUE
41,1031,0,1.0,0,0,0,0,1,5,6,6,0,2,6,12,360,3,3,0,0,0,3,0,0,3,30,3,0,0,0,0,6,1,1,4,0,0,0,0,0,0,0,0,0,0,0,0,0,0,0,0,0,gen_array_index_bug_131,ARRAY_LENGTH_INDEX_MISUSE
41,1035,0,1.0,0,0,0,0,1,5,6,6,0,2,7,12,363,3,3,0,0,0,3,0,0,3,30,3,0,0,0,0,6,0,1,4,0,0,0,0,0,0,0,0,0,0,0,0,0,0,0,0,0,gen_array_index_fix_131,NO_ISSUE
14,333,0,1.0,0,0,0,0,1,2,0,3,0,0,2,10,111,0,0,0,0,0,0,0,0,0,0,2,0,0,0,0,1,1,1,1,0,0,0,0,0,0,0,0,0,0,0,0,0,0,0,0,0,gen_array_index_bug_132,ARRAY_LENGTH_INDEX_MISUSE
14,337,0,1.0,0,0,0,0,1,2,0,3,0,0,3,11,114,0,0,0,0,0,0,0,0,0,0,2,0,0,0,0,1,0,1,1,0,0,0,0,0,0,0,0,0,0,0,0,0,0,0,0,0,gen_array_index_fix_132,NO_ISSUE
15,327,0,1.0,0,0,0,0,1,3,0,2,0,0,2,10,109,0,0,0,0,0,0,0,0,0,0,0,0,0,0,0,1,1,1,1,0,0,0,0,0,0,0,0,0,0,0,0,0,0,0,0,0,gen_array_index_bug_133,ARRAY_LENGTH_INDEX_MISUSE
15,331,0,1.0,0,0,0,0,1,3,0,2,0,0,3,10,112,0,0,0,0,0,0,0,0,0,0,0,0,0,0,0,1,0,1,1,0,0,0,0,0,0,0,0,0,0,0,0,0,0,0,0,0,gen_array_index_fix_133,NO_ISSUE
31,756,0,1.0,0,0,0,0,1,5,2,4,0,1,5,11,252,1,1,0,0,0,1,0,0,1,30,1,0,1,0,0,2,1,1,2,0,0,0,0,0,0,0,0,0,0,0,0,0,0,0,0,0,gen_array_index_bug_134,ARRAY_LENGTH_INDEX_MISUSE
31,760,0,1.0,0,0,0,0,1,5,2,4,0,1,6,11,255,1,1,0,0,0,1,0,0,1,30,1,0,1,0,0,2,0,1,2,0,0,0,0,0,0,0,0,0,0,0,0,0,0,0,0,0,gen_array_index_fix_134,NO_ISSUE
36,852,0,1.0,0,0,0,0,1,5,3,7,1,1,6,11,272,1,1,0,0,0,1,0,0,1,30,2,0,0,0,0,2,1,1,2,0,0,0,0,0,0,0,0,0,0,0,0,0,1,0,14,0,gen_array_index_bug_135,ARRAY_LENGTH_INDEX_MISUSE
36,856,0,1.0,0,0,0,0,1,5,3,7,1,1,7,11,275,1,1,0,0,0,1,0,0,1,30,2,0,0,0,0,2,0,1,2,0,0,0,0,0,0,0,0,0,0,0,0,0,1,0,14,0,gen_array_index_fix_135,NO_ISSUE
41,1067,0,1.0,0,0,0,0,1,5,4,8,0,0,6,11,358,2,2,0,0,0,2,0,0,2,30,4,0,0,0,0,3,1,1,2,0,0,0,0,0,0,0,0,0,0,0,0,0,0,0,0,0,gen_array_index_bug_136,ARRAY_LENGTH_INDEX_MISUSE
41,1071,0,1.0,0,0,0,0,1,5,4,8,0,0,7,11,361,2,2,0,0,0,2,0,0,2,30,4,0,0,0,0,3,0,1,2,0,0,0,0,0,0,0,0,0,0,0,0,0,0,0,0,0,gen_array_index_fix_136,NO_ISSUE
14,386,0,1.0,0,0,0,0,1,2,2,2,0,0,1,11,133,1,1,0,0,0,1,0,0,1,30,0,0,0,0,0,2,1,1,2,0,0,0,0,0,0,0,0,0,0,0,0,0,0,0,0,0,gen_array_index_bug_137,ARRAY_LENGTH_INDEX_MISUSE
14,390,0,1.0,0,0,0,0,1,2,2,2,0,0,2,11,136,1,1,0,0,0,1,0,0,1,30,0,0,0,0,0,2,0,1,2,0,0,0,0,0,0,0,0,0,0,0,0,0,0,0,0,0,gen_array_index_fix_137,NO_ISSUE
55,1328,0,1.0,0,0,0,0,1,6,7,4,0,6,5,12,439,3,3,0,0,0,3,0,0,3,30,2,0,0,0,0,8,1,1,3,1,3,2,0,0,1,0,12,0,0,0,0,0,0,0,0,0,gen_array_index_bug_138,ARRAY_LENGTH_INDEX_MISUSE
55,1332,0,1.0,0,0,0,0,1,6,7,4,0,6,6,12,442,3,3,0,0,0,3,0,0,3,30,2,0,0,0,0,8,0,1,3,1,3,2,0,0,1,0,12,0,0,0,0,0,0,0,0,0,gen_array_index_fix_138,NO_ISSUE
29,687,0,1.0,0,0,0,0,1,4,4,2,0,2,3,12,248,2,2,0,0,0,2,0,0,2,29,1,0,0,0,0,5,1,1,3,0,0,0,0,0,0,0,0,0,0,0,0,0,0,0,0,0,gen_array_index_bug_139,ARRAY_LENGTH_INDEX_MISUSE
29,691,0,1.0,0,0,0,0,1,4,4,2,0,2,4,12,251,2,2,0,0,0,2,0,0,2,29,1,0,0,0,0,5,0,1,3,0,0,0,0,0,0,0,0,0,0,0,0,0,0,0,0,0,gen_array_index_fix_139,NO_ISSUE
23,525,0,1.0,0,0,0,0,1,4,2,2,0,1,3,10,185,1,1,0,0,0,1,0,0,1,13,0,0,0,0,0,2,1,1,2,0,0,0,0,0,0,0,0,0,0,0,0,0,0,0,0,0,gen_array_index_bug_140,ARRAY_LENGTH_INDEX_MISUSE
23,529,0,1.0,0,0,0,0,1,4,2,2,0,1,4,11,188,1,1,0,0,0,1,0,0,1,13,0,0,0,0,0,2,0,1,2,0,0,0,0,0,0,0,0,0,0,0,0,0,0,0,0,0,gen_array_index_fix_140,NO_ISSUE
41,927,0,1.0,0,0,0,0,1,5,5,5,3,3,4,11,286,1,1,0,0,0,1,0,0,1,30,0,0,0,0,0,2,1,1,2,0,0,0,0,0,0,0,0,0,0,0,0,0,3,0,14,0,gen_array_index_bug_141,ARRAY_LENGTH_INDEX_MISUSE
41,931,0,1.0,0,0,0,0,1,5,5,5,3,3,5,11,289,1,1,0,0,0,1,0,0,1,30,0,0,0,0,0,2,0,1,2,0,0,0,0,0,0,0,0,0,0,0,0,0,3,0,14,0,gen_array_index_fix_141,NO_ISSUE
22,494,0,1.0,0,0,0,0,1,3,2,5,0,1,3,10,169,1,1,0,0,0,1,0,0,1,13,2,0,0,0,0,2,1,1,2,0,0,0,0,0,0,0,0,0,0,0,0,0,0,0,0,0,gen_array_index_bug_142,ARRAY_LENGTH_INDEX_MISUSE
22,498,0,1.0,0,0,0,0,1,3,2,5,0,1,4,10,172,1,1,0,0,0,1,0,0,1,13,2,0,0,0,0,2,0,1,2,0,0,0,0,0,0,0,0,0,0,0,0,0,0,0,0,0,gen_array_index_fix_142,NO_ISSUE
14,299,0,1.0,0,0,0,0,1,2,1,2,1,1,1,9,91,0,0,0,0,0,0,0,0,0,0,0,0,0,0,0,1,1,1,1,0,0,0,0,0,0,0,0,0,0,0,0,0,1,0,14,0,gen_array_index_bug_143,ARRAY_LENGTH_INDEX_MISUSE
14,303,0,1.0,0,0,0,0,1,2,1,2,1,1,2,9,94,0,0,0,0,0,0,0,0,0,0,0,0,0,0,0,1,0,1,1,0,0,0,0,0,0,0,0,0,0,0,0,0,1,0,14,0,gen_array_index_fix_143,NO_ISSUE
5,135,0,1.0,0,0,0,0,1,1,0,0,0,1,0,9,46,0,0,0,0,0,0,0,0,0,0,0,0,0,0,0,1,1,1,1,0,0,0,0,0,0,0,0,0,0,0,0,0,0,0,0,0,gen_array_index_bug_144,ARRAY_LENGTH_INDEX_MISUSE
5,139,0,1.0,0,0,0,0,1,1,0,0,0,1,1,10,49,0,0,0,0,0,0,0,0,0,0,0,0,0,0,0,1,0,1,1,0,0,0,0,0,0,0,0,0,0,0,0,0,0,0,0,0,gen_array_index_fix_144,NO_ISSUE
12,272,0,1.0,0,0,0,0,1,2,0,2,0,1,2,9,90,0,0,0,0,0,0,0,0,0,0,1,0,1,0,0,1,1,1,1,0,0,0,0,0,0,0,0,0,0,0,0,0,0,0,0,0,gen_array_index_bug_145,ARRAY_LENGTH_INDEX_MISUSE
12,276,0,1.0,0,0,0,0,1,2,0,2,0,1,3,10,93,0,0,0,0,0,0,0,0,0,0,1,0,1,0,0,1,0,1,1,0,0,0,0,0,0,0,0,0,0,0,0,0,0,0,0,0,gen_array_index_fix_145,NO_ISSUE
5,135,0,1.0,0,0,0,0,1,1,0,0,0,1,0,9,46,0,0,0,0,0,0,0,0,0,0,0,0,0,0,0,1,1,1,1,0,0,0,0,0,0,0,0,0,0,0,0,0,0,0,0,0,gen_array_index_bug_146,ARRAY_LENGTH_INDEX_MISUSE
5,139,0,1.0,0,0,0,0,1,1,0,0,0,1,1,10,49,0,0,0,0,0,0,0,0,0,0,0,0,0,0,0,1,0,1,1,0,0,0,0,0,0,0,0,0,0,0,0,0,0,0,0,0,gen_array_index_fix_146,NO_ISSUE
20,465,0,1.0,0,0,0,0,1,2,1,1,0,3,0,11,128,0,0,0,0,0,0,0,0,0,0,0,0,0,0,0,1,1,1,1,1,3,2,0,0,1,0,12,0,0,0,0,0,0,0,0,0,gen_array_index_bug_147,ARRAY_LENGTH_INDEX_MISUSE
20,469,0,1.0,0,0,0,0,1,2,1,1,0,3,1,11,131,0,0,0,0,0,0,0,0,0,0,0,0,0,0,0,1,0,1,1,1,3,2,0,0,1,0,12,0,0,0,0,0,0,0,0,0,gen_array_index_fix_147,NO_ISSUE
15,377,0,1.0,0,0,0,0,1,2,2,1,0,2,2,12,134,1,1,0,0,0,1,0,0,1,29,1,0,0,0,0,4,1,1,2,0,0,0,0,0,0,0,0,0,0,0,0,0,0,0,0,0,gen_array_index_bug_148,ARRAY_LENGTH_INDEX_MISUSE
15,381,0,1.0,0,0,0,0,1,2,2,1,0,2,3,12,137,1,1,0,0,0,1,0,0,1,29,1,0,0,0,0,4,0,1,2,0,0,0,0,0,0,0,0,0,0,0,0,0,0,0,0,0,gen_array_index_fix_148,NO_ISSUE
5,138,0,1.0,0,0,0,0,1,1,0,0,0,0,0,10,48,0,0,0,0,0,0,0,0,0,0,0,0,0,0,0,1,1,1,1,0,0,0,0,0,0,0,0,0,0,0,0,0,0,0,0,0,gen_array_index_bug_149,ARRAY_LENGTH_INDEX_MISUSE
5,142,0,1.0,0,0,0,0,1,1,0,0,0,0,1,11,51,0,0,0,0,0,0,0,0,0,0,0,0,0,0,0,1,0,1,1,0,0,0,0,0,0,0,0,0,0,0,0,0,0,0,0,0,gen_array_index_fix_149,NO_ISSUE
18,420,0,1.0,0,0,0,0,1,3,0,4,0,1,4,9,134,0,0,0,0,0,0,0,0,0,0,2,0,0,0,0,1,1,1,1,0,0,0,0,0,0,0,0,0,0,0,0,0,0,0,0,0,gen_array_index_bug_150,ARRAY_LENGTH_INDEX_MISUSE
18,424,0,1.0,0,0,0,0,1,3,0,4,0,1,5,10,137,0,0,0,0,0,0,0,0,0,0,2,0,0,0,0,1,0,1,1,0,0,0,0,0,0,0,0,0,0,0,0,0,0,0,0,0,gen_array_index_fix_150,NO_ISSUE
20,462,0,1.0,0,0,0,0,1,3,0,3,0,0,2,10,153,0,0,0,0,0,0,0,0,0,0,2,0,0,0,0,1,1,1,1,0,0,0,0,0,0,0,0,0,0,0,0,0,0,0,0,0,gen_array_index_bug_151,ARRAY_LENGTH_INDEX_MISUSE
20,466,0,1.0,0,0,0,0,1,3,0,3,0,0,3,11,156,0,0,0,0,0,0,0,0,0,0,2,0,0,0,0,1,0,1,1,0,0,0,0,0,0,0,0,0,0,0,0,0,0,0,0,0,gen_array_index_fix_151,NO_ISSUE
18,474,0,1.0,0,0,0,0,1,3,2,2,0,1,3,11,164,1,1,0,0,0,1,0,0,1,30,0,0,0,0,0,2,1,1,2,0,0,0,0,0,0,0,0,0,0,0,0,0,0,0,0,0,gen_array_index_bug_152,ARRAY_LENGTH_INDEX_MISUSE
18,478,0,1.0,0,0,0,0,1,3,2,2,0,1,4,11,167,1,1,0,0,0,1,0,0,1,30,0,0,0,0,0,2,0,1,2,0,0,0,0,0,0,0,0,0,0,0,0,0,0,0,0,0,gen_array_index_fix_152,NO_ISSUE
21,469,0,1.0,0,0,0,0,1,3,0,6,0,0,4,9,147,0,0,0,0,0,0,0,0,0,0,3,0,1,0,0,1,1,1,1,0,0,0,0,0,0,0,0,0,0,0,0,0,0,0,0,0,gen_array_index_bug_153,ARRAY_LENGTH_INDEX_MISUSE
21,473,0,1.0,0,0,0,0,1,3,0,6,0,0,5,9,150,0,0,0,0,0,0,0,0,0,0,3,0,1,0,0,1,0,1,1,0,0,0,0,0,0,0,0,0,0,0,0,0,0,0,0,0,gen_array_index_fix_153,NO_ISSUE
13,312,0,1.0,0,0,0,0,1,2,2,1,0,1,1,10,116,1,1,0,0,0,1,0,0,1,13,0,0,0,0,0,2,1,1,2,0,0,0,0,0,0,0,0,0,0,0,0,0,0,0,0,0,gen_array_index_bug_154,ARRAY_LENGTH_INDEX_MISUSE
13,316,0,1.0,0,0,0,0,1,2,2,1,0,1,2,11,119,1,1,0,0,0,1,0,0,1,13,0,0,0,0,0,2,0,1,2,0,0,0,0,0,0,0,0,0,0,0,0,0,0,0,0,0,gen_array_index_fix_154,NO_ISSUE
18,397,0,1.0,0,0,0,0,1,3,0,3,0,0,2,10,128,0,0,0,0,0,0,0,0,0,0,1,0,1,0,0,1,1,1,1,0,0,0,0,0,0,0,0,0,0,0,0,0,0,0,0,0,gen_array_index_bug_155,ARRAY_LENGTH_INDEX_MISUSE
18,401,0,1.0,0,0,0,0,1,3,0,3,0,0,3,10,131,0,0,0,0,0,0,0,0,0,0,1,0,1,0,0,1,0,1,1,0,0,0,0,0,0,0,0,0,0,0,0,0,0,0,0,0,gen_array_index_fix_155,NO_ISSUE
11,271,0,1.0,0,0,0,0,1,2,0,0,0,1,0,10,90,0,0,0,0,0,0,0,0,0,0,0,0,0,0,0,1,1,1,1,0,0,0,0,0,0,0,0,0,0,0,0,0,0,0,0,0,gen_array_index_bug_156,ARRAY_LENGTH_INDEX_MISUSE
11,275,0,1.0,0,0,0,0,1,2,0,0,0,1,1,10,93,0,0,0,0,0,0,0,0,0,0,0,0,0,0,0,1,0,1,1,0,0,0,0,0,0,0,0,0,0,0,0,0,0,0,0,0,gen_array_index_fix_156,NO_ISSUE
5,122,0,1.0,0,0,0,0,1,1,0,1,0,0,0,8,40,0,0,0,0,0,0,0,0,0,0,0,0,0,0,0,1,1,1,1,0,0,0,0,0,0,0,0,0,0,0,0,0,0,0,0,0,gen_array_index_bug_157,ARRAY_LENGTH_INDEX_MISUSE
5,126,0,1.0,0,0,0,0,1,1,0,1,0,0,1,9,43,0,0,0,0,0,0,0,0,0,0,0,0,0,0,0,1,0,1,1,0,0,0,0,0,0,0,0,0,0,0,0,0,0,0,0,0,gen_array_index_fix_157,NO_ISSUE
5,135,0,1.0,0,0,0,0,1,1,0,0,0,1,0,9,46,0,0,0,0,0,0,0,0,0,0,0,0,0,0,0,1,1,1,1,0,0,0,0,0,0,0,0,0,0,0,0,0,0,0,0,0,gen_array_index_bug_158,ARRAY_LENGTH_INDEX_MISUSE
5,139,0,1.0,0,0,0,0,1,1,0,0,0,1,1,10,49,0,0,0,0,0,0,0,0,0,0,0,0,0,0,0,1,0,1,1,0,0,0,0,0,0,0,0,0,0,0,0,0,0,0,0,0,gen_array_index_fix_158,NO_ISSUE
55,1359,0,1.0,0,0,0,0,1,6,8,5,1,5,4,11,433,3,3,0,0,0,3,0,0,3,30,0,0,0,0,0,4,1,1,3,1,3,2,0,0,1,0,12,0,0,0,0,0,1,0,14,0,gen_array_index_bug_159,ARRAY_LENGTH_INDEX_MISUSE
55,1363,0,1.0,0,0,0,0,1,6,8,5,1,5,5,11,436,3,3,0,0,0,3,0,0,3,30,0,0,0,0,0,4,0,1,3,1,3,2,0,0,1,0,12,0,0,0,0,0,1,0,14,0,gen_array_index_fix_159,NO_ISSUE
69,1448,0,1.0,0,0,0,0,1,9,4,10,3,6,11,11,419,0,0,0,0,0,0,0,0,0,0,2,0,2,0,0,1,1,1,1,1,3,2,0,0,1,0,12,0,0,0,0,0,3,0,14,0,gen_array_index_bug_160,ARRAY_LENGTH_INDEX_MISUSE
69,1452,0,1.0,0,0,0,0,1,9,4,10,3,6,12,11,422,0,0,0,0,0,0,0,0,0,0,2,0,2,0,0,1,0,1,1,1,3,2,0,0,1,0,12,0,0,0,0,0,3,0,14,0,gen_array_index_fix_160,NO_ISSUE
48,1123,0,1.0,0,0,0,0,1,6,3,5,0,3,3,11,345,1,1,0,0,0,1,0,0,1,30,1,0,1,0,0,2,1,1,2,1,3,2,0,0,1,0,12,0,0,0,0,0,0,0,0,0,gen_array_index_bug_161,ARRAY_LENGTH_INDEX_MISUSE
48,1127,0,1.0,0,0,0,0,1,6,3,5,0,3,4,11,348,1,1,0,0,0,1,0,0,1,30,1,0,1,0,0,2,0,1,2,1,3,2,0,0,1,0,12,0,0,0,0,0,0,0,0,0,gen_array_index_fix_161,NO_ISSUE
5,138,0,1.0,0,0,0,0,1,1,0,0,0,1,0,9,46,0,0,0,0,0,0,0,0,0,0,0,0,0,0,0,1,1,1,1,0,0,0,0,0,0,0,0,0,0,0,0,0,0,0,0,0,gen_array_index_bug_162,ARRAY_LENGTH_INDEX_MISUSE
5,142,0,1.0,0,0,0,0,1,1,0,0,0,1,1,10,49,0,0,0,0,0,0,0,0,0,0,0,0,0,0,0,1,0,1,1,0,0,0,0,0,0,0,0,0,0,0,0,0,0,0,0,0,gen_array_index_fix_162,NO_ISSUE
45,1015,0,1.0,0,0,0,0,1,5,5,6,0,5,5,12,320,2,2,0,0,0,2,0,0,2,29,2,0,1,0,0,5,1,1,3,1,3,2,0,0,1,0,12,0,0,0,0,0,0,0,0,0,gen_array_index_bug_163,ARRAY_LENGTH_INDEX_MISUSE
45,1019,0,1.0,0,0,0,0,1,5,5,6,0,5,6,12,323,2,2,0,0,0,2,0,0,2,29,2,0,1,0,0,5,0,1,3,1,3,2,0,0,1,0,12,0,0,0,0,0,0,0,0,0,gen_array_index_fix_163,NO_ISSUE
5,135,0,1.0,0,0,0,0,1,1,0,0,0,0,0,10,48,0,0,0,0,0,0,0,0,0,0,0,0,0,0,0,1,1,1,1,0,0,0,0,0,0,0,0,0,0,0,0,0,0,0,0,0,gen_array_index_bug_164,ARRAY_LENGTH_INDEX_MISUSE
5,139,0,1.0,0,0,0,0,1,1,0,0,0,0,1,11,51,0,0,0,0,0,0,0,0,0,0,0,0,0,0,0,1,0,1,1,0,0,0,0,0,0,0,0,0,0,0,0,0,0,0,0,0,gen_array_index_fix_164,NO_ISSUE
5,119,0,1.0,0,0,0,0,1,1,0,1,0,0,0,8,40,0,0,0,0,0,0,0,0,0,0,0,0,0,0,0,1,1,1,1,0,0,0,0,0,0,0,0,0,0,0,0,0,0,0,0,0,gen_array_index_bug_165,ARRAY_LENGTH_INDEX_MISUSE
5,123,0,1.0,0,0,0,0,1,1,0,1,0,0,1,9,43,0,0,0,0,0,0,0,0,0,0,0,0,0,0,0,1,0,1,1,0,0,0,0,0,0,0,0,0,0,0,0,0,0,0,0,0,gen_array_index_fix_165,NO_ISSUE
13,291,0,1.0,0,0,0,0,1,3,0,2,0,1,4,9,96,0,0,0,0,0,0,0,0,0,0,0,0,0,0,0,1,1,1,1,0,0,0,0,0,0,0,0,0,0,0,0,0,0,0,0,0,gen_array_index_bug_166,ARRAY_LENGTH_INDEX_MISUSE
13,295,0,1.0,0,0,0,0,1,3,0,2,0,1,5,10,99,0,0,0,0,0,0,0,0,0,0,0,0,0,0,0,1,0,1,1,0,0,0,0,0,0,0,0,0,0,0,0,0,0,0,0,0,gen_array_index_fix_166,NO_ISSUE
18,401,0,1.0,0,0,0,0,1,3,0,5,0,0,4,9,128,0,0,0,0,0,0,0,0,0,0,2,0,0,0,0,1,1,1,1,0,0,0,0,0,0,0,0,0,0,0,0,0,0,0,0,0,gen_array_index_bug_167,ARRAY_LENGTH_INDEX_MISUSE
18,405,0,1.0,0,0,0,0,1,3,0,5,0,0,5,9,131,0,0,0,0,0,0,0,0,0,0,2,0,0,0,0,1,0,1,1,0,0,0,0,0,0,0,0,0,0,0,0,0,0,0,0,0,gen_array_index_fix_167,NO_ISSUE
21,479,0,1.0,0,0,0,0,1,3,0,5,0,1,4,9,153,0,0,0,0,0,0,0,0,0,0,3,0,1,0,0,1,1,1,1,0,0,0,0,0,0,0,0,0,0,0,0,0,0,0,0,0,gen_array_index_bug_168,ARRAY_LENGTH_INDEX_MISUSE
21,483,0,1.0,0,0,0,0,1,3,0,5,0,1,5,10,156,0,0,0,0,0,0,0,0,0,0,3,0,1,0,0,1,0,1,1,0,0,0,0,0,0,0,0,0,0,0,0,0,0,0,0,0,gen_array_index_fix_168,NO_ISSUE
27,617,0,1.0,0,0,0,0,1,4,0,5,0,0,4,10,199,0,0,0,0,0,0,0,0,0,0,3,0,1,0,0,1,1,1,1,0,0,0,0,0,0,0,0,0,0,0,0,0,0,0,0,0,gen_array_index_bug_169,ARRAY_LENGTH_INDEX_MISUSE
27,621,0,1.0,0,0,0,0,1,4,0,5,0,0,5,11,202,0,0,0,0,0,0,0,0,0,0,3,0,1,0,0,1,0,1,1,0,0,0,0,0,0,0,0,0,0,0,0,0,0,0,0,0,gen_array_index_fix_169,NO_ISSUE
5,135,0,1.0,0,0,0,0,1,1,0,0,0,1,0,9,46,0,0,0,0,0,0,0,0,0,0,0,0,0,0,0,1,1,1,1,0,0,0,0,0,0,0,0,0,0,0,0,0,0,0,0,0,gen_array_index_bug_170,ARRAY_LENGTH_INDEX_MISUSE
5,139,0,1.0,0,0,0,0,1,1,0,0,0,1,1,10,49,0,0,0,0,0,0,0,0,0,0,0,0,0,0,0,1,0,1,1,0,0,0,0,0,0,0,0,0,0,0,0,0,0,0,0,0,gen_array_index_fix_170,NO_ISSUE
42,948,0,1.0,0,0,0,0,1,3,3,3,1,8,1,11,238,0,0,0,0,0,0,0,0,0,0,0,0,0,0,0,0,0,0,0,2,7,4,1,0,2,0,12,0,0,0,0,0,1,0,14,1,gen_missing_break_bug_001,MISSING_BREAK_IN_SWITCH
43,971,0,1.0,0,0,0,0,1,3,3,3,1,8,1,11,241,0,0,0,0,0,0,0,0,0,0,0,0,0,0,0,0,0,0,0,2,7,5,0,0,2,0,12,0,0,0,0,0,1,0,14,0,gen_missing_break_fix_001,NO_ISSUE
21,512,0,1.0,0,0,0,0,1,1,1,1,0,5,0,11,124,0,0,0,0,0,0,0,0,0,0,0,0,0,0,0,0,0,0,0,1,5,3,1,0,1,0,12,0,0,0,0,0,0,0,0,1,gen_missing_break_bug_002,MISSING_BREAK_IN_SWITCH
22,535,0,1.0,0,0,0,0,1,1,1,1,0,5,0,11,127,0,0,0,0,0,0,0,0,0,0,0,0,0,0,0,0,0,0,0,1,5,4,0,0,1,0,12,0,0,0,0,0,0,0,0,0,gen_missing_break_fix_002,NO_ISSUE
22,515,0,1.0,0,0,0,0,1,2,1,2,0,4,2,11,132,0,0,0,0,0,0,0,0,0,0,0,0,0,0,0,0,0,0,0,1,4,2,1,0,1,0,12,0,0,0,0,0,0,0,0,1,gen_missing_break_bug_003,MISSING_BREAK_IN_SWITCH
23,538,0,1.0,0,0,0,0,1,2,1,2,0,4,2,11,135,0,0,0,0,0,0,0,0,0,0,0,0,0,0,0,0,0,0,0,1,4,3,0,0,1,0,12,0,0,0,0,0,0,0,0,0,gen_missing_break_fix_003,NO_ISSUE
22,512,0,1.0,0,0,0,0,1,2,1,2,0,4,2,11,132,0,0,0,0,0,0,0,0,0,0,0,0,0,0,0,0,0,0,0,1,4,2,1,0,1,0,12,0,0,0,0,0,0,0,0,1,gen_missing_break_bug_004,MISSING_BREAK_IN_SWITCH
23,535,0,1.0,0,0,0,0,1,2,1,2,0,4,2,11,135,0,0,0,0,0,0,0,0,0,0,0,0,0,0,0,0,0,0,0,1,4,3,0,0,1,0,12,0,0,0,0,0,0,0,0,0,gen_missing_break_fix_004,NO_ISSUE
24,585,0,1.0,0,0,0,0,1,1,1,1,0,6,0,11,141,0,0,0,0,0,0,0,0,0,0,0,0,0,0,0,0,0,0,0,1,6,4,1,0,1,0,12,0,0,0,0,0,0,0,0,1,gen_missing_break_bug_005,MISSING_BREAK_IN_SWITCH
25,608,0,1.0,0,0,0,0,1,1,1,1,0,6,0,11,144,0,0,0,0,0,0,0,0,0,0,0,0,0,0,0,0,0,0,0,1,6,5,0,0,1,0,12,0,0,0,0,0,0,0,0,0,gen_missing_break_fix_005,NO_ISSUE
21,514,0,1.0,0,0,0,0,1,1,1,1,0,5,0,11,124,0,0,0,0,0,0,0,0,0,0,0,0,0,0,0,0,0,0,0,1,5,3,1,0,1,0,12,0,0,0,0,0,0,0,0,1,gen_missing_break_bug_006,MISSING_BREAK_IN_SWITCH
22,537,0,1.0,0,0,0,0,1,1,1,1,0,5,0,11,127,0,0,0,0,0,0,0,0,0,0,0,0,0,0,0,0,0,0,0,1,5,4,0,0,1,0,12,0,0,0,0,0,0,0,0,0,gen_missing_break_fix_006,NO_ISSUE
18,436,0,1.0,0,0,0,0,1,1,1,1,0,4,0,11,107,0,0,0,0,0,0,0,0,0,0,0,0,0,0,0,0,0,0,0,1,4,2,1,0,1,0,12,0,0,0,0,0,0,0,0,1,gen_missing_break_bug_007,MISSING_BREAK_IN_SWITCH
19,459,0,1.0,0,0,0,0,1,1,1,1,0,4,0,11,110,0,0,0,0,0,0,0,0,0,0,0,0,0,0,0,0,0,0,0,1,4,3,0,0,1,0,12,0,0,0,0,0,0,0,0,0,gen_missing_break_fix_007,NO_ISSUE
58,1382,0,1.0,0,0,0,0,1,6,7,8,0,6,8,12,442,3,3,0,0,0,3,0,0,3,30,3,0,0,0,0,5,0,0,3,1,4,2,1,0,1,0,12,0,0,0,0,0,0,0,0,1,gen_missing_break_bug_008,MISSING_BREAK_IN_SWITCH
59,1405,0,1.0,0,0,0,0,1,6,7,8,0,6,8,12,445,3,3,0,0,0,3,0,0,3,30,3,0,0,0,0,5,0,0,3,1,4,3,0,0,1,0,12,0,0,0,0,0,0,0,0,0,gen_missing_break_fix_008,NO_ISSUE
51,1227,0,1.0,0,0,0,0,1,4,4,6,0,7,3,11,341,1,1,0,0,0,1,0,0,1,30,2,0,0,0,0,1,0,0,1,2,7,4,1,0,2,0,12,0,0,0,0,0,0,0,0,1,gen_missing_break_bug_009,MISSING_BREAK_IN_SWITCH
52,1250,0,1.0,0,0,0,0,1,4,4,6,0,7,3,11,344,1,1,0,0,0,1,0,0,1,30,2,0,0,0,0,1,0,0,1,2,7,5,0,0,2,0,12,0,0,0,0,0,0,0,0,0,gen_missing_break_fix_009,NO_ISSUE
27,632,0,1.0,0,0,0,0,1,2,1,4,0,4,2,11,168,0,0,0,0,0,0,0,0,0,0,2,0,0,0,0,0,0,0,0,1,4,2,1,0,1,0,12,0,0,0,0,0,0,0,0,1,gen_missing_break_bug_010,MISSING_BREAK_IN_SWITCH
28,655,0,1.0,0,0,0,0,1,2,1,4,0,4,2,11,171,0,0,0,0,0,0,0,0,0,0,2,0,0,0,0,0,0,0,0,1,4,3,0,0,1,0,12,0,0,0,0,0,0,0,0,0,gen_missing_break_fix_010,NO_ISSUE
21,508,0,1.0,0,0,0,0,1,1,1,1,0,5,0,11,124,0,0,0,0,0,0,0,0,0,0,0,0,0,0,0,0,0,0,0,1,5,3,1,0,1,0,12,0,0,0,0,0,0,0,0,1,gen_missing_break_bug_011,MISSING_BREAK_IN_SWITCH
22,531,0,1.0,0,0,0,0,1,1,1,1,0,5,0,11,127,0,0,0,0,0,0,0,0,0,0,0,0,0,0,0,0,0,0,0,1,5,4,0,0,1,0,12,0,0,0,0,0,0,0,0,0,gen_missing_break_fix_011,NO_ISSUE
56,1275,0,1.0,0,0,0,0,1,5,1,11,0,6,8,11,353,0,0,0,0,0,0,0,0,0,0,6,0,2,0,0,0,0,0,0,1,6,4,1,0,1,0,12,0,0,0,0,0,0,0,0,1,gen_missing_break_bug_012,MISSING_BREAK_IN_SWITCH
57,1298,0,1.0,0,0,0,0,1,5,1,11,0,6,8,11,356,0,0,0,0,0,0,0,0,0,0,6,0,2,0,0,0,0,0,0,1,6,5,0,0,1,0,12,0,0,0,0,0,0,0,0,0,gen_missing_break_fix_012,NO_ISSUE
30,690,0,1.0,0,0,0,0,1,2,2,2,1,6,1,11,175,0,0,0,0,0,0,0,0,0,0,0,0,0,0,0,0,0,0,0,1,5,3,1,0,1,0,12,0,0,0,0,0,1,0,14,1,gen_missing_break_bug_013,MISSING_BREAK_IN_SWITCH
31,713,0,1.0,0,0,0,0,1,2,2,2,1,6,1,11,178,0,0,0,0,0,0,0,0,0,0,0,0,0,0,0,0,0,0,0,1,5,4,0,0,1,0,12,0,0,0,0,0,1,0,14,0,gen_missing_break_fix_013,NO_ISSUE
24,589,0,1.0,0,0,0,0,1,1,1,1,0,6,0,11,141,0,0,0,0,0,0,0,0,0,0,0,0,0,0,0,0,0,0,0,1,6,4,1,0,1,0,12,0,0,0,0,0,0,0,0,1,gen_missing_break_bug_014,MISSING_BREAK_IN_SWITCH
25,612,0,1.0,0,0,0,0,1,1,1,1,0,6,0,11,144,0,0,0,0,0,0,0,0,0,0,0,0,0,0,0,0,0,0,0,1,6,5,0,0,1,0,12,0,0,0,0,0,0,0,0,0,gen_missing_break_fix_014,NO_ISSUE
90,2161,0,1.0,0,0,0,0,1,9,10,11,0,10,11,12,659,4,4,0,0,0,4,0,0,4,30,3,0,2,0,0,6,0,0,3,2,8,5,1,0,2,0,12,0,0,0,0,0,0,0,0,1,gen_missing_break_bug_015,MISSING_BREAK_IN_SWITCH
91,2184,0,1.0,0,0,0,0,1,9,10,11,0,10,11,12,662,4,4,0,0,0,4,0,0,4,30,3,0,2,0,0,6,0,0,3,2,8,6,0,0,2,0,12,0,0,0,0,0,0,0,0,0,gen_missing_break_fix_015,NO_ISSUE
43,983,0,1.0,0,0,0,0,1,4,1,6,0,5,4,11,273,0,0,0,0,0,0,0,0,0,0,3,0,1,0,0,0,0,0,0,1,5,3,1,0,1,0,12,0,0,0,0,0,0,0,0,1,gen_missing_break_bug_016,MISSING_BREAK_IN_SWITCH
44,1006,0,1.0,0,0,0,0,1,4,1,6,0,5,4,11,276,0,0,0,0,0,0,0,0,0,0,3,0,1,0,0,0,0,0,0,1,5,4,0,0,1,0,12,0,0,0,0,0,0,0,0,0,gen_missing_break_fix_016,NO_ISSUE
24,593,0,1.0,0,0,0,0,1,1,1,1,0,6,0,11,141,0,0,0,0,0,0,0,0,0,0,0,0,0,0,0,0,0,0,0,1,6,4,1,0,1,0,12,0,0,0,0,0,0,0,0,1,gen_missing_break_bug_017,MISSING_BREAK_IN_SWITCH
25,616,0,1.0,0,0,0,0,1,1,1,1,0,6,0,11,144,0,0,0,0,0,0,0,0,0,0,0,0,0,0,0,0,0,0,0,1,6,5,0,0,1,0,12,0,0,0,0,0,0,0,0,0,gen_missing_break_fix_017,NO_ISSUE
18,436,0,1.0,0,0,0,0,1,1,1,1,0,4,0,11,107,0,0,0,0,0,0,0,0,0,0,0,0,0,0,0,0,0,0,0,1,4,2,1,0,1,0,12,0,0,0,0,0,0,0,0,1,gen_missing_break_bug_018,MISSING_BREAK_IN_SWITCH
19,459,0,1.0,0,0,0,0,1,1,1,1,0,4,0,11,110,0,0,0,0,0,0,0,0,0,0,0,0,0,0,0,0,0,0,0,1,4,3,0,0,1,0,12,0,0,0,0,0,0,0,0,0,gen_missing_break_fix_018,NO_ISSUE
41,974,0,1.0,0,0,0,0,1,3,3,4,0,7,4,12,273,1,1,0,0,0,1,0,0,1,29,2,0,1,0,0,3,0,0,1,1,6,4,1,0,1,0,12,0,0,0,0,0,0,0,0,1,gen_missing_break_bug_019,MISSING_BREAK_IN_SWITCH
42,997,0,1.0,0,0,0,0,1,3,3,4,0,7,4,12,276,1,1,0,0,0,1,0,0,1,29,2,0,1,0,0,3,0,0,1,1,6,5,0,0,1,0,12,0,0,0,0,0,0,0,0,0,gen_missing_break_fix_019,NO_ISSUE
21,513,0,1.0,0,0,0,0,1,1,1,1,0,5,0,11,124,0,0,0,0,0,0,0,0,0,0,0,0,0,0,0,0,0,0,0,1,5,3,1,0,1,0,12,0,0,0,0,0,0,0,0,1,gen_missing_break_bug_020,MISSING_BREAK_IN_SWITCH
22,536,0,1.0,0,0,0,0,1,1,1,1,0,5,0,11,127,0,0,0,0,0,0,0,0,0,0,0,0,0,0,0,0,0,0,0,1,5,4,0,0,1,0,12,0,0,0,0,0,0,0,0,0,gen_missing_break_fix_020,NO_ISSUE
41,961,0,1.0,0,0,0,0,1,3,4,3,1,8,2,11,260,1,1,0,0,0,1,0,0,1,13,0,0,0,0,0,1,0,0,1,1,6,4,1,0,1,0,12,0,0,0,0,0,1,0,14,1,gen_missing_break_bug_021,MISSING_BREAK_IN_SWITCH
42,984,0,1.0,0,0,0,0,1,3,4,3,1,8,2,11,263,1,1,0,0,0,1,0,0,1,13,0,0,0,0,0,1,0,0,1,1,6,5,0,0,1,0,12,0,0,0,0,0,1,0,14,0,gen_missing_break_fix_021,NO_ISSUE
24,588,0,1.0,0,0,0,0,1,1,1,1,0,6,0,11,141,0,0,0,0,0,0,0,0,0,0,0,0,0,0,0,0,0,0,0,1,6,4,1,0,1,0,12,0,0,0,0,0,0,0,0,1,gen_missing_break_bug_022,MISSING_BREAK_IN_SWITCH
25,611,0,1.0,0,0,0,0,1,1,1,1,0,6,0,11,144,0,0,0,0,0,0,0,0,0,0,0,0,0,0,0,0,0,0,0,1,6,5,0,0,1,0,12,0,0,0,0,0,0,0,0,0,gen_missing_break_fix_022,NO_ISSUE
30,691,0,1.0,0,0,0,0,1,2,2,2,1,6,1,11,175,0,0,0,0,0,0,0,0,0,0,0,0,0,0,0,0,0,0,0,1,5,3,1,0,1,0,12,0,0,0,0,0,1,0,14,1,gen_missing_break_bug_023,MISSING_BREAK_IN_SWITCH
31,714,0,1.0,0,0,0,0,1,2,2,2,1,6,1,11,178,0,0,0,0,0,0,0,0,0,0,0,0,0,0,0,0,0,0,0,1,5,4,0,0,1,0,12,0,0,0,0,0,1,0,14,0,gen_missing_break_fix_023,NO_ISSUE
21,511,0,1.0,0,0,0,0,1,1,1,1,0,5,0,11,124,0,0,0,0,0,0,0,0,0,0,0,0,0,0,0,0,0,0,0,1,5,3,1,0,1,0,12,0,0,0,0,0,0,0,0,1,gen_missing_break_bug_024,MISSING_BREAK_IN_SWITCH
22,534,0,1.0,0,0,0,0,1,1,1,1,0,5,0,11,127,0,0,0,0,0,0,0,0,0,0,0,0,0,0,0,0,0,0,0,1,5,4,0,0,1,0,12,0,0,0,0,0,0,0,0,0,gen_missing_break_fix_024,NO_ISSUE
24,585,0,1.0,0,0,0,0,1,1,1,1,0,6,0,11,141,0,0,0,0,0,0,0,0,0,0,0,0,0,0,0,0,0,0,0,1,6,4,1,0,1,0,12,0,0,0,0,0,0,0,0,1,gen_missing_break_bug_025,MISSING_BREAK_IN_SWITCH
25,608,0,1.0,0,0,0,0,1,1,1,1,0,6,0,11,144,0,0,0,0,0,0,0,0,0,0,0,0,0,0,0,0,0,0,0,1,6,5,0,0,1,0,12,0,0,0,0,0,0,0,0,0,gen_missing_break_fix_025,NO_ISSUE
22,515,0,1.0,0,0,0,0,1,2,1,2,0,4,2,11,132,0,0,0,0,0,0,0,0,0,0,0,0,0,0,0,0,0,0,0,1,4,2,1,0,1,0,12,0,0,0,0,0,0,0,0,1,gen_missing_break_bug_026,MISSING_BREAK_IN_SWITCH
23,538,0,1.0,0,0,0,0,1,2,1,2,0,4,2,11,135,0,0,0,0,0,0,0,0,0,0,0,0,0,0,0,0,0,0,0,1,4,3,0,0,1,0,12,0,0,0,0,0,0,0,0,0,gen_missing_break_fix_026,NO_ISSUE
39,910,0,1.0,0,0,0,0,1,3,3,4,0,7,3,11,253,1,1,0,0,0,1,0,0,1,13,1,0,1,0,0,1,0,0,1,1,6,4,1,0,1,0,12,0,0,0,0,0,0,0,0,1,gen_missing_break_bug_027,MISSING_BREAK_IN_SWITCH
40,933,0,1.0,0,0,0,0,1,3,3,4,0,7,3,11,256,1,1,0,0,0,1,0,0,1,13,1,0,1,0,0,1,0,0,1,1,6,5,0,0,1,0,12,0,0,0,0,0,0,0,0,0,gen_missing_break_fix_027,NO_ISSUE
21,515,0,1.0,0,0,0,0,1,1,1,1,0,5,0,11,124,0,0,0,0,0,0,0,0,0,0,0,0,0,0,0,0,0,0,0,1,5,3,1,0,1,0,12,0,0,0,0,0,0,0,0,1,gen_missing_break_bug_028,MISSING_BREAK_IN_SWITCH
22,538,0,1.0,0,0,0,0,1,1,1,1,0,5,0,11,127,0,0,0,0,0,0,0,0,0,0,0,0,0,0,0,0,0,0,0,1,5,4,0,0,1,0,12,0,0,0,0,0,0,0,0,0,gen_missing_break_fix_028,NO_ISSUE
21,510,0,1.0,0,0,0,0,1,1,1,1,0,5,0,11,124,0,0,0,0,0,0,0,0,0,0,0,0,0,0,0,0,0,0,0,1,5,3,1,0,1,0,12,0,0,0,0,0,0,0,0,1,gen_missing_break_bug_029,MISSING_BREAK_IN_SWITCH
22,533,0,1.0,0,0,0,0,1,1,1,1,0,5,0,11,127,0,0,0,0,0,0,0,0,0,0,0,0,0,0,0,0,0,0,0,1,5,4,0,0,1,0,12,0,0,0,0,0,0,0,0,0,gen_missing_break_fix_029,NO_ISSUE
21,506,0,1.0,0,0,0,0,1,1,1,1,0,5,0,11,124,0,0,0,0,0,0,0,0,0,0,0,0,0,0,0,0,0,0,0,1,5,3,1,0,1,0,12,0,0,0,0,0,0,0,0,1,gen_missing_break_bug_030,MISSING_BREAK_IN_SWITCH
22,529,0,1.0,0,0,0,0,1,1,1,1,0,5,0,11,127,0,0,0,0,0,0,0,0,0,0,0,0,0,0,0,0,0,0,0,1,5,4,0,0,1,0,12,0,0,0,0,0,0,0,0,0,gen_missing_break_fix_030,NO_ISSUE
33,780,0,1.0,0,0,0,0,1,2,1,4,0,6,2,11,202,0,0,0,0,0,0,0,0,0,0,2,0,0,0,0,0,0,0,0,1,6,4,1,0,1,0,12,0,0,0,0,0,0,0,0,1,gen_missing_break_bug_031,MISSING_BREAK_IN_SWITCH
34,803,0,1.0,0,0,0,0,1,2,1,4,0,6,2,11,205,0,0,0,0,0,0,0,0,0,0,2,0,0,0,0,0,0,0,0,1,6,5,0,0,1,0,12,0,0,0,0,0,0,0,0,0,gen_missing_break_fix_031,NO_ISSUE
36,890,0,1.0,0,0,0,0,1,3,4,3,1,5,2,11,251,1,1,0,0,0,1,0,0,1,30,0,0,0,0,0,1,0,0,1,1,4,2,1,0,1,0,12,0,0,0,0,0,1,0,14,1,gen_missing_break_bug_032,MISSING_BREAK_IN_SWITCH
37,913,0,1.0,0,0,0,0,1,3,4,3,1,5,2,11,254,1,1,0,0,0,1,0,0,1,30,0,0,0,0,0,1,0,0,1,1,4,3,0,0,1,0,12,0,0,0,0,0,1,0,14,0,gen_missing_break_fix_032,NO_ISSUE
39,934,0,1.0,0,0,0,0,1,3,5,3,0,7,3,12,280,2,2,0,0,0,2,0,0,2,29,1,0,0,0,0,4,0,0,2,1,5,3,1,0,1,0,12,0,0,0,0,0,0,0,0,1,gen_missing_break_bug_033,MISSING_BREAK_IN_SWITCH
40,957,0,1.0,0,0,0,0,1,3,5,3,0,7,3,12,283,2,2,0,0,0,2,0,0,2,29,1,0,0,0,0,4,0,0,2,1,5,4,0,0,1,0,12,0,0,0,0,0,0,0,0,0,gen_missing_break_fix_033,NO_ISSUE
24,589,0,1.0,0,0,0,0,1,1,1,1,0,6,0,11,141,0,0,0,0,0,0,0,0,0,0,0,0,0,0,0,0,0,0,0,1,6,4,1,0,1,0,12,0,0,0,0,0,0,0,0,1,gen_missing_break_bug_034,MISSING_BREAK_IN_SWITCH
25,612,0,1.0,0,0,0,0,1,1,1,1,0,6,0,11,144,0,0,0,0,0,0,0,0,0,0,0,0,0,0,0,0,0,0,0,1,6,5,0,0,1,0,12,0,0,0,0,0,0,0,0,0,gen_missing_break_fix_034,NO_ISSUE
75,1763,0,1.0,0,0,0,0,1,8,5,11,0,6,8,11,539,2,2,0,0,0,2,0,0,2,30,5,0,1,0,0,2,0,0,2,1,5,3,1,0,1,0,12,0,0,0,0,0,0,0,0,1,gen_missing_break_bug_035,MISSING_BREAK_IN_SWITCH
76,1786,0,1.0,0,0,0,0,1,8,5,11,0,6,8,11,542,2,2,0,0,0,2,0,0,2,30,5,0,1,0,0,2,0,0,2,1,5,4,0,0,1,0,12,0,0,0,0,0,0,0,0,0,gen_missing_break_fix_035,NO_ISSUE
24,594,0,1.0,0,0,0,0,1,1,1,1,0,6,0,11,141,0,0,0,0,0,0,0,0,0,0,0,0,0,0,0,0,0,0,0,1,6,4,1,0,1,0,12,0,0,0,0,0,0,0,0,1,gen_missing_break_bug_036,MISSING_BREAK_IN_SWITCH
25,617,0,1.0,0,0,0,0,1,1,1,1,0,6,0,11,144,0,0,0,0,0,0,0,0,0,0,0,0,0,0,0,0,0,0,0,1,6,5,0,0,1,0,12,0,0,0,0,0,0,0,0,0,gen_missing_break_fix_036,NO_ISSUE
64,1429,0,1.0,0,0,0,0,1,6,3,7,1,9,5,11,385,0,0,0,0,0,0,0,0,0,0,2,0,0,0,0,0,0,0,0,2,8,5,1,0,2,0,12,0,0,0,0,0,1,0,14,1,gen_missing_break_bug_037,MISSING_BREAK_IN_SWITCH
65,1452,0,1.0,0,0,0,0,1,6,3,7,1,9,5,11,388,0,0,0,0,0,0,0,0,0,0,2,0,0,0,0,0,0,0,0,2,8,6,0,0,2,0,12,0,0,0,0,0,1,0,14,0,gen_missing_break_fix_037,NO_ISSUE
54,1277,0,1.0,0,0,0,0,1,6,3,9,0,5,9,11,372,1,1,0,0,0,1,0,0,1,30,3,0,1,0,0,1,0,0,1,1,5,3,1,0,1,0,12,0,0,0,0,0,0,0,0,1,gen_missing_break_bug_038,MISSING_BREAK_IN_SWITCH
55,1300,0,1.0,0,0,0,0,1,6,3,9,0,5,9,11,375,1,1,0,0,0,1,0,0,1,30,3,0,1,0,0,1,0,0,1,1,5,4,0,0,1,0,12,0,0,0,0,0,0,0,0,0,gen_missing_break_fix_038,NO_ISSUE
24,590,0,1.0,0,0,0,0,1,1,1,1,0,6,0,11,141,0,0,0,0,0,0,0,0,0,0,0,0,0,0,0,0,0,0,0,1,6,4,1,0,1,0,12,0,0,0,0,0,0,0,0,1,gen_missing_break_bug_039,MISSING_BREAK_IN_SWITCH
25,613,0,1.0,0,0,0,0,1,1,1,1,0,6,0,11,144,0,0,0,0,0,0,0,0,0,0,0,0,0,0,0,0,0,0,0,1,6,5,0,0,1,0,12,0,0,0,0,0,0,0,0,0,gen_missing_break_fix_039,NO_ISSUE
21,507,0,1.0,0,0,0,0,1,1,1,1,0,5,0,11,124,0,0,0,0,0,0,0,0,0,0,0,0,0,0,0,0,0,0,0,1,5,3,1,0,1,0,12,0,0,0,0,0,0,0,0,1,gen_missing_break_bug_040,MISSING_BREAK_IN_SWITCH
22,530,0,1.0,0,0,0,0,1,1,1,1,0,5,0,11,127,0,0,0,0,0,0,0,0,0,0,0,0,0,0,0,0,0,0,0,1,5,4,0,0,1,0,12,0,0,0,0,0,0,0,0,0,gen_missing_break_fix_040,NO_ISSUE
35,873,0,1.0,0,0,0,0,1,3,5,3,0,5,2,11,268,2,2,0,0,0,2,0,0,2,30,0,0,0,0,0,2,0,0,2,1,4,2,1,0,1,0,12,0,0,0,0,0,0,0,0,1,gen_missing_break_bug_041,MISSING_BREAK_IN_SWITCH
36,896,0,1.0,0,0,0,0,1,3,5,3,0,5,2,11,271,2,2,0,0,0,2,0,0,2,30,0,0,0,0,0,2,0,0,2,1,4,3,0,0,1,0,12,0,0,0,0,0,0,0,0,0,gen_missing_break_fix_041,NO_ISSUE
36,905,0,1.0,0,0,0,0,1,3,3,5,0,4,3,11,263,1,1,0,0,0,1,0,0,1,30,2,0,0,0,0,1,0,0,1,1,4,2,1,0,1,0,12,0,0,0,0,0,0,0,0,1,gen_missing_break_bug_042,MISSING_BREAK_IN_SWITCH
37,928,0,1.0,0,0,0,0,1,3,3,5,0,4,3,11,266,1,1,0,0,0,1,0,0,1,30,2,0,0,0,0,1,0,0,1,1,4,3,0,0,1,0,12,0,0,0,0,0,0,0,0,0,gen_missing_break_fix_042,NO_ISSUE
21,514,0,1.0,0,0,0,0,1,1,1,1,0,5,0,11,124,0,0,0,0,0,0,0,0,0,0,0,0,0,0,0,0,0,0,0,1,5,3,1,0,1,0,12,0,0,0,0,0,0,0,0,1,gen_missing_break_bug_043,MISSING_BREAK_IN_SWITCH
22,537,0,1.0,0,0,0,0,1,1,1,1,0,5,0,11,127,0,0,0,0,0,0,0,0,0,0,0,0,0,0,0,0,0,0,0,1,5,4,0,0,1,0,12,0,0,0,0,0,0,0,0,0,gen_missing_break_fix_043,NO_ISSUE
42,984,0,1.0,0,0,0,0,1,3,1,7,0,6,4,11,265,0,0,0,0,0,0,0,0,0,0,4,0,0,0,0,0,0,0,0,1,6,4,1,0,1,0,12,0,0,0,0,0,0,0,0,1,gen_missing_break_bug_044,MISSING_BREAK_IN_SWITCH
43,1007,0,1.0,0,0,0,0,1,3,1,7,0,6,4,11,268,0,0,0,0,0,0,0,0,0,0,4,0,0,0,0,0,0,0,0,1,6,5,0,0,1,0,12,0,0,0,0,0,0,0,0,0,gen_missing_break_fix_044,NO_ISSUE
39,909,0,1.0,0,0,0,0,1,3,3,4,0,7,3,11,253,1,1,0,0,0,1,0,0,1,13,1,0,1,0,0,1,0,0,1,1,6,4,1,0,1,0,12,0,0,0,0,0,0,0,0,1,gen_missing_break_bug_045,MISSING_BREAK_IN_SWITCH
40,932,0,1.0,0,0,0,0,1,3,3,4,0,7,3,11,256,1,1,0,0,0,1,0,0,1,13,1,0,1,0,0,1,0,0,1,1,6,5,0,0,1,0,12,0,0,0,0,0,0,0,0,0,gen_missing_break_fix_045,NO_ISSUE
31,757,0,1.0,0,0,0,0,1,2,3,2,0,6,2,12,212,1,1,0,0,0,1,0,0,1,29,1,0,0,0,0,3,0,0,1,1,5,3,1,0,1,0,12,0,0,0,0,0,0,0,0,1,gen_missing_break_bug_046,MISSING_BREAK_IN_SWITCH
32,780,0,1.0,0,0,0,0,1,2,3,2,0,6,2,12,215,1,1,0,0,0,1,0,0,1,29,1,0,0,0,0,3,0,0,1,1,5,4,0,0,1,0,12,0,0,0,0,0,0,0,0,0,gen_missing_break_fix_046,NO_ISSUE
47,1165,0,1.0,0,0,0,0,1,4,5,6,0,6,4,11,348,2,2,0,0,0,2,0,0,2,30,2,0,0,0,0,2,0,0,2,1,5,3,1,0,1,0,12,0,0,0,0,0,0,0,0,1,gen_missing_break_bug_047,MISSING_BREAK_IN_SWITCH
48,1188,0,1.0,0,0,0,0,1,4,5,6,0,6,4,11,351,2,2,0,0,0,2,0,0,2,30,2,0,0,0,0,2,0,0,2,1,5,4,0,0,1,0,12,0,0,0,0,0,0,0,0,0,gen_missing_break_fix_047,NO_ISSUE
24,594,0,1.0,0,0,0,0,1,1,1,1,0,6,0,11,141,0,0,0,0,0,0,0,0,0,0,0,0,0,0,0,0,0,0,0,1,6,4,1,0,1,0,12,0,0,0,0,0,0,0,0,1,gen_missing_break_bug_048,MISSING_BREAK_IN_SWITCH
25,617,0,1.0,0,0,0,0,1,1,1,1,0,6,0,11,144,0,0,0,0,0,0,0,0,0,0,0,0,0,0,0,0,0,0,0,1,6,5,0,0,1,0,12,0,0,0,0,0,0,0,0,0,gen_missing_break_fix_048,NO_ISSUE
42,955,0,1.0,0,0,0,0,1,3,3,3,1,8,1,11,238,0,0,0,0,0,0,0,0,0,0,0,0,0,0,0,0,0,0,0,2,7,4,1,0,2,0,12,0,0,0,0,0,1,0,14,1,gen_missing_break_bug_049,MISSING_BREAK_IN_SWITCH
43,978,0,1.0,0,0,0,0,1,3,3,3,1,8,1,11,241,0,0,0,0,0,0,0,0,0,0,0,0,0,0,0,0,0,0,0,2,7,5,0,0,2,0,12,0,0,0,0,0,1,0,14,0,gen_missing_break_fix_049,NO_ISSUE
30,693,0,1.0,0,0,0,0,1,2,2,2,1,6,1,11,175,0,0,0,0,0,0,0,0,0,0,0,0,0,0,0,0,0,0,0,1,5,3,1,0,1,0,12,0,0,0,0,0,1,0,14,1,gen_missing_break_bug_050,MISSING_BREAK_IN_SWITCH
31,716,0,1.0,0,0,0,0,1,2,2,2,1,6,1,11,178,0,0,0,0,0,0,0,0,0,0,0,0,0,0,0,0,0,0,0,1,5,4,0,0,1,0,12,0,0,0,0,0,1,0,14,0,gen_missing_break_fix_050,NO_ISSUE
24,586,0,1.0,0,0,0,0,1,1,1,1,0,6,0,11,141,0,0,0,0,0,0,0,0,0,0,0,0,0,0,0,0,0,0,0,1,6,4,1,0,1,0,12,0,0,0,0,0,0,0,0,1,gen_missing_break_bug_051,MISSING_BREAK_IN_SWITCH
25,609,0,1.0,0,0,0,0,1,1,1,1,0,6,0,11,144,0,0,0,0,0,0,0,0,0,0,0,0,0,0,0,0,0,0,0,1,6,5,0,0,1,0,12,0,0,0,0,0,0,0,0,0,gen_missing_break_fix_051,NO_ISSUE
24,588,0,1.0,0,0,0,0,1,1,1,1,0,6,0,11,141,0,0,0,0,0,0,0,0,0,0,0,0,0,0,0,0,0,0,0,1,6,4,1,0,1,0,12,0,0,0,0,0,0,0,0,1,gen_missing_break_bug_052,MISSING_BREAK_IN_SWITCH
25,611,0,1.0,0,0,0,0,1,1,1,1,0,6,0,11,144,0,0,0,0,0,0,0,0,0,0,0,0,0,0,0,0,0,0,0,1,6,5,0,0,1,0,12,0,0,0,0,0,0,0,0,0,gen_missing_break_fix_052,NO_ISSUE
24,591,0,1.0,0,0,0,0,1,1,1,1,0,6,0,11,141,0,0,0,0,0,0,0,0,0,0,0,0,0,0,0,0,0,0,0,1,6,4,1,0,1,0,12,0,0,0,0,0,0,0,0,1,gen_missing_break_bug_053,MISSING_BREAK_IN_SWITCH
25,614,0,1.0,0,0,0,0,1,1,1,1,0,6,0,11,144,0,0,0,0,0,0,0,0,0,0,0,0,0,0,0,0,0,0,0,1,6,5,0,0,1,0,12,0,0,0,0,0,0,0,0,0,gen_missing_break_fix_053,NO_ISSUE
51,1148,0,1.0,0,0,0,0,1,4,3,6,1,8,3,11,299,0,0,0,0,0,0,0,0,0,0,2,0,0,0,0,0,0,0,0,2,7,4,1,0,2,0,12,0,0,0,0,0,1,0,14,1,gen_missing_break_bug_054,MISSING_BREAK_IN_SWITCH
52,1171,0,1.0,0,0,0,0,1,4,3,6,1,8,3,11,302,0,0,0,0,0,0,0,0,0,0,2,0,0,0,0,0,0,0,0,2,7,5,0,0,2,0,12,0,0,0,0,0,1,0,14,0,gen_missing_break_fix_054,NO_ISSUE
24,587,0,1.0,0,0,0,0,1,1,1,1,0,6,0,11,141,0,0,0,0,0,0,0,0,0,0,0,0,0,0,0,0,0,0,0,1,6,4,1,0,1,0,12,0,0,0,0,0,0,0,0,1,gen_missing_break_bug_055,MISSING_BREAK_IN_SWITCH
25,610,0,1.0,0,0,0,0,1,1,1,1,0,6,0,11,144,0,0,0,0,0,0,0,0,0,0,0,0,0,0,0,0,0,0,0,1,6,5,0,0,1,0,12,0,0,0,0,0,0,0,0,0,gen_missing_break_fix_055,NO_ISSUE
24,586,0,1.0,0,0,0,0,1,1,1,1,0,6,0,11,141,0,0,0,0,0,0,0,0,0,0,0,0,0,0,0,0,0,0,0,1,6,4,1,0,1,0,12,0,0,0,0,0,0,0,0,1,gen_missing_break_bug_056,MISSING_BREAK_IN_SWITCH
25,609,0,1.0,0,0,0,0,1,1,1,1,0,6,0,11,144,0,0,0,0,0,0,0,0,0,0,0,0,0,0,0,0,0,0,0,1,6,5,0,0,1,0,12,0,0,0,0,0,0,0,0,0,gen_missing_break_fix_056,NO_ISSUE
21,512,0,1.0,0,0,0,0,1,1,1,1,0,5,0,11,124,0,0,0,0,0,0,0,0,0,0,0,0,0,0,0,0,0,0,0,1,5,3,1,0,1,0,12,0,0,0,0,0,0,0,0,1,gen_missing_break_bug_057,MISSING_BREAK_IN_SWITCH
22,535,0,1.0,0,0,0,0,1,1,1,1,0,5,0,11,127,0,0,0,0,0,0,0,0,0,0,0,0,0,0,0,0,0,0,0,1,5,4,0,0,1,0,12,0,0,0,0,0,0,0,0,0,gen_missing_break_fix_057,NO_ISSUE
27,626,0,1.0,0,0,0,0,1,2,1,4,0,4,2,11,168,0,0,0,0,0,0,0,0,0,0,2,0,0,0,0,0,0,0,0,1,4,2,1,0,1,0,12,0,0,0,0,0,0,0,0,1,gen_missing_break_bug_058,MISSING_BREAK_IN_SWITCH
28,649,0,1.0,0,0,0,0,1,2,1,4,0,4,2,11,171,0,0,0,0,0,0,0,0,0,0,2,0,0,0,0,0,0,0,0,1,4,3,0,0,1,0,12,0,0,0,0,0,0,0,0,0,gen_missing_break_fix_058,NO_ISSUE
37,940,0,1.0,0,0,0,0,1,3,5,3,0,5,3,12,288,2,2,0,0,0,2,0,0,2,30,1,0,0,0,0,4,0,0,2,1,4,2,1,0,1,0,12,0,0,0,0,0,0,0,0,1,gen_missing_break_bug_059,MISSING_BREAK_IN_SWITCH
38,963,0,1.0,0,0,0,0,1,3,5,3,0,5,3,12,291,2,2,0,0,0,2,0,0,2,30,1,0,0,0,0,4,0,0,2,1,4,3,0,0,1,0,12,0,0,0,0,0,0,0,0,0,gen_missing_break_fix_059,NO_ISSUE
24,591,0,1.0,0,0,0,0,1,1,1,1,0,6,0,11,141,0,0,0,0,0,0,0,0,0,0,0,0,0,0,0,0,0,0,0,1,6,4,1,0,1,0,12,0,0,0,0,0,0,0,0,1,gen_missing_break_bug_060,MISSING_BREAK_IN_SWITCH
25,614,0,1.0,0,0,0,0,1,1,1,1,0,6,0,11,144,0,0,0,0,0,0,0,0,0,0,0,0,0,0,0,0,0,0,0,1,6,5,0,0,1,0,12,0,0,0,0,0,0,0,0,0,gen_missing_break_fix_060,NO_ISSUE
24,566,0,1.0,0,0,0,0,1,2,1,1,0,4,0,11,151,0,0,0,0,0,0,0,0,0,0,0,0,0,0,0,0,0,0,0,1,4,2,1,0,1,0,12,0,0,0,0,0,0,0,0,1,gen_missing_break_bug_061,MISSING_BREAK_IN_SWITCH
25,589,0,1.0,0,0,0,0,1,2,1,1,0,4,0,11,154,0,0,0,0,0,0,0,0,0,0,0,0,0,0,0,0,0,0,0,1,4,3,0,0,1,0,12,0,0,0,0,0,0,0,0,0,gen_missing_break_fix_061,NO_ISSUE
34,762,0,1.0,0,0,0,0,1,3,2,4,1,5,3,11,202,0,0,0,0,0,0,0,0,0,0,1,0,1,0,0,0,0,0,0,1,4,2,1,0,1,0,12,0,0,0,0,0,1,0,14,1,gen_missing_break_bug_062,MISSING_BREAK_IN_SWITCH
35,785,0,1.0,0,0,0,0,1,3,2,4,1,5,3,11,205,0,0,0,0,0,0,0,0,0,0,1,0,1,0,0,0,0,0,0,1,4,3,0,0,1,0,12,0,0,0,0,0,1,0,14,0,gen_missing_break_fix_062,NO_ISSUE
26,618,0,1.0,0,0,0,0,1,2,3,2,0,5,1,11,175,1,1,0,0,0,1,0,0,1,13,0,0,0,0,0,1,0,0,1,1,4,2,1,0,1,0,12,0,0,0,0,0,0,0,0,1,gen_missing_break_bug_063,MISSING_BREAK_IN_SWITCH
27,641,0,1.0,0,0,0,0,1,2,3,2,0,5,1,11,178,1,1,0,0,0,1,0,0,1,13,0,0,0,0,0,1,0,0,1,1,4,3,0,0,1,0,12,0,0,0,0,0,0,0,0,0,gen_missing_break_fix_063,NO_ISSUE
66,1489,0,1.0,0,0,0,0,1,6,4,10,0,8,8,12,424,1,1,0,0,0,1,0,0,1,29,5,0,2,0,0,3,0,0,1,2,7,4,1,0,2,0,12,0,0,0,0,0,0,0,0,1,gen_missing_break_bug_064,MISSING_BREAK_IN_SWITCH
67,1512,0,1.0,0,0,0,0,1,6,4,10,0,8,8,12,427,1,1,0,0,0,1,0,0,1,29,5,0,2,0,0,3,0,0,1,2,7,5,0,0,2,0,12,0,0,0,0,0,0,0,0,0,gen_missing_break_fix_064,NO_ISSUE
40,914,0,1.0,0,0,0,0,1,3,2,3,0,8,2,11,229,0,0,0,0,0,0,0,0,0,0,0,0,0,0,0,0,0,0,0,2,8,5,1,0,2,0,12,0,0,0,0,0,0,0,0,1,gen_missing_break_bug_065,MISSING_BREAK_IN_SWITCH
41,937,0,1.0,0,0,0,0,1,3,2,3,0,8,2,11,232,0,0,0,0,0,0,0,0,0,0,0,0,0,0,0,0,0,0,0,2,8,6,0,0,2,0,12,0,0,0,0,0,0,0,0,0,gen_missing_break_fix_065,NO_ISSUE
44,1052,0,1.0,0,0,0,0,1,4,5,3,0,6,4,12,327,2,2,0,0,0,2,0,0,2,29,2,0,0,0,0,6,0,0,2,1,4,2,1,0,1,0,12,0,0,0,0,0,0,0,0,1,gen_missing_break_bug_066,MISSING_BREAK_IN_SWITCH
45,1075,0,1.0,0,0,0,0,1,4,5,3,0,6,4,12,330,2,2,0,0,0,2,0,0,2,29,2,0,0,0,0,6,0,0,2,1,4,3,0,0,1,0,12,0,0,0,0,0,0,0,0,0,gen_missing_break_fix_066,NO_ISSUE
42,963,0,1.0,0,0,0,0,1,5,3,3,0,5,3,11,288,1,1,0,0,0,1,0,0,1,13,0,0,0,0,0,1,0,0,1,1,4,2,1,0,1,0,12,0,0,0,0,0,0,0,0,1,gen_missing_break_bug_067,MISSING_BREAK_IN_SWITCH
43,986,0,1.0,0,0,0,0,1,5,3,3,0,5,3,11,291,1,1,0,0,0,1,0,0,1,13,0,0,0,0,0,1,0,0,1,1,4,3,0,0,1,0,12,0,0,0,0,0,0,0,0,0,gen_missing_break_fix_067,NO_ISSUE
24,588,0,1.0,0,0,0,0,1,1,1,1,0,6,0,11,141,0,0,0,0,0,0,0,0,0,0,0,0,0,0,0,0,0,0,0,1,6,4,1,0,1,0,12,0,0,0,0,0,0,0,0,1,gen_missing_break_bug_068,MISSING_BREAK_IN_SWITCH
25,611,0,1.0,0,0,0,0,1,1,1,1,0,6,0,11,144,0,0,0,0,0,0,0,0,0,0,0,0,0,0,0,0,0,0,0,1,6,5,0,0,1,0,12,0,0,0,0,0,0,0,0,0,gen_missing_break_fix_068,NO_ISSUE
18,439,0,1.0,0,0,0,0,1,1,1,1,0,4,0,11,107,0,0,0,0,0,0,0,0,0,0,0,0,0,0,0,0,0,0,0,1,4,2,1,0,1,0,12,0,0,0,0,0,0,0,0,1,gen_missing_break_bug_069,MISSING_BREAK_IN_SWITCH
19,462,0,1.0,0,0,0,0,1,1,1,1,0,4,0,11,110,0,0,0,0,0,0,0,0,0,0,0,0,0,0,0,0,0,0,0,1,4,3,0,0,1,0,12,0,0,0,0,0,0,0,0,0,gen_missing_break_fix_069,NO_ISSUE
87,2159,0,1.0,0,0,0,0,1,9,10,13,1,7,11,11,671,4,4,0,0,0,4,0,0,4,30,4,0,0,0,0,4,0,0,2,1,5,3,1,0,1,0,12,0,0,0,0,0,1,0,14,1,gen_missing_break_bug_070,MISSING_BREAK_IN_SWITCH
88,2182,0,1.0,0,0,0,0,1,9,10,13,1,7,11,11,674,4,4,0,0,0,4,0,0,4,30,4,0,0,0,0,4,0,0,2,1,5,4,0,0,1,0,12,0,0,0,0,0,1,0,14,0,gen_missing_break_fix_070,NO_ISSUE
30,780,0,1.0,0,0,0,0,1,2,3,2,0,5,1,11,217,1,1,0,0,0,1,0,0,1,30,0,0,0,0,0,1,0,0,1,1,5,3,1,0,1,0,12,0,0,0,0,0,0,0,0,1,gen_missing_break_bug_071,MISSING_BREAK_IN_SWITCH
31,803,0,1.0,0,0,0,0,1,2,3,2,0,5,1,11,220,1,1,0,0,0,1,0,0,1,30,0,0,0,0,0,1,0,0,1,1,5,4,0,0,1,0,12,0,0,0,0,0,0,0,0,0,gen_missing_break_fix_071,NO_ISSUE
65,1513,0,1.0,0,0,0,0,1,7,5,12,0,5,10,11,461,2,2,0,0,0,2,0,0,2,30,5,0,3,0,0,2,0,0,2,1,4,2,1,0,1,0,12,0,0,0,0,0,0,0,0,1,gen_missing_break_bug_072,MISSING_BREAK_IN_SWITCH
66,1536,0,1.0,0,0,0,0,1,7,5,12,0,5,10,11,464,2,2,0,0,0,2,0,0,2,30,5,0,3,0,0,2,0,0,2,1,4,3,0,0,1,0,12,0,0,0,0,0,0,0,0,0,gen_missing_break_fix_072,NO_ISSUE
47,1121,0,1.0,0,0,0,0,1,5,3,8,0,4,7,11,330,1,1,0,0,0,1,0,0,1,30,3,0,1,0,0,1,0,0,1,1,4,2,1,0,1,0,12,0,0,0,0,0,0,0,0,1,gen_missing_break_bug_073,MISSING_BREAK_IN_SWITCH
48,1144,0,1.0,0,0,0,0,1,5,3,8,0,4,7,11,333,1,1,0,0,0,1,0,0,1,30,3,0,1,0,0,1,0,0,1,1,4,3,0,0,1,0,12,0,0,0,0,0,0,0,0,0,gen_missing_break_fix_073,NO_ISSUE
31,750,0,1.0,0,0,0,0,1,2,3,2,0,6,2,12,212,1,1,0,0,0,1,0,0,1,29,1,0,0,0,0,3,0,0,1,1,5,3,1,0,1,0,12,0,0,0,0,0,0,0,0,1,gen_missing_break_bug_074,MISSING_BREAK_IN_SWITCH
32,773,0,1.0,0,0,0,0,1,2,3,2,0,6,2,12,215,1,1,0,0,0,1,0,0,1,29,1,0,0,0,0,3,0,0,1,1,5,4,0,0,1,0,12,0,0,0,0,0,0,0,0,0,gen_missing_break_fix_074,NO_ISSUE
33,759,0,1.0,0,0,0,0,1,3,3,4,0,5,3,11,219,1,1,0,0,0,1,0,0,1,13,1,0,1,0,0,1,0,0,1,1,4,2,1,0,1,0,12,0,0,0,0,0,0,0,0,1,gen_missing_break_bug_075,MISSING_BREAK_IN_SWITCH
34,782,0,1.0,0,0,0,0,1,3,3,4,0,5,3,11,222,1,1,0,0,0,1,0,0,1,13,1,0,1,0,0,1,0,0,1,1,4,3,0,0,1,0,12,0,0,0,0,0,0,0,0,0,gen_missing_break_fix_075,NO_ISSUE
21,516,0,1.0,0,0,0,0,1,1,1,1,0,5,0,11,124,0,0,0,0,0,0,0,0,0,0,0,0,0,0,0,0,0,0,0,1,5,3,1,0,1,0,12,0,0,0,0,0,0,0,0,1,gen_missing_break_bug_076,MISSING_BREAK_IN_SWITCH
22,539,0,1.0,0,0,0,0,1,1,1,1,0,5,0,11,127,0,0,0,0,0,0,0,0,0,0,0,0,0,0,0,0,0,0,0,1,5,4,0,0,1,0,12,0,0,0,0,0,0,0,0,0,gen_missing_break_fix_076,NO_ISSUE
18,439,0,1.0,0,0,0,0,1,1,1,1,0,4,0,11,107,0,0,0,0,0,0,0,0,0,0,0,0,0,0,0,0,0,0,0,1,4,2,1,0,1,0,12,0,0,0,0,0,0,0,0,1,gen_missing_break_bug_077,MISSING_BREAK_IN_SWITCH
19,462,0,1.0,0,0,0,0,1,1,1,1,0,4,0,11,110,0,0,0,0,0,0,0,0,0,0,0,0,0,0,0,0,0,0,0,1,4,3,0,0,1,0,12,0,0,0,0,0,0,0,0,0,gen_missing_break_fix_077,NO_ISSUE
36,968,0,1.0,0,0,0,0,1,3,5,3,0,4,2,11,293,2,2,0,0,0,2,0,0,2,30,0,0,0,0,0,2,0,0,1,1,4,2,1,0,1,0,12,0,0,0,0,0,0,0,0,1,gen_missing_break_bug_078,MISSING_BREAK_IN_SWITCH
37,991,0,1.0,0,0,0,0,1,3,5,3,0,4,2,11,296,2,2,0,0,0,2,0,0,2,30,0,0,0,0,0,2,0,0,1,1,4,3,0,0,1,0,12,0,0,0,0,0,0,0,0,0,gen_missing_break_fix_078,NO_ISSUE
29,699,0,1.0,0,0,0,0,1,2,3,2,0,6,1,11,192,1,1,0,0,0,1,0,0,1,13,0,0,0,0,0,1,0,0,1,1,5,3,1,0,1,0,12,0,0,0,0,0,0,0,0,1,gen_missing_break_bug_079,MISSING_BREAK_IN_SWITCH
30,722,0,1.0,0,0,0,0,1,2,3,2,0,6,1,11,195,1,1,0,0,0,1,0,0,1,13,0,0,0,0,0,1,0,0,1,1,5,4,0,0,1,0,12,0,0,0,0,0,0,0,0,0,gen_missing_break_fix_079,NO_ISSUE
21,510,0,1.0,0,0,0,0,1,1,1,1,0,5,0,11,124,0,0,0,0,0,0,0,0,0,0,0,0,0,0,0,0,0,0,0,1,5,3,1,0,1,0,12,0,0,0,0,0,0,0,0,1,gen_missing_break_bug_080,MISSING_BREAK_IN_SWITCH
22,533,0,1.0,0,0,0,0,1,1,1,1,0,5,0,11,127,0,0,0,0,0,0,0,0,0,0,0,0,0,0,0,0,0,0,0,1,5,4,0,0,1,0,12,0,0,0,0,0,0,0,0,0,gen_missing_break_fix_080,NO_ISSUE
48,1143,0,1.0,0,0,0,0,1,4,5,6,0,7,5,12,343,2,2,0,0,0,2,0,0,2,29,3,0,0,0,0,4,0,0,1,1,5,3,1,0,1,0,12,0,0,0,0,0,0,0,0,1,gen_missing_break_bug_081,MISSING_BREAK_IN_SWITCH
49,1166,0,1.0,0,0,0,0,1,4,5,6,0,7,5,12,346,2,2,0,0,0,2,0,0,2,29,3,0,0,0,0,4,0,0,1,1,5,4,0,0,1,0,12,0,0,0,0,0,0,0,0,0,gen_missing_break_fix_081,NO_ISSUE
39,898,0,1.0,0,0,0,0,1,3,2,2,0,7,0,11,231,0,0,0,0,0,0,0,0,0,0,0,0,0,0,0,0,0,0,0,2,7,4,1,0,2,0,12,0,0,0,0,0,0,0,0,1,gen_missing_break_bug_082,MISSING_BREAK_IN_SWITCH
40,921,0,1.0,0,0,0,0,1,3,2,2,0,7,0,11,234,0,0,0,0,0,0,0,0,0,0,0,0,0,0,0,0,0,0,0,2,7,5,0,0,2,0,12,0,0,0,0,0,0,0,0,0,gen_missing_break_fix_082,NO_ISSUE
43,960,0,1.0,0,0,0,0,1,4,2,6,1,6,5,11,261,0,0,0,0,0,0,0,0,0,0,2,0,0,0,0,0,0,0,0,1,5,3,1,0,1,0,12,0,0,0,0,0,1,0,14,1,gen_missing_break_bug_083,MISSING_BREAK_IN_SWITCH
44,983,0,1.0,0,0,0,0,1,4,2,6,1,6,5,11,264,0,0,0,0,0,0,0,0,0,0,2,0,0,0,0,0,0,0,0,1,5,4,0,0,1,0,12,0,0,0,0,0,1,0,14,0,gen_missing_break_fix_083,NO_ISSUE
38,873,0,1.0,0,0,0,0,1,3,4,3,1,7,2,11,243,1,1,0,0,0,1,0,0,1,13,0,0,0,0,0,1,0,0,1,1,5,3,1,0,1,0,12,0,0,0,0,0,1,0,14,1,gen_missing_break_bug_084,MISSING_BREAK_IN_SWITCH
39,896,0,1.0,0,0,0,0,1,3,4,3,1,7,2,11,246,1,1,0,0,0,1,0,0,1,13,0,0,0,0,0,1,0,0,1,1,5,4,0,0,1,0,12,0,0,0,0,0,1,0,14,0,gen_missing_break_fix_084,NO_ISSUE
50,1150,0,1.0,0,0,0,0,1,4,4,5,0,8,4,12,319,1,1,0,0,0,1,0,0,1,29,2,0,1,0,0,3,0,0,1,2,7,4,1,0,2,0,12,0,0,0,0,0,0,0,0,1,gen_missing_break_bug_085,MISSING_BREAK_IN_SWITCH
51,1173,0,1.0,0,0,0,0,1,4,4,5,0,8,4,12,322,1,1,0,0,0,1,0,0,1,29,2,0,1,0,0,3,0,0,1,2,7,5,0,0,2,0,12,0,0,0,0,0,0,0,0,0,gen_missing_break_fix_085,NO_ISSUE
36,845,0,1.0,0,0,0,0,1,2,2,2,0,8,0,11,204,0,0,0,0,0,0,0,0,0,0,0,0,0,0,0,0,0,0,0,2,8,5,1,0,2,0,12,0,0,0,0,0,0,0,0,1,gen_missing_break_bug_086,MISSING_BREAK_IN_SWITCH
37,868,0,1.0,0,0,0,0,1,2,2,2,0,8,0,11,207,0,0,0,0,0,0,0,0,0,0,0,0,0,0,0,0,0,0,0,2,8,6,0,0,2,0,12,0,0,0,0,0,0,0,0,0,gen_missing_break_fix_086,NO_ISSUE
27,641,0,1.0,0,0,0,0,1,2,1,1,0,5,0,11,168,0,0,0,0,0,0,0,0,0,0,0,0,0,0,0,0,0,0,0,1,5,3,1,0,1,0,12,0,0,0,0,0,0,0,0,1,gen_missing_break_bug_087,MISSING_BREAK_IN_SWITCH
28,664,0,1.0,0,0,0,0,1,2,1,1,0,5,0,11,171,0,0,0,0,0,0,0,0,0,0,0,0,0,0,0,0,0,0,0,1,5,4,0,0,1,0,12,0,0,0,0,0,0,0,0,0,gen_missing_break_fix_087,NO_ISSUE
61,1388,0,1.0,0,0,0,0,1,5,2,7,0,9,4,11,370,0,0,0,0,0,0,0,0,0,0,3,0,1,0,0,0,0,0,0,2,9,6,1,0,2,0,12,0,0,0,0,0,0,0,0,1,gen_missing_break_bug_088,MISSING_BREAK_IN_SWITCH
62,1411,0,1.0,0,0,0,0,1,5,2,7,0,9,4,11,373,0,0,0,0,0,0,0,0,0,0,3,0,1,0,0,0,0,0,0,2,9,7,0,0,2,0,12,0,0,0,0,0,0,0,0,0,gen_missing_break_fix_088,NO_ISSUE
84,1878,0,1.0,0,0,0,0,1,7,6,7,0,14,3,11,503,1,1,0,0,0,1,0,0,1,13,1,0,1,0,0,1,0,0,1,4,13,8,1,0,4,0,12,0,0,0,0,0,0,0,0,1,gen_missing_break_bug_089,MISSING_BREAK_IN_SWITCH
85,1901,0,1.0,0,0,0,0,1,7,6,7,0,14,3,11,506,1,1,0,0,0,1,0,0,1,13,1,0,1,0,0,1,0,0,1,4,13,9,0,0,4,0,12,0,0,0,0,0,0,0,0,0,gen_missing_break_fix_089,NO_ISSUE
32,770,0,1.0,0,0,0,0,1,2,3,2,0,7,1,11,209,1,1,0,0,0,1,0,0,1,13,0,0,0,0,0,1,0,0,1,1,6,4,1,0,1,0,12,0,0,0,0,0,0,0,0,1,gen_missing_break_bug_090,MISSING_BREAK_IN_SWITCH
33,793,0,1.0,0,0,0,0,1,2,3,2,0,7,1,11,212,1,1,0,0,0,1,0,0,1,13,0,0,0,0,0,1,0,0,1,1,6,5,0,0,1,0,12,0,0,0,0,0,0,0,0,0,gen_missing_break_fix_090,NO_ISSUE
49,1077,0,1.0,0,0,0,0,1,5,3,7,2,6,6,11,295,0,0,0,0,0,0,0,0,0,0,2,0,0,0,0,0,0,0,0,1,4,2,1,0,1,0,12,0,0,0,0,0,2,0,14,1,gen_missing_break_bug_091,MISSING_BREAK_IN_SWITCH
50,1100,0,1.0,0,0,0,0,1,5,3,7,2,6,6,11,298,0,0,0,0,0,0,0,0,0,0,2,0,0,0,0,0,0,0,0,1,4,3,0,0,1,0,12,0,0,0,0,0,2,0,14,0,gen_missing_break_fix_091,NO_ISSUE
21,512,0,1.0,0,0,0,0,1,1,1,1,0,5,0,11,124,0,0,0,0,0,0,0,0,0,0,0,0,0,0,0,0,0,0,0,1,5,3,1,0,1,0,12,0,0,0,0,0,0,0,0,1,gen_missing_break_bug_092,MISSING_BREAK_IN_SWITCH
22,535,0,1.0,0,0,0,0,1,1,1,1,0,5,0,11,127,0,0,0,0,0,0,0,0,0,0,0,0,0,0,0,0,0,0,0,1,5,4,0,0,1,0,12,0,0,0,0,0,0,0,0,0,gen_missing_break_fix_092,NO_ISSUE
18,438,0,1.0,0,0,0,0,1,1,1,1,0,4,0,11,107,0,0,0,0,0,0,0,0,0,0,0,0,0,0,0,0,0,0,0,1,4,2,1,0,1,0,12,0,0,0,0,0,0,0,0,1,gen_missing_break_bug_093,MISSING_BREAK_IN_SWITCH
19,461,0,1.0,0,0,0,0,1,1,1,1,0,4,0,11,110,0,0,0,0,0,0,0,0,0,0,0,0,0,0,0,0,0,0,0,1,4,3,0,0,1,0,12,0,0,0,0,0,0,0,0,0,gen_missing_break_fix_093,NO_ISSUE
63,1425,0,1.0,0,0,0,0,1,5,3,9,1,9,5,11,379,0,0,0,0,0,0,0,0,0,0,4,0,0,0,0,0,0,0,0,2,8,5,1,0,2,0,12,0,0,0,0,0,1,0,14,1,gen_missing_break_bug_094,MISSING_BREAK_IN_SWITCH
64,1448,0,1.0,0,0,0,0,1,5,3,9,1,9,5,11,382,0,0,0,0,0,0,0,0,0,0,4,0,0,0,0,0,0,0,0,2,8,6,0,0,2,0,12,0,0,0,0,0,1,0,14,0,gen_missing_break_fix_094,NO_ISSUE
30,719,0,1.0,0,0,0,0,1,2,1,1,0,6,0,11,185,0,0,0,0,0,0,0,0,0,0,0,0,0,0,0,0,0,0,0,1,6,4,1,0,1,0,12,0,0,0,0,0,0,0,0,1,gen_missing_break_bug_095,MISSING_BREAK_IN_SWITCH
31,742,0,1.0,0,0,0,0,1,2,1,1,0,6,0,11,188,0,0,0,0,0,0,0,0,0,0,0,0,0,0,0,0,0,0,0,1,6,5,0,0,1,0,12,0,0,0,0,0,0,0,0,0,gen_missing_break_fix_095,NO_ISSUE
52,1338,0,1.0,0,0,0,0,1,5,5,4,0,6,4,11,396,2,2,0,0,0,2,0,0,2,30,0,0,0,0,0,2,0,0,1,1,6,4,1,0,1,0,12,0,0,0,0,0,0,0,0,1,gen_missing_break_bug_096,MISSING_BREAK_IN_SWITCH
53,1361,0,1.0,0,0,0,0,1,5,5,4,0,6,4,11,399,2,2,0,0,0,2,0,0,2,30,0,0,0,0,0,2,0,0,1,1,6,5,0,0,1,0,12,0,0,0,0,0,0,0,0,0,gen_missing_break_fix_096,NO_ISSUE
21,509,0,1.0,0,0,0,0,1,1,1,1,0,5,0,11,124,0,0,0,0,0,0,0,0,0,0,0,0,0,0,0,0,0,0,0,1,5,3,1,0,1,0,12,0,0,0,0,0,0,0,0,1,gen_missing_break_bug_097,MISSING_BREAK_IN_SWITCH
22,532,0,1.0,0,0,0,0,1,1,1,1,0,5,0,11,127,0,0,0,0,0,0,0,0,0,0,0,0,0,0,0,0,0,0,0,1,5,4,0,0,1,0,12,0,0,0,0,0,0,0,0,0,gen_missing_break_fix_097,NO_ISSUE
24,587,0,1.0,0,0,0,0,1,1,1,1,0,6,0,11,141,0,0,0,0,0,0,0,0,0,0,0,0,0,0,0,0,0,0,0,1,6,4,1,0,1,0,12,0,0,0,0,0,0,0,0,1,gen_missing_break_bug_098,MISSING_BREAK_IN_SWITCH
25,610,0,1.0,0,0,0,0,1,1,1,1,0,6,0,11,144,0,0,0,0,0,0,0,0,0,0,0,0,0,0,0,0,0,0,0,1,6,5,0,0,1,0,12,0,0,0,0,0,0,0,0,0,gen_missing_break_fix_098,NO_ISSUE
75,1711,0,1.0,0,0,0,0,1,6,3,9,0,11,4,11,452,0,0,0,0,0,0,0,0,0,0,4,0,0,0,0,0,0,0,0,3,11,7,1,0,3,0,12,0,0,0,0,0,0,0,0,1,gen_missing_break_bug_099,MISSING_BREAK_IN_SWITCH
76,1734,0,1.0,0,0,0,0,1,6,3,9,0,11,4,11,455,0,0,0,0,0,0,0,0,0,0,4,0,0,0,0,0,0,0,0,3,11,8,0,0,3,0,12,0,0,0,0,0,0,0,0,0,gen_missing_break_fix_099,NO_ISSUE
24,591,0,1.0,0,0,0,0,1,1,1,1,0,6,0,11,141,0,0,0,0,0,0,0,0,0,0,0,0,0,0,0,0,0,0,0,1,6,4,1,0,1,0,12,0,0,0,0,0,0,0,0,1,gen_missing_break_bug_100,MISSING_BREAK_IN_SWITCH
25,614,0,1.0,0,0,0,0,1,1,1,1,0,6,0,11,144,0,0,0,0,0,0,0,0,0,0,0,0,0,0,0,0,0,0,0,1,6,5,0,0,1,0,12,0,0,0,0,0,0,0,0,0,gen_missing_break_fix_100,NO_ISSUE
53,1182,0,1.0,0,0,0,0,1,5,5,7,2,7,5,11,338,1,1,0,0,0,1,0,0,1,13,2,0,0,0,0,1,0,0,1,1,4,2,1,0,1,0,12,0,0,0,0,0,2,0,14,1,gen_missing_break_bug_101,MISSING_BREAK_IN_SWITCH
54,1205,0,1.0,0,0,0,0,1,5,5,7,2,7,5,11,341,1,1,0,0,0,1,0,0,1,13,2,0,0,0,0,1,0,0,1,1,4,3,0,0,1,0,12,0,0,0,0,0,2,0,14,0,gen_missing_break_fix_101,NO_ISSUE
62,1469,0,1.0,0,0,0,0,1,6,6,7,1,7,5,11,441,2,2,0,0,0,2,0,0,2,30,2,0,0,0,0,2,0,0,2,1,5,3,1,0,1,0,12,0,0,0,0,0,1,0,14,1,gen_missing_break_bug_102,MISSING_BREAK_IN_SWITCH
63,1492,0,1.0,0,0,0,0,1,6,6,7,1,7,5,11,444,2,2,0,0,0,2,0,0,2,30,2,0,0,0,0,2,0,0,2,1,5,4,0,0,1,0,12,0,0,0,0,0,1,0,14,0,gen_missing_break_fix_102,NO_ISSUE
30,715,0,1.0,0,0,0,0,1,2,1,4,0,5,2,11,187,0,0,0,0,0,0,0,0,0,0,2,0,0,0,0,0,0,0,0,1,5,3,1,0,1,0,12,0,0,0,0,0,0,0,0,1,gen_missing_break_bug_103,MISSING_BREAK_IN_SWITCH
31,738,0,1.0,0,0,0,0,1,2,1,4,0,5,2,11,190,0,0,0,0,0,0,0,0,0,0,2,0,0,0,0,0,0,0,0,1,5,4,0,0,1,0,12,0,0,0,0,0,0,0,0,0,gen_missing_break_fix_103,NO_ISSUE
35,823,0,1.0,0,0,0,0,1,3,3,2,0,6,1,11,236,1,1,0,0,0,1,0,0,1,13,0,0,0,0,0,1,0,0,1,1,5,3,1,0,1,0,12,0,0,0,0,0,0,0,0,1,gen_missing_break_bug_104,MISSING_BREAK_IN_SWITCH
36,846,0,1.0,0,0,0,0,1,3,3,2,0,6,1,11,239,1,1,0,0,0,1,0,0,1,13,0,0,0,0,0,1,0,0,1,1,5,4,0,0,1,0,12,0,0,0,0,0,0,0,0,0,gen_missing_break_fix_104,NO_ISSUE
61,1521,0,1.0,0,0,0,0,1,5,6,6,0,8,4,11,434,2,2,0,0,0,2,0,0,2,30,1,0,1,0,0,2,0,0,1,2,8,5,1,0,2,0,12,0,0,0,0,0,0,0,0,1,gen_missing_break_bug_105,MISSING_BREAK_IN_SWITCH
62,1544,0,1.0,0,0,0,0,1,5,6,6,0,8,4,11,437,2,2,0,0,0,2,0,0,2,30,1,0,1,0,0,2,0,0,1,2,8,6,0,0,2,0,12,0,0,0,0,0,0,0,0,0,gen_missing_break_fix_105,NO_ISSUE
37,939,0,1.0,0,0,0,0,1,3,3,3,0,6,3,11,259,1,1,0,0,0,1,0,0,1,30,0,0,0,0,0,1,0,0,1,1,6,4,1,0,1,0,12,0,0,0,0,0,0,0,0,1,gen_missing_break_bug_106,MISSING_BREAK_IN_SWITCH
38,962,0,1.0,0,0,0,0,1,3,3,3,0,6,3,11,262,1,1,0,0,0,1,0,0,1,30,0,0,0,0,0,1,0,0,1,1,6,5,0,0,1,0,12,0,0,0,0,0,0,0,0,0,gen_missing_break_fix_106,NO_ISSUE
24,586,0,1.0,0,0,0,0,1,1,1,1,0,6,0,11,141,0,0,0,0,0,0,0,0,0,0,0,0,0,0,0,0,0,0,0,1,6,4,1,0,1,0,12,0,0,0,0,0,0,0,0,1,gen_missing_break_bug_107,MISSING_BREAK_IN_SWITCH
25,609,0,1.0,0,0,0,0,1,1,1,1,0,6,0,11,144,0,0,0,0,0,0,0,0,0,0,0,0,0,0,0,0,0,0,0,1,6,5,0,0,1,0,12,0,0,0,0,0,0,0,0,0,gen_missing_break_fix_107,NO_ISSUE
40,946,0,1.0,0,0,0,0,1,3,3,5,0,6,4,12,273,1,1,0,0,0,1,0,0,1,29,3,0,0,0,0,3,0,0,1,1,5,3,1,0,1,0,12,0,0,0,0,0,0,0,0,1,gen_missing_break_bug_108,MISSING_BREAK_IN_SWITCH
41,969,0,1.0,0,0,0,0,1,3,3,5,0,6,4,12,276,1,1,0,0,0,1,0,0,1,29,3,0,0,0,0,3,0,0,1,1,5,4,0,0,1,0,12,0,0,0,0,0,0,0,0,0,gen_missing_break_fix_108,NO_ISSUE
40,929,0,1.0,0,0,0,0,1,4,1,5,0,5,4,11,256,0,0,0,0,0,0,0,0,0,0,2,0,0,0,0,0,0,0,0,1,5,3,1,0,1,0,12,0,0,0,0,0,0,0,0,1,gen_missing_break_bug_109,MISSING_BREAK_IN_SWITCH
41,952,0,1.0,0,0,0,0,1,4,1,5,0,5,4,11,259,0,0,0,0,0,0,0,0,0,0,2,0,0,0,0,0,0,0,0,1,5,4,0,0,1,0,12,0,0,0,0,0,0,0,0,0,gen_missing_break_fix_109,NO_ISSUE
41,1012,0,1.0,0,0,0,0,1,4,3,4,0,6,5,11,284,1,1,0,0,0,1,0,0,1,30,0,0,0,0,0,1,0,0,1,1,6,4,1,0,1,0,12,0,0,0,0,0,0,0,0,1,gen_missing_break_bug_110,MISSING_BREAK_IN_SWITCH
42,1035,0,1.0,0,0,0,0,1,4,3,4,0,6,5,11,287,1,1,0,0,0,1,0,0,1,30,0,0,0,0,0,1,0,0,1,1,6,5,0,0,1,0,12,0,0,0,0,0,0,0,0,0,gen_missing_break_fix_110,NO_ISSUE
68,1637,0,1.0,0,0,0,0,1,6,5,11,0,7,9,12,490,2,2,0,0,0,2,0,0,2,30,6,0,1,0,0,4,0,0,2,1,6,4,1,0,1,0,12,0,0,0,0,0,0,0,0,1,gen_missing_break_bug_111,MISSING_BREAK_IN_SWITCH
69,1660,0,1.0,0,0,0,0,1,6,5,11,0,7,9,12,493,2,2,0,0,0,2,0,0,2,30,6,0,1,0,0,4,0,0,2,1,6,5,0,0,1,0,12,0,0,0,0,0,0,0,0,0,gen_missing_break_fix_111,NO_ISSUE
54,1249,0,1.0,0,0,0,0,1,3,3,3,0,12,0,11,301,0,0,0,0,0,0,0,0,0,0,0,0,0,0,0,0,0,0,0,3,12,8,1,0,3,0,12,0,0,0,0,0,0,0,0,1,gen_missing_break_bug_112,MISSING_BREAK_IN_SWITCH
55,1272,0,1.0,0,0,0,0,1,3,3,3,0,12,0,11,304,0,0,0,0,0,0,0,0,0,0,0,0,0,0,0,0,0,0,0,3,12,9,0,0,3,0,12,0,0,0,0,0,0,0,0,0,gen_missing_break_fix_112,NO_ISSUE
38,893,0,1.0,0,0,0,0,1,3,3,5,0,6,3,11,253,1,1,0,0,0,1,0,0,1,13,2,0,0,0,0,1,0,0,1,1,5,3,1,0,1,0,12,0,0,0,0,0,0,0,0,1,gen_missing_break_bug_113,MISSING_BREAK_IN_SWITCH
39,916,0,1.0,0,0,0,0,1,3,3,5,0,6,3,11,256,1,1,0,0,0,1,0,0,1,13,2,0,0,0,0,1,0,0,1,1,5,4,0,0,1,0,12,0,0,0,0,0,0,0,0,0,gen_missing_break_fix_113,NO_ISSUE
39,898,0,1.0,0,0,0,0,1,3,2,5,1,6,3,11,238,0,0,0,0,0,0,0,0,0,0,2,0,0,0,0,0,0,0,0,1,5,3,1,0,1,0,12,0,0,0,0,0,1,0,14,1,gen_missing_break_bug_114,MISSING_BREAK_IN_SWITCH
40,921,0,1.0,0,0,0,0,1,3,2,5,1,6,3,11,241,0,0,0,0,0,0,0,0,0,0,2,0,0,0,0,0,0,0,0,1,5,4,0,0,1,0,12,0,0,0,0,0,1,0,14,0,gen_missing_break_fix_114,NO_ISSUE
51,1237,0,1.0,0,0,0,0,1,5,5,5,0,6,4,11,373,2,2,0,0,0,2,0,0,2,30,1,0,1,0,0,2,0,0,2,1,5,3,1,0,1,0,12,0,0,0,0,0,0,0,0,1,gen_missing_break_bug_115,MISSING_BREAK_IN_SWITCH
52,1260,0,1.0,0,0,0,0,1,5,5,5,0,6,4,11,376,2,2,0,0,0,2,0,0,2,30,1,0,1,0,0,2,0,0,2,1,5,4,0,0,1,0,12,0,0,0,0,0,0,0,0,0,gen_missing_break_fix_115,NO_ISSUE
68,1636,0,1.0,0,0,0,0,1,6,5,12,0,7,8,11,487,2,2,0,0,0,2,0,0,2,30,6,0,0,0,0,2,0,0,2,1,6,4,1,0,1,0,12,0,0,0,0,0,0,0,0,1,gen_missing_break_bug_116,MISSING_BREAK_IN_SWITCH
69,1659,0,1.0,0,0,0,0,1,6,5,12,0,7,8,11,490,2,2,0,0,0,2,0,0,2,30,6,0,0,0,0,2,0,0,2,1,6,5,0,0,1,0,12,0,0,0,0,0,0,0,0,0,gen_missing_break_fix_116,NO_ISSUE
35,837,0,1.0,0,0,0,0,1,3,3,3,0,6,4,12,237,1,1,0,0,0,1,0,0,1,29,1,0,0,0,0,3,0,0,1,1,5,3,1,0,1,0,12,0,0,0,0,0,0,0,0,1,gen_missing_break_bug_117,MISSING_BREAK_IN_SWITCH
36,860,0,1.0,0,0,0,0,1,3,3,3,0,6,4,12,240,1,1,0,0,0,1,0,0,1,29,1,0,0,0,0,3,0,0,1,1,5,4,0,0,1,0,12,0,0,0,0,0,0,0,0,0,gen_missing_break_fix_117,NO_ISSUE
37,864,0,1.0,0,0,0,0,1,3,1,3,0,6,2,11,229,0,0,0,0,0,0,0,0,0,0,1,0,1,0,0,0,0,0,0,1,6,4,1,0,1,0,12,0,0,0,0,0,0,0,0,1,gen_missing_break_bug_118,MISSING_BREAK_IN_SWITCH
38,887,0,1.0,0,0,0,0,1,3,1,3,0,6,2,11,232,0,0,0,0,0,0,0,0,0,0,1,0,1,0,0,0,0,0,0,1,6,5,0,0,1,0,12,0,0,0,0,0,0,0,0,0,gen_missing_break_fix_118,NO_ISSUE
21,515,0,1.0,0,0,0,0,1,1,1,1,0,5,0,11,124,0,0,0,0,0,0,0,0,0,0,0,0,0,0,0,0,0,0,0,1,5,3,1,0,1,0,12,0,0,0,0,0,0,0,0,1,gen_missing_break_bug_119,MISSING_BREAK_IN_SWITCH
22,538,0,1.0,0,0,0,0,1,1,1,1,0,5,0,11,127,0,0,0,0,0,0,0,0,0,0,0,0,0,0,0,0,0,0,0,1,5,4,0,0,1,0,12,0,0,0,0,0,0,0,0,0,gen_missing_break_fix_119,NO_ISSUE
24,593,0,1.0,0,0,0,0,1,1,1,1,0,6,0,11,141,0,0,0,0,0,0,0,0,0,0,0,0,0,0,0,0,0,0,0,1,6,4,1,0,1,0,12,0,0,0,0,0,0,0,0,1,gen_missing_break_bug_120,MISSING_BREAK_IN_SWITCH
25,616,0,1.0,0,0,0,0,1,1,1,1,0,6,0,11,144,0,0,0,0,0,0,0,0,0,0,0,0,0,0,0,0,0,0,0,1,6,5,0,0,1,0,12,0,0,0,0,0,0,0,0,0,gen_missing_break_fix_120,NO_ISSUE
21,516,0,1.0,0,0,0,0,1,1,1,1,0,5,0,11,124,0,0,0,0,0,0,0,0,0,0,0,0,0,0,0,0,0,0,0,1,5,3,1,0,1,0,12,0,0,0,0,0,0,0,0,1,gen_missing_break_bug_121,MISSING_BREAK_IN_SWITCH
22,539,0,1.0,0,0,0,0,1,1,1,1,0,5,0,11,127,0,0,0,0,0,0,0,0,0,0,0,0,0,0,0,0,0,0,0,1,5,4,0,0,1,0,12,0,0,0,0,0,0,0,0,0,gen_missing_break_fix_121,NO_ISSUE
34,762,0,1.0,0,0,0,0,1,3,2,4,1,5,3,11,202,0,0,0,0,0,0,0,0,0,0,1,0,1,0,0,0,0,0,0,1,4,2,1,0,1,0,12,0,0,0,0,0,1,0,14,1,gen_missing_break_bug_122,MISSING_BREAK_IN_SWITCH
35,785,0,1.0,0,0,0,0,1,3,2,4,1,5,3,11,205,0,0,0,0,0,0,0,0,0,0,1,0,1,0,0,0,0,0,0,1,4,3,0,0,1,0,12,0,0,0,0,0,1,0,14,0,gen_missing_break_fix_122,NO_ISSUE
25,589,0,1.0,0,0,0,0,1,2,1,2,0,5,2,11,149,0,0,0,0,0,0,0,0,0,0,0,0,0,0,0,0,0,0,0,1,5,3,1,0,1,0,12,0,0,0,0,0,0,0,0,1,gen_missing_break_bug_123,MISSING_BREAK_IN_SWITCH
26,612,0,1.0,0,0,0,0,1,2,1,2,0,5,2,11,152,0,0,0,0,0,0,0,0,0,0,0,0,0,0,0,0,0,0,0,1,5,4,0,0,1,0,12,0,0,0,0,0,0,0,0,0,gen_missing_break_fix_123,NO_ISSUE
48,1191,0,1.0,0,0,0,0,1,3,4,3,0,9,1,11,314,1,1,0,0,0,1,0,0,1,30,0,0,0,0,0,1,0,0,1,2,9,6,1,0,2,0,12,0,0,0,0,0,0,0,0,1,gen_missing_break_bug_124,MISSING_BREAK_IN_SWITCH
49,1214,0,1.0,0,0,0,0,1,3,4,3,0,9,1,11,317,1,1,0,0,0,1,0,0,1,30,0,0,0,0,0,1,0,0,1,2,9,7,0,0,2,0,12,0,0,0,0,0,0,0,0,0,gen_missing_break_fix_124,NO_ISSUE
28,682,0,1.0,0,0,0,0,1,2,3,2,0,5,2,12,195,1,1,0,0,0,1,0,0,1,29,1,0,0,0,0,3,0,0,1,1,4,2,1,0,1,0,12,0,0,0,0,0,0,0,0,1,gen_missing_break_bug_125,MISSING_BREAK_IN_SWITCH
29,705,0,1.0,0,0,0,0,1,2,3,2,0,5,2,12,198,1,1,0,0,0,1,0,0,1,29,1,0,0,0,0,3,0,0,1,1,4,3,0,0,1,0,12,0,0,0,0,0,0,0,0,0,gen_missing_break_fix_125,NO_ISSUE
24,589,0,1.0,0,0,0,0,1,1,1,1,0,6,0,11,141,0,0,0,0,0,0,0,0,0,0,0,0,0,0,0,0,0,0,0,1,6,4,1,0,1,0,12,0,0,0,0,0,0,0,0,1,gen_missing_break_bug_126,MISSING_BREAK_IN_SWITCH
25,612,0,1.0,0,0,0,0,1,1,1,1,0,6,0,11,144,0,0,0,0,0,0,0,0,0,0,0,0,0,0,0,0,0,0,0,1,6,5,0,0,1,0,12,0,0,0,0,0,0,0,0,0,gen_missing_break_fix_126,NO_ISSUE
51,1163,0,1.0,0,0,0,0,1,5,6,4,1,7,4,12,358,2,2,0,0,0,2,0,0,2,29,1,0,0,0,0,4,0,0,2,1,4,2,1,0,1,0,12,0,0,0,0,0,1,0,14,1,gen_missing_break_bug_127,MISSING_BREAK_IN_SWITCH
52,1186,0,1.0,0,0,0,0,1,5,6,4,1,7,4,12,361,2,2,0,0,0,2,0,0,2,29,1,0,0,0,0,4,0,0,2,1,4,3,0,0,1,0,12,0,0,0,0,0,1,0,14,0,gen_missing_break_fix_127,NO_ISSUE
55,1292,0,1.0,0,0,0,0,1,5,4,8,1,6,6,11,373,1,1,0,0,0,1,0,0,1,30,3,0,1,0,0,1,0,0,1,1,5,3,1,0,1,0,12,0,0,0,0,0,1,0,14,1,gen_missing_break_bug_128,MISSING_BREAK_IN_SWITCH
56,1315,0,1.0,0,0,0,0,1,5,4,8,1,6,6,11,376,1,1,0,0,0,1,0,0,1,30,3,0,1,0,0,1,0,0,1,1,5,4,0,0,1,0,12,0,0,0,0,0,1,0,14,0,gen_missing_break_fix_128,NO_ISSUE
24,584,0,1.0,0,0,0,0,1,1,1,1,0,6,0,11,141,0,0,0,0,0,0,0,0,0,0,0,0,0,0,0,0,0,0,0,1,6,4,1,0,1,0,12,0,0,0,0,0,0,0,0,1,gen_missing_break_bug_129,MISSING_BREAK_IN_SWITCH
25,607,0,1.0,0,0,0,0,1,1,1,1,0,6,0,11,144,0,0,0,0,0,0,0,0,0,0,0,0,0,0,0,0,0,0,0,1,6,5,0,0,1,0,12,0,0,0,0,0,0,0,0,0,gen_missing_break_fix_129,NO_ISSUE
21,507,0,1.0,0,0,0,0,1,1,1,1,0,5,0,11,124,0,0,0,0,0,0,0,0,0,0,0,0,0,0,0,0,0,0,0,1,5,3,1,0,1,0,12,0,0,0,0,0,0,0,0,1,gen_missing_break_bug_130,MISSING_BREAK_IN_SWITCH
22,530,0,1.0,0,0,0,0,1,1,1,1,0,5,0,11,127,0,0,0,0,0,0,0,0,0,0,0,0,0,0,0,0,0,0,0,1,5,4,0,0,1,0,12,0,0,0,0,0,0,0,0,0,gen_missing_break_fix_130,NO_ISSUE
42,1004,0,1.0,0,0,0,0,1,3,5,3,0,8,3,12,297,2,2,0,0,0,2,0,0,2,29,1,0,0,0,0,4,0,0,2,1,6,4,1,0,1,0,12,0,0,0,0,0,0,0,0,1,gen_missing_break_bug_131,MISSING_BREAK_IN_SWITCH
43,1027,0,1.0,0,0,0,0,1,3,5,3,0,8,3,12,300,2,2,0,0,0,2,0,0,2,29,1,0,0,0,0,4,0,0,2,1,6,5,0,0,1,0,12,0,0,0,0,0,0,0,0,0,gen_missing_break_fix_131,NO_ISSUE
30,780,0,1.0,0,0,0,0,1,2,3,2,0,5,1,11,217,1,1,0,0,0,1,0,0,1,30,0,0,0,0,0,1,0,0,1,1,5,3,1,0,1,0,12,0,0,0,0,0,0,0,0,1,gen_missing_break_bug_132,MISSING_BREAK_IN_SWITCH
31,803,0,1.0,0,0,0,0,1,2,3,2,0,5,1,11,220,1,1,0,0,0,1,0,0,1,30,0,0,0,0,0,1,0,0,1,1,5,4,0,0,1,0,12,0,0,0,0,0,0,0,0,0,gen_missing_break_fix_132,NO_ISSUE
52,1173,0,1.0,0,0,0,0,1,5,4,6,1,8,6,11,329,1,1,0,0,0,1,0,0,1,13,1,0,1,0,0,1,0,0,1,1,6,4,1,0,1,0,12,0,0,0,0,0,1,0,14,1,gen_missing_break_bug_133,MISSING_BREAK_IN_SWITCH
53,1196,0,1.0,0,0,0,0,1,5,4,6,1,8,6,11,332,1,1,0,0,0,1,0,0,1,13,1,0,1,0,0,1,0,0,1,1,6,5,0,0,1,0,12,0,0,0,0,0,1,0,14,0,gen_missing_break_fix_133,NO_ISSUE
33,753,0,1.0,0,0,0,0,1,3,2,2,1,5,1,11,202,0,0,0,0,0,0,0,0,0,0,0,0,0,0,0,0,0,0,0,1,4,2,1,0,1,0,12,0,0,0,0,0,1,0,14,1,gen_missing_break_bug_134,MISSING_BREAK_IN_SWITCH
34,776,0,1.0,0,0,0,0,1,3,2,2,1,5,1,11,205,0,0,0,0,0,0,0,0,0,0,0,0,0,0,0,0,0,0,0,1,4,3,0,0,1,0,12,0,0,0,0,0,1,0,14,0,gen_missing_break_fix_134,NO_ISSUE
21,513,0,1.0,0,0,0,0,1,1,1,1,0,5,0,11,124,0,0,0,0,0,0,0,0,0,0,0,0,0,0,0,0,0,0,0,1,5,3,1,0,1,0,12,0,0,0,0,0,0,0,0,1,gen_missing_break_bug_135,MISSING_BREAK_IN_SWITCH
22,536,0,1.0,0,0,0,0,1,1,1,1,0,5,0,11,127,0,0,0,0,0,0,0,0,0,0,0,0,0,0,0,0,0,0,0,1,5,4,0,0,1,0,12,0,0,0,0,0,0,0,0,0,gen_missing_break_fix_135,NO_ISSUE
30,779,0,1.0,0,0,0,0,1,2,3,2,0,5,1,11,217,1,1,0,0,0,1,0,0,1,30,0,0,0,0,0,1,0,0,1,1,5,3,1,0,1,0,12,0,0,0,0,0,0,0,0,1,gen_missing_break_bug_136,MISSING_BREAK_IN_SWITCH
31,802,0,1.0,0,0,0,0,1,2,3,2,0,5,1,11,220,1,1,0,0,0,1,0,0,1,30,0,0,0,0,0,1,0,0,1,1,5,4,0,0,1,0,12,0,0,0,0,0,0,0,0,0,gen_missing_break_fix_136,NO_ISSUE
24,591,0,1.0,0,0,0,0,1,1,1,1,0,6,0,11,141,0,0,0,0,0,0,0,0,0,0,0,0,0,0,0,0,0,0,0,1,6,4,1,0,1,0,12,0,0,0,0,0,0,0,0,1,gen_missing_break_bug_137,MISSING_BREAK_IN_SWITCH
25,614,0,1.0,0,0,0,0,1,1,1,1,0,6,0,11,144,0,0,0,0,0,0,0,0,0,0,0,0,0,0,0,0,0,0,0,1,6,5,0,0,1,0,12,0,0,0,0,0,0,0,0,0,gen_missing_break_fix_137,NO_ISSUE
21,516,0,1.0,0,0,0,0,1,1,1,1,0,5,0,11,124,0,0,0,0,0,0,0,0,0,0,0,0,0,0,0,0,0,0,0,1,5,3,1,0,1,0,12,0,0,0,0,0,0,0,0,1,gen_missing_break_bug_138,MISSING_BREAK_IN_SWITCH
22,539,0,1.0,0,0,0,0,1,1,1,1,0,5,0,11,127,0,0,0,0,0,0,0,0,0,0,0,0,0,0,0,0,0,0,0,1,5,4,0,0,1,0,12,0,0,0,0,0,0,0,0,0,gen_missing_break_fix_138,NO_ISSUE
27,628,0,1.0,0,0,0,0,1,2,1,4,0,4,2,11,168,0,0,0,0,0,0,0,0,0,0,2,0,0,0,0,0,0,0,0,1,4,2,1,0,1,0,12,0,0,0,0,0,0,0,0,1,gen_missing_break_bug_139,MISSING_BREAK_IN_SWITCH
28,651,0,1.0,0,0,0,0,1,2,1,4,0,4,2,11,171,0,0,0,0,0,0,0,0,0,0,2,0,0,0,0,0,0,0,0,1,4,3,0,0,1,0,12,0,0,0,0,0,0,0,0,0,gen_missing_break_fix_139,NO_ISSUE
47,1081,0,1.0,0,0,0,0,1,5,5,4,0,7,4,11,329,2,2,0,0,0,2,0,0,2,13,0,0,0,0,0,2,0,0,1,1,5,3,1,0,1,0,12,0,0,0,0,0,0,0,0,1,gen_missing_break_bug_140,MISSING_BREAK_IN_SWITCH
48,1104,0,1.0,0,0,0,0,1,5,5,4,0,7,4,11,332,2,2,0,0,0,2,0,0,2,13,0,0,0,0,0,2,0,0,1,1,5,4,0,0,1,0,12,0,0,0,0,0,0,0,0,0,gen_missing_break_fix_140,NO_ISSUE
31,719,0,1.0,0,0,0,0,1,3,1,5,0,4,4,11,195,0,0,0,0,0,0,0,0,0,0,2,0,0,0,0,0,0,0,0,1,4,2,1,0,1,0,12,0,0,0,0,0,0,0,0,1,gen_missing_break_bug_141,MISSING_BREAK_IN_SWITCH
32,742,0,1.0,0,0,0,0,1,3,1,5,0,4,4,11,198,0,0,0,0,0,0,0,0,0,0,2,0,0,0,0,0,0,0,0,1,4,3,0,0,1,0,12,0,0,0,0,0,0,0,0,0,gen_missing_break_fix_141,NO_ISSUE
21,507,0,1.0,0,0,0,0,1,1,1,1,0,5,0,11,124,0,0,0,0,0,0,0,0,0,0,0,0,0,0,0,0,0,0,0,1,5,3,1,0,1,0,12,0,0,0,0,0,0,0,0,1,gen_missing_break_bug_142,MISSING_BREAK_IN_SWITCH
22,530,0,1.0,0,0,0,0,1,1,1,1,0,5,0,11,127,0,0,0,0,0,0,0,0,0,0,0,0,0,0,0,0,0,0,0,1,5,4,0,0,1,0,12,0,0,0,0,0,0,0,0,0,gen_missing_break_fix_142,NO_ISSUE
31,731,0,1.0,0,0,0,0,1,2,1,3,0,6,2,11,185,0,0,0,0,0,0,0,0,0,0,1,0,1,0,0,0,0,0,0,1,6,4,1,0,1,0,12,0,0,0,0,0,0,0,0,1,gen_missing_break_bug_143,MISSING_BREAK_IN_SWITCH
32,754,0,1.0,0,0,0,0,1,2,1,3,0,6,2,11,188,0,0,0,0,0,0,0,0,0,0,1,0,1,0,0,0,0,0,0,1,6,5,0,0,1,0,12,0,0,0,0,0,0,0,0,0,gen_missing_break_fix_143,NO_ISSUE
28,679,0,1.0,0,0,0,0,1,2,3,2,0,5,2,12,195,1,1,0,0,0,1,0,0,1,29,1,0,0,0,0,3,0,0,1,1,4,2,1,0,1,0,12,0,0,0,0,0,0,0,0,1,gen_missing_break_bug_144,MISSING_BREAK_IN_SWITCH
29,702,0,1.0,0,0,0,0,1,2,3,2,0,5,2,12,198,1,1,0,0,0,1,0,0,1,29,1,0,0,0,0,3,0,0,1,1,4,3,0,0,1,0,12,0,0,0,0,0,0,0,0,0,gen_missing_break_fix_144,NO_ISSUE
36,846,0,1.0,0,0,0,0,1,2,2,2,0,8,0,11,204,0,0,0,0,0,0,0,0,0,0,0,0,0,0,0,0,0,0,0,2,8,5,1,0,2,0,12,0,0,0,0,0,0,0,0,1,gen_missing_break_bug_145,MISSING_BREAK_IN_SWITCH
37,869,0,1.0,0,0,0,0,1,2,2,2,0,8,0,11,207,0,0,0,0,0,0,0,0,0,0,0,0,0,0,0,0,0,0,0,2,8,6,0,0,2,0,12,0,0,0,0,0,0,0,0,0,gen_missing_break_fix_145,NO_ISSUE
54,1313,0,1.0,0,0,0,0,1,5,7,7,0,6,6,12,417,3,3,0,0,0,3,0,0,3,30,3,0,0,0,0,5,0,0,3,1,4,2,1,0,1,0,12,0,0,0,0,0,0,0,0,1,gen_missing_break_bug_146,MISSING_BREAK_IN_SWITCH
55,1336,0,1.0,0,0,0,0,1,5,7,7,0,6,6,12,420,3,3,0,0,0,3,0,0,3,30,3,0,0,0,0,5,0,0,3,1,4,3,0,0,1,0,12,0,0,0,0,0,0,0,0,0,gen_missing_break_fix_146,NO_ISSUE
39,959,0,1.0,0,0,0,0,1,3,4,3,1,6,2,11,268,1,1,0,0,0,1,0,0,1,30,0,0,0,0,0,1,0,0,1,1,5,3,1,0,1,0,12,0,0,0,0,0,1,0,14,1,gen_missing_break_bug_147,MISSING_BREAK_IN_SWITCH
40,982,0,1.0,0,0,0,0,1,3,4,3,1,6,2,11,271,1,1,0,0,0,1,0,0,1,30,0,0,0,0,0,1,0,0,1,1,5,4,0,0,1,0,12,0,0,0,0,0,1,0,14,0,gen_missing_break_fix_147,NO_ISSUE
54,1319,0,1.0,0,0,0,0,1,5,5,6,0,7,7,12,391,2,2,0,0,0,2,0,0,2,30,2,0,1,0,0,4,0,0,2,1,6,4,1,0,1,0,12,0,0,0,0,0,0,0,0,1,gen_missing_break_bug_148,MISSING_BREAK_IN_SWITCH
55,1342,0,1.0,0,0,0,0,1,5,5,6,0,7,7,12,394,2,2,0,0,0,2,0,0,2,30,2,0,1,0,0,4,0,0,2,1,6,5,0,0,1,0,12,0,0,0,0,0,0,0,0,0,gen_missing_break_fix_148,NO_ISSUE
24,590,0,1.0,0,0,0,0,1,1,1,1,0,6,0,11,141,0,0,0,0,0,0,0,0,0,0,0,0,0,0,0,0,0,0,0,1,6,4,1,0,1,0,12,0,0,0,0,0,0,0,0,1,gen_missing_break_bug_149,MISSING_BREAK_IN_SWITCH
25,613,0,1.0,0,0,0,0,1,1,1,1,0,6,0,11,144,0,0,0,0,0,0,0,0,0,0,0,0,0,0,0,0,0,0,0,1,6,5,0,0,1,0,12,0,0,0,0,0,0,0,0,0,gen_missing_break_fix_149,NO_ISSUE
45,1020,0,1.0,0,0,0,0,1,5,4,5,1,6,7,12,296,1,1,0,0,0,1,0,0,1,29,1,0,0,0,0,3,0,0,1,1,4,2,1,0,1,0,12,0,0,0,0,0,1,0,14,1,gen_missing_break_bug_150,MISSING_BREAK_IN_SWITCH
46,1043,0,1.0,0,0,0,0,1,5,4,5,1,6,7,12,299,1,1,0,0,0,1,0,0,1,29,1,0,0,0,0,3,0,0,1,1,4,3,0,0,1,0,12,0,0,0,0,0,1,0,14,0,gen_missing_break_fix_150,NO_ISSUE
64,1504,0,1.0,0,0,0,0,1,6,7,8,2,7,7,12,451,2,2,0,0,0,2,0,0,2,30,3,0,0,0,0,4,0,0,2,1,4,2,1,0,1,0,12,0,0,0,0,0,2,0,14,1,gen_missing_break_bug_151,MISSING_BREAK_IN_SWITCH
65,1527,0,1.0,0,0,0,0,1,6,7,8,2,7,7,12,454,2,2,0,0,0,2,0,0,2,30,3,0,0,0,0,4,0,0,2,1,4,3,0,0,1,0,12,0,0,0,0,0,2,0,14,0,gen_missing_break_fix_151,NO_ISSUE
30,718,0,1.0,0,0,0,0,1,2,1,4,0,5,2,11,187,0,0,0,0,0,0,0,0,0,0,2,0,0,0,0,0,0,0,0,1,5,3,1,0,1,0,12,0,0,0,0,0,0,0,0,1,gen_missing_break_bug_152,MISSING_BREAK_IN_SWITCH
31,741,0,1.0,0,0,0,0,1,2,1,4,0,5,2,11,190,0,0,0,0,0,0,0,0,0,0,2,0,0,0,0,0,0,0,0,1,5,4,0,0,1,0,12,0,0,0,0,0,0,0,0,0,gen_missing_break_fix_152,NO_ISSUE
79,1788,0,1.0,0,0,0,0,1,9,5,12,0,6,12,12,562,2,2,0,0,0,2,0,0,2,29,7,0,1,0,0,6,0,0,2,1,4,2,1,0,1,0,12,0,0,0,0,0,0,0,0,1,gen_missing_break_bug_153,MISSING_BREAK_IN_SWITCH
80,1811,0,1.0,0,0,0,0,1,9,5,12,0,6,12,12,565,2,2,0,0,0,2,0,0,2,29,7,0,1,0,0,6,0,0,2,1,4,3,0,0,1,0,12,0,0,0,0,0,0,0,0,0,gen_missing_break_fix_153,NO_ISSUE
30,777,0,1.0,0,0,0,0,1,2,3,2,0,5,1,11,217,1,1,0,0,0,1,0,0,1,30,0,0,0,0,0,1,0,0,1,1,5,3,1,0,1,0,12,0,0,0,0,0,0,0,0,1,gen_missing_break_bug_154,MISSING_BREAK_IN_SWITCH
31,800,0,1.0,0,0,0,0,1,2,3,2,0,5,1,11,220,1,1,0,0,0,1,0,0,1,30,0,0,0,0,0,1,0,0,1,1,5,4,0,0,1,0,12,0,0,0,0,0,0,0,0,0,gen_missing_break_fix_154,NO_ISSUE
18,437,0,1.0,0,0,0,0,1,1,1,1,0,4,0,11,107,0,0,0,0,0,0,0,0,0,0,0,0,0,0,0,0,0,0,0,1,4,2,1,0,1,0,12,0,0,0,0,0,0,0,0,1,gen_missing_break_bug_155,MISSING_BREAK_IN_SWITCH
19,460,0,1.0,0,0,0,0,1,1,1,1,0,4,0,11,110,0,0,0,0,0,0,0,0,0,0,0,0,0,0,0,0,0,0,0,1,4,3,0,0,1,0,12,0,0,0,0,0,0,0,0,0,gen_missing_break_fix_155,NO_ISSUE
49,1151,0,1.0,0,0,0,0,1,4,5,6,0,8,4,11,340,2,2,0,0,0,2,0,0,2,13,2,0,0,0,0,2,0,0,2,1,6,4,1,0,1,0,12,0,0,0,0,0,0,0,0,1,gen_missing_break_bug_156,MISSING_BREAK_IN_SWITCH
50,1174,0,1.0,0,0,0,0,1,4,5,6,0,8,4,11,343,2,2,0,0,0,2,0,0,2,13,2,0,0,0,0,2,0,0,2,1,6,5,0,0,1,0,12,0,0,0,0,0,0,0,0,0,gen_missing_break_fix_156,NO_ISSUE
18,435,0,1.0,0,0,0,0,1,1,1,1,0,4,0,11,107,0,0,0,0,0,0,0,0,0,0,0,0,0,0,0,0,0,0,0,1,4,2,1,0,1,0,12,0,0,0,0,0,0,0,0,1,gen_missing_break_bug_157,MISSING_BREAK_IN_SWITCH
19,458,0,1.0,0,0,0,0,1,1,1,1,0,4,0,11,110,0,0,0,0,0,0,0,0,0,0,0,0,0,0,0,0,0,0,0,1,4,3,0,0,1,0,12,0,0,0,0,0,0,0,0,0,gen_missing_break_fix_157,NO_ISSUE
24,588,0,1.0,0,0,0,0,1,1,1,1,0,6,0,11,141,0,0,0,0,0,0,0,0,0,0,0,0,0,0,0,0,0,0,0,1,6,4,1,0,1,0,12,0,0,0,0,0,0,0,0,1,gen_missing_break_bug_158,MISSING_BREAK_IN_SWITCH
25,611,0,1.0,0,0,0,0,1,1,1,1,0,6,0,11,144,0,0,0,0,0,0,0,0,0,0,0,0,0,0,0,0,0,0,0,1,6,5,0,0,1,0,12,0,0,0,0,0,0,0,0,0,gen_missing_break_fix_158,NO_ISSUE
57,1290,0,1.0,0,0,0,0,1,5,2,7,0,9,6,11,334,0,0,0,0,0,0,0,0,0,0,2,0,2,0,0,0,0,0,0,2,9,6,1,0,2,0,12,0,0,0,0,0,0,0,0,1,gen_missing_break_bug_159,MISSING_BREAK_IN_SWITCH
58,1313,0,1.0,0,0,0,0,1,5,2,7,0,9,6,11,337,0,0,0,0,0,0,0,0,0,0,2,0,2,0,0,0,0,0,0,2,9,7,0,0,2,0,12,0,0,0,0,0,0,0,0,0,gen_missing_break_fix_159,NO_ISSUE
24,585,0,1.0,0,0,0,0,1,1,1,1,0,6,0,11,141,0,0,0,0,0,0,0,0,0,0,0,0,0,0,0,0,0,0,0,1,6,4,1,0,1,0,12,0,0,0,0,0,0,0,0,1,gen_missing_break_bug_160,MISSING_BREAK_IN_SWITCH
25,608,0,1.0,0,0,0,0,1,1,1,1,0,6,0,11,144,0,0,0,0,0,0,0,0,0,0,0,0,0,0,0,0,0,0,0,1,6,5,0,0,1,0,12,0,0,0,0,0,0,0,0,0,gen_missing_break_fix_160,NO_ISSUE
21,511,0,1.0,0,0,0,0,1,1,1,1,0,5,0,11,124,0,0,0,0,0,0,0,0,0,0,0,0,0,0,0,0,0,0,0,1,5,3,1,0,1,0,12,0,0,0,0,0,0,0,0,1,gen_missing_break_bug_161,MISSING_BREAK_IN_SWITCH
22,534,0,1.0,0,0,0,0,1,1,1,1,0,5,0,11,127,0,0,0,0,0,0,0,0,0,0,0,0,0,0,0,0,0,0,0,1,5,4,0,0,1,0,12,0,0,0,0,0,0,0,0,0,gen_missing_break_fix_161,NO_ISSUE
18,429,0,1.0,0,0,0,0,1,1,1,1,0,4,0,11,107,0,0,0,0,0,0,0,0,0,0,0,0,0,0,0,0,0,0,0,1,4,2,1,0,1,0,12,0,0,0,0,0,0,0,0,1,gen_missing_break_bug_162,MISSING_BREAK_IN_SWITCH
19,452,0,1.0,0,0,0,0,1,1,1,1,0,4,0,11,110,0,0,0,0,0,0,0,0,0,0,0,0,0,0,0,0,0,0,0,1,4,3,0,0,1,0,12,0,0,0,0,0,0,0,0,0,gen_missing_break_fix_162,NO_ISSUE
25,575,0,1.0,0,0,0,0,1,2,1,3,0,4,2,11,151,0,0,0,0,0,0,0,0,0,0,1,0,1,0,0,0,0,0,0,1,4,2,1,0,1,0,12,0,0,0,0,0,0,0,0,1,gen_missing_break_bug_163,MISSING_BREAK_IN_SWITCH
26,598,0,1.0,0,0,0,0,1,2,1,3,0,4,2,11,154,0,0,0,0,0,0,0,0,0,0,1,0,1,0,0,0,0,0,0,1,4,3,0,0,1,0,12,0,0,0,0,0,0,0,0,0,gen_missing_break_fix_163,NO_ISSUE
45,1093,0,1.0,0,0,0,0,1,4,4,3,1,6,2,11,312,1,1,0,0,0,1,0,0,1,30,0,0,0,0,0,1,0,0,1,1,5,3,1,0,1,0,12,0,0,0,0,0,1,0,14,1,gen_missing_break_bug_164,MISSING_BREAK_IN_SWITCH
46,1116,0,1.0,0,0,0,0,1,4,4,3,1,6,2,11,315,1,1,0,0,0,1,0,0,1,30,0,0,0,0,0,1,0,0,1,1,5,4,0,0,1,0,12,0,0,0,0,0,1,0,14,0,gen_missing_break_fix_164,NO_ISSUE
18,434,0,1.0,0,0,0,0,1,1,1,1,0,4,0,11,107,0,0,0,0,0,0,0,0,0,0,0,0,0,0,0,0,0,0,0,1,4,2,1,0,1,0,12,0,0,0,0,0,0,0,0,1,gen_missing_break_bug_165,MISSING_BREAK_IN_SWITCH
19,457,0,1.0,0,0,0,0,1,1,1,1,0,4,0,11,110,0,0,0,0,0,0,0,0,0,0,0,0,0,0,0,0,0,0,0,1,4,3,0,0,1,0,12,0,0,0,0,0,0,0,0,0,gen_missing_break_fix_165,NO_ISSUE
21,510,0,1.0,0,0,0,0,1,1,1,1,0,5,0,11,124,0,0,0,0,0,0,0,0,0,0,0,0,0,0,0,0,0,0,0,1,5,3,1,0,1,0,12,0,0,0,0,0,0,0,0,1,gen_missing_break_bug_166,MISSING_BREAK_IN_SWITCH
22,533,0,1.0,0,0,0,0,1,1,1,1,0,5,0,11,127,0,0,0,0,0,0,0,0,0,0,0,0,0,0,0,0,0,0,0,1,5,4,0,0,1,0,12,0,0,0,0,0,0,0,0,0,gen_missing_break_fix_166,NO_ISSUE
28,669,0,1.0,0,0,0,0,1,2,1,2,0,6,2,11,166,0,0,0,0,0,0,0,0,0,0,0,0,0,0,0,0,0,0,0,1,6,4,1,0,1,0,12,0,0,0,0,0,0,0,0,1,gen_missing_break_bug_167,MISSING_BREAK_IN_SWITCH
29,692,0,1.0,0,0,0,0,1,2,1,2,0,6,2,11,169,0,0,0,0,0,0,0,0,0,0,0,0,0,0,0,0,0,0,0,1,6,5,0,0,1,0,12,0,0,0,0,0,0,0,0,0,gen_missing_break_fix_167,NO_ISSUE
27,700,0,1.0,0,0,0,0,1,2,3,2,0,4,1,11,200,1,1,0,0,0,1,0,0,1,30,0,0,0,0,0,1,0,0,1,1,4,2,1,0,1,0,12,0,0,0,0,0,0,0,0,1,gen_missing_break_bug_168,MISSING_BREAK_IN_SWITCH
28,723,0,1.0,0,0,0,0,1,2,3,2,0,4,1,11,203,1,1,0,0,0,1,0,0,1,30,0,0,0,0,0,1,0,0,1,1,4,3,0,0,1,0,12,0,0,0,0,0,0,0,0,0,gen_missing_break_fix_168,NO_ISSUE
21,508,0,1.0,0,0,0,0,1,1,1,1,0,5,0,11,124,0,0,0,0,0,0,0,0,0,0,0,0,0,0,0,0,0,0,0,1,5,3,1,0,1,0,12,0,0,0,0,0,0,0,0,1,gen_missing_break_bug_169,MISSING_BREAK_IN_SWITCH
22,531,0,1.0,0,0,0,0,1,1,1,1,0,5,0,11,127,0,0,0,0,0,0,0,0,0,0,0,0,0,0,0,0,0,0,0,1,5,4,0,0,1,0,12,0,0,0,0,0,0,0,0,0,gen_missing_break_fix_169,NO_ISSUE
59,1384,0,1.0,0,0,0,0,1,5,5,9,0,7,8,12,422,2,2,0,0,0,2,0,0,2,29,6,0,0,0,0,6,0,0,2,1,5,3,1,0,1,0,12,0,0,0,0,0,0,0,0,1,gen_missing_break_bug_170,MISSING_BREAK_IN_SWITCH
60,1407,0,1.0,0,0,0,0,1,5,5,9,0,7,8,12,425,2,2,0,0,0,2,0,0,2,29,6,0,0,0,0,6,0,0,2,1,5,4,0,0,1,0,12,0,0,0,0,0,0,0,0,0,gen_missing_break_fix_170,NO_ISSUE
8,188,0,1.0,0,0,0,0,1,1,0,0,1,0,0,10,57,0,0,0,0,0,0,0,0,0,0,0,0,0,0,0,0,0,0,0,0,0,0,0,0,0,0,0,0,0,0,0,1,0,1,21,0,gen_while_no_update_bug_001,WHILE_VARIABLE_NOT_UPDATED
9,219,0,1.0,0,0,0,0,1,1,0,0,1,1,1,10,66,0,0,0,0,0,0,0,0,0,0,0,0,0,0,0,0,0,0,0,0,0,0,0,0,0,0,0,0,0,0,0,1,1,0,30,0,gen_while_no_update_fix_001,NO_ISSUE
8,192,0,1.0,0,0,0,0,1,1,0,0,1,0,0,10,57,0,0,0,0,0,0,0,0,0,0,0,0,0,0,0,0,0,0,0,0,0,0,0,0,0,0,0,0,0,0,0,1,0,1,21,0,gen_while_no_update_bug_002,WHILE_VARIABLE_NOT_UPDATED
9,225,0,1.0,0,0,0,0,1,1,0,0,1,1,1,10,66,0,0,0,0,0,0,0,0,0,0,0,0,0,0,0,0,0,0,0,0,0,0,0,0,0,0,0,0,0,0,0,1,1,0,30,0,gen_while_no_update_fix_002,NO_ISSUE
14,316,0,1.0,0,0,0,0,1,2,0,2,1,0,4,12,99,0,0,0,0,0,0,0,0,0,0,1,0,1,0,0,0,0,0,0,0,0,0,0,0,0,0,0,0,0,0,0,1,0,1,22,0,gen_while_no_update_bug_003,WHILE_VARIABLE_NOT_UPDATED
15,337,0,1.0,0,0,0,0,1,2,0,2,1,0,4,12,104,0,0,0,0,0,0,0,0,0,0,1,0,1,0,0,0,0,0,0,0,0,0,0,0,0,0,0,0,0,0,0,1,1,0,27,0,gen_while_no_update_fix_003,NO_ISSUE
31,688,0,1.0,0,0,0,0,1,4,3,2,2,2,2,10,220,1,1,0,0,0,1,0,0,1,13,0,0,0,0,0,1,0,0,1,0,0,0,0,0,0,0,0,0,0,0,0,1,1,1,21,0,gen_while_no_update_bug_004,WHILE_VARIABLE_NOT_UPDATED
32,720,0,1.0,0,0,0,0,1,4,3,2,2,3,3,10,229,1,1,0,0,0,1,0,0,1,13,0,0,0,0,0,1,0,0,1,0,0,0,0,0,0,0,0,0,0,0,0,1,2,0,30,0,gen_while_no_update_fix_004,NO_ISSUE
7,182,0,1.0,0,0,0,0,1,1,0,0,1,0,2,12,55,0,0,0,0,0,0,0,0,0,0,0,0,0,0,0,0,0,0,0,0,0,0,0,0,0,0,0,0,0,0,0,1,0,1,22,0,gen_while_no_update_bug_005,WHILE_VARIABLE_NOT_UPDATED
8,206,0,1.0,0,0,0,0,1,1,0,0,1,0,2,12,60,0,0,0,0,0,0,0,0,0,0,0,0,0,0,0,0,0,0,0,0,0,0,0,0,0,0,0,0,0,0,0,1,1,0,27,0,gen_while_no_update_fix_005,NO_ISSUE
9,201,0,1.0,0,0,0,0,1,1,1,1,1,1,1,9,60,0,0,0,0,0,0,0,0,0,0,0,0,0,0,0,0,0,0,0,0,0,0,0,0,0,0,0,0,0,0,0,0,0,1,9,0,gen_while_no_update_bug_006,WHILE_VARIABLE_NOT_UPDATED
10,222,0,1.0,0,0,0,0,1,1,1,1,1,1,1,9,65,0,0,0,0,0,0,0,0,0,0,0,0,0,0,0,0,0,0,0,0,0,0,0,0,0,0,0,0,0,0,0,0,1,0,14,0,gen_while_no_update_fix_006,NO_ISSUE
9,210,0,1.0,0,0,0,0,1,1,1,1,1,1,1,9,60,0,0,0,0,0,0,0,0,0,0,0,0,0,0,0,0,0,0,0,0,0,0,0,0,0,0,0,0,0,0,0,0,0,1,9,0,gen_while_no_update_bug_007,WHILE_VARIABLE_NOT_UPDATED
10,234,0,1.0,0,0,0,0,1,1,1,1,1,1,1,9,65,0,0,0,0,0,0,0,0,0,0,0,0,0,0,0,0,0,0,0,0,0,0,0,0,0,0,0,0,0,0,0,0,1,0,14,0,gen_while_no_update_fix_007,NO_ISSUE
7,173,0,1.0,0,0,0,0,1,1,0,0,1,0,2,12,55,0,0,0,0,0,0,0,0,0,0,0,0,0,0,0,0,0,0,0,0,0,0,0,0,0,0,0,0,0,0,0,1,0,1,22,0,gen_while_no_update_bug_008,WHILE_VARIABLE_NOT_UPDATED
8,194,0,1.0,0,0,0,0,1,1,0,0,1,0,2,12,60,0,0,0,0,0,0,0,0,0,0,0,0,0,0,0,0,0,0,0,0,0,0,0,0,0,0,0,0,0,0,0,1,1,0,27,0,gen_while_no_update_fix_008,NO_ISSUE
17,415,0,1.0,0,0,0,0,1,2,2,1,1,1,4,12,143,1,1,0,0,0,1,0,0,1,29,1,0,0,0,0,3,0,0,1,0,0,0,0,0,0,0,0,0,0,0,0,1,0,1,22,0,gen_while_no_update_bug_009,WHILE_VARIABLE_NOT_UPDATED
18,436,0,1.0,0,0,0,0,1,2,2,1,1,1,4,12,148,1,1,0,0,0,1,0,0,1,29,1,0,0,0,0,3,0,0,1,0,0,0,0,0,0,0,0,0,0,0,0,1,1,0,27,0,gen_while_no_update_fix_009,NO_ISSUE
9,201,0,1.0,0,0,0,0,1,1,1,1,1,1,1,9,60,0,0,0,0,0,0,0,0,0,0,0,0,0,0,0,0,0,0,0,0,0,0,0,0,0,0,0,0,0,0,0,0,0,1,9,0,gen_while_no_update_bug_010,WHILE_VARIABLE_NOT_UPDATED
10,222,0,1.0,0,0,0,0,1,1,1,1,1,1,1,9,65,0,0,0,0,0,0,0,0,0,0,0,0,0,0,0,0,0,0,0,0,0,0,0,0,0,0,0,0,0,0,0,0,1,0,14,0,gen_while_no_update_fix_010,NO_ISSUE
22,507,0,1.0,0,0,0,0,1,2,1,1,1,3,2,12,135,0,0,0,0,0,0,0,0,0,0,0,0,0,0,0,0,0,0,0,1,3,2,0,0,1,0,12,0,0,0,0,1,0,1,22,0,gen_while_no_update_bug_011,WHILE_VARIABLE_NOT_UPDATED
23,528,0,1.0,0,0,0,0,1,2,1,1,1,3,2,12,140,0,0,0,0,0,0,0,0,0,0,0,0,0,0,0,0,0,0,0,1,3,2,0,0,1,0,12,0,0,0,0,1,1,0,27,0,gen_while_no_update_fix_011,NO_ISSUE
19,433,0,1.0,0,0,0,0,1,2,3,2,1,2,3,12,148,1,1,0,0,0,1,0,0,1,29,1,0,0,0,0,3,0,0,1,0,0,0,0,0,0,0,0,0,0,0,0,0,0,1,9,0,gen_while_no_update_bug_012,WHILE_VARIABLE_NOT_UPDATED
20,454,0,1.0,0,0,0,0,1,2,3,2,1,2,3,12,153,1,1,0,0,0,1,0,0,1,29,1,0,0,0,0,3,0,0,1,0,0,0,0,0,0,0,0,0,0,0,0,0,1,0,14,0,gen_while_no_update_fix_012,NO_ISSUE
56,1367,0,1.0,0,0,0,0,1,6,6,4,2,4,3,11,418,2,2,0,0,0,2,0,0,2,30,0,0,0,0,0,2,0,0,1,1,3,2,0,0,1,0,12,0,0,0,0,1,1,1,21,0,gen_while_no_update_bug_013,WHILE_VARIABLE_NOT_UPDATED
57,1399,0,1.0,0,0,0,0,1,6,6,4,2,5,4,11,427,2,2,0,0,0,2,0,0,2,30,0,0,0,0,0,2,0,0,1,1,3,2,0,0,1,0,12,0,0,0,0,1,2,0,30,0,gen_while_no_update_fix_013,NO_ISSUE
9,201,0,1.0,0,0,0,0,1,1,1,1,1,1,1,9,60,0,0,0,0,0,0,0,0,0,0,0,0,0,0,0,0,0,0,0,0,0,0,0,0,0,0,0,0,0,0,0,0,0,1,9,0,gen_while_no_update_bug_014,WHILE_VARIABLE_NOT_UPDATED
10,222,0,1.0,0,0,0,0,1,1,1,1,1,1,1,9,65,0,0,0,0,0,0,0,0,0,0,0,0,0,0,0,0,0,0,0,0,0,0,0,0,0,0,0,0,0,0,0,0,1,0,14,0,gen_while_no_update_fix_014,NO_ISSUE
9,203,0,1.0,0,0,0,0,1,1,1,1,1,1,1,9,60,0,0,0,0,0,0,0,0,0,0,0,0,0,0,0,0,0,0,0,0,0,0,0,0,0,0,0,0,0,0,0,0,0,1,9,0,gen_while_no_update_bug_015,WHILE_VARIABLE_NOT_UPDATED
10,224,0,1.0,0,0,0,0,1,1,1,1,1,1,1,9,65,0,0,0,0,0,0,0,0,0,0,0,0,0,0,0,0,0,0,0,0,0,0,0,0,0,0,0,0,0,0,0,0,1,0,14,0,gen_while_no_update_fix_015,NO_ISSUE
9,204,0,1.0,0,0,0,0,1,1,1,1,1,1,1,9,60,0,0,0,0,0,0,0,0,0,0,0,0,0,0,0,0,0,0,0,0,0,0,0,0,0,0,0,0,0,0,0,0,0,1,9,0,gen_while_no_update_bug_016,WHILE_VARIABLE_NOT_UPDATED
10,226,0,1.0,0,0,0,0,1,1,1,1,1,1,1,9,65,0,0,0,0,0,0,0,0,0,0,0,0,0,0,0,0,0,0,0,0,0,0,0,0,0,0,0,0,0,0,0,0,1,0,14,0,gen_while_no_update_fix_016,NO_ISSUE
9,203,0,1.0,0,0,0,0,1,1,1,1,1,1,1,9,60,0,0,0,0,0,0,0,0,0,0,0,0,0,0,0,0,0,0,0,0,0,0,0,0,0,0,0,0,0,0,0,0,0,1,9,0,gen_while_no_update_bug_017,WHILE_VARIABLE_NOT_UPDATED
10,224,0,1.0,0,0,0,0,1,1,1,1,1,1,1,9,65,0,0,0,0,0,0,0,0,0,0,0,0,0,0,0,0,0,0,0,0,0,0,0,0,0,0,0,0,0,0,0,0,1,0,14,0,gen_while_no_update_fix_017,NO_ISSUE
26,612,0,1.0,0,0,0,0,1,3,2,4,1,1,6,12,204,1,1,0,0,0,1,0,0,1,29,3,0,0,0,0,3,0,0,1,0,0,0,0,0,0,0,0,0,0,0,0,1,0,1,22,0,gen_while_no_update_bug_018,WHILE_VARIABLE_NOT_UPDATED
27,633,0,1.0,0,0,0,0,1,3,2,4,1,1,6,12,209,1,1,0,0,0,1,0,0,1,29,3,0,0,0,0,3,0,0,1,0,0,0,0,0,0,0,0,0,0,0,0,1,1,0,27,0,gen_while_no_update_fix_018,NO_ISSUE
7,173,0,1.0,0,0,0,0,1,1,0,0,1,0,2,12,55,0,0,0,0,0,0,0,0,0,0,0,0,0,0,0,0,0,0,0,0,0,0,0,0,0,0,0,0,0,0,0,1,0,1,22,0,gen_while_no_update_bug_019,WHILE_VARIABLE_NOT_UPDATED
8,194,0,1.0,0,0,0,0,1,1,0,0,1,0,2,12,60,0,0,0,0,0,0,0,0,0,0,0,0,0,0,0,0,0,0,0,0,0,0,0,0,0,0,0,0,0,0,0,1,1,0,27,0,gen_while_no_update_fix_019,NO_ISSUE
30,731,0,1.0,0,0,0,0,1,5,2,3,1,0,7,12,242,1,1,0,0,0,1,0,0,1,30,0,0,0,0,0,1,0,0,1,0,0,0,0,0,0,0,0,0,0,0,0,1,0,1,22,0,gen_while_no_update_bug_020,WHILE_VARIABLE_NOT_UPDATED
31,752,0,1.0,0,0,0,0,1,5,2,3,1,0,7,12,247,1,1,0,0,0,1,0,0,1,30,0,0,0,0,0,1,0,0,1,0,0,0,0,0,0,0,0,0,0,0,0,1,1,0,27,0,gen_while_no_update_fix_020,NO_ISSUE
40,944,0,1.0,0,0,0,0,1,5,3,9,1,1,8,11,302,1,1,0,0,0,1,0,0,1,30,4,0,0,0,0,1,0,0,1,0,0,0,0,0,0,0,0,0,0,0,0,0,0,1,9,0,gen_while_no_update_bug_021,WHILE_VARIABLE_NOT_UPDATED
41,965,0,1.0,0,0,0,0,1,5,3,9,1,1,8,11,307,1,1,0,0,0,1,0,0,1,30,4,0,0,0,0,1,0,0,1,0,0,0,0,0,0,0,0,0,0,0,0,0,1,0,14,0,gen_while_no_update_fix_021,NO_ISSUE
39,834,0,1.0,0,0,0,0,1,5,1,10,1,1,9,9,255,0,0,0,0,0,0,0,0,0,0,5,0,3,0,0,0,0,0,0,0,0,0,0,0,0,0,0,0,0,0,0,0,0,1,9,0,gen_while_no_update_bug_022,WHILE_VARIABLE_NOT_UPDATED
40,855,0,1.0,0,0,0,0,1,5,1,10,1,1,9,9,260,0,0,0,0,0,0,0,0,0,0,5,0,3,0,0,0,0,0,0,0,0,0,0,0,0,0,0,0,0,0,0,0,1,0,14,0,gen_while_no_update_fix_022,NO_ISSUE
25,620,0,1.0,0,0,0,0,1,3,3,2,2,1,4,12,199,1,1,0,0,0,1,0,0,1,30,0,0,0,0,0,1,0,0,1,0,0,0,0,0,0,0,0,0,0,0,0,1,1,1,22,0,gen_while_no_update_bug_023,WHILE_VARIABLE_NOT_UPDATED
26,641,0,1.0,0,0,0,0,1,3,3,2,2,1,4,12,204,1,1,0,0,0,1,0,0,1,30,0,0,0,0,0,1,0,0,1,0,0,0,0,0,0,0,0,0,0,0,0,1,2,0,27,0,gen_while_no_update_fix_023,NO_ISSUE
7,173,0,1.0,0,0,0,0,1,1,0,0,1,0,2,12,55,0,0,0,0,0,0,0,0,0,0,0,0,0,0,0,0,0,0,0,0,0,0,0,0,0,0,0,0,0,0,0,1,0,1,22,0,gen_while_no_update_bug_024,WHILE_VARIABLE_NOT_UPDATED
8,194,0,1.0,0,0,0,0,1,1,0,0,1,0,2,12,60,0,0,0,0,0,0,0,0,0,0,0,0,0,0,0,0,0,0,0,0,0,0,0,0,0,0,0,0,0,0,0,1,1,0,27,0,gen_while_no_update_fix_024,NO_ISSUE
18,396,0,1.0,0,0,0,0,1,2,1,4,1,1,3,10,121,0,0,0,0,0,0,0,0,0,0,2,0,0,0,0,0,0,0,0,0,0,0,0,0,0,0,0,0,0,0,0,0,0,1,9,0,gen_while_no_update_bug_025,WHILE_VARIABLE_NOT_UPDATED
19,417,0,1.0,0,0,0,0,1,2,1,4,1,1,3,10,126,0,0,0,0,0,0,0,0,0,0,2,0,0,0,0,0,0,0,0,0,0,0,0,0,0,0,0,0,0,0,0,0,1,0,14,0,gen_while_no_update_fix_025,NO_ISSUE
22,463,0,1.0,0,0,0,0,1,3,2,3,2,2,4,9,136,0,0,0,0,0,0,0,0,0,0,0,0,0,0,0,0,0,0,0,0,0,0,0,0,0,0,0,0,0,0,0,0,1,1,14,0,gen_while_no_update_bug_026,WHILE_VARIABLE_NOT_UPDATED
23,484,0,1.0,0,0,0,0,1,3,2,3,2,2,4,9,141,0,0,0,0,0,0,0,0,0,0,0,0,0,0,0,0,0,0,0,0,0,0,0,0,0,0,0,0,0,0,0,0,2,0,14,0,gen_while_no_update_fix_026,NO_ISSUE
32,725,0,1.0,0,0,0,0,1,3,1,4,1,3,2,11,200,0,0,0,0,0,0,0,0,0,0,2,0,0,0,0,0,0,0,0,1,3,2,0,0,1,0,12,0,0,0,0,1,0,1,21,0,gen_while_no_update_bug_027,WHILE_VARIABLE_NOT_UPDATED
33,756,0,1.0,0,0,0,0,1,3,1,4,1,4,3,11,209,0,0,0,0,0,0,0,0,0,0,2,0,0,0,0,0,0,0,0,1,3,2,0,0,1,0,12,0,0,0,0,1,1,0,30,0,gen_while_no_update_fix_027,NO_ISSUE
44,1022,0,1.0,0,0,0,0,1,5,2,10,1,1,10,12,328,1,1,0,0,0,1,0,0,1,29,7,0,0,0,0,3,0,0,1,0,0,0,0,0,0,0,0,0,0,0,0,1,0,1,22,0,gen_while_no_update_bug_028,WHILE_VARIABLE_NOT_UPDATED
45,1044,0,1.0,0,0,0,0,1,5,2,10,1,1,10,12,333,1,1,0,0,0,1,0,0,1,29,7,0,0,0,0,3,0,0,1,0,0,0,0,0,0,0,0,0,0,0,0,1,1,0,27,0,gen_while_no_update_fix_028,NO_ISSUE
21,459,0,1.0,0,0,0,0,1,3,0,4,1,0,6,12,143,0,0,0,0,0,0,0,0,0,0,2,0,2,0,0,0,0,0,0,0,0,0,0,0,0,0,0,0,0,0,0,1,0,1,22,0,gen_while_no_update_bug_029,WHILE_VARIABLE_NOT_UPDATED
22,480,0,1.0,0,0,0,0,1,3,0,4,1,0,6,12,148,0,0,0,0,0,0,0,0,0,0,2,0,2,0,0,0,0,0,0,0,0,0,0,0,0,0,0,0,0,0,0,1,1,0,27,0,gen_while_no_update_fix_029,NO_ISSUE
8,197,0,1.0,0,0,0,0,1,1,0,0,1,0,0,10,57,0,0,0,0,0,0,0,0,0,0,0,0,0,0,0,0,0,0,0,0,0,0,0,0,0,0,0,0,0,0,0,1,0,1,21,0,gen_while_no_update_bug_030,WHILE_VARIABLE_NOT_UPDATED
9,232,0,1.0,0,0,0,0,1,1,0,0,1,1,1,10,66,0,0,0,0,0,0,0,0,0,0,0,0,0,0,0,0,0,0,0,0,0,0,0,0,0,0,0,0,0,0,0,1,1,0,30,0,gen_while_no_update_fix_030,NO_ISSUE
8,196,0,1.0,0,0,0,0,1,1,0,0,1,0,0,10,57,0,0,0,0,0,0,0,0,0,0,0,0,0,0,0,0,0,0,0,0,0,0,0,0,0,0,0,0,0,0,0,1,0,1,21,0,gen_while_no_update_bug_031,WHILE_VARIABLE_NOT_UPDATED
9,231,0,1.0,0,0,0,0,1,1,0,0,1,1,1,10,66,0,0,0,0,0,0,0,0,0,0,0,0,0,0,0,0,0,0,0,0,0,0,0,0,0,0,0,0,0,0,0,1,1,0,30,0,gen_while_no_update_fix_031,NO_ISSUE
39,864,0,1.0,0,0,0,0,1,3,3,3,1,7,1,11,220,0,0,0,0,0,0,0,0,0,0,0,0,0,0,0,0,0,0,0,2,6,4,0,0,2,0,12,0,0,0,0,0,0,1,9,0,gen_while_no_update_bug_032,WHILE_VARIABLE_NOT_UPDATED
40,885,0,1.0,0,0,0,0,1,3,3,3,1,7,1,11,225,0,0,0,0,0,0,0,0,0,0,0,0,0,0,0,0,0,0,0,2,6,4,0,0,2,0,12,0,0,0,0,0,1,0,14,0,gen_while_no_update_fix_032,NO_ISSUE
43,1025,0,1.0,0,0,0,0,1,5,4,5,1,2,6,12,340,2,2,0,0,0,2,0,0,2,29,4,0,0,0,0,6,0,0,2,0,0,0,0,0,0,0,0,0,0,0,0,1,0,1,21,0,gen_while_no_update_bug_033,WHILE_VARIABLE_NOT_UPDATED
44,1060,0,1.0,0,0,0,0,1,5,4,5,1,3,7,12,349,2,2,0,0,0,2,0,0,2,29,4,0,0,0,0,6,0,0,2,0,0,0,0,0,0,0,0,0,0,0,0,1,1,0,30,0,gen_while_no_update_fix_033,NO_ISSUE
18,468,0,1.0,0,0,0,0,1,2,3,2,1,1,2,11,153,1,1,0,0,0,1,0,0,1,30,0,0,0,0,0,1,0,0,1,0,0,0,0,0,0,0,0,0,0,0,0,0,0,1,9,0,gen_while_no_update_bug_034,WHILE_VARIABLE_NOT_UPDATED
19,489,0,1.0,0,0,0,0,1,2,3,2,1,1,2,11,158,1,1,0,0,0,1,0,0,1,30,0,0,0,0,0,1,0,0,1,0,0,0,0,0,0,0,0,0,0,0,0,0,1,0,14,0,gen_while_no_update_fix_034,NO_ISSUE
9,203,0,1.0,0,0,0,0,1,1,1,1,1,1,1,9,60,0,0,0,0,0,0,0,0,0,0,0,0,0,0,0,0,0,0,0,0,0,0,0,0,0,0,0,0,0,0,0,0,0,1,9,0,gen_while_no_update_bug_035,WHILE_VARIABLE_NOT_UPDATED
10,224,0,1.0,0,0,0,0,1,1,1,1,1,1,1,9,65,0,0,0,0,0,0,0,0,0,0,0,0,0,0,0,0,0,0,0,0,0,0,0,0,0,0,0,0,0,0,0,0,1,0,14,0,gen_while_no_update_fix_035,NO_ISSUE
18,405,0,1.0,0,0,0,0,1,2,1,4,1,1,3,9,123,0,0,0,0,0,0,0,0,0,0,2,0,0,0,0,0,0,0,0,0,0,0,0,0,0,0,0,0,0,0,0,0,0,1,9,0,gen_while_no_update_bug_036,WHILE_VARIABLE_NOT_UPDATED
19,426,0,1.0,0,0,0,0,1,2,1,4,1,1,3,9,128,0,0,0,0,0,0,0,0,0,0,2,0,0,0,0,0,0,0,0,0,0,0,0,0,0,0,0,0,0,0,0,0,1,0,14,0,gen_while_no_update_fix_036,NO_ISSUE
52,1177,0,1.0,0,0,0,0,1,6,5,9,2,3,10,12,388,2,2,0,0,0,2,0,0,2,29,5,0,0,0,0,4,0,0,2,0,0,0,0,0,0,0,0,0,0,0,0,1,1,1,22,0,gen_while_no_update_bug_037,WHILE_VARIABLE_NOT_UPDATED
53,1198,0,1.0,0,0,0,0,1,6,5,9,2,3,10,12,393,2,2,0,0,0,2,0,0,2,29,5,0,0,0,0,4,0,0,2,0,0,0,0,0,0,0,0,0,0,0,0,1,2,0,27,0,gen_while_no_update_fix_037,NO_ISSUE
9,201,0,1.0,0,0,0,0,1,1,1,1,1,1,1,9,60,0,0,0,0,0,0,0,0,0,0,0,0,0,0,0,0,0,0,0,0,0,0,0,0,0,0,0,0,0,0,0,0,0,1,9,0,gen_while_no_update_bug_038,WHILE_VARIABLE_NOT_UPDATED
10,222,0,1.0,0,0,0,0,1,1,1,1,1,1,1,9,65,0,0,0,0,0,0,0,0,0,0,0,0,0,0,0,0,0,0,0,0,0,0,0,0,0,0,0,0,0,0,0,0,1,0,14,0,gen_while_no_update_fix_038,NO_ISSUE
49,1102,0,1.0,0,0,0,0,1,5,3,7,1,4,6,12,330,1,1,0,0,0,1,0,0,1,29,4,0,1,0,0,3,0,0,1,1,3,2,0,0,1,0,12,0,0,0,0,1,0,1,21,0,gen_while_no_update_bug_039,WHILE_VARIABLE_NOT_UPDATED
50,1136,0,1.0,0,0,0,0,1,5,3,7,1,5,7,12,339,1,1,0,0,0,1,0,0,1,29,4,0,1,0,0,3,0,0,1,1,3,2,0,0,1,0,12,0,0,0,0,1,1,0,30,0,gen_while_no_update_fix_039,NO_ISSUE
59,1301,0,1.0,0,0,0,0,1,6,5,5,2,8,4,11,361,1,1,0,0,0,1,0,0,1,13,0,0,0,0,0,1,0,0,1,2,6,4,0,0,2,0,12,0,0,0,0,1,1,1,21,0,gen_while_no_update_bug_040,WHILE_VARIABLE_NOT_UPDATED
60,1336,0,1.0,0,0,0,0,1,6,5,5,2,9,5,11,370,1,1,0,0,0,1,0,0,1,13,0,0,0,0,0,1,0,0,1,2,6,4,0,0,2,0,12,0,0,0,0,1,2,0,30,0,gen_while_no_update_fix_040,NO_ISSUE
32,803,0,1.0,0,0,0,0,1,4,2,4,1,0,3,11,257,1,1,0,0,0,1,0,0,1,30,2,0,0,0,0,1,0,0,1,0,0,0,0,0,0,0,0,0,0,0,0,1,0,1,21,0,gen_while_no_update_bug_041,WHILE_VARIABLE_NOT_UPDATED
33,838,0,1.0,0,0,0,0,1,4,2,4,1,1,4,11,266,1,1,0,0,0,1,0,0,1,30,2,0,0,0,0,1,0,0,1,0,0,0,0,0,0,0,0,0,0,0,0,1,1,0,30,0,gen_while_no_update_fix_041,NO_ISSUE
25,548,0,1.0,0,0,0,0,1,3,1,6,1,1,5,9,167,0,0,0,0,0,0,0,0,0,0,3,0,1,0,0,0,0,0,0,0,0,0,0,0,0,0,0,0,0,0,0,0,0,1,9,0,gen_while_no_update_bug_042,WHILE_VARIABLE_NOT_UPDATED
26,569,0,1.0,0,0,0,0,1,3,1,6,1,1,5,9,172,0,0,0,0,0,0,0,0,0,0,3,0,1,0,0,0,0,0,0,0,0,0,0,0,0,0,0,0,0,0,0,0,1,0,14,0,gen_while_no_update_fix_042,NO_ISSUE
24,598,0,1.0,0,0,0,0,1,3,2,3,1,0,3,11,194,1,1,0,0,0,1,0,0,1,30,1,0,1,0,0,1,0,0,1,0,0,0,0,0,0,0,0,0,0,0,0,1,0,1,21,0,gen_while_no_update_bug_043,WHILE_VARIABLE_NOT_UPDATED
25,629,0,1.0,0,0,0,0,1,3,2,3,1,1,4,11,203,1,1,0,0,0,1,0,0,1,30,1,0,1,0,0,1,0,0,1,0,0,0,0,0,0,0,0,0,0,0,0,1,1,0,30,0,gen_while_no_update_fix_043,NO_ISSUE
46,1035,0,1.0,0,0,0,0,1,5,1,7,1,3,6,12,301,0,0,0,0,0,0,0,0,0,0,4,0,0,0,0,0,0,0,0,1,3,2,0,0,1,0,12,0,0,0,0,1,0,1,22,0,gen_while_no_update_bug_044,WHILE_VARIABLE_NOT_UPDATED
47,1056,0,1.0,0,0,0,0,1,5,1,7,1,3,6,12,306,0,0,0,0,0,0,0,0,0,0,4,0,0,0,0,0,0,0,0,1,3,2,0,0,1,0,12,0,0,0,0,1,1,0,27,0,gen_while_no_update_fix_044,NO_ISSUE
8,194,0,1.0,0,0,0,0,1,1,0,0,1,0,0,10,57,0,0,0,0,0,0,0,0,0,0,0,0,0,0,0,0,0,0,0,0,0,0,0,0,0,0,0,0,0,0,0,1,0,1,21,0,gen_while_no_update_bug_045,WHILE_VARIABLE_NOT_UPDATED
9,228,0,1.0,0,0,0,0,1,1,0,0,1,1,1,10,66,0,0,0,0,0,0,0,0,0,0,0,0,0,0,0,0,0,0,0,0,0,0,0,0,0,0,0,0,0,0,0,1,1,0,30,0,gen_while_no_update_fix_045,NO_ISSUE
19,448,0,1.0,0,0,0,0,1,2,3,2,1,2,3,12,148,1,1,0,0,0,1,0,0,1,29,1,0,0,0,0,3,0,0,1,0,0,0,0,0,0,0,0,0,0,0,0,0,0,1,9,0,gen_while_no_update_bug_046,WHILE_VARIABLE_NOT_UPDATED
20,470,0,1.0,0,0,0,0,1,2,3,2,1,2,3,12,153,1,1,0,0,0,1,0,0,1,29,1,0,0,0,0,3,0,0,1,0,0,0,0,0,0,0,0,0,0,0,0,0,1,0,14,0,gen_while_no_update_fix_046,NO_ISSUE
57,1342,0,1.0,0,0,0,0,1,7,5,8,2,2,10,12,438,2,2,0,0,0,2,0,0,2,30,4,0,1,0,0,4,0,0,2,0,0,0,0,0,0,0,0,0,0,0,0,1,1,1,22,0,gen_while_no_update_bug_047,WHILE_VARIABLE_NOT_UPDATED
58,1363,0,1.0,0,0,0,0,1,7,5,8,2,2,10,12,443,2,2,0,0,0,2,0,0,2,30,4,0,1,0,0,4,0,0,2,0,0,0,0,0,0,0,0,0,0,0,0,1,2,0,27,0,gen_while_no_update_fix_047,NO_ISSUE
18,426,0,1.0,0,0,0,0,1,2,2,1,1,1,2,12,145,1,1,0,0,0,1,0,0,1,29,1,0,0,0,0,3,0,0,1,0,0,0,0,0,0,0,0,0,0,0,0,1,0,1,21,0,gen_while_no_update_bug_048,WHILE_VARIABLE_NOT_UPDATED
19,460,0,1.0,0,0,0,0,1,2,2,1,1,2,3,12,154,1,1,0,0,0,1,0,0,1,29,1,0,0,0,0,3,0,0,1,0,0,0,0,0,0,0,0,0,0,0,0,1,1,0,30,0,gen_while_no_update_fix_048,NO_ISSUE
22,510,0,1.0,0,0,0,0,1,3,0,3,1,0,4,12,162,0,0,0,0,0,0,0,0,0,0,2,0,0,0,0,0,0,0,0,0,0,0,0,0,0,0,0,0,0,0,0,1,0,1,22,0,gen_while_no_update_bug_049,WHILE_VARIABLE_NOT_UPDATED
23,531,0,1.0,0,0,0,0,1,3,0,3,1,0,4,12,167,0,0,0,0,0,0,0,0,0,0,2,0,0,0,0,0,0,0,0,0,0,0,0,0,0,0,0,0,0,0,0,1,1,0,27,0,gen_while_no_update_fix_049,NO_ISSUE
16,357,0,1.0,0,0,0,0,1,2,1,1,2,1,3,12,106,0,0,0,0,0,0,0,0,0,0,0,0,0,0,0,0,0,0,0,0,0,0,0,0,0,0,0,0,0,0,0,1,1,1,22,0,gen_while_no_update_bug_050,WHILE_VARIABLE_NOT_UPDATED
17,378,0,1.0,0,0,0,0,1,2,1,1,2,1,3,12,111,0,0,0,0,0,0,0,0,0,0,0,0,0,0,0,0,0,0,0,0,0,0,0,0,0,0,0,0,0,0,0,1,2,0,27,0,gen_while_no_update_fix_050,NO_ISSUE
16,365,0,1.0,0,0,0,0,1,2,1,1,2,1,3,12,106,0,0,0,0,0,0,0,0,0,0,0,0,0,0,0,0,0,0,0,0,0,0,0,0,0,0,0,0,0,0,0,1,1,1,22,0,gen_while_no_update_bug_051,WHILE_VARIABLE_NOT_UPDATED
17,386,0,1.0,0,0,0,0,1,2,1,1,2,1,3,12,111,0,0,0,0,0,0,0,0,0,0,0,0,0,0,0,0,0,0,0,0,0,0,0,0,0,0,0,0,0,0,0,1,2,0,27,0,gen_while_no_update_fix_051,NO_ISSUE
16,353,0,1.0,0,0,0,0,1,2,1,1,2,1,3,12,106,0,0,0,0,0,0,0,0,0,0,0,0,0,0,0,0,0,0,0,0,0,0,0,0,0,0,0,0,0,0,0,1,1,1,22,0,gen_while_no_update_bug_052,WHILE_VARIABLE_NOT_UPDATED
17,374,0,1.0,0,0,0,0,1,2,1,1,2,1,3,12,111,0,0,0,0,0,0,0,0,0,0,0,0,0,0,0,0,0,0,0,0,0,0,0,0,0,0,0,0,0,0,0,1,2,0,27,0,gen_while_no_update_fix_052,NO_ISSUE
24,557,0,1.0,0,0,0,0,1,3,2,4,1,1,5,12,186,1,1,0,0,0,1,0,0,1,13,2,0,0,0,0,1,0,0,1,0,0,0,0,0,0,0,0,0,0,0,0,1,0,1,22,0,gen_while_no_update_bug_053,WHILE_VARIABLE_NOT_UPDATED
25,578,0,1.0,0,0,0,0,1,3,2,4,1,1,5,12,191,1,1,0,0,0,1,0,0,1,13,2,0,0,0,0,1,0,0,1,0,0,0,0,0,0,0,0,0,0,0,0,1,1,0,27,0,gen_while_no_update_fix_053,NO_ISSUE
9,201,0,1.0,0,0,0,0,1,1,1,1,1,1,1,9,60,0,0,0,0,0,0,0,0,0,0,0,0,0,0,0,0,0,0,0,0,0,0,0,0,0,0,0,0,0,0,0,0,0,1,9,0,gen_while_no_update_bug_054,WHILE_VARIABLE_NOT_UPDATED
10,222,0,1.0,0,0,0,0,1,1,1,1,1,1,1,9,65,0,0,0,0,0,0,0,0,0,0,0,0,0,0,0,0,0,0,0,0,0,0,0,0,0,0,0,0,0,0,0,0,1,0,14,0,gen_while_no_update_fix_054,NO_ISSUE
8,188,0,1.0,0,0,0,0,1,1,0,0,1,0,0,10,57,0,0,0,0,0,0,0,0,0,0,0,0,0,0,0,0,0,0,0,0,0,0,0,0,0,0,0,0,0,0,0,1,0,1,21,0,gen_while_no_update_bug_055,WHILE_VARIABLE_NOT_UPDATED
9,219,0,1.0,0,0,0,0,1,1,0,0,1,1,1,10,66,0,0,0,0,0,0,0,0,0,0,0,0,0,0,0,0,0,0,0,0,0,0,0,0,0,0,0,0,0,0,0,1,1,0,30,0,gen_while_no_update_fix_055,NO_ISSUE
9,201,0,1.0,0,0,0,0,1,1,1,1,1,1,1,9,60,0,0,0,0,0,0,0,0,0,0,0,0,0,0,0,0,0,0,0,0,0,0,0,0,0,0,0,0,0,0,0,0,0,1,9,0,gen_while_no_update_bug_056,WHILE_VARIABLE_NOT_UPDATED
10,222,0,1.0,0,0,0,0,1,1,1,1,1,1,1,9,65,0,0,0,0,0,0,0,0,0,0,0,0,0,0,0,0,0,0,0,0,0,0,0,0,0,0,0,0,0,0,0,0,1,0,14,0,gen_while_no_update_fix_056,NO_ISSUE
16,368,0,1.0,0,0,0,0,1,2,2,1,1,1,1,10,125,1,1,0,0,0,1,0,0,1,13,0,0,0,0,0,1,0,0,1,0,0,0,0,0,0,0,0,0,0,0,0,1,0,1,21,0,gen_while_no_update_bug_057,WHILE_VARIABLE_NOT_UPDATED
17,399,0,1.0,0,0,0,0,1,2,2,1,1,2,2,10,134,1,1,0,0,0,1,0,0,1,13,0,0,0,0,0,1,0,0,1,0,0,0,0,0,0,0,0,0,0,0,0,1,1,0,30,0,gen_while_no_update_fix_057,NO_ISSUE
23,548,0,1.0,0,0,0,0,1,3,2,1,1,1,4,12,187,1,1,0,0,0,1,0,0,1,29,1,0,0,0,0,3,0,0,1,0,0,0,0,0,0,0,0,0,0,0,0,1,0,1,22,0,gen_while_no_update_bug_058,WHILE_VARIABLE_NOT_UPDATED
24,570,0,1.0,0,0,0,0,1,3,2,1,1,1,4,12,192,1,1,0,0,0,1,0,0,1,29,1,0,0,0,0,3,0,0,1,0,0,0,0,0,0,0,0,0,0,0,0,1,1,0,27,0,gen_while_no_update_fix_058,NO_ISSUE
51,1209,0,1.0,0,0,0,0,1,6,5,6,2,2,6,12,394,2,2,0,0,0,2,0,0,2,30,3,0,0,0,0,4,0,0,2,0,0,0,0,0,0,0,0,0,0,0,0,1,1,1,21,0,gen_while_no_update_bug_059,WHILE_VARIABLE_NOT_UPDATED
52,1243,0,1.0,0,0,0,0,1,6,5,6,2,3,7,12,403,2,2,0,0,0,2,0,0,2,30,3,0,0,0,0,4,0,0,2,0,0,0,0,0,0,0,0,0,0,0,0,1,2,0,30,0,gen_while_no_update_fix_059,NO_ISSUE
44,1139,0,1.0,0,0,0,0,1,5,6,6,1,1,8,12,390,3,3,0,0,0,3,0,0,3,30,3,0,0,0,0,5,0,0,2,0,0,0,0,0,0,0,0,0,0,0,0,1,0,1,22,0,gen_while_no_update_bug_060,WHILE_VARIABLE_NOT_UPDATED
45,1160,0,1.0,0,0,0,0,1,5,6,6,1,1,8,12,395,3,3,0,0,0,3,0,0,3,30,3,0,0,0,0,5,0,0,2,0,0,0,0,0,0,0,0,0,0,0,0,1,1,0,27,0,gen_while_no_update_fix_060,NO_ISSUE
8,190,0,1.0,0,0,0,0,1,1,0,0,1,0,0,10,57,0,0,0,0,0,0,0,0,0,0,0,0,0,0,0,0,0,0,0,0,0,0,0,0,0,0,0,0,0,0,0,1,0,1,21,0,gen_while_no_update_bug_061,WHILE_VARIABLE_NOT_UPDATED
9,222,0,1.0,0,0,0,0,1,1,0,0,1,1,1,10,66,0,0,0,0,0,0,0,0,0,0,0,0,0,0,0,0,0,0,0,0,0,0,0,0,0,0,0,0,0,0,0,1,1,0,30,0,gen_while_no_update_fix_061,NO_ISSUE
16,440,0,1.0,0,0,0,0,1,2,2,1,1,0,3,12,148,1,1,0,0,0,1,0,0,1,30,0,0,0,0,0,1,0,0,1,0,0,0,0,0,0,0,0,0,0,0,0,1,0,1,22,0,gen_while_no_update_bug_062,WHILE_VARIABLE_NOT_UPDATED
17,461,0,1.0,0,0,0,0,1,2,2,1,1,0,3,12,153,1,1,0,0,0,1,0,0,1,30,0,0,0,0,0,1,0,0,1,0,0,0,0,0,0,0,0,0,0,0,0,1,1,0,27,0,gen_while_no_update_fix_062,NO_ISSUE
36,807,0,1.0,0,0,0,0,1,5,0,7,1,0,6,10,252,0,0,0,0,0,0,0,0,0,0,4,0,0,0,0,0,0,0,0,0,0,0,0,0,0,0,0,0,0,0,0,1,0,1,21,0,gen_while_no_update_bug_063,WHILE_VARIABLE_NOT_UPDATED
37,839,0,1.0,0,0,0,0,1,5,0,7,1,1,7,10,261,0,0,0,0,0,0,0,0,0,0,4,0,0,0,0,0,0,0,0,0,0,0,0,0,0,0,0,0,0,0,0,1,1,0,30,0,gen_while_no_update_fix_063,NO_ISSUE
8,194,0,1.0,0,0,0,0,1,1,0,0,1,0,0,10,57,0,0,0,0,0,0,0,0,0,0,0,0,0,0,0,0,0,0,0,0,0,0,0,0,0,0,0,0,0,0,0,1,0,1,21,0,gen_while_no_update_bug_064,WHILE_VARIABLE_NOT_UPDATED
9,228,0,1.0,0,0,0,0,1,1,0,0,1,1,1,10,66,0,0,0,0,0,0,0,0,0,0,0,0,0,0,0,0,0,0,0,0,0,0,0,0,0,0,0,0,0,0,0,1,1,0,30,0,gen_while_no_update_fix_064,NO_ISSUE
22,459,0,1.0,0,0,0,0,1,3,2,3,2,2,4,9,136,0,0,0,0,0,0,0,0,0,0,0,0,0,0,0,0,0,0,0,0,0,0,0,0,0,0,0,0,0,0,0,0,1,1,14,0,gen_while_no_update_bug_065,WHILE_VARIABLE_NOT_UPDATED
23,480,0,1.0,0,0,0,0,1,3,2,3,2,2,4,9,141,0,0,0,0,0,0,0,0,0,0,0,0,0,0,0,0,0,0,0,0,0,0,0,0,0,0,0,0,0,0,0,0,2,0,14,0,gen_while_no_update_fix_065,NO_ISSUE
7,173,0,1.0,0,0,0,0,1,1,0,0,1,0,2,12,55,0,0,0,0,0,0,0,0,0,0,0,0,0,0,0,0,0,0,0,0,0,0,0,0,0,0,0,0,0,0,0,1,0,1,22,0,gen_while_no_update_bug_066,WHILE_VARIABLE_NOT_UPDATED
8,194,0,1.0,0,0,0,0,1,1,0,0,1,0,2,12,60,0,0,0,0,0,0,0,0,0,0,0,0,0,0,0,0,0,0,0,0,0,0,0,0,0,0,0,0,0,0,0,1,1,0,27,0,gen_while_no_update_fix_066,NO_ISSUE
7,173,0,1.0,0,0,0,0,1,1,0,0,1,0,2,12,55,0,0,0,0,0,0,0,0,0,0,0,0,0,0,0,0,0,0,0,0,0,0,0,0,0,0,0,0,0,0,0,1,0,1,22,0,gen_while_no_update_bug_067,WHILE_VARIABLE_NOT_UPDATED
8,194,0,1.0,0,0,0,0,1,1,0,0,1,0,2,12,60,0,0,0,0,0,0,0,0,0,0,0,0,0,0,0,0,0,0,0,0,0,0,0,0,0,0,0,0,0,0,0,1,1,0,27,0,gen_while_no_update_fix_067,NO_ISSUE
23,514,0,1.0,0,0,0,0,1,3,2,3,1,1,3,10,169,1,1,0,0,0,1,0,0,1,13,1,0,1,0,0,1,0,0,1,0,0,0,0,0,0,0,0,0,0,0,0,1,0,1,21,0,gen_while_no_update_bug_068,WHILE_VARIABLE_NOT_UPDATED
24,545,0,1.0,0,0,0,0,1,3,2,3,1,2,4,10,178,1,1,0,0,0,1,0,0,1,13,1,0,1,0,0,1,0,0,1,0,0,0,0,0,0,0,0,0,0,0,0,1,1,0,30,0,gen_while_no_update_fix_068,NO_ISSUE
43,1006,0,1.0,0,0,0,0,1,5,4,7,1,2,10,12,336,2,2,0,0,0,2,0,0,2,29,5,0,1,0,0,6,0,0,1,0,0,0,0,0,0,0,0,0,0,0,0,1,0,1,22,0,gen_while_no_update_bug_069,WHILE_VARIABLE_NOT_UPDATED
44,1030,0,1.0,0,0,0,0,1,5,4,7,1,2,10,12,341,2,2,0,0,0,2,0,0,2,29,5,0,1,0,0,6,0,0,1,0,0,0,0,0,0,0,0,0,0,0,0,1,1,0,27,0,gen_while_no_update_fix_069,NO_ISSUE
21,470,0,1.0,0,0,0,0,1,3,1,1,1,1,1,10,148,0,0,0,0,0,0,0,0,0,0,0,0,0,0,0,0,0,0,0,0,0,0,0,0,0,0,0,0,0,0,0,0,0,1,9,0,gen_while_no_update_bug_070,WHILE_VARIABLE_NOT_UPDATED
22,492,0,1.0,0,0,0,0,1,3,1,1,1,1,1,10,153,0,0,0,0,0,0,0,0,0,0,0,0,0,0,0,0,0,0,0,0,0,0,0,0,0,0,0,0,0,0,0,0,1,0,14,0,gen_while_no_update_fix_070,NO_ISSUE
7,173,0,1.0,0,0,0,0,1,1,0,0,1,0,2,12,55,0,0,0,0,0,0,0,0,0,0,0,0,0,0,0,0,0,0,0,0,0,0,0,0,0,0,0,0,0,0,0,1,0,1,22,0,gen_while_no_update_bug_071,WHILE_VARIABLE_NOT_UPDATED
8,194,0,1.0,0,0,0,0,1,1,0,0,1,0,2,12,60,0,0,0,0,0,0,0,0,0,0,0,0,0,0,0,0,0,0,0,0,0,0,0,0,0,0,0,0,0,0,0,1,1,0,27,0,gen_while_no_update_fix_071,NO_ISSUE
51,1166,0,1.0,0,0,0,0,1,6,5,9,1,3,8,12,386,2,2,0,0,0,2,0,0,2,29,5,0,0,0,0,4,0,0,1,0,0,0,0,0,0,0,0,0,0,0,0,0,0,1,9,0,gen_while_no_update_bug_072,WHILE_VARIABLE_NOT_UPDATED
52,1187,0,1.0,0,0,0,0,1,6,5,9,1,3,8,12,391,2,2,0,0,0,2,0,0,2,29,5,0,0,0,0,4,0,0,1,0,0,0,0,0,0,0,0,0,0,0,0,0,1,0,14,0,gen_while_no_update_fix_072,NO_ISSUE
9,203,0,1.0,0,0,0,0,1,1,1,1,1,1,1,9,60,0,0,0,0,0,0,0,0,0,0,0,0,0,0,0,0,0,0,0,0,0,0,0,0,0,0,0,0,0,0,0,0,0,1,9,0,gen_while_no_update_bug_073,WHILE_VARIABLE_NOT_UPDATED
10,224,0,1.0,0,0,0,0,1,1,1,1,1,1,1,9,65,0,0,0,0,0,0,0,0,0,0,0,0,0,0,0,0,0,0,0,0,0,0,0,0,0,0,0,0,0,0,0,0,1,0,14,0,gen_while_no_update_fix_073,NO_ISSUE
9,207,0,1.0,0,0,0,0,1,1,1,1,1,1,1,9,60,0,0,0,0,0,0,0,0,0,0,0,0,0,0,0,0,0,0,0,0,0,0,0,0,0,0,0,0,0,0,0,0,0,1,9,0,gen_while_no_update_bug_074,WHILE_VARIABLE_NOT_UPDATED
10,228,0,1.0,0,0,0,0,1,1,1,1,1,1,1,9,65,0,0,0,0,0,0,0,0,0,0,0,0,0,0,0,0,0,0,0,0,0,0,0,0,0,0,0,0,0,0,0,0,1,0,14,0,gen_while_no_update_fix_074,NO_ISSUE
7,173,0,1.0,0,0,0,0,1,1,0,0,1,0,2,12,55,0,0,0,0,0,0,0,0,0,0,0,0,0,0,0,0,0,0,0,0,0,0,0,0,0,0,0,0,0,0,0,1,0,1,22,0,gen_while_no_update_bug_075,WHILE_VARIABLE_NOT_UPDATED
8,194,0,1.0,0,0,0,0,1,1,0,0,1,0,2,12,60,0,0,0,0,0,0,0,0,0,0,0,0,0,0,0,0,0,0,0,0,0,0,0,0,0,0,0,0,0,0,0,1,1,0,27,0,gen_while_no_update_fix_075,NO_ISSUE
28,641,0,1.0,0,0,0,0,1,3,3,5,1,2,5,12,209,1,1,0,0,0,1,0,0,1,29,3,0,0,0,0,3,0,0,1,0,0,0,0,0,0,0,0,0,0,0,0,0,0,1,9,0,gen_while_no_update_bug_076,WHILE_VARIABLE_NOT_UPDATED
29,663,0,1.0,0,0,0,0,1,3,3,5,1,2,5,12,214,1,1,0,0,0,1,0,0,1,29,3,0,0,0,0,3,0,0,1,0,0,0,0,0,0,0,0,0,0,0,0,0,1,0,14,0,gen_while_no_update_fix_076,NO_ISSUE
7,173,0,1.0,0,0,0,0,1,1,0,0,1,0,2,12,55,0,0,0,0,0,0,0,0,0,0,0,0,0,0,0,0,0,0,0,0,0,0,0,0,0,0,0,0,0,0,0,1,0,1,22,0,gen_while_no_update_bug_077,WHILE_VARIABLE_NOT_UPDATED
8,194,0,1.0,0,0,0,0,1,1,0,0,1,0,2,12,60,0,0,0,0,0,0,0,0,0,0,0,0,0,0,0,0,0,0,0,0,0,0,0,0,0,0,0,0,0,0,0,1,1,0,27,0,gen_while_no_update_fix_077,NO_ISSUE
7,176,0,1.0,0,0,0,0,1,1,0,0,1,0,2,12,55,0,0,0,0,0,0,0,0,0,0,0,0,0,0,0,0,0,0,0,0,0,0,0,0,0,0,0,0,0,0,0,1,0,1,22,0,gen_while_no_update_bug_078,WHILE_VARIABLE_NOT_UPDATED
8,198,0,1.0,0,0,0,0,1,1,0,0,1,0,2,12,60,0,0,0,0,0,0,0,0,0,0,0,0,0,0,0,0,0,0,0,0,0,0,0,0,0,0,0,0,0,0,0,1,1,0,27,0,gen_while_no_update_fix_078,NO_ISSUE
45,1053,0,1.0,0,0,0,0,1,6,2,10,1,0,11,12,339,1,1,0,0,0,1,0,0,1,30,5,0,1,0,0,1,0,0,1,0,0,0,0,0,0,0,0,0,0,0,0,1,0,1,22,0,gen_while_no_update_bug_079,WHILE_VARIABLE_NOT_UPDATED
46,1074,0,1.0,0,0,0,0,1,6,2,10,1,0,11,12,344,1,1,0,0,0,1,0,0,1,30,5,0,1,0,0,1,0,0,1,0,0,0,0,0,0,0,0,0,0,0,0,1,1,0,27,0,gen_while_no_update_fix_079,NO_ISSUE
8,196,0,1.0,0,0,0,0,1,1,0,0,1,0,0,10,57,0,0,0,0,0,0,0,0,0,0,0,0,0,0,0,0,0,0,0,0,0,0,0,0,0,0,0,0,0,0,0,1,0,1,21,0,gen_while_no_update_bug_080,WHILE_VARIABLE_NOT_UPDATED
9,231,0,1.0,0,0,0,0,1,1,0,0,1,1,1,10,66,0,0,0,0,0,0,0,0,0,0,0,0,0,0,0,0,0,0,0,0,0,0,0,0,0,0,0,0,0,0,0,1,1,0,30,0,gen_while_no_update_fix_080,NO_ISSUE
35,758,0,1.0,0,0,0,0,1,4,2,5,3,2,4,10,220,0,0,0,0,0,0,0,0,0,0,2,0,0,0,0,0,0,0,0,0,0,0,0,0,0,0,0,0,0,0,0,1,2,1,21,0,gen_while_no_update_bug_081,WHILE_VARIABLE_NOT_UPDATED
36,792,0,1.0,0,0,0,0,1,4,2,5,3,3,5,10,229,0,0,0,0,0,0,0,0,0,0,2,0,0,0,0,0,0,0,0,0,0,0,0,0,0,0,0,0,0,0,0,1,3,0,30,0,gen_while_no_update_fix_081,NO_ISSUE
13,302,0,1.0,0,0,0,0,1,2,0,0,1,0,2,12,99,0,0,0,0,0,0,0,0,0,0,0,0,0,0,0,0,0,0,0,0,0,0,0,0,0,0,0,0,0,0,0,1,0,1,22,0,gen_while_no_update_bug_082,WHILE_VARIABLE_NOT_UPDATED
14,323,0,1.0,0,0,0,0,1,2,0,0,1,0,2,12,104,0,0,0,0,0,0,0,0,0,0,0,0,0,0,0,0,0,0,0,0,0,0,0,0,0,0,0,0,0,0,0,1,1,0,27,0,gen_while_no_update_fix_082,NO_ISSUE
7,182,0,1.0,0,0,0,0,1,1,0,0,1,0,2,12,55,0,0,0,0,0,0,0,0,0,0,0,0,0,0,0,0,0,0,0,0,0,0,0,0,0,0,0,0,0,0,0,1,0,1,22,0,gen_while_no_update_bug_083,WHILE_VARIABLE_NOT_UPDATED
8,206,0,1.0,0,0,0,0,1,1,0,0,1,0,2,12,60,0,0,0,0,0,0,0,0,0,0,0,0,0,0,0,0,0,0,0,0,0,0,0,0,0,0,0,0,0,0,0,1,1,0,27,0,gen_while_no_update_fix_083,NO_ISSUE
69,1569,0,1.0,0,0,0,0,1,9,6,11,3,3,13,12,495,2,2,0,0,0,2,0,0,2,30,4,0,1,0,0,4,0,0,2,0,0,0,0,0,0,0,0,0,0,0,0,1,2,1,21,0,gen_while_no_update_bug_084,WHILE_VARIABLE_NOT_UPDATED
70,1603,0,1.0,0,0,0,0,1,9,6,11,3,4,14,12,504,2,2,0,0,0,2,0,0,2,30,4,0,1,0,0,4,0,0,2,0,0,0,0,0,0,0,0,0,0,0,0,1,3,0,30,0,gen_while_no_update_fix_084,NO_ISSUE
42,940,0,1.0,0,0,0,0,1,5,6,4,2,4,5,12,311,2,2,0,0,0,2,0,0,2,29,1,0,0,0,0,4,0,0,2,0,0,0,0,0,0,0,0,0,0,0,0,0,1,1,14,0,gen_while_no_update_bug_085,WHILE_VARIABLE_NOT_UPDATED
43,964,0,1.0,0,0,0,0,1,5,6,4,2,4,5,12,316,2,2,0,0,0,2,0,0,2,29,1,0,0,0,0,4,0,0,2,0,0,0,0,0,0,0,0,0,0,0,0,0,2,0,14,0,gen_while_no_update_fix_085,NO_ISSUE
8,192,0,1.0,0,0,0,0,1,1,0,0,1,0,0,10,57,0,0,0,0,0,0,0,0,0,0,0,0,0,0,0,0,0,0,0,0,0,0,0,0,0,0,0,0,0,0,0,1,0,1,21,0,gen_while_no_update_bug_086,WHILE_VARIABLE_NOT_UPDATED
9,225,0,1.0,0,0,0,0,1,1,0,0,1,1,1,10,66,0,0,0,0,0,0,0,0,0,0,0,0,0,0,0,0,0,0,0,0,0,0,0,0,0,0,0,0,0,0,0,1,1,0,30,0,gen_while_no_update_fix_086,NO_ISSUE
9,201,0,1.0,0,0,0,0,1,1,1,1,1,1,1,9,60,0,0,0,0,0,0,0,0,0,0,0,0,0,0,0,0,0,0,0,0,0,0,0,0,0,0,0,0,0,0,0,0,0,1,9,0,gen_while_no_update_bug_087,WHILE_VARIABLE_NOT_UPDATED
10,222,0,1.0,0,0,0,0,1,1,1,1,1,1,1,9,65,0,0,0,0,0,0,0,0,0,0,0,0,0,0,0,0,0,0,0,0,0,0,0,0,0,0,0,0,0,0,0,0,1,0,14,0,gen_while_no_update_fix_087,NO_ISSUE
23,522,0,1.0,0,0,0,0,1,2,1,1,1,3,0,11,137,0,0,0,0,0,0,0,0,0,0,0,0,0,0,0,0,0,0,0,1,3,2,0,0,1,0,12,0,0,0,0,1,0,1,21,0,gen_while_no_update_bug_088,WHILE_VARIABLE_NOT_UPDATED
24,554,0,1.0,0,0,0,0,1,2,1,1,1,4,1,11,146,0,0,0,0,0,0,0,0,0,0,0,0,0,0,0,0,0,0,0,1,3,2,0,0,1,0,12,0,0,0,0,1,1,0,30,0,gen_while_no_update_fix_088,NO_ISSUE
16,377,0,1.0,0,0,0,0,1,2,0,3,1,0,4,12,116,0,0,0,0,0,0,0,0,0,0,2,0,0,0,0,0,0,0,0,0,0,0,0,0,0,0,0,0,0,0,0,1,0,1,22,0,gen_while_no_update_bug_089,WHILE_VARIABLE_NOT_UPDATED
17,401,0,1.0,0,0,0,0,1,2,0,3,1,0,4,12,121,0,0,0,0,0,0,0,0,0,0,2,0,0,0,0,0,0,0,0,0,0,0,0,0,0,0,0,0,0,0,0,1,1,0,27,0,gen_while_no_update_fix_089,NO_ISSUE
9,201,0,1.0,0,0,0,0,1,1,1,1,1,1,1,9,60,0,0,0,0,0,0,0,0,0,0,0,0,0,0,0,0,0,0,0,0,0,0,0,0,0,0,0,0,0,0,0,0,0,1,9,0,gen_while_no_update_bug_090,WHILE_VARIABLE_NOT_UPDATED
10,222,0,1.0,0,0,0,0,1,1,1,1,1,1,1,9,65,0,0,0,0,0,0,0,0,0,0,0,0,0,0,0,0,0,0,0,0,0,0,0,0,0,0,0,0,0,0,0,0,1,0,14,0,gen_while_no_update_fix_090,NO_ISSUE
9,201,0,1.0,0,0,0,0,1,1,1,1,1,1,1,9,60,0,0,0,0,0,0,0,0,0,0,0,0,0,0,0,0,0,0,0,0,0,0,0,0,0,0,0,0,0,0,0,0,0,1,9,0,gen_while_no_update_bug_091,WHILE_VARIABLE_NOT_UPDATED
10,222,0,1.0,0,0,0,0,1,1,1,1,1,1,1,9,65,0,0,0,0,0,0,0,0,0,0,0,0,0,0,0,0,0,0,0,0,0,0,0,0,0,0,0,0,0,0,0,0,1,0,14,0,gen_while_no_update_fix_091,NO_ISSUE
8,190,0,1.0,0,0,0,0,1,1,0,0,1,0,0,10,57,0,0,0,0,0,0,0,0,0,0,0,0,0,0,0,0,0,0,0,0,0,0,0,0,0,0,0,0,0,0,0,1,0,1,21,0,gen_while_no_update_bug_092,WHILE_VARIABLE_NOT_UPDATED
9,222,0,1.0,0,0,0,0,1,1,0,0,1,1,1,10,66,0,0,0,0,0,0,0,0,0,0,0,0,0,0,0,0,0,0,0,0,0,0,0,0,0,0,0,0,0,0,0,1,1,0,30,0,gen_while_no_update_fix_092,NO_ISSUE
40,853,0,1.0,0,0,0,0,1,6,4,5,2,3,7,10,273,1,1,0,0,0,1,0,0,1,13,0,0,0,0,0,1,0,0,1,0,0,0,0,0,0,0,0,0,0,0,0,0,1,1,14,0,gen_while_no_update_bug_093,WHILE_VARIABLE_NOT_UPDATED
41,874,0,1.0,0,0,0,0,1,6,4,5,2,3,7,10,278,1,1,0,0,0,1,0,0,1,13,0,0,0,0,0,1,0,0,1,0,0,0,0,0,0,0,0,0,0,0,0,0,2,0,14,0,gen_while_no_update_fix_093,NO_ISSUE
20,424,0,1.0,0,0,0,0,1,3,1,4,1,1,5,9,129,0,0,0,0,0,0,0,0,0,0,1,0,1,0,0,0,0,0,0,0,0,0,0,0,0,0,0,0,0,0,0,0,0,1,9,0,gen_while_no_update_bug_094,WHILE_VARIABLE_NOT_UPDATED
21,445,0,1.0,0,0,0,0,1,3,1,4,1,1,5,9,134,0,0,0,0,0,0,0,0,0,0,1,0,1,0,0,0,0,0,0,0,0,0,0,0,0,0,0,0,0,0,0,0,1,0,14,0,gen_while_no_update_fix_094,NO_ISSUE
9,203,0,1.0,0,0,0,0,1,1,1,1,1,1,1,9,60,0,0,0,0,0,0,0,0,0,0,0,0,0,0,0,0,0,0,0,0,0,0,0,0,0,0,0,0,0,0,0,0,0,1,9,0,gen_while_no_update_bug_095,WHILE_VARIABLE_NOT_UPDATED
10,224,0,1.0,0,0,0,0,1,1,1,1,1,1,1,9,65,0,0,0,0,0,0,0,0,0,0,0,0,0,0,0,0,0,0,0,0,0,0,0,0,0,0,0,0,0,0,0,0,1,0,14,0,gen_while_no_update_fix_095,NO_ISSUE
23,511,0,1.0,0,0,0,0,1,3,3,3,1,2,5,12,173,1,1,0,0,0,1,0,0,1,29,1,0,0,0,0,3,0,0,1,0,0,0,0,0,0,0,0,0,0,0,0,0,0,1,9,0,gen_while_no_update_bug_096,WHILE_VARIABLE_NOT_UPDATED
24,532,0,1.0,0,0,0,0,1,3,3,3,1,2,5,12,178,1,1,0,0,0,1,0,0,1,29,1,0,0,0,0,3,0,0,1,0,0,0,0,0,0,0,0,0,0,0,0,0,1,0,14,0,gen_while_no_update_fix_096,NO_ISSUE
17,459,0,1.0,0,0,0,0,1,2,2,1,1,0,1,11,150,1,1,0,0,0,1,0,0,1,30,0,0,0,0,0,1,0,0,1,0,0,0,0,0,0,0,0,0,0,0,0,1,0,1,21,0,gen_while_no_update_bug_097,WHILE_VARIABLE_NOT_UPDATED
18,492,0,1.0,0,0,0,0,1,2,2,1,1,1,2,11,159,1,1,0,0,0,1,0,0,1,30,0,0,0,0,0,1,0,0,1,0,0,0,0,0,0,0,0,0,0,0,0,1,1,0,30,0,gen_while_no_update_fix_097,NO_ISSUE
8,188,0,1.0,0,0,0,0,1,1,0,0,1,0,0,10,57,0,0,0,0,0,0,0,0,0,0,0,0,0,0,0,0,0,0,0,0,0,0,0,0,0,0,0,0,0,0,0,1,0,1,21,0,gen_while_no_update_bug_098,WHILE_VARIABLE_NOT_UPDATED
9,219,0,1.0,0,0,0,0,1,1,0,0,1,1,1,10,66,0,0,0,0,0,0,0,0,0,0,0,0,0,0,0,0,0,0,0,0,0,0,0,0,0,0,0,0,0,0,0,1,1,0,30,0,gen_while_no_update_fix_098,NO_ISSUE
16,367,0,1.0,0,0,0,0,1,2,0,3,1,0,4,12,116,0,0,0,0,0,0,0,0,0,0,2,0,0,0,0,0,0,0,0,0,0,0,0,0,0,0,0,0,0,0,0,1,0,1,22,0,gen_while_no_update_bug_099,WHILE_VARIABLE_NOT_UPDATED
17,388,0,1.0,0,0,0,0,1,2,0,3,1,0,4,12,121,0,0,0,0,0,0,0,0,0,0,2,0,0,0,0,0,0,0,0,0,0,0,0,0,0,0,0,0,0,0,0,1,1,0,27,0,gen_while_no_update_fix_099,NO_ISSUE
9,204,0,1.0,0,0,0,0,1,1,1,1,1,1,1,9,60,0,0,0,0,0,0,0,0,0,0,0,0,0,0,0,0,0,0,0,0,0,0,0,0,0,0,0,0,0,0,0,0,0,1,9,0,gen_while_no_update_bug_100,WHILE_VARIABLE_NOT_UPDATED
10,226,0,1.0,0,0,0,0,1,1,1,1,1,1,1,9,65,0,0,0,0,0,0,0,0,0,0,0,0,0,0,0,0,0,0,0,0,0,0,0,0,0,0,0,0,0,0,0,0,1,0,14,0,gen_while_no_update_fix_100,NO_ISSUE
54,1231,0,1.0,0,0,0,0,1,6,5,9,2,3,11,12,406,2,2,0,0,0,2,0,0,2,29,6,0,0,0,0,6,0,0,2,0,0,0,0,0,0,0,0,0,0,0,0,1,1,1,22,0,gen_while_no_update_bug_101,WHILE_VARIABLE_NOT_UPDATED
55,1252,0,1.0,0,0,0,0,1,6,5,9,2,3,11,12,411,2,2,0,0,0,2,0,0,2,29,6,0,0,0,0,6,0,0,2,0,0,0,0,0,0,0,0,0,0,0,0,1,2,0,27,0,gen_while_no_update_fix_101,NO_ISSUE
71,1567,0,1.0,0,0,0,0,1,9,2,13,1,4,11,11,467,0,0,0,0,0,0,0,0,0,0,6,0,0,0,0,0,0,0,0,1,3,2,0,0,1,0,12,0,0,0,0,0,0,1,9,0,gen_while_no_update_bug_102,WHILE_VARIABLE_NOT_UPDATED
72,1588,0,1.0,0,0,0,0,1,9,2,13,1,4,11,11,472,0,0,0,0,0,0,0,0,0,0,6,0,0,0,0,0,0,0,0,1,3,2,0,0,1,0,12,0,0,0,0,0,1,0,14,0,gen_while_no_update_fix_102,NO_ISSUE
8,190,0,1.0,0,0,0,0,1,1,0,0,1,0,0,10,57,0,0,0,0,0,0,0,0,0,0,0,0,0,0,0,0,0,0,0,0,0,0,0,0,0,0,0,0,0,0,0,1,0,1,21,0,gen_while_no_update_bug_103,WHILE_VARIABLE_NOT_UPDATED
9,222,0,1.0,0,0,0,0,1,1,0,0,1,1,1,10,66,0,0,0,0,0,0,0,0,0,0,0,0,0,0,0,0,0,0,0,0,0,0,0,0,0,0,0,0,0,0,0,1,1,0,30,0,gen_while_no_update_fix_103,NO_ISSUE
48,1200,0,1.0,0,0,0,0,1,5,6,4,1,4,3,11,370,2,2,0,0,0,2,0,0,2,30,0,0,0,0,0,2,0,0,1,1,3,2,0,0,1,0,12,0,0,0,0,0,0,1,9,0,gen_while_no_update_bug_104,WHILE_VARIABLE_NOT_UPDATED
49,1221,0,1.0,0,0,0,0,1,5,6,4,1,4,3,11,375,2,2,0,0,0,2,0,0,2,30,0,0,0,0,0,2,0,0,1,1,3,2,0,0,1,0,12,0,0,0,0,0,1,0,14,0,gen_while_no_update_fix_104,NO_ISSUE
7,173,0,1.0,0,0,0,0,1,1,0,0,1,0,2,12,55,0,0,0,0,0,0,0,0,0,0,0,0,0,0,0,0,0,0,0,0,0,0,0,0,0,0,0,0,0,0,0,1,0,1,22,0,gen_while_no_update_bug_105,WHILE_VARIABLE_NOT_UPDATED
8,194,0,1.0,0,0,0,0,1,1,0,0,1,0,2,12,60,0,0,0,0,0,0,0,0,0,0,0,0,0,0,0,0,0,0,0,0,0,0,0,0,0,0,0,0,0,0,0,1,1,0,27,0,gen_while_no_update_fix_105,NO_ISSUE
25,574,0,1.0,0,0,0,0,1,3,0,6,1,0,6,12,179,0,0,0,0,0,0,0,0,0,0,4,0,0,0,0,0,0,0,0,0,0,0,0,0,0,0,0,0,0,0,0,1,0,1,22,0,gen_while_no_update_bug_106,WHILE_VARIABLE_NOT_UPDATED
26,595,0,1.0,0,0,0,0,1,3,0,6,1,0,6,12,184,0,0,0,0,0,0,0,0,0,0,4,0,0,0,0,0,0,0,0,0,0,0,0,0,0,0,0,0,0,0,0,1,1,0,27,0,gen_while_no_update_fix_106,NO_ISSUE
8,194,0,1.0,0,0,0,0,1,1,0,0,1,0,0,10,57,0,0,0,0,0,0,0,0,0,0,0,0,0,0,0,0,0,0,0,0,0,0,0,0,0,0,0,0,0,0,0,1,0,1,21,0,gen_while_no_update_bug_107,WHILE_VARIABLE_NOT_UPDATED
9,228,0,1.0,0,0,0,0,1,1,0,0,1,1,1,10,66,0,0,0,0,0,0,0,0,0,0,0,0,0,0,0,0,0,0,0,0,0,0,0,0,0,0,0,0,0,0,0,1,1,0,30,0,gen_while_no_update_fix_107,NO_ISSUE
8,192,0,1.0,0,0,0,0,1,1,0,0,1,0,0,10,57,0,0,0,0,0,0,0,0,0,0,0,0,0,0,0,0,0,0,0,0,0,0,0,0,0,0,0,0,0,0,0,1,0,1,21,0,gen_while_no_update_bug_108,WHILE_VARIABLE_NOT_UPDATED
9,225,0,1.0,0,0,0,0,1,1,0,0,1,1,1,10,66,0,0,0,0,0,0,0,0,0,0,0,0,0,0,0,0,0,0,0,0,0,0,0,0,0,0,0,0,0,0,0,1,1,0,30,0,gen_while_no_update_fix_108,NO_ISSUE
22,462,0,1.0,0,0,0,0,1,3,2,3,2,2,4,9,136,0,0,0,0,0,0,0,0,0,0,0,0,0,0,0,0,0,0,0,0,0,0,0,0,0,0,0,0,0,0,0,0,1,1,14,0,gen_while_no_update_bug_109,WHILE_VARIABLE_NOT_UPDATED
23,484,0,1.0,0,0,0,0,1,3,2,3,2,2,4,9,141,0,0,0,0,0,0,0,0,0,0,0,0,0,0,0,0,0,0,0,0,0,0,0,0,0,0,0,0,0,0,0,0,2,0,14,0,gen_while_no_update_fix_109,NO_ISSUE
18,438,0,1.0,0,0,0,0,1,2,2,1,1,1,2,12,145,1,1,0,0,0,1,0,0,1,29,1,0,0,0,0,3,0,0,1,0,0,0,0,0,0,0,0,0,0,0,0,1,0,1,21,0,gen_while_no_update_bug_110,WHILE_VARIABLE_NOT_UPDATED
19,473,0,1.0,0,0,0,0,1,2,2,1,1,2,3,12,154,1,1,0,0,0,1,0,0,1,29,1,0,0,0,0,3,0,0,1,0,0,0,0,0,0,0,0,0,0,0,0,1,1,0,30,0,gen_while_no_update_fix_110,NO_ISSUE
27,594,0,1.0,0,0,0,0,1,4,2,4,1,1,5,10,194,1,1,0,0,0,1,0,0,1,13,1,0,1,0,0,1,0,0,1,0,0,0,0,0,0,0,0,0,0,0,0,1,0,1,21,0,gen_while_no_update_bug_111,WHILE_VARIABLE_NOT_UPDATED
28,627,0,1.0,0,0,0,0,1,4,2,4,1,2,6,10,203,1,1,0,0,0,1,0,0,1,13,1,0,1,0,0,1,0,0,1,0,0,0,0,0,0,0,0,0,0,0,0,1,1,0,30,0,gen_while_no_update_fix_111,NO_ISSUE
23,548,0,1.0,0,0,0,0,1,3,2,1,1,1,4,12,187,1,1,0,0,0,1,0,0,1,29,1,0,0,0,0,3,0,0,1,0,0,0,0,0,0,0,0,0,0,0,0,1,0,1,22,0,gen_while_no_update_bug_112,WHILE_VARIABLE_NOT_UPDATED
24,569,0,1.0,0,0,0,0,1,3,2,1,1,1,4,12,192,1,1,0,0,0,1,0,0,1,29,1,0,0,0,0,3,0,0,1,0,0,0,0,0,0,0,0,0,0,0,0,1,1,0,27,0,gen_while_no_update_fix_112,NO_ISSUE
51,1139,0,1.0,0,0,0,0,1,6,0,14,1,0,10,10,349,0,0,0,0,0,0,0,0,0,0,9,0,1,0,0,0,0,0,0,0,0,0,0,0,0,0,0,0,0,0,0,1,0,1,21,0,gen_while_no_update_bug_113,WHILE_VARIABLE_NOT_UPDATED
52,1171,0,1.0,0,0,0,0,1,6,0,14,1,1,11,10,358,0,0,0,0,0,0,0,0,0,0,9,0,1,0,0,0,0,0,0,0,0,0,0,0,0,0,0,0,0,0,0,1,1,0,30,0,gen_while_no_update_fix_113,NO_ISSUE
70,1547,0,1.0,0,0,0,0,1,8,4,12,2,5,13,12,467,1,1,0,0,0,1,0,0,1,29,6,0,1,0,0,3,0,0,1,1,3,2,0,0,1,0,12,0,0,0,0,1,1,1,22,0,gen_while_no_update_bug_114,WHILE_VARIABLE_NOT_UPDATED
71,1568,0,1.0,0,0,0,0,1,8,4,12,2,5,13,12,472,1,1,0,0,0,1,0,0,1,29,6,0,1,0,0,3,0,0,1,1,3,2,0,0,1,0,12,0,0,0,0,1,2,0,27,0,gen_while_no_update_fix_114,NO_ISSUE
7,176,0,1.0,0,0,0,0,1,1,0,0,1,0,2,12,55,0,0,0,0,0,0,0,0,0,0,0,0,0,0,0,0,0,0,0,0,0,0,0,0,0,0,0,0,0,0,0,1,0,1,22,0,gen_while_no_update_bug_115,WHILE_VARIABLE_NOT_UPDATED
8,198,0,1.0,0,0,0,0,1,1,0,0,1,0,2,12,60,0,0,0,0,0,0,0,0,0,0,0,0,0,0,0,0,0,0,0,0,0,0,0,0,0,0,0,0,0,0,0,1,1,0,27,0,gen_while_no_update_fix_115,NO_ISSUE
9,203,0,1.0,0,0,0,0,1,1,1,1,1,1,1,9,60,0,0,0,0,0,0,0,0,0,0,0,0,0,0,0,0,0,0,0,0,0,0,0,0,0,0,0,0,0,0,0,0,0,1,9,0,gen_while_no_update_bug_116,WHILE_VARIABLE_NOT_UPDATED
10,224,0,1.0,0,0,0,0,1,1,1,1,1,1,1,9,65,0,0,0,0,0,0,0,0,0,0,0,0,0,0,0,0,0,0,0,0,0,0,0,0,0,0,0,0,0,0,0,0,1,0,14,0,gen_while_no_update_fix_116,NO_ISSUE
15,332,0,1.0,0,0,0,0,1,2,1,1,1,1,1,10,104,0,0,0,0,0,0,0,0,0,0,0,0,0,0,0,0,0,0,0,0,0,0,0,0,0,0,0,0,0,0,0,0,0,1,9,0,gen_while_no_update_bug_117,WHILE_VARIABLE_NOT_UPDATED
16,353,0,1.0,0,0,0,0,1,2,1,1,1,1,1,10,109,0,0,0,0,0,0,0,0,0,0,0,0,0,0,0,0,0,0,0,0,0,0,0,0,0,0,0,0,0,0,0,0,1,0,14,0,gen_while_no_update_fix_117,NO_ISSUE
34,752,0,1.0,0,0,0,0,1,4,1,9,1,1,7,9,230,0,0,0,0,0,0,0,0,0,0,5,0,1,0,0,0,0,0,0,0,0,0,0,0,0,0,0,0,0,0,0,0,0,1,9,0,gen_while_no_update_bug_118,WHILE_VARIABLE_NOT_UPDATED
35,773,0,1.0,0,0,0,0,1,4,1,9,1,1,7,9,235,0,0,0,0,0,0,0,0,0,0,5,0,1,0,0,0,0,0,0,0,0,0,0,0,0,0,0,0,0,0,0,0,1,0,14,0,gen_while_no_update_fix_118,NO_ISSUE
26,659,0,1.0,0,0,0,0,1,3,2,4,1,0,3,11,211,1,1,0,0,0,1,0,0,1,30,2,0,0,0,0,1,0,0,1,0,0,0,0,0,0,0,0,0,0,0,0,1,0,1,21,0,gen_while_no_update_bug_119,WHILE_VARIABLE_NOT_UPDATED
27,690,0,1.0,0,0,0,0,1,3,2,4,1,1,4,11,220,1,1,0,0,0,1,0,0,1,30,2,0,0,0,0,1,0,0,1,0,0,0,0,0,0,0,0,0,0,0,0,1,1,0,30,0,gen_while_no_update_fix_119,NO_ISSUE
9,210,0,1.0,0,0,0,0,1,1,1,1,1,1,1,9,60,0,0,0,0,0,0,0,0,0,0,0,0,0,0,0,0,0,0,0,0,0,0,0,0,0,0,0,0,0,0,0,0,0,1,9,0,gen_while_no_update_bug_120,WHILE_VARIABLE_NOT_UPDATED
10,234,0,1.0,0,0,0,0,1,1,1,1,1,1,1,9,65,0,0,0,0,0,0,0,0,0,0,0,0,0,0,0,0,0,0,0,0,0,0,0,0,0,0,0,0,0,0,0,0,1,0,14,0,gen_while_no_update_fix_120,NO_ISSUE
30,660,0,1.0,0,0,0,0,1,3,2,2,1,4,1,11,184,0,0,0,0,0,0,0,0,0,0,0,0,0,0,0,0,0,0,0,1,3,2,0,0,1,0,12,0,0,0,0,0,0,1,9,0,gen_while_no_update_bug_121,WHILE_VARIABLE_NOT_UPDATED
31,681,0,1.0,0,0,0,0,1,3,2,2,1,4,1,11,189,0,0,0,0,0,0,0,0,0,0,0,0,0,0,0,0,0,0,0,1,3,2,0,0,1,0,12,0,0,0,0,0,1,0,14,0,gen_while_no_update_fix_121,NO_ISSUE
16,347,0,1.0,0,0,0,0,1,2,1,3,1,1,3,9,104,0,0,0,0,0,0,0,0,0,0,1,0,1,0,0,0,0,0,0,0,0,0,0,0,0,0,0,0,0,0,0,0,0,1,9,0,gen_while_no_update_bug_122,WHILE_VARIABLE_NOT_UPDATED
17,369,0,1.0,0,0,0,0,1,2,1,3,1,1,3,9,109,0,0,0,0,0,0,0,0,0,0,1,0,1,0,0,0,0,0,0,0,0,0,0,0,0,0,0,0,0,0,0,0,1,0,14,0,gen_while_no_update_fix_122,NO_ISSUE
8,201,0,1.0,0,0,0,0,1,1,0,0,1,0,0,10,57,0,0,0,0,0,0,0,0,0,0,0,0,0,0,0,0,0,0,0,0,0,0,0,0,0,0,0,0,0,0,0,1,0,1,21,0,gen_while_no_update_bug_123,WHILE_VARIABLE_NOT_UPDATED
9,237,0,1.0,0,0,0,0,1,1,0,0,1,1,1,10,66,0,0,0,0,0,0,0,0,0,0,0,0,0,0,0,0,0,0,0,0,0,0,0,0,0,0,0,0,0,0,0,1,1,0,30,0,gen_while_no_update_fix_123,NO_ISSUE
33,699,0,1.0,0,0,0,0,1,4,2,4,3,2,4,10,203,0,0,0,0,0,0,0,0,0,0,1,0,1,0,0,0,0,0,0,0,0,0,0,0,0,0,0,0,0,0,0,1,2,1,21,0,gen_while_no_update_bug_124,WHILE_VARIABLE_NOT_UPDATED
34,734,0,1.0,0,0,0,0,1,4,2,4,3,3,5,10,212,0,0,0,0,0,0,0,0,0,0,1,0,1,0,0,0,0,0,0,0,0,0,0,0,0,0,0,0,0,0,0,1,3,0,30,0,gen_while_no_update_fix_124,NO_ISSUE
39,933,0,1.0,0,0,0,0,1,4,4,3,1,4,2,11,277,1,1,0,0,0,1,0,0,1,30,0,0,0,0,0,1,0,0,1,1,3,2,0,0,1,0,12,0,0,0,0,0,0,1,9,0,gen_while_no_update_bug_125,WHILE_VARIABLE_NOT_UPDATED
40,954,0,1.0,0,0,0,0,1,4,4,3,1,4,2,11,282,1,1,0,0,0,1,0,0,1,30,0,0,0,0,0,1,0,0,1,1,3,2,0,0,1,0,12,0,0,0,0,0,1,0,14,0,gen_while_no_update_fix_125,NO_ISSUE
23,583,0,1.0,0,0,0,0,1,3,2,3,1,0,5,12,192,1,1,0,0,0,1,0,0,1,30,1,0,1,0,0,1,0,0,1,0,0,0,0,0,0,0,0,0,0,0,0,1,0,1,22,0,gen_while_no_update_bug_126,WHILE_VARIABLE_NOT_UPDATED
24,604,0,1.0,0,0,0,0,1,3,2,3,1,0,5,12,197,1,1,0,0,0,1,0,0,1,30,1,0,1,0,0,1,0,0,1,0,0,0,0,0,0,0,0,0,0,0,0,1,1,0,27,0,gen_while_no_update_fix_126,NO_ISSUE
8,188,0,1.0,0,0,0,0,1,1,0,0,1,0,0,10,57,0,0,0,0,0,0,0,0,0,0,0,0,0,0,0,0,0,0,0,0,0,0,0,0,0,0,0,0,0,0,0,1,0,1,21,0,gen_while_no_update_bug_127,WHILE_VARIABLE_NOT_UPDATED
9,219,0,1.0,0,0,0,0,1,1,0,0,1,1,1,10,66,0,0,0,0,0,0,0,0,0,0,0,0,0,0,0,0,0,0,0,0,0,0,0,0,0,0,0,0,0,0,0,1,1,0,30,0,gen_while_no_update_fix_127,NO_ISSUE
7,173,0,1.0,0,0,0,0,1,1,0,0,1,0,2,12,55,0,0,0,0,0,0,0,0,0,0,0,0,0,0,0,0,0,0,0,0,0,0,0,0,0,0,0,0,0,0,0,1,0,1,22,0,gen_while_no_update_bug_128,WHILE_VARIABLE_NOT_UPDATED
8,194,0,1.0,0,0,0,0,1,1,0,0,1,0,2,12,60,0,0,0,0,0,0,0,0,0,0,0,0,0,0,0,0,0,0,0,0,0,0,0,0,0,0,0,0,0,0,0,1,1,0,27,0,gen_while_no_update_fix_128,NO_ISSUE
8,188,0,1.0,0,0,0,0,1,1,0,0,1,0,0,10,57,0,0,0,0,0,0,0,0,0,0,0,0,0,0,0,0,0,0,0,0,0,0,0,0,0,0,0,0,0,0,0,1,0,1,21,0,gen_while_no_update_bug_129,WHILE_VARIABLE_NOT_UPDATED
9,219,0,1.0,0,0,0,0,1,1,0,0,1,1,1,10,66,0,0,0,0,0,0,0,0,0,0,0,0,0,0,0,0,0,0,0,0,0,0,0,0,0,0,0,0,0,0,0,1,1,0,30,0,gen_while_no_update_fix_129,NO_ISSUE
8,190,0,1.0,0,0,0,0,1,1,0,0,1,0,0,10,57,0,0,0,0,0,0,0,0,0,0,0,0,0,0,0,0,0,0,0,0,0,0,0,0,0,0,0,0,0,0,0,1,0,1,21,0,gen_while_no_update_bug_130,WHILE_VARIABLE_NOT_UPDATED
9,222,0,1.0,0,0,0,0,1,1,0,0,1,1,1,10,66,0,0,0,0,0,0,0,0,0,0,0,0,0,0,0,0,0,0,0,0,0,0,0,0,0,0,0,0,0,0,0,1,1,0,30,0,gen_while_no_update_fix_130,NO_ISSUE
7,173,0,1.0,0,0,0,0,1,1,0,0,1,0,2,12,55,0,0,0,0,0,0,0,0,0,0,0,0,0,0,0,0,0,0,0,0,0,0,0,0,0,0,0,0,0,0,0,1,0,1,22,0,gen_while_no_update_bug_131,WHILE_VARIABLE_NOT_UPDATED
8,194,0,1.0,0,0,0,0,1,1,0,0,1,0,2,12,60,0,0,0,0,0,0,0,0,0,0,0,0,0,0,0,0,0,0,0,0,0,0,0,0,0,0,0,0,0,0,0,1,1,0,27,0,gen_while_no_update_fix_131,NO_ISSUE
9,201,0,1.0,0,0,0,0,1,1,1,1,1,1,1,9,60,0,0,0,0,0,0,0,0,0,0,0,0,0,0,0,0,0,0,0,0,0,0,0,0,0,0,0,0,0,0,0,0,0,1,9,0,gen_while_no_update_bug_132,WHILE_VARIABLE_NOT_UPDATED
10,222,0,1.0,0,0,0,0,1,1,1,1,1,1,1,9,65,0,0,0,0,0,0,0,0,0,0,0,0,0,0,0,0,0,0,0,0,0,0,0,0,0,0,0,0,0,0,0,0,1,0,14,0,gen_while_no_update_fix_132,NO_ISSUE
9,201,0,1.0,0,0,0,0,1,1,1,1,1,1,1,9,60,0,0,0,0,0,0,0,0,0,0,0,0,0,0,0,0,0,0,0,0,0,0,0,0,0,0,0,0,0,0,0,0,0,1,9,0,gen_while_no_update_bug_133,WHILE_VARIABLE_NOT_UPDATED
10,222,0,1.0,0,0,0,0,1,1,1,1,1,1,1,9,65,0,0,0,0,0,0,0,0,0,0,0,0,0,0,0,0,0,0,0,0,0,0,0,0,0,0,0,0,0,0,0,0,1,0,14,0,gen_while_no_update_fix_133,NO_ISSUE
23,523,0,1.0,0,0,0,0,1,2,1,1,1,3,0,11,137,0,0,0,0,0,0,0,0,0,0,0,0,0,0,0,0,0,0,0,1,3,2,0,0,1,0,12,0,0,0,0,1,0,1,21,0,gen_while_no_update_bug_134,WHILE_VARIABLE_NOT_UPDATED
24,556,0,1.0,0,0,0,0,1,2,1,1,1,4,1,11,146,0,0,0,0,0,0,0,0,0,0,0,0,0,0,0,0,0,0,0,1,3,2,0,0,1,0,12,0,0,0,0,1,1,0,30,0,gen_while_no_update_fix_134,NO_ISSUE
9,201,0,1.0,0,0,0,0,1,1,1,1,1,1,1,9,60,0,0,0,0,0,0,0,0,0,0,0,0,0,0,0,0,0,0,0,0,0,0,0,0,0,0,0,0,0,0,0,0,0,1,9,0,gen_while_no_update_bug_135,WHILE_VARIABLE_NOT_UPDATED
10,222,0,1.0,0,0,0,0,1,1,1,1,1,1,1,9,65,0,0,0,0,0,0,0,0,0,0,0,0,0,0,0,0,0,0,0,0,0,0,0,0,0,0,0,0,0,0,0,0,1,0,14,0,gen_while_no_update_fix_135,NO_ISSUE
9,203,0,1.0,0,0,0,0,1,1,1,1,1,1,1,9,60,0,0,0,0,0,0,0,0,0,0,0,0,0,0,0,0,0,0,0,0,0,0,0,0,0,0,0,0,0,0,0,0,0,1,9,0,gen_while_no_update_bug_136,WHILE_VARIABLE_NOT_UPDATED
10,224,0,1.0,0,0,0,0,1,1,1,1,1,1,1,9,65,0,0,0,0,0,0,0,0,0,0,0,0,0,0,0,0,0,0,0,0,0,0,0,0,0,0,0,0,0,0,0,0,1,0,14,0,gen_while_no_update_fix_136,NO_ISSUE
52,1128,0,1.0,0,0,0,0,1,6,1,10,1,3,10,12,328,0,0,0,0,0,0,0,0,0,0,5,0,3,0,0,0,0,0,0,1,3,2,0,0,1,0,12,0,0,0,0,1,0,1,22,0,gen_while_no_update_bug_137,WHILE_VARIABLE_NOT_UPDATED
53,1150,0,1.0,0,0,0,0,1,6,1,10,1,3,10,12,333,0,0,0,0,0,0,0,0,0,0,5,0,3,0,0,0,0,0,0,1,3,2,0,0,1,0,12,0,0,0,0,1,1,0,27,0,gen_while_no_update_fix_137,NO_ISSUE
17,375,0,1.0,0,0,0,0,1,2,1,1,2,1,1,10,108,0,0,0,0,0,0,0,0,0,0,0,0,0,0,0,0,0,0,0,0,0,0,0,0,0,0,0,0,0,0,0,1,1,1,21,0,gen_while_no_update_bug_138,WHILE_VARIABLE_NOT_UPDATED
18,409,0,1.0,0,0,0,0,1,2,1,1,2,2,2,10,117,0,0,0,0,0,0,0,0,0,0,0,0,0,0,0,0,0,0,0,0,0,0,0,0,0,0,0,0,0,0,0,1,2,0,30,0,gen_while_no_update_fix_138,NO_ISSUE
7,173,0,1.0,0,0,0,0,1,1,0,0,1,0,2,12,55,0,0,0,0,0,0,0,0,0,0,0,0,0,0,0,0,0,0,0,0,0,0,0,0,0,0,0,0,0,0,0,1,0,1,22,0,gen_while_no_update_bug_139,WHILE_VARIABLE_NOT_UPDATED
8,194,0,1.0,0,0,0,0,1,1,0,0,1,0,2,12,60,0,0,0,0,0,0,0,0,0,0,0,0,0,0,0,0,0,0,0,0,0,0,0,0,0,0,0,0,0,0,0,1,1,0,27,0,gen_while_no_update_fix_139,NO_ISSUE
7,182,0,1.0,0,0,0,0,1,1,0,0,1,0,2,12,55,0,0,0,0,0,0,0,0,0,0,0,0,0,0,0,0,0,0,0,0,0,0,0,0,0,0,0,0,0,0,0,1,0,1,22,0,gen_while_no_update_bug_140,WHILE_VARIABLE_NOT_UPDATED
8,206,0,1.0,0,0,0,0,1,1,0,0,1,0,2,12,60,0,0,0,0,0,0,0,0,0,0,0,0,0,0,0,0,0,0,0,0,0,0,0,0,0,0,0,0,0,0,0,1,1,0,27,0,gen_while_no_update_fix_140,NO_ISSUE
32,796,0,1.0,0,0,0,0,1,3,3,2,1,3,1,11,230,1,1,0,0,0,1,0,0,1,30,0,0,0,0,0,1,0,0,1,1,3,2,0,0,1,0,12,0,0,0,0,1,0,1,21,0,gen_while_no_update_bug_141,WHILE_VARIABLE_NOT_UPDATED
33,831,0,1.0,0,0,0,0,1,3,3,2,1,4,2,11,239,1,1,0,0,0,1,0,0,1,30,0,0,0,0,0,1,0,0,1,1,3,2,0,0,1,0,12,0,0,0,0,1,1,0,30,0,gen_while_no_update_fix_141,NO_ISSUE
8,190,0,1.0,0,0,0,0,1,1,0,0,1,0,0,10,57,0,0,0,0,0,0,0,0,0,0,0,0,0,0,0,0,0,0,0,0,0,0,0,0,0,0,0,0,0,0,0,1,0,1,21,0,gen_while_no_update_bug_142,WHILE_VARIABLE_NOT_UPDATED
9,222,0,1.0,0,0,0,0,1,1,0,0,1,1,1,10,66,0,0,0,0,0,0,0,0,0,0,0,0,0,0,0,0,0,0,0,0,0,0,0,0,0,0,0,0,0,0,0,1,1,0,30,0,gen_while_no_update_fix_142,NO_ISSUE
25,644,0,1.0,0,0,0,0,1,3,2,4,1,0,5,12,211,1,1,0,0,0,1,0,0,1,30,2,0,0,0,0,1,0,0,1,0,0,0,0,0,0,0,0,0,0,0,0,1,0,1,22,0,gen_while_no_update_bug_143,WHILE_VARIABLE_NOT_UPDATED
26,665,0,1.0,0,0,0,0,1,3,2,4,1,0,5,12,216,1,1,0,0,0,1,0,0,1,30,2,0,0,0,0,1,0,0,1,0,0,0,0,0,0,0,0,0,0,0,0,1,1,0,27,0,gen_while_no_update_fix_143,NO_ISSUE
25,641,0,1.0,0,0,0,0,1,3,3,2,2,1,4,12,199,1,1,0,0,0,1,0,0,1,30,0,0,0,0,0,1,0,0,1,0,0,0,0,0,0,0,0,0,0,0,0,1,1,1,22,0,gen_while_no_update_bug_144,WHILE_VARIABLE_NOT_UPDATED
26,665,0,1.0,0,0,0,0,1,3,3,2,2,1,4,12,204,1,1,0,0,0,1,0,0,1,30,0,0,0,0,0,1,0,0,1,0,0,0,0,0,0,0,0,0,0,0,0,1,2,0,27,0,gen_while_no_update_fix_144,NO_ISSUE
9,204,0,1.0,0,0,0,0,1,1,1,1,1,1,1,9,60,0,0,0,0,0,0,0,0,0,0,0,0,0,0,0,0,0,0,0,0,0,0,0,0,0,0,0,0,0,0,0,0,0,1,9,0,gen_while_no_update_bug_145,WHILE_VARIABLE_NOT_UPDATED
10,226,0,1.0,0,0,0,0,1,1,1,1,1,1,1,9,65,0,0,0,0,0,0,0,0,0,0,0,0,0,0,0,0,0,0,0,0,0,0,0,0,0,0,0,0,0,0,0,0,1,0,14,0,gen_while_no_update_fix_145,NO_ISSUE
9,203,0,1.0,0,0,0,0,1,1,1,1,1,1,1,9,60,0,0,0,0,0,0,0,0,0,0,0,0,0,0,0,0,0,0,0,0,0,0,0,0,0,0,0,0,0,0,0,0,0,1,9,0,gen_while_no_update_bug_146,WHILE_VARIABLE_NOT_UPDATED
10,224,0,1.0,0,0,0,0,1,1,1,1,1,1,1,9,65,0,0,0,0,0,0,0,0,0,0,0,0,0,0,0,0,0,0,0,0,0,0,0,0,0,0,0,0,0,0,0,0,1,0,14,0,gen_while_no_update_fix_146,NO_ISSUE
9,204,0,1.0,0,0,0,0,1,1,1,1,1,1,1,9,60,0,0,0,0,0,0,0,0,0,0,0,0,0,0,0,0,0,0,0,0,0,0,0,0,0,0,0,0,0,0,0,0,0,1,9,0,gen_while_no_update_bug_147,WHILE_VARIABLE_NOT_UPDATED
10,226,0,1.0,0,0,0,0,1,1,1,1,1,1,1,9,65,0,0,0,0,0,0,0,0,0,0,0,0,0,0,0,0,0,0,0,0,0,0,0,0,0,0,0,0,0,0,0,0,1,0,14,0,gen_while_no_update_fix_147,NO_ISSUE
32,703,0,1.0,0,0,0,0,1,4,1,6,2,1,7,12,213,0,0,0,0,0,0,0,0,0,0,3,0,1,0,0,0,0,0,0,0,0,0,0,0,0,0,0,0,0,0,0,1,1,1,22,0,gen_while_no_update_bug_148,WHILE_VARIABLE_NOT_UPDATED
33,725,0,1.0,0,0,0,0,1,4,1,6,2,1,7,12,218,0,0,0,0,0,0,0,0,0,0,3,0,1,0,0,0,0,0,0,0,0,0,0,0,0,0,0,0,0,0,0,1,2,0,27,0,gen_while_no_update_fix_148,NO_ISSUE
9,206,0,1.0,0,0,0,0,1,1,1,1,1,1,1,9,60,0,0,0,0,0,0,0,0,0,0,0,0,0,0,0,0,0,0,0,0,0,0,0,0,0,0,0,0,0,0,0,0,0,1,9,0,gen_while_no_update_bug_149,WHILE_VARIABLE_NOT_UPDATED
10,228,0,1.0,0,0,0,0,1,1,1,1,1,1,1,9,65,0,0,0,0,0,0,0,0,0,0,0,0,0,0,0,0,0,0,0,0,0,0,0,0,0,0,0,0,0,0,0,0,1,0,14,0,gen_while_no_update_fix_149,NO_ISSUE
52,1260,0,1.0,0,0,0,0,1,6,6,9,1,2,10,12,426,3,3,0,0,0,3,0,0,3,30,5,0,0,0,0,5,0,0,3,0,0,0,0,0,0,0,0,0,0,0,0,1,0,1,22,0,gen_while_no_update_bug_150,WHILE_VARIABLE_NOT_UPDATED
53,1281,0,1.0,0,0,0,0,1,6,6,9,1,2,10,12,431,3,3,0,0,0,3,0,0,3,30,5,0,0,0,0,5,0,0,3,0,0,0,0,0,0,0,0,0,0,0,0,1,1,0,27,0,gen_while_no_update_fix_150,NO_ISSUE
49,1080,0,1.0,0,0,0,0,1,6,4,7,1,5,9,12,322,1,1,0,0,0,1,0,0,1,29,2,0,1,0,0,3,0,0,1,1,3,2,0,0,1,0,12,0,0,0,0,0,0,1,9,0,gen_while_no_update_bug_151,WHILE_VARIABLE_NOT_UPDATED
50,1101,0,1.0,0,0,0,0,1,6,4,7,1,5,9,12,327,1,1,0,0,0,1,0,0,1,29,2,0,1,0,0,3,0,0,1,1,3,2,0,0,1,0,12,0,0,0,0,0,1,0,14,0,gen_while_no_update_fix_151,NO_ISSUE
8,199,0,1.0,0,0,0,0,1,1,0,0,1,0,0,10,57,0,0,0,0,0,0,0,0,0,0,0,0,0,0,0,0,0,0,0,0,0,0,0,0,0,0,0,0,0,0,0,1,0,1,21,0,gen_while_no_update_bug_152,WHILE_VARIABLE_NOT_UPDATED
9,234,0,1.0,0,0,0,0,1,1,0,0,1,1,1,10,66,0,0,0,0,0,0,0,0,0,0,0,0,0,0,0,0,0,0,0,0,0,0,0,0,0,0,0,0,0,0,0,1,1,0,30,0,gen_while_no_update_fix_152,NO_ISSUE
15,350,0,1.0,0,0,0,0,1,2,2,1,1,1,3,12,123,1,1,0,0,0,1,0,0,1,13,0,0,0,0,0,1,0,0,1,0,0,0,0,0,0,0,0,0,0,0,0,1,0,1,22,0,gen_while_no_update_bug_153,WHILE_VARIABLE_NOT_UPDATED
16,371,0,1.0,0,0,0,0,1,2,2,1,1,1,3,12,128,1,1,0,0,0,1,0,0,1,13,0,0,0,0,0,1,0,0,1,0,0,0,0,0,0,0,0,0,0,0,0,1,1,0,27,0,gen_while_no_update_fix_153,NO_ISSUE
8,188,0,1.0,0,0,0,0,1,1,0,0,1,0,0,10,57,0,0,0,0,0,0,0,0,0,0,0,0,0,0,0,0,0,0,0,0,0,0,0,0,0,0,0,0,0,0,0,1,0,1,21,0,gen_while_no_update_bug_154,WHILE_VARIABLE_NOT_UPDATED
9,219,0,1.0,0,0,0,0,1,1,0,0,1,1,1,10,66,0,0,0,0,0,0,0,0,0,0,0,0,0,0,0,0,0,0,0,0,0,0,0,0,0,0,0,0,0,0,0,1,1,0,30,0,gen_while_no_update_fix_154,NO_ISSUE
17,394,0,1.0,0,0,0,0,1,2,0,3,1,0,2,10,120,0,0,0,0,0,0,0,0,0,0,2,0,0,0,0,0,0,0,0,0,0,0,0,0,0,0,0,0,0,0,0,1,0,1,21,0,gen_while_no_update_bug_155,WHILE_VARIABLE_NOT_UPDATED
18,426,0,1.0,0,0,0,0,1,2,0,3,1,1,3,10,129,0,0,0,0,0,0,0,0,0,0,2,0,0,0,0,0,0,0,0,0,0,0,0,0,0,0,0,0,0,0,0,1,1,0,30,0,gen_while_no_update_fix_155,NO_ISSUE
26,586,0,1.0,0,0,0,0,1,3,3,4,1,2,5,12,192,1,1,0,0,0,1,0,0,1,29,2,0,1,0,0,3,0,0,1,0,0,0,0,0,0,0,0,0,0,0,0,0,0,1,9,0,gen_while_no_update_bug_156,WHILE_VARIABLE_NOT_UPDATED
27,607,0,1.0,0,0,0,0,1,3,3,4,1,2,5,12,197,1,1,0,0,0,1,0,0,1,29,2,0,1,0,0,3,0,0,1,0,0,0,0,0,0,0,0,0,0,0,0,0,1,0,14,0,gen_while_no_update_fix_156,NO_ISSUE
15,347,0,1.0,0,0,0,0,1,2,2,1,1,1,3,12,123,1,1,0,0,0,1,0,0,1,13,0,0,0,0,0,1,0,0,1,0,0,0,0,0,0,0,0,0,0,0,0,1,0,1,22,0,gen_while_no_update_bug_157,WHILE_VARIABLE_NOT_UPDATED
16,368,0,1.0,0,0,0,0,1,2,2,1,1,1,3,12,128,1,1,0,0,0,1,0,0,1,13,0,0,0,0,0,1,0,0,1,0,0,0,0,0,0,0,0,0,0,0,0,1,1,0,27,0,gen_while_no_update_fix_157,NO_ISSUE
8,194,0,1.0,0,0,0,0,1,1,0,0,1,0,0,10,57,0,0,0,0,0,0,0,0,0,0,0,0,0,0,0,0,0,0,0,0,0,0,0,0,0,0,0,0,0,0,0,1,0,1,21,0,gen_while_no_update_bug_158,WHILE_VARIABLE_NOT_UPDATED
9,228,0,1.0,0,0,0,0,1,1,0,0,1,1,1,10,66,0,0,0,0,0,0,0,0,0,0,0,0,0,0,0,0,0,0,0,0,0,0,0,0,0,0,0,0,0,0,0,1,1,0,30,0,gen_while_no_update_fix_158,NO_ISSUE
23,499,0,1.0,0,0,0,0,1,3,1,3,2,1,5,12,150,0,0,0,0,0,0,0,0,0,0,1,0,1,0,0,0,0,0,0,0,0,0,0,0,0,0,0,0,0,0,0,1,1,1,22,0,gen_while_no_update_bug_159,WHILE_VARIABLE_NOT_UPDATED
24,521,0,1.0,0,0,0,0,1,3,1,3,2,1,5,12,155,0,0,0,0,0,0,0,0,0,0,1,0,1,0,0,0,0,0,0,0,0,0,0,0,0,0,0,0,0,0,0,1,2,0,27,0,gen_while_no_update_fix_159,NO_ISSUE
27,587,0,1.0,0,0,0,0,1,3,2,5,2,2,4,9,174,0,0,0,0,0,0,0,0,0,0,2,0,0,0,0,0,0,0,0,0,0,0,0,0,0,0,0,0,0,0,0,0,1,1,14,0,gen_while_no_update_bug_160,WHILE_VARIABLE_NOT_UPDATED
28,608,0,1.0,0,0,0,0,1,3,2,5,2,2,4,9,179,0,0,0,0,0,0,0,0,0,0,2,0,0,0,0,0,0,0,0,0,0,0,0,0,0,0,0,0,0,0,0,0,2,0,14,0,gen_while_no_update_fix_160,NO_ISSUE
50,1197,0,1.0,0,0,0,0,1,6,5,6,2,2,8,12,392,2,2,0,0,0,2,0,0,2,30,3,0,0,0,0,4,0,0,2,0,0,0,0,0,0,0,0,0,0,0,0,1,1,1,22,0,gen_while_no_update_bug_161,WHILE_VARIABLE_NOT_UPDATED
51,1219,0,1.0,0,0,0,0,1,6,5,6,2,2,8,12,397,2,2,0,0,0,2,0,0,2,30,3,0,0,0,0,4,0,0,2,0,0,0,0,0,0,0,0,0,0,0,0,1,2,0,27,0,gen_while_no_update_fix_161,NO_ISSUE
25,565,0,1.0,0,0,0,0,1,4,2,2,1,1,5,12,192,1,1,0,0,0,1,0,0,1,13,0,0,0,0,0,1,0,0,1,0,0,0,0,0,0,0,0,0,0,0,0,1,0,1,22,0,gen_while_no_update_bug_162,WHILE_VARIABLE_NOT_UPDATED
26,586,0,1.0,0,0,0,0,1,4,2,2,1,1,5,12,197,1,1,0,0,0,1,0,0,1,13,0,0,0,0,0,1,0,0,1,0,0,0,0,0,0,0,0,0,0,0,0,1,1,0,27,0,gen_while_no_update_fix_162,NO_ISSUE
37,907,0,1.0,0,0,0,0,1,4,5,6,1,2,6,12,304,2,2,0,0,0,2,0,0,2,30,3,0,0,0,0,4,0,0,2,0,0,0,0,0,0,0,0,0,0,0,0,0,0,1,9,0,gen_while_no_update_bug_163,WHILE_VARIABLE_NOT_UPDATED
38,929,0,1.0,0,0,0,0,1,4,5,6,1,2,6,12,309,2,2,0,0,0,2,0,0,2,30,3,0,0,0,0,4,0,0,2,0,0,0,0,0,0,0,0,0,0,0,0,0,1,0,14,0,gen_while_no_update_fix_163,NO_ISSUE
9,207,0,1.0,0,0,0,0,1,1,1,1,1,1,1,9,60,0,0,0,0,0,0,0,0,0,0,0,0,0,0,0,0,0,0,0,0,0,0,0,0,0,0,0,0,0,0,0,0,0,1,9,0,gen_while_no_update_bug_164,WHILE_VARIABLE_NOT_UPDATED
10,228,0,1.0,0,0,0,0,1,1,1,1,1,1,1,9,65,0,0,0,0,0,0,0,0,0,0,0,0,0,0,0,0,0,0,0,0,0,0,0,0,0,0,0,0,0,0,0,0,1,0,14,0,gen_while_no_update_fix_164,NO_ISSUE
8,190,0,1.0,0,0,0,0,1,1,0,0,1,0,0,10,57,0,0,0,0,0,0,0,0,0,0,0,0,0,0,0,0,0,0,0,0,0,0,0,0,0,0,0,0,0,0,0,1,0,1,21,0,gen_while_no_update_bug_165,WHILE_VARIABLE_NOT_UPDATED
9,222,0,1.0,0,0,0,0,1,1,0,0,1,1,1,10,66,0,0,0,0,0,0,0,0,0,0,0,0,0,0,0,0,0,0,0,0,0,0,0,0,0,0,0,0,0,0,0,1,1,0,30,0,gen_while_no_update_fix_165,NO_ISSUE
9,203,0,1.0,0,0,0,0,1,1,1,1,1,1,1,9,60,0,0,0,0,0,0,0,0,0,0,0,0,0,0,0,0,0,0,0,0,0,0,0,0,0,0,0,0,0,0,0,0,0,1,9,0,gen_while_no_update_bug_166,WHILE_VARIABLE_NOT_UPDATED
10,224,0,1.0,0,0,0,0,1,1,1,1,1,1,1,9,65,0,0,0,0,0,0,0,0,0,0,0,0,0,0,0,0,0,0,0,0,0,0,0,0,0,0,0,0,0,0,0,0,1,0,14,0,gen_while_no_update_fix_166,NO_ISSUE
9,201,0,1.0,0,0,0,0,1,1,1,1,1,1,1,9,60,0,0,0,0,0,0,0,0,0,0,0,0,0,0,0,0,0,0,0,0,0,0,0,0,0,0,0,0,0,0,0,0,0,1,9,0,gen_while_no_update_bug_167,WHILE_VARIABLE_NOT_UPDATED
10,222,0,1.0,0,0,0,0,1,1,1,1,1,1,1,9,65,0,0,0,0,0,0,0,0,0,0,0,0,0,0,0,0,0,0,0,0,0,0,0,0,0,0,0,0,0,0,0,0,1,0,14,0,gen_while_no_update_fix_167,NO_ISSUE
28,678,0,1.0,0,0,0,0,1,4,2,4,1,0,5,11,219,1,1,0,0,0,1,0,0,1,30,1,0,1,0,0,1,0,0,1,0,0,0,0,0,0,0,0,0,0,0,0,1,0,1,21,0,gen_while_no_update_bug_168,WHILE_VARIABLE_NOT_UPDATED
29,710,0,1.0,0,0,0,0,1,4,2,4,1,1,6,11,228,1,1,0,0,0,1,0,0,1,30,1,0,1,0,0,1,0,0,1,0,0,0,0,0,0,0,0,0,0,0,0,1,1,0,30,0,gen_while_no_update_fix_168,NO_ISSUE
7,173,0,1.0,0,0,0,0,1,1,0,0,1,0,2,12,55,0,0,0,0,0,0,0,0,0,0,0,0,0,0,0,0,0,0,0,0,0,0,0,0,0,0,0,0,0,0,0,1,0,1,22,0,gen_while_no_update_bug_169,WHILE_VARIABLE_NOT_UPDATED
8,194,0,1.0,0,0,0,0,1,1,0,0,1,0,2,12,60,0,0,0,0,0,0,0,0,0,0,0,0,0,0,0,0,0,0,0,0,0,0,0,0,0,0,0,0,0,0,0,1,1,0,27,0,gen_while_no_update_fix_169,NO_ISSUE
8,192,0,1.0,0,0,0,0,1,1,0,0,1,0,0,10,57,0,0,0,0,0,0,0,0,0,0,0,0,0,0,0,0,0,0,0,0,0,0,0,0,0,0,0,0,0,0,0,1,0,1,21,0,gen_while_no_update_bug_170,WHILE_VARIABLE_NOT_UPDATED
9,225,0,1.0,0,0,0,0,1,1,0,0,1,1,1,10,66,0,0,0,0,0,0,0,0,0,0,0,0,0,0,0,0,0,0,0,0,0,0,0,0,0,0,0,0,0,0,0,1,1,0,30,0,gen_while_no_update_fix_170,NO_ISSUE
9,233,0,1.0,0,0,0,0,1,1,2,1,0,1,2,10,80,1,1,1,0,0,1,1,0,1,13,0,0,0,0,0,1,0,0,1,0,0,0,0,0,0,0,0,0,0,0,0,0,0,0,0,0,gen_clean_boundary_minus_one_001,NO_ISSUE
58,1280,0,1.0,0,0,0,0,1,8,4,11,0,2,11,10,427,2,2,1,0,0,2,1,0,2,13,5,0,1,0,0,2,0,0,2,0,0,0,0,0,0,0,0,0,0,0,0,0,0,0,0,0,gen_clean_boundary_minus_one_002,NO_ISSUE
32,749,0,1.0,0,0,0,0,1,4,4,6,0,2,8,12,256,2,2,1,0,0,2,1,0,2,29,3,0,0,0,0,4,0,0,2,0,0,0,0,0,0,0,0,0,0,0,0,0,0,0,0,0,gen_clean_boundary_minus_one_003,NO_ISSUE
24,556,0,1.0,0,0,0,0,1,3,4,4,0,2,5,10,192,2,2,1,0,0,2,1,0,2,13,1,0,1,0,0,2,0,0,2,0,0,0,0,0,0,0,0,0,0,0,0,0,0,0,0,0,gen_clean_boundary_minus_one_004,NO_ISSUE
45,1020,0,1.0,0,0,0,0,1,4,4,3,0,7,2,11,284,1,1,1,0,0,1,1,0,1,13,0,0,0,0,0,1,0,0,1,2,6,4,0,0,2,0,12,0,0,0,0,0,0,0,0,0,gen_clean_boundary_minus_one_005,NO_ISSUE
27,612,0,1.0,0,0,0,0,1,3,3,5,1,2,5,10,192,1,1,1,0,0,1,1,0,1,13,2,0,0,0,0,1,0,0,1,0,0,0,0,0,0,0,0,0,0,0,0,0,1,0,14,0,gen_clean_boundary_minus_one_006,NO_ISSUE
25,561,0,1.0,0,0,0,0,1,3,2,6,0,1,6,10,185,1,1,1,0,0,1,1,0,1,13,3,0,1,0,0,1,0,0,1,0,0,0,0,0,0,0,0,0,0,0,0,0,0,0,0,0,gen_clean_boundary_minus_one_007,NO_ISSUE
9,230,0,1.0,0,0,0,0,1,1,2,1,0,1,2,10,80,1,1,1,0,0,1,1,0,1,13,0,0,0,0,0,1,0,0,1,0,0,0,0,0,0,0,0,0,0,0,0,0,0,0,0,0,gen_clean_boundary_minus_one_008,NO_ISSUE
9,230,0,1.0,0,0,0,0,1,1,2,1,0,1,2,10,80,1,1,1,0,0,1,1,0,1,13,0,0,0,0,0,1,0,0,1,0,0,0,0,0,0,0,0,0,0,0,0,0,0,0,0,0,gen_clean_boundary_minus_one_009,NO_ISSUE
48,1136,0,1.0,0,0,0,0,1,6,7,8,1,3,9,11,378,3,3,1,0,0,3,1,0,3,30,2,0,0,0,0,3,0,0,3,0,0,0,0,0,0,0,0,0,0,0,0,0,1,0,14,0,gen_clean_boundary_minus_one_010,NO_ISSUE
17,410,0,1.0,0,0,0,0,1,2,4,2,0,2,3,10,148,2,2,1,0,0,2,1,0,2,13,0,0,0,0,0,2,0,0,2,0,0,0,0,0,0,0,0,0,0,0,0,0,0,0,0,0,gen_clean_boundary_minus_one_011,NO_ISSUE
27,637,0,1.0,0,0,0,0,1,3,2,7,0,1,6,10,204,1,1,1,0,0,1,1,0,1,13,4,0,0,0,0,1,0,0,1,0,0,0,0,0,0,0,0,0,0,0,0,0,0,0,0,0,gen_clean_boundary_minus_one_012,NO_ISSUE
9,230,0,1.0,0,0,0,0,1,1,2,1,0,1,2,10,80,1,1,1,0,0,1,1,0,1,13,0,0,0,0,0,1,0,0,1,0,0,0,0,0,0,0,0,0,0,0,0,0,0,0,0,0,gen_clean_boundary_minus_one_013,NO_ISSUE
9,224,0,1.0,0,0,0,0,1,1,2,1,0,1,2,10,80,1,1,1,0,0,1,1,0,1,13,0,0,0,0,0,1,0,0,1,0,0,0,0,0,0,0,0,0,0,0,0,0,0,0,0,0,gen_clean_boundary_minus_one_014,NO_ISSUE
31,758,0,1.0,0,0,0,0,1,4,5,4,1,2,6,11,249,2,2,1,0,0,2,1,0,2,30,0,0,0,0,0,2,0,0,2,0,0,0,0,0,0,0,0,0,0,0,0,0,1,0,14,0,gen_clean_boundary_minus_one_015,NO_ISSUE
9,227,0,1.0,0,0,0,0,1,1,2,1,0,1,2,10,80,1,1,1,0,0,1,1,0,1,13,0,0,0,0,0,1,0,0,1,0,0,0,0,0,0,0,0,0,0,0,0,0,0,0,0,0,gen_clean_boundary_minus_one_016,NO_ISSUE
32,722,0,1.0,0,0,0,0,1,4,5,3,1,3,4,10,243,2,2,1,0,0,2,1,0,2,13,0,0,0,0,0,2,0,0,2,0,0,0,0,0,0,0,0,0,0,0,0,0,1,0,14,0,gen_clean_boundary_minus_one_017,NO_ISSUE
23,543,0,1.0,0,0,0,0,1,3,4,2,0,2,3,10,192,2,2,1,0,0,2,1,0,2,13,0,0,0,0,0,2,0,0,2,0,0,0,0,0,0,0,0,0,0,0,0,0,0,0,0,0,gen_clean_boundary_minus_one_018,NO_ISSUE
55,1269,0,1.0,0,0,0,0,1,6,5,12,1,3,11,12,406,2,2,1,0,0,2,1,0,2,29,7,0,0,0,0,4,0,0,1,0,0,0,0,0,0,0,0,0,0,0,0,0,1,0,14,0,gen_clean_boundary_minus_one_019,NO_ISSUE
18,427,0,1.0,0,0,0,0,1,2,2,4,0,1,4,10,141,1,1,1,0,0,1,1,0,1,13,2,0,0,0,0,1,0,0,1,0,0,0,0,0,0,0,0,0,0,0,0,0,0,0,0,0,gen_clean_boundary_minus_one_020,NO_ISSUE
19,472,0,1.0,0,0,0,0,1,2,4,2,0,2,4,12,168,2,2,1,0,0,2,1,0,2,29,1,0,0,0,0,4,0,0,2,0,0,0,0,0,0,0,0,0,0,0,0,0,0,0,0,0,gen_clean_boundary_minus_one_021,NO_ISSUE
15,360,0,1.0,0,0,0,0,1,2,2,1,0,1,2,10,124,1,1,1,0,0,1,1,0,1,13,0,0,0,0,0,1,0,0,1,0,0,0,0,0,0,0,0,0,0,0,0,0,0,0,0,0,gen_clean_boundary_minus_one_022,NO_ISSUE
9,230,0,1.0,0,0,0,0,1,1,2,1,0,1,2,10,80,1,1,1,0,0,1,1,0,1,13,0,0,0,0,0,1,0,0,1,0,0,0,0,0,0,0,0,0,0,0,0,0,0,0,0,0,gen_clean_boundary_minus_one_023,NO_ISSUE
35,824,0,1.0,0,0,0,0,1,4,4,7,0,2,8,12,275,2,2,1,0,0,2,1,0,2,29,4,0,1,0,0,4,0,0,2,0,0,0,0,0,0,0,0,0,0,0,0,0,0,0,0,0,gen_clean_boundary_minus_one_024,NO_ISSUE
25,571,0,1.0,0,0,0,0,1,3,2,6,0,1,6,10,185,1,1,1,0,0,1,1,0,1,13,3,0,1,0,0,1,0,0,1,0,0,0,0,0,0,0,0,0,0,0,0,0,0,0,0,0,gen_clean_boundary_minus_one_025,NO_ISSUE
50,1137,0,1.0,0,0,0,0,1,7,6,8,0,3,11,12,391,3,3,1,0,0,3,1,0,3,29,3,0,0,0,0,5,0,0,3,0,0,0,0,0,0,0,0,0,0,0,0,0,0,0,0,0,gen_clean_boundary_minus_one_026,NO_ISSUE
9,227,0,1.0,0,0,0,0,1,1,2,1,0,1,2,10,80,1,1,1,0,0,1,1,0,1,13,0,0,0,0,0,1,0,0,1,0,0,0,0,0,0,0,0,0,0,0,0,0,0,0,0,0,gen_clean_boundary_minus_one_027,NO_ISSUE
9,227,0,1.0,0,0,0,0,1,1,2,1,0,1,2,10,80,1,1,1,0,0,1,1,0,1,13,0,0,0,0,0,1,0,0,1,0,0,0,0,0,0,0,0,0,0,0,0,0,0,0,0,0,gen_clean_boundary_minus_one_028,NO_ISSUE
9,230,0,1.0,0,0,0,0,1,1,2,1,0,1,2,10,80,1,1,1,0,0,1,1,0,1,13,0,0,0,0,0,1,0,0,1,0,0,0,0,0,0,0,0,0,0,0,0,0,0,0,0,0,gen_clean_boundary_minus_one_029,NO_ISSUE
16,373,0,1.0,0,0,0,0,1,2,2,3,0,1,4,10,124,1,1,1,0,0,1,1,0,1,13,1,0,1,0,0,1,0,0,1,0,0,0,0,0,0,0,0,0,0,0,0,0,0,0,0,0,gen_clean_boundary_minus_one_030,NO_ISSUE
9,227,0,1.0,0,0,0,0,1,1,2,1,0,1,2,10,80,1,1,1,0,0,1,1,0,1,13,0,0,0,0,0,1,0,0,1,0,0,0,0,0,0,0,0,0,0,0,0,0,0,0,0,0,gen_clean_boundary_minus_one_031,NO_ISSUE
48,1157,0,1.0,0,0,0,0,1,6,6,10,0,2,10,11,392,3,3,1,0,0,3,1,0,3,30,4,0,0,0,0,3,0,0,2,0,0,0,0,0,0,0,0,0,0,0,0,0,0,0,0,0,gen_clean_boundary_minus_one_032,NO_ISSUE
63,1488,0,1.0,0,0,0,0,1,5,7,5,0,10,3,11,413,2,2,1,0,0,2,1,0,2,30,0,0,0,0,0,2,0,0,2,3,9,6,0,0,3,0,12,0,0,0,0,0,0,0,0,0,gen_clean_boundary_minus_one_033,NO_ISSUE
9,227,0,1.0,0,0,0,0,1,1,2,1,0,1,2,10,80,1,1,1,0,0,1,1,0,1,13,0,0,0,0,0,1,0,0,1,0,0,0,0,0,0,0,0,0,0,0,0,0,0,0,0,0,gen_clean_boundary_minus_one_034,NO_ISSUE
9,227,0,1.0,0,0,0,0,1,1,2,1,0,1,2,10,80,1,1,1,0,0,1,1,0,1,13,0,0,0,0,0,1,0,0,1,0,0,0,0,0,0,0,0,0,0,0,0,0,0,0,0,0,gen_clean_boundary_minus_one_035,NO_ISSUE
9,230,0,1.0,0,0,0,0,1,1,2,1,0,1,2,10,80,1,1,1,0,0,1,1,0,1,13,0,0,0,0,0,1,0,0,1,0,0,0,0,0,0,0,0,0,0,0,0,0,0,0,0,0,gen_clean_boundary_minus_one_036,NO_ISSUE
19,472,0,1.0,0,0,0,0,1,2,4,2,0,2,4,12,168,2,2,1,0,0,2,1,0,2,29,1,0,0,0,0,4,0,0,2,0,0,0,0,0,0,0,0,0,0,0,0,0,0,0,0,0,gen_clean_boundary_minus_one_037,NO_ISSUE
23,537,0,1.0,0,0,0,0,1,3,4,2,0,2,3,10,192,2,2,1,0,0,2,1,0,2,13,0,0,0,0,0,2,0,0,2,0,0,0,0,0,0,0,0,0,0,0,0,0,0,0,0,0,gen_clean_boundary_minus_one_038,NO_ISSUE
25,603,0,1.0,0,0,0,0,1,3,4,2,0,2,4,12,212,2,2,1,0,0,2,1,0,2,29,1,0,0,0,0,4,0,0,2,0,0,0,0,0,0,0,0,0,0,0,0,0,0,0,0,0,gen_clean_boundary_minus_one_039,NO_ISSUE
9,230,0,1.0,0,0,0,0,1,1,2,1,0,1,2,10,80,1,1,1,0,0,1,1,0,1,13,0,0,0,0,0,1,0,0,1,0,0,0,0,0,0,0,0,0,0,0,0,0,0,0,0,0,gen_clean_boundary_minus_one_040,NO_ISSUE
49,1370,0,1.0,0,0,0,0,1,5,6,3,0,1,3,12,419,3,3,0,0,0,3,0,0,3,30,0,0,0,0,0,3,0,0,2,1,4,1,2,0,1,2,19,0,0,0,0,0,0,0,0,0,gen_clean_fall_through_001,NO_ISSUE
17,526,0,1.0,0,0,0,0,1,1,0,0,0,0,0,12,121,0,0,0,0,0,0,0,0,0,0,0,0,0,0,0,0,0,0,0,1,4,1,2,0,1,2,19,0,0,0,0,0,0,0,0,0,gen_clean_fall_through_002,NO_ISSUE
17,526,0,1.0,0,0,0,0,1,1,0,0,0,0,0,12,121,0,0,0,0,0,0,0,0,0,0,0,0,0,0,0,0,0,0,0,1,4,1,2,0,1,2,19,0,0,0,0,0,0,0,0,0,gen_clean_fall_through_003,NO_ISSUE
17,526,0,1.0,0,0,0,0,1,1,0,0,0,0,0,12,121,0,0,0,0,0,0,0,0,0,0,0,0,0,0,0,0,0,0,0,1,4,1,2,0,1,2,19,0,0,0,0,0,0,0,0,0,gen_clean_fall_through_004,NO_ISSUE
17,526,0,1.0,0,0,0,0,1,1,0,0,0,0,0,12,121,0,0,0,0,0,0,0,0,0,0,0,0,0,0,0,0,0,0,0,1,4,1,2,0,1,2,19,0,0,0,0,0,0,0,0,0,gen_clean_fall_through_005,NO_ISSUE
42,1086,0,1.0,0,0,0,0,1,4,4,4,0,2,5,12,321,2,2,0,0,0,2,0,0,2,29,2,0,1,0,0,4,0,0,2,1,4,1,2,0,1,2,19,0,0,0,0,0,0,0,0,0,gen_clean_fall_through_006,NO_ISSUE
26,730,0,1.0,0,0,0,0,1,2,0,3,0,0,2,12,184,0,0,0,0,0,0,0,0,0,0,2,0,0,0,0,0,0,0,0,1,4,1,2,0,1,2,19,0,0,0,0,0,0,0,0,0,gen_clean_fall_through_007,NO_ISSUE
26,793,0,1.0,0,0,0,0,1,2,2,1,0,0,1,12,214,1,1,0,0,0,1,0,0,1,30,0,0,0,0,0,1,0,0,1,1,4,1,2,0,1,2,19,0,0,0,0,0,0,0,0,0,gen_clean_fall_through_008,NO_ISSUE
48,1260,0,1.0,0,0,0,0,1,5,2,8,0,0,7,12,361,1,1,0,0,0,1,0,0,1,30,4,0,0,0,0,1,0,0,1,1,4,1,2,0,1,2,19,0,0,0,0,0,0,0,0,0,gen_clean_fall_through_009,NO_ISSUE
28,753,0,1.0,0,0,0,0,1,3,0,3,0,0,4,12,190,0,0,0,0,0,0,0,0,0,0,1,0,1,0,0,0,0,0,0,1,4,1,2,0,1,2,19,0,0,0,0,0,0,0,0,0,gen_clean_fall_through_010,NO_ISSUE
35,900,0,1.0,0,0,0,0,1,3,1,4,1,1,3,12,233,0,0,0,0,0,0,0,0,0,0,2,0,0,0,0,0,0,0,0,1,4,1,2,0,1,2,19,0,0,0,0,0,1,0,14,0,gen_clean_fall_through_011,NO_ISSUE
62,1568,0,1.0,0,0,0,0,1,6,4,3,1,4,2,12,433,1,1,0,0,0,1,0,0,1,30,0,0,0,0,0,1,0,0,1,2,7,3,2,0,2,2,19,0,0,0,0,0,1,0,14,0,gen_clean_fall_through_012,NO_ISSUE
26,793,0,1.0,0,0,0,0,1,2,2,1,0,0,1,12,214,1,1,0,0,0,1,0,0,1,30,0,0,0,0,0,1,0,0,1,1,4,1,2,0,1,2,19,0,0,0,0,0,0,0,0,0,gen_clean_fall_through_013,NO_ISSUE
46,1218,0,1.0,0,0,0,0,1,5,2,7,0,0,7,12,346,1,1,0,0,0,1,0,0,1,30,3,0,1,0,0,1,0,0,1,1,4,1,2,0,1,2,19,0,0,0,0,0,0,0,0,0,gen_clean_fall_through_014,NO_ISSUE
17,526,0,1.0,0,0,0,0,1,1,0,0,0,0,0,12,121,0,0,0,0,0,0,0,0,0,0,0,0,0,0,0,0,0,0,0,1,4,1,2,0,1,2,19,0,0,0,0,0,0,0,0,0,gen_clean_fall_through_015,NO_ISSUE
60,1468,0,1.0,0,0,0,0,1,6,5,8,1,3,8,12,433,2,2,0,0,0,2,0,0,2,29,4,0,1,0,0,4,0,0,2,1,4,1,2,0,1,2,19,0,0,0,0,0,1,0,14,0,gen_clean_fall_through_016,NO_ISSUE
25,709,0,1.0,0,0,0,0,1,2,2,1,0,1,1,12,189,1,1,0,0,0,1,0,0,1,13,0,0,0,0,0,1,0,0,1,1,4,1,2,0,1,2,19,0,0,0,0,0,0,0,0,0,gen_clean_fall_through_017,NO_ISSUE
42,1166,0,1.0,0,0,0,0,1,4,4,2,0,1,3,12,346,2,2,0,0,0,2,0,0,2,30,1,0,0,0,0,4,0,0,2,1,4,1,2,0,1,2,19,0,0,0,0,0,0,0,0,0,gen_clean_fall_through_018,NO_ISSUE
60,1426,0,1.0,0,0,0,0,1,6,1,9,0,3,8,12,377,0,0,0,0,0,0,0,0,0,0,4,0,4,0,0,0,0,0,0,2,7,3,2,0,2,2,19,0,0,0,0,0,0,0,0,0,gen_clean_fall_through_019,NO_ISSUE
17,526,0,1.0,0,0,0,0,1,1,0,0,0,0,0,12,121,0,0,0,0,0,0,0,0,0,0,0,0,0,0,0,0,0,0,0,1,4,1,2,0,1,2,19,0,0,0,0,0,0,0,0,0,gen_clean_fall_through_020,NO_ISSUE
17,526,0,1.0,0,0,0,0,1,1,0,0,0,0,0,12,121,0,0,0,0,0,0,0,0,0,0,0,0,0,0,0,0,0,0,0,1,4,1,2,0,1,2,19,0,0,0,0,0,0,0,0,0,gen_clean_fall_through_021,NO_ISSUE
17,526,0,1.0,0,0,0,0,1,1,0,0,0,0,0,12,121,0,0,0,0,0,0,0,0,0,0,0,0,0,0,0,0,0,0,0,1,4,1,2,0,1,2,19,0,0,0,0,0,0,0,0,0,gen_clean_fall_through_022,NO_ISSUE
61,1581,0,1.0,0,0,0,0,1,6,5,4,0,4,5,12,451,2,2,0,0,0,2,0,0,2,30,1,0,0,0,0,4,0,0,2,2,7,3,2,0,2,2,19,0,0,0,0,0,0,0,0,0,gen_clean_fall_through_023,NO_ISSUE
41,1036,0,1.0,0,0,0,0,1,4,3,4,1,2,4,12,284,1,1,0,0,0,1,0,0,1,13,1,0,1,0,0,1,0,0,1,1,4,1,2,0,1,2,19,0,0,0,0,0,1,0,14,0,gen_clean_fall_through_024,NO_ISSUE
17,526,0,1.0,0,0,0,0,1,1,0,0,0,0,0,12,121,0,0,0,0,0,0,0,0,0,0,0,0,0,0,0,0,0,0,0,1,4,1,2,0,1,2,19,0,0,0,0,0,0,0,0,0,gen_clean_fall_through_025,NO_ISSUE
17,526,0,1.0,0,0,0,0,1,1,0,0,0,0,0,12,121,0,0,0,0,0,0,0,0,0,0,0,0,0,0,0,0,0,0,0,1,4,1,2,0,1,2,19,0,0,0,0,0,0,0,0,0,gen_clean_fall_through_026,NO_ISSUE
39,1016,0,1.0,0,0,0,0,1,4,4,2,0,2,2,12,301,2,2,0,0,0,2,0,0,2,13,0,0,0,0,0,2,0,0,2,1,4,1,2,0,1,2,19,0,0,0,0,0,0,0,0,0,gen_clean_fall_through_027,NO_ISSUE
36,1035,0,1.0,0,0,0,0,1,3,4,2,0,1,3,12,302,2,2,0,0,0,2,0,0,2,30,1,0,0,0,0,4,0,0,2,1,4,1,2,0,1,2,19,0,0,0,0,0,0,0,0,0,gen_clean_fall_through_028,NO_ISSUE
98,2404,0,1.0,0,0,0,0,1,9,8,10,0,8,9,12,699,3,3,0,0,0,3,0,0,3,30,5,0,1,0,0,7,0,0,3,3,10,5,2,0,3,2,19,0,0,0,0,0,0,0,0,0,gen_clean_fall_through_029,NO_ISSUE
62,1547,0,1.0,0,0,0,0,1,6,5,3,0,5,3,12,445,2,2,0,0,0,2,0,0,2,29,1,0,0,0,0,4,0,0,2,2,7,3,2,0,2,2,19,0,0,0,0,0,0,0,0,0,gen_clean_fall_through_030,NO_ISSUE
19,419,0,1.0,0,0,0,0,1,2,1,4,1,1,3,9,123,0,0,0,0,0,0,0,0,0,0,2,0,0,0,0,0,0,0,0,0,0,0,0,0,0,0,0,0,0,0,0,0,1,0,14,0,gen_clean_generic_001,NO_ISSUE
58,1333,0,1.0,0,0,0,0,1,6,5,7,2,5,5,11,391,1,1,0,0,0,1,0,0,1,30,2,0,0,0,0,1,0,0,1,1,3,2,0,0,1,0,12,0,0,0,0,0,2,0,14,0,gen_clean_generic_002,NO_ISSUE
10,302,0,1.0,0,0,0,0,1,1,2,1,0,0,1,11,102,1,1,0,0,0,1,0,0,1,30,0,0,0,0,0,1,0,0,1,0,0,0,0,0,0,0,0,0,0,0,0,0,0,0,0,0,gen_clean_generic_003,NO_ISSUE
10,219,0,1.0,0,0,0,0,1,1,1,1,1,1,1,9,60,0,0,0,0,0,0,0,0,0,0,0,0,0,0,0,0,0,0,0,0,0,0,0,0,0,0,0,0,0,0,0,0,1,0,14,0,gen_clean_generic_004,NO_ISSUE
25,549,0,1.0,0,0,0,0,1,3,2,6,0,1,5,10,182,1,1,0,0,0,1,0,0,1,13,3,0,1,0,0,1,0,0,1,0,0,0,0,0,0,0,0,0,0,0,0,0,0,0,0,0,gen_clean_generic_005,NO_ISSUE
57,1280,0,1.0,0,0,0,0,1,6,4,4,0,7,4,12,370,1,1,0,0,0,1,0,0,1,29,1,0,0,0,0,3,0,0,1,2,6,4,0,0,2,0,12,0,0,0,0,0,0,0,0,0,gen_clean_generic_006,NO_ISSUE
25,561,0,1.0,0,0,0,0,1,2,1,4,0,3,2,11,150,0,0,0,0,0,0,0,0,0,0,2,0,0,0,0,0,0,0,0,1,3,2,0,0,1,0,12,0,0,0,0,0,0,0,0,0,gen_clean_generic_007,NO_ISSUE
5,113,0,1.0,0,0,0,0,1,1,0,1,0,0,2,8,34,0,0,0,0,0,0,0,0,0,0,0,0,0,0,0,0,0,0,0,0,0,0,0,0,0,0,0,0,0,0,0,0,0,0,0,0,gen_clean_generic_008,NO_ISSUE
39,871,0,1.0,0,0,0,0,1,3,4,3,0,7,1,11,237,1,1,0,0,0,1,0,0,1,13,0,0,0,0,0,1,0,0,1,2,6,4,0,0,2,0,12,0,0,0,0,0,0,0,0,0,gen_clean_generic_009,NO_ISSUE
24,520,0,1.0,0,0,0,0,1,4,0,3,0,0,4,10,166,0,0,0,0,0,0,0,0,0,0,1,0,1,0,0,0,0,0,0,0,0,0,0,0,0,0,0,0,0,0,0,0,0,0,0,0,gen_clean_generic_010,NO_ISSUE
25,543,0,1.0,0,0,0,0,1,2,2,2,1,4,1,11,140,0,0,0,0,0,0,0,0,0,0,0,0,0,0,0,0,0,0,0,1,3,2,0,0,1,0,12,0,0,0,0,0,1,0,14,0,gen_clean_generic_011,NO_ISSUE
52,1263,0,1.0,0,0,0,0,1,6,5,8,0,3,8,11,388,2,2,0,0,0,2,0,0,2,30,2,0,2,0,0,2,0,0,1,1,3,2,0,0,1,0,12,0,0,0,0,0,0,0,0,0,gen_clean_generic_012,NO_ISSUE
49,1161,0,1.0,0,0,0,0,1,6,4,11,0,1,11,12,383,2,2,0,0,0,2,0,0,2,30,6,0,1,0,0,4,0,0,2,0,0,0,0,0,0,0,0,0,0,0,0,0,0,0,0,0,gen_clean_generic_013,NO_ISSUE
10,235,0,1.0,0,0,0,0,1,1,0,3,0,0,2,10,70,0,0,0,0,0,0,0,0,0,0,2,0,0,0,0,0,0,0,0,0,0,0,0,0,0,0,0,0,0,0,0,0,0,0,0,0,gen_clean_generic_014,NO_ISSUE
20,440,0,1.0,0,0,0,0,1,3,0,2,0,0,2,10,141,0,0,0,0,0,0,0,0,0,0,1,0,1,0,0,0,0,0,0,0,0,0,0,0,0,0,0,0,0,0,0,0,0,0,0,0,gen_clean_generic_015,NO_ISSUE
47,1088,0,1.0,0,0,0,0,1,5,4,5,1,4,4,11,321,1,1,0,0,0,1,0,0,1,30,1,0,1,0,0,1,0,0,1,1,3,2,0,0,1,0,12,0,0,0,0,0,1,0,14,0,gen_clean_generic_016,NO_ISSUE
75,1698,0,1.0,0,0,0,0,1,8,9,11,2,7,9,11,525,3,3,0,0,0,3,0,0,3,30,3,0,1,0,0,3,0,0,3,1,3,2,0,0,1,0,12,0,0,0,0,0,2,0,14,0,gen_clean_generic_017,NO_ISSUE
20,481,0,1.0,0,0,0,0,1,2,2,4,0,1,4,12,160,1,1,0,0,0,1,0,0,1,29,3,0,0,0,0,3,0,0,1,0,0,0,0,0,0,0,0,0,0,0,0,0,0,0,0,0,gen_clean_generic_018,NO_ISSUE
14,299,0,1.0,0,0,0,0,1,2,1,2,1,1,3,9,85,0,0,0,0,0,0,0,0,0,0,0,0,0,0,0,0,0,0,0,0,0,0,0,0,0,0,0,0,0,0,0,0,1,0,14,0,gen_clean_generic_019,NO_ISSUE
10,215,0,1.0,0,0,0,0,1,1,1,1,1,1,1,9,60,0,0,0,0,0,0,0,0,0,0,0,0,0,0,0,0,0,0,0,0,0,0,0,0,0,0,0,0,0,0,0,0,1,0,14,0,gen_clean_generic_020,NO_ISSUE
20,481,0,1.0,0,0,0,0,1,2,2,4,0,1,4,12,160,1,1,0,0,0,1,0,0,1,29,3,0,0,0,0,3,0,0,1,0,0,0,0,0,0,0,0,0,0,0,0,0,0,0,0,0,gen_clean_generic_021,NO_ISSUE
5,113,0,1.0,0,0,0,0,1,1,0,1,0,0,2,8,34,0,0,0,0,0,0,0,0,0,0,0,0,0,0,0,0,0,0,0,0,0,0,0,0,0,0,0,0,0,0,0,0,0,0,0,0,gen_clean_generic_022,NO_ISSUE
26,600,0,1.0,0,0,0,0,1,3,4,4,0,2,5,12,209,2,2,0,0,0,2,0,0,2,29,2,0,1,0,0,4,0,0,2,0,0,0,0,0,0,0,0,0,0,0,0,0,0,0,0,0,gen_clean_generic_023,NO_ISSUE
35,776,0,1.0,0,0,0,0,1,5,2,6,0,1,8,12,254,1,1,0,0,0,1,0,0,1,29,3,0,2,0,0,3,0,0,1,0,0,0,0,0,0,0,0,0,0,0,0,0,0,0,0,0,gen_clean_generic_024,NO_ISSUE
10,302,0,1.0,0,0,0,0,1,1,2,1,0,0,1,11,102,1,1,0,0,0,1,0,0,1,30,0,0,0,0,0,1,0,0,1,0,0,0,0,0,0,0,0,0,0,0,0,0,0,0,0,0,gen_clean_generic_025,NO_ISSUE
10,302,0,1.0,0,0,0,0,1,1,2,1,0,0,1,11,102,1,1,0,0,0,1,0,0,1,30,0,0,0,0,0,1,0,0,1,0,0,0,0,0,0,0,0,0,0,0,0,0,0,0,0,0,gen_clean_generic_026,NO_ISSUE
34,838,0,1.0,0,0,0,0,1,3,3,5,0,3,3,11,245,1,1,0,0,0,1,0,0,1,30,2,0,0,0,0,1,0,0,1,1,3,2,0,0,1,0,12,0,0,0,0,0,0,0,0,0,gen_clean_generic_027,NO_ISSUE
55,1298,0,1.0,0,0,0,0,1,6,7,9,1,3,10,12,434,3,3,0,0,0,3,0,0,3,30,5,0,1,0,0,7,0,0,3,0,0,0,0,0,0,0,0,0,0,0,0,0,1,0,14,0,gen_clean_generic_028,NO_ISSUE
17,445,0,1.0,0,0,0,0,1,2,2,3,0,0,3,11,146,1,1,0,0,0,1,0,0,1,30,1,0,1,0,0,1,0,0,1,0,0,0,0,0,0,0,0,0,0,0,0,0,0,0,0,0,gen_clean_generic_029,NO_ISSUE
8,178,0,1.0,0,0,0,0,1,1,0,2,0,0,2,9,53,0,0,0,0,0,0,0,0,0,0,1,0,1,0,0,0,0,0,0,0,0,0,0,0,0,0,0,0,0,0,0,0,0,0,0,0,gen_clean_generic_030,NO_ISSUE
25,567,0,1.0,0,0,0,0,1,2,1,4,0,3,2,11,150,0,0,0,0,0,0,0,0,0,0,2,0,0,0,0,0,0,0,0,1,3,2,0,0,1,0,12,0,0,0,0,0,0,0,0,0,gen_clean_generic_031,NO_ISSUE
22,500,0,1.0,0,0,0,0,1,2,1,1,0,3,0,11,133,0,0,0,0,0,0,0,0,0,0,0,0,0,0,0,0,0,0,0,1,3,2,0,0,1,0,12,0,0,0,0,0,0,0,0,0,gen_clean_generic_032,NO_ISSUE
8,178,0,1.0,0,0,0,0,1,1,0,2,0,0,2,9,53,0,0,0,0,0,0,0,0,0,0,1,0,1,0,0,0,0,0,0,0,0,0,0,0,0,0,0,0,0,0,0,0,0,0,0,0,gen_clean_generic_033,NO_ISSUE
31,676,0,1.0,0,0,0,0,1,3,2,2,1,4,1,11,184,0,0,0,0,0,0,0,0,0,0,0,0,0,0,0,0,0,0,0,1,3,2,0,0,1,0,12,0,0,0,0,0,1,0,14,0,gen_clean_generic_034,NO_ISSUE
47,1070,0,1.0,0,0,0,0,1,5,5,7,0,5,7,12,333,2,2,0,0,0,2,0,0,2,29,3,0,0,0,0,4,0,0,2,1,3,2,0,0,1,0,12,0,0,0,0,0,0,0,0,0,gen_clean_generic_035,NO_ISSUE
5,113,0,1.0,0,0,0,0,1,1,0,1,0,0,2,8,34,0,0,0,0,0,0,0,0,0,0,0,0,0,0,0,0,0,0,0,0,0,0,0,0,0,0,0,0,0,0,0,0,0,0,0,0,gen_clean_generic_036,NO_ISSUE
45,1050,0,1.0,0,0,0,0,1,5,6,9,0,3,8,12,359,3,3,0,0,0,3,0,0,3,29,5,0,0,0,0,5,0,0,2,0,0,0,0,0,0,0,0,0,0,0,0,0,0,0,0,0,gen_clean_generic_037,NO_ISSUE
10,302,0,1.0,0,0,0,0,1,1,2,1,0,0,1,11,102,1,1,0,0,0,1,0,0,1,30,0,0,0,0,0,1,0,0,1,0,0,0,0,0,0,0,0,0,0,0,0,0,0,0,0,0,gen_clean_generic_038,NO_ISSUE
10,302,0,1.0,0,0,0,0,1,1,2,1,0,0,1,11,102,1,1,0,0,0,1,0,0,1,30,0,0,0,0,0,1,0,0,1,0,0,0,0,0,0,0,0,0,0,0,0,0,0,0,0,0,gen_clean_generic_039,NO_ISSUE
23,584,0,1.0,0,0,0,0,1,3,2,5,0,0,5,11,190,1,1,0,0,0,1,0,0,1,30,2,0,0,0,0,1,0,0,1,0,0,0,0,0,0,0,0,0,0,0,0,0,0,0,0,0,gen_clean_generic_040,NO_ISSUE
12,258,0,1.0,0,0,0,0,1,2,0,3,0,0,4,9,78,0,0,0,0,0,0,0,0,0,0,1,0,1,0,0,0,0,0,0,0,0,0,0,0,0,0,0,0,0,0,0,0,0,0,0,0,gen_clean_generic_041,NO_ISSUE
10,229,0,1.0,0,0,0,0,1,1,0,3,0,0,2,10,70,0,0,0,0,0,0,0,0,0,0,2,0,0,0,0,0,0,0,0,0,0,0,0,0,0,0,0,0,0,0,0,0,0,0,0,0,gen_clean_generic_042,NO_ISSUE
5,115,0,1.0,0,0,0,0,1,1,0,1,0,0,2,8,34,0,0,0,0,0,0,0,0,0,0,0,0,0,0,0,0,0,0,0,0,0,0,0,0,0,0,0,0,0,0,0,0,0,0,0,0,gen_clean_generic_043,NO_ISSUE
9,215,0,1.0,0,0,0,0,1,1,2,1,0,1,1,10,77,1,1,0,0,0,1,0,0,1,13,0,0,0,0,0,1,0,0,1,0,0,0,0,0,0,0,0,0,0,0,0,0,0,0,0,0,gen_clean_generic_044,NO_ISSUE
22,494,0,1.0,0,0,0,0,1,3,2,3,0,1,3,10,165,1,1,0,0,0,1,0,0,1,13,1,0,1,0,0,1,0,0,1,0,0,0,0,0,0,0,0,0,0,0,0,0,0,0,0,0,gen_clean_generic_045,NO_ISSUE
8,178,0,1.0,0,0,0,0,1,1,0,2,0,0,2,9,53,0,0,0,0,0,0,0,0,0,0,1,0,1,0,0,0,0,0,0,0,0,0,0,0,0,0,0,0,0,0,0,0,0,0,0,0,gen_clean_generic_046,NO_ISSUE
11,246,0,1.0,0,0,0,0,1,2,0,1,0,0,2,10,78,0,0,0,0,0,0,0,0,0,0,0,0,0,0,0,0,0,0,0,0,0,0,0,0,0,0,0,0,0,0,0,0,0,0,0,0,gen_clean_generic_047,NO_ISSUE
16,364,0,1.0,0,0,0,0,1,1,1,1,0,3,0,11,89,0,0,0,0,0,0,0,0,0,0,0,0,0,0,0,0,0,0,0,1,3,2,0,0,1,0,12,0,0,0,0,0,0,0,0,0,gen_clean_generic_048,NO_ISSUE
10,302,0,1.0,0,0,0,0,1,1,2,1,0,0,1,11,102,1,1,0,0,0,1,0,0,1,30,0,0,0,0,0,1,0,0,1,0,0,0,0,0,0,0,0,0,0,0,0,0,0,0,0,0,gen_clean_generic_049,NO_ISSUE
10,239,0,1.0,0,0,0,0,1,1,0,3,0,0,2,9,72,0,0,0,0,0,0,0,0,0,0,2,0,0,0,0,0,0,0,0,0,0,0,0,0,0,0,0,0,0,0,0,0,0,0,0,0,gen_clean_generic_050,NO_ISSUE
15,348,0,1.0,0,0,0,0,1,2,2,1,0,1,1,10,121,1,1,0,0,0,1,0,0,1,13,0,0,0,0,0,1,0,0,1,0,0,0,0,0,0,0,0,0,0,0,0,0,0,0,0,0,gen_clean_generic_051,NO_ISSUE
19,482,0,1.0,0,0,0,0,1,2,3,2,1,1,2,11,153,1,1,0,0,0,1,0,0,1,30,0,0,0,0,0,1,0,0,1,0,0,0,0,0,0,0,0,0,0,0,0,0,1,0,14,0,gen_clean_generic_052,NO_ISSUE
27,595,0,1.0,0,0,0,0,1,3,3,5,1,2,4,10,189,1,1,0,0,0,1,0,0,1,13,2,0,0,0,0,1,0,0,1,0,0,0,0,0,0,0,0,0,0,0,0,0,1,0,14,0,gen_clean_generic_053,NO_ISSUE
17,445,0,1.0,0,0,0,0,1,2,2,3,0,0,3,11,146,1,1,0,0,0,1,0,0,1,30,1,0,1,0,0,1,0,0,1,0,0,0,0,0,0,0,0,0,0,0,0,0,0,0,0,0,gen_clean_generic_054,NO_ISSUE
87,1969,0,1.0,0,0,0,0,1,9,5,14,1,7,10,11,567,1,1,0,0,0,1,0,0,1,30,6,0,2,0,0,1,0,0,1,2,6,4,0,0,2,0,12,0,0,0,0,0,1,0,14,0,gen_clean_generic_055,NO_ISSUE
53,1328,0,1.0,0,0,0,0,1,7,8,5,0,2,7,12,464,4,4,0,0,0,4,0,0,4,30,1,0,0,0,0,6,0,0,3,0,0,0,0,0,0,0,0,0,0,0,0,0,0,0,0,0,gen_clean_generic_056,NO_ISSUE
49,1048,0,1.0,0,0,0,0,1,5,5,6,2,6,5,11,303,1,1,0,0,0,1,0,0,1,13,1,0,1,0,0,1,0,0,1,1,3,2,0,0,1,0,12,0,0,0,0,0,2,0,14,0,gen_clean_generic_057,NO_ISSUE
20,446,0,1.0,0,0,0,0,1,2,1,2,0,3,2,11,114,0,0,0,0,0,0,0,0,0,0,0,0,0,0,0,0,0,0,0,1,3,2,0,0,1,0,12,0,0,0,0,0,0,0,0,0,gen_clean_generic_058,NO_ISSUE
25,570,0,1.0,0,0,0,0,1,3,0,6,0,0,4,10,177,0,0,0,0,0,0,0,0,0,0,4,0,0,0,0,0,0,0,0,0,0,0,0,0,0,0,0,0,0,0,0,0,0,0,0,0,gen_clean_generic_059,NO_ISSUE
58,1273,0,1.0,0,0,0,0,1,5,3,9,1,7,5,11,344,0,0,0,0,0,0,0,0,0,0,4,0,0,0,0,0,0,0,0,2,6,4,0,0,2,0,12,0,0,0,0,0,1,0,14,0,gen_clean_generic_060,NO_ISSUE
10,239,0,1.0,0,0,0,0,1,1,0,3,0,0,2,9,72,0,0,0,0,0,0,0,0,0,0,2,0,0,0,0,0,0,0,0,0,0,0,0,0,0,0,0,0,0,0,0,0,0,0,0,0,gen_clean_generic_061,NO_ISSUE
36,787,0,1.0,0,0,0,0,1,5,1,3,0,3,4,11,227,0,0,0,0,0,0,0,0,0,0,0,0,0,0,0,0,0,0,0,1,3,2,0,0,1,0,12,0,0,0,0,0,0,0,0,0,gen_clean_generic_062,NO_ISSUE
20,539,0,1.0,0,0,0,0,1,2,4,2,0,1,3,12,190,2,2,0,0,0,2,0,0,2,30,1,0,0,0,0,4,0,0,2,0,0,0,0,0,0,0,0,0,0,0,0,0,0,0,0,0,gen_clean_generic_063,NO_ISSUE
24,541,0,1.0,0,0,0,0,1,2,3,2,0,4,1,11,157,1,1,0,0,0,1,0,0,1,13,0,0,0,0,0,1,0,0,1,1,3,2,0,0,1,0,12,0,0,0,0,0,0,0,0,0,gen_clean_generic_064,NO_ISSUE
25,554,0,1.0,0,0,0,0,1,2,2,2,1,4,1,11,140,0,0,0,0,0,0,0,0,0,0,0,0,0,0,0,0,0,0,0,1,3,2,0,0,1,0,12,0,0,0,0,0,1,0,14,0,gen_clean_generic_065,NO_ISSUE
27,586,0,1.0,0,0,0,0,1,3,3,5,1,2,4,10,189,1,1,0,0,0,1,0,0,1,13,2,0,0,0,0,1,0,0,1,0,0,0,0,0,0,0,0,0,0,0,0,0,1,0,14,0,gen_clean_generic_066,NO_ISSUE
19,499,0,1.0,0,0,0,0,1,2,2,4,0,0,3,11,163,1,1,0,0,0,1,0,0,1,30,2,0,0,0,0,1,0,0,1,0,0,0,0,0,0,0,0,0,0,0,0,0,0,0,0,0,gen_clean_generic_067,NO_ISSUE
8,178,0,1.0,0,0,0,0,1,1,0,2,0,0,2,9,53,0,0,0,0,0,0,0,0,0,0,1,0,1,0,0,0,0,0,0,0,0,0,0,0,0,0,0,0,0,0,0,0,0,0,0,0,gen_clean_generic_068,NO_ISSUE
9,212,0,1.0,0,0,0,0,1,1,2,1,0,1,1,10,77,1,1,0,0,0,1,0,0,1,13,0,0,0,0,0,1,0,0,1,0,0,0,0,0,0,0,0,0,0,0,0,0,0,0,0,0,gen_clean_generic_069,NO_ISSUE
20,486,0,1.0,0,0,0,0,1,2,2,4,0,1,4,12,160,1,1,0,0,0,1,0,0,1,29,3,0,0,0,0,3,0,0,1,0,0,0,0,0,0,0,0,0,0,0,0,0,0,0,0,0,gen_clean_generic_070,NO_ISSUE
10,230,0,1.0,0,0,0,0,1,1,0,3,0,0,2,10,70,0,0,0,0,0,0,0,0,0,0,2,0,0,0,0,0,0,0,0,0,0,0,0,0,0,0,0,0,0,0,0,0,0,0,0,0,gen_clean_generic_071,NO_ISSUE
10,239,0,1.0,0,0,0,0,1,1,0,3,0,0,2,9,72,0,0,0,0,0,0,0,0,0,0,2,0,0,0,0,0,0,0,0,0,0,0,0,0,0,0,0,0,0,0,0,0,0,0,0,0,gen_clean_generic_072,NO_ISSUE
17,445,0,1.0,0,0,0,0,1,2,2,3,0,0,3,11,146,1,1,0,0,0,1,0,0,1,30,1,0,1,0,0,1,0,0,1,0,0,0,0,0,0,0,0,0,0,0,0,0,0,0,0,0,gen_clean_generic_073,NO_ISSUE
42,976,0,1.0,0,0,0,0,1,6,4,7,0,1,8,11,327,2,2,0,0,0,2,0,0,2,30,2,0,2,0,0,2,0,0,2,0,0,0,0,0,0,0,0,0,0,0,0,0,0,0,0,0,gen_clean_generic_074,NO_ISSUE
36,801,0,1.0,0,0,0,0,1,4,3,8,1,2,6,10,252,1,1,0,0,0,1,0,0,1,13,4,0,0,0,0,1,0,0,1,0,0,0,0,0,0,0,0,0,0,0,0,0,1,0,14,0,gen_clean_generic_075,NO_ISSUE
10,230,0,1.0,0,0,0,0,1,1,0,3,0,0,2,10,70,0,0,0,0,0,0,0,0,0,0,2,0,0,0,0,0,0,0,0,0,0,0,0,0,0,0,0,0,0,0,0,0,0,0,0,0,gen_clean_generic_076,NO_ISSUE
57,1351,0,1.0,0,0,0,0,1,7,6,13,0,2,11,11,452,3,3,0,0,0,3,0,0,3,30,6,0,0,0,0,3,0,0,3,0,0,0,0,0,0,0,0,0,0,0,0,0,0,0,0,0,gen_clean_generic_077,NO_ISSUE
5,113,0,1.0,0,0,0,0,1,1,0,1,0,0,2,8,34,0,0,0,0,0,0,0,0,0,0,0,0,0,0,0,0,0,0,0,0,0,0,0,0,0,0,0,0,0,0,0,0,0,0,0,0,gen_clean_generic_078,NO_ISSUE
30,686,0,1.0,0,0,0,0,1,3,3,3,0,4,4,12,202,1,1,0,0,0,1,0,0,1,29,1,0,0,0,0,3,0,0,1,1,3,2,0,0,1,0,12,0,0,0,0,0,0,0,0,0,gen_clean_generic_079,NO_ISSUE
10,232,0,1.0,0,0,0,0,1,1,0,3,0,0,2,10,70,0,0,0,0,0,0,0,0,0,0,2,0,0,0,0,0,0,0,0,0,0,0,0,0,0,0,0,0,0,0,0,0,0,0,0,0,gen_clean_generic_080,NO_ISSUE
10,232,0,1.0,0,0,0,0,1,1,0,3,0,0,2,10,70,0,0,0,0,0,0,0,0,0,0,2,0,0,0,0,0,0,0,0,0,0,0,0,0,0,0,0,0,0,0,0,0,0,0,0,0,gen_clean_generic_081,NO_ISSUE
22,491,0,1.0,0,0,0,0,1,3,2,3,0,1,3,10,165,1,1,0,0,0,1,0,0,1,13,1,0,1,0,0,1,0,0,1,0,0,0,0,0,0,0,0,0,0,0,0,0,0,0,0,0,gen_clean_generic_082,NO_ISSUE
53,1195,0,1.0,0,0,0,0,1,7,6,9,2,3,10,11,383,2,2,0,0,0,2,0,0,2,30,2,0,0,0,0,2,0,0,2,0,0,0,0,0,0,0,0,0,0,0,0,0,2,0,14,0,gen_clean_generic_083,NO_ISSUE
30,796,0,1.0,0,0,0,0,1,3,6,3,0,2,5,12,278,3,3,0,0,0,3,0,0,3,30,2,0,0,0,0,7,0,0,3,0,0,0,0,0,0,0,0,0,0,0,0,0,0,0,0,0,gen_clean_generic_084,NO_ISSUE
19,482,0,1.0,0,0,0,0,1,2,3,2,1,1,2,11,153,1,1,0,0,0,1,0,0,1,30,0,0,0,0,0,1,0,0,1,0,0,0,0,0,0,0,0,0,0,0,0,0,1,0,14,0,gen_clean_generic_085,NO_ISSUE
20,441,0,1.0,0,0,0,0,1,2,1,2,0,3,2,11,114,0,0,0,0,0,0,0,0,0,0,0,0,0,0,0,0,0,0,0,1,3,2,0,0,1,0,12,0,0,0,0,0,0,0,0,0,gen_clean_generic_086,NO_ISSUE
48,1011,0,1.0,0,0,0,0,1,8,1,10,1,1,13,10,311,0,0,0,0,0,0,0,0,0,0,3,0,1,0,0,0,0,0,0,0,0,0,0,0,0,0,0,0,0,0,0,0,1,0,14,0,gen_clean_generic_087,NO_ISSUE
28,626,0,1.0,0,0,0,0,1,3,1,7,1,1,5,10,184,0,0,0,0,0,0,0,0,0,0,4,0,0,0,0,0,0,0,0,0,0,0,0,0,0,0,0,0,0,0,0,0,1,0,14,0,gen_clean_generic_088,NO_ISSUE
9,212,0,1.0,0,0,0,0,1,1,2,1,0,1,1,10,77,1,1,0,0,0,1,0,0,1,13,0,0,0,0,0,1,0,0,1,0,0,0,0,0,0,0,0,0,0,0,0,0,0,0,0,0,gen_clean_generic_089,NO_ISSUE
24,547,0,1.0,0,0,0,0,1,2,3,2,0,4,1,11,157,1,1,0,0,0,1,0,0,1,13,0,0,0,0,0,1,0,0,1,1,3,2,0,0,1,0,12,0,0,0,0,0,0,0,0,0,gen_clean_generic_090,NO_ISSUE
16,364,0,1.0,0,0,0,0,1,1,1,1,0,3,0,11,89,0,0,0,0,0,0,0,0,0,0,0,0,0,0,0,0,0,0,0,1,3,2,0,0,1,0,12,0,0,0,0,0,0,0,0,0,gen_clean_generic_091,NO_ISSUE
11,282,0,1.0,0,0,0,0,1,1,2,1,0,1,2,12,97,1,1,0,0,0,1,0,0,1,29,1,0,0,0,0,3,0,0,1,0,0,0,0,0,0,0,0,0,0,0,0,0,0,0,0,0,gen_clean_generic_092,NO_ISSUE
10,302,0,1.0,0,0,0,0,1,1,2,1,0,0,1,11,102,1,1,0,0,0,1,0,0,1,30,0,0,0,0,0,1,0,0,1,0,0,0,0,0,0,0,0,0,0,0,0,0,0,0,0,0,gen_clean_generic_093,NO_ISSUE
9,215,0,1.0,0,0,0,0,1,1,2,1,0,1,1,10,77,1,1,0,0,0,1,0,0,1,13,0,0,0,0,0,1,0,0,1,0,0,0,0,0,0,0,0,0,0,0,0,0,0,0,0,0,gen_clean_generic_094,NO_ISSUE
20,433,0,1.0,0,0,0,0,1,3,2,4,0,1,5,10,146,1,1,0,0,0,1,0,0,1,13,1,0,1,0,0,1,0,0,1,0,0,0,0,0,0,0,0,0,0,0,0,0,0,0,0,0,gen_clean_generic_095,NO_ISSUE
7,166,0,1.0,0,0,0,0,1,1,0,0,0,0,0,10,53,0,0,0,0,0,0,0,0,0,0,0,0,0,0,0,0,0,0,0,0,0,0,0,0,0,0,0,0,0,0,0,0,0,0,0,0,gen_clean_generic_096,NO_ISSUE
34,832,0,1.0,0,0,0,0,1,4,2,7,0,0,5,11,270,1,1,0,0,0,1,0,0,1,30,4,0,0,0,0,1,0,0,1,0,0,0,0,0,0,0,0,0,0,0,0,0,0,0,0,0,gen_clean_generic_097,NO_ISSUE
41,965,0,1.0,0,0,0,0,1,5,7,4,1,3,4,11,333,3,3,0,0,0,3,0,0,3,30,0,0,0,0,0,3,0,0,3,0,0,0,0,0,0,0,0,0,0,0,0,0,1,0,14,0,gen_clean_generic_098,NO_ISSUE
22,501,0,1.0,0,0,0,0,1,3,0,3,0,0,2,10,158,0,0,0,0,0,0,0,0,0,0,2,0,0,0,0,0,0,0,0,0,0,0,0,0,0,0,0,0,0,0,0,0,0,0,0,0,gen_clean_generic_099,NO_ISSUE
12,256,0,1.0,0,0,0,0,1,2,0,3,0,0,4,9,78,0,0,0,0,0,0,0,0,0,0,1,0,1,0,0,0,0,0,0,0,0,0,0,0,0,0,0,0,0,0,0,0,0,0,0,0,gen_clean_generic_100,NO_ISSUE
11,282,0,1.0,0,0,0,0,1,1,2,1,0,1,2,12,97,1,1,0,0,0,1,0,0,1,29,1,0,0,0,0,3,0,0,1,0,0,0,0,0,0,0,0,0,0,0,0,0,0,0,0,0,gen_clean_generic_101,NO_ISSUE
56,1263,0,1.0,0,0,0,0,1,5,6,6,0,8,5,12,369,2,2,0,0,0,2,0,0,2,29,2,0,1,0,0,4,0,0,2,2,6,4,0,0,2,0,12,0,0,0,0,0,0,0,0,0,gen_clean_generic_102,NO_ISSUE
9,215,0,1.0,0,0,0,0,1,1,2,1,0,1,1,10,77,1,1,0,0,0,1,0,0,1,13,0,0,0,0,0,1,0,0,1,0,0,0,0,0,0,0,0,0,0,0,0,0,0,0,0,0,gen_clean_generic_103,NO_ISSUE
45,1153,0,1.0,0,0,0,0,1,5,6,9,0,1,7,11,387,3,3,0,0,0,3,0,0,3,30,4,0,0,0,0,3,0,0,2,0,0,0,0,0,0,0,0,0,0,0,0,0,0,0,0,0,gen_clean_generic_104,NO_ISSUE
52,1205,0,1.0,0,0,0,0,1,6,5,11,1,2,9,11,387,2,2,0,0,0,2,0,0,2,30,5,0,1,0,0,2,0,0,2,0,0,0,0,0,0,0,0,0,0,0,0,0,1,0,14,0,gen_clean_generic_105,NO_ISSUE
10,215,0,1.0,0,0,0,0,1,1,1,1,1,1,1,9,60,0,0,0,0,0,0,0,0,0,0,0,0,0,0,0,0,0,0,0,0,0,0,0,0,0,0,0,0,0,0,0,0,1,0,14,0,gen_clean_generic_106,NO_ISSUE
15,346,0,1.0,0,0,0,0,1,2,2,1,0,1,1,10,121,1,1,0,0,0,1,0,0,1,13,0,0,0,0,0,1,0,0,1,0,0,0,0,0,0,0,0,0,0,0,0,0,0,0,0,0,gen_clean_generic_107,NO_ISSUE
24,540,0,1.0,0,0,0,0,1,3,3,2,1,2,2,10,172,1,1,0,0,0,1,0,0,1,13,0,0,0,0,0,1,0,0,1,0,0,0,0,0,0,0,0,0,0,0,0,0,1,0,14,0,gen_clean_generic_108,NO_ISSUE
10,219,0,1.0,0,0,0,0,1,1,1,1,1,1,1,9,60,0,0,0,0,0,0,0,0,0,0,0,0,0,0,0,0,0,0,0,0,0,0,0,0,0,0,0,0,0,0,0,0,1,0,14,0,gen_clean_generic_109,NO_ISSUE
10,239,0,1.0,0,0,0,0,1,1,0,3,0,0,2,9,72,0,0,0,0,0,0,0,0,0,0,2,0,0,0,0,0,0,0,0,0,0,0,0,0,0,0,0,0,0,0,0,0,0,0,0,0,gen_clean_generic_110,NO_ISSUE
24,551,0,1.0,0,0,0,0,1,3,2,5,0,1,6,12,183,1,1,0,0,0,1,0,0,1,29,3,0,0,0,0,3,0,0,1,0,0,0,0,0,0,0,0,0,0,0,0,0,0,0,0,0,gen_clean_generic_111,NO_ISSUE
16,431,0,1.0,0,0,0,0,1,2,2,1,0,0,1,11,146,1,1,0,0,0,1,0,0,1,30,0,0,0,0,0,1,0,0,1,0,0,0,0,0,0,0,0,0,0,0,0,0,0,0,0,0,gen_clean_generic_112,NO_ISSUE
10,235,0,1.0,0,0,0,0,1,1,0,3,0,0,2,10,70,0,0,0,0,0,0,0,0,0,0,2,0,0,0,0,0,0,0,0,0,0,0,0,0,0,0,0,0,0,0,0,0,0,0,0,0,gen_clean_generic_113,NO_ISSUE
11,282,0,1.0,0,0,0,0,1,1,2,1,0,1,2,12,97,1,1,0,0,0,1,0,0,1,29,1,0,0,0,0,3,0,0,1,0,0,0,0,0,0,0,0,0,0,0,0,0,0,0,0,0,gen_clean_generic_114,NO_ISSUE
27,683,0,1.0,0,0,0,0,1,3,4,5,0,1,4,11,233,2,2,0,0,0,2,0,0,2,30,2,0,0,0,0,2,0,0,2,0,0,0,0,0,0,0,0,0,0,0,0,0,0,0,0,0,gen_clean_generic_115,NO_ISSUE
9,215,0,1.0,0,0,0,0,1,1,2,1,0,1,1,10,77,1,1,0,0,0,1,0,0,1,13,0,0,0,0,0,1,0,0,1,0,0,0,0,0,0,0,0,0,0,0,0,0,0,0,0,0,gen_clean_generic_116,NO_ISSUE
15,321,0,1.0,0,0,0,0,1,2,0,4,0,0,4,9,97,0,0,0,0,0,0,0,0,0,0,2,0,2,0,0,0,0,0,0,0,0,0,0,0,0,0,0,0,0,0,0,0,0,0,0,0,gen_clean_generic_117,NO_ISSUE
5,113,0,1.0,0,0,0,0,1,1,0,1,0,0,2,8,34,0,0,0,0,0,0,0,0,0,0,0,0,0,0,0,0,0,0,0,0,0,0,0,0,0,0,0,0,0,0,0,0,0,0,0,0,gen_clean_generic_118,NO_ISSUE
29,623,0,1.0,0,0,0,0,1,3,2,3,1,4,3,11,165,0,0,0,0,0,0,0,0,0,0,0,0,0,0,0,0,0,0,0,1,3,2,0,0,1,0,12,0,0,0,0,0,1,0,14,0,gen_clean_generic_119,NO_ISSUE
20,476,0,1.0,0,0,0,0,1,2,2,4,0,1,4,12,160,1,1,0,0,0,1,0,0,1,29,3,0,0,0,0,3,0,0,1,0,0,0,0,0,0,0,0,0,0,0,0,0,0,0,0,0,gen_clean_generic_120,NO_ISSUE
11,279,0,1.0,0,0,0,0,1,2,0,1,1,0,2,12,88,0,0,0,0,0,0,0,0,0,0,0,0,0,0,0,0,0,0,0,0,0,0,0,0,0,0,0,1,0,0,0,2,0,0,22,0,gen_clean_scanner_loop_001,NO_ISSUE
52,1174,0,1.0,0,0,0,0,1,5,3,3,2,7,1,12,318,0,0,0,0,0,0,0,0,0,0,0,0,0,0,0,0,0,0,0,2,6,4,0,0,2,0,12,1,0,0,0,2,1,0,22,0,gen_clean_scanner_loop_002,NO_ISSUE
21,514,0,1.0,0,0,0,0,1,3,2,1,1,1,1,12,175,1,1,0,0,0,1,0,0,1,13,0,0,0,0,0,1,0,0,1,0,0,0,0,0,0,0,0,1,0,0,0,2,0,0,22,0,gen_clean_scanner_loop_003,NO_ISSUE
63,1374,0,1.0,0,0,0,0,1,9,4,9,3,3,12,12,435,1,1,0,0,0,1,0,0,1,29,3,0,2,0,0,3,0,0,1,0,0,0,0,0,0,0,0,1,0,0,0,2,2,0,22,0,gen_clean_scanner_loop_004,NO_ISSUE
22,536,0,1.0,0,0,0,0,1,3,0,3,1,0,2,12,170,0,0,0,0,0,0,0,0,0,0,2,0,0,0,0,0,0,0,0,0,0,0,0,0,0,0,0,1,0,0,0,2,0,0,22,0,gen_clean_scanner_loop_005,NO_ISSUE
7,201,0,1.0,0,0,0,0,1,1,0,0,1,0,0,12,63,0,0,0,0,0,0,0,0,0,0,0,0,0,0,0,0,0,0,0,0,0,0,0,0,0,0,0,1,0,0,0,2,0,0,22,0,gen_clean_scanner_loop_006,NO_ISSUE
17,433,0,1.0,0,0,0,0,1,2,2,1,1,1,2,12,151,1,1,0,0,0,1,0,0,1,29,1,0,0,0,0,3,0,0,1,0,0,0,0,0,0,0,0,1,0,0,0,2,0,0,22,0,gen_clean_scanner_loop_007,NO_ISSUE
7,201,0,1.0,0,0,0,0,1,1,0,0,1,0,0,12,63,0,0,0,0,0,0,0,0,0,0,0,0,0,0,0,0,0,0,0,0,0,0,0,0,0,0,0,1,0,0,0,2,0,0,22,0,gen_clean_scanner_loop_008,NO_ISSUE
7,201,0,1.0,0,0,0,0,1,1,0,0,1,0,0,12,63,0,0,0,0,0,0,0,0,0,0,0,0,0,0,0,0,0,0,0,0,0,0,0,0,0,0,0,1,0,0,0,2,0,0,22,0,gen_clean_scanner_loop_009,NO_ISSUE
22,538,0,1.0,0,0,0,0,1,3,0,3,1,0,2,12,170,0,0,0,0,0,0,0,0,0,0,2,0,0,0,0,0,0,0,0,0,0,0,0,0,0,0,0,1,0,0,0,2,0,0,22,0,gen_clean_scanner_loop_010,NO_ISSUE
11,279,0,1.0,0,0,0,0,1,2,0,1,1,0,2,12,88,0,0,0,0,0,0,0,0,0,0,0,0,0,0,0,0,0,0,0,0,0,0,0,0,0,0,0,1,0,0,0,2,0,0,22,0,gen_clean_scanner_loop_011,NO_ISSUE
7,201,0,1.0,0,0,0,0,1,1,0,0,1,0,0,12,63,0,0,0,0,0,0,0,0,0,0,0,0,0,0,0,0,0,0,0,0,0,0,0,0,0,0,0,1,0,0,0,2,0,0,22,0,gen_clean_scanner_loop_012,NO_ISSUE
7,201,0,1.0,0,0,0,0,1,1,0,0,1,0,0,12,63,0,0,0,0,0,0,0,0,0,0,0,0,0,0,0,0,0,0,0,0,0,0,0,0,0,0,0,1,0,0,0,2,0,0,22,0,gen_clean_scanner_loop_013,NO_ISSUE
7,201,0,1.0,0,0,0,0,1,1,0,0,1,0,0,12,63,0,0,0,0,0,0,0,0,0,0,0,0,0,0,0,0,0,0,0,0,0,0,0,0,0,0,0,1,0,0,0,2,0,0,22,0,gen_clean_scanner_loop_014,NO_ISSUE
33,825,0,1.0,0,0,0,0,1,4,5,3,2,2,3,12,275,2,2,0,0,0,2,0,0,2,30,0,0,0,0,0,2,0,0,2,0,0,0,0,0,0,0,0,1,0,0,0,2,1,0,22,0,gen_clean_scanner_loop_015,NO_ISSUE
16,381,0,1.0,0,0,0,0,1,2,1,1,2,1,1,12,114,0,0,0,0,0,0,0,0,0,0,0,0,0,0,0,0,0,0,0,0,0,0,0,0,0,0,0,1,0,0,0,2,1,0,22,0,gen_clean_scanner_loop_016,NO_ISSUE
25,608,0,1.0,0,0,0,0,1,3,0,6,1,0,4,12,187,0,0,0,0,0,0,0,0,0,0,4,0,0,0,0,0,0,0,0,0,0,0,0,0,0,0,0,1,0,0,0,2,0,0,22,0,gen_clean_scanner_loop_017,NO_ISSUE
7,201,0,1.0,0,0,0,0,1,1,0,0,1,0,0,12,63,0,0,0,0,0,0,0,0,0,0,0,0,0,0,0,0,0,0,0,0,0,0,0,0,0,0,0,1,0,0,0,2,0,0,22,0,gen_clean_scanner_loop_018,NO_ISSUE
20,473,0,1.0,0,0,0,0,1,3,0,4,1,0,4,12,149,0,0,0,0,0,0,0,0,0,0,2,0,0,0,0,0,0,0,0,0,0,0,0,0,0,0,0,1,0,0,0,2,0,0,22,0,gen_clean_scanner_loop_019,NO_ISSUE
7,201,0,1.0,0,0,0,0,1,1,0,0,1,0,0,12,63,0,0,0,0,0,0,0,0,0,0,0,0,0,0,0,0,0,0,0,0,0,0,0,0,0,0,0,1,0,0,0,2,0,0,22,0,gen_clean_scanner_loop_020,NO_ISSUE
14,314,0,1.0,0,0,0,0,1,1,1,1,0,2,0,11,77,0,0,0,0,0,0,0,0,0,0,0,0,0,0,0,0,0,0,0,1,3,1,0,1,1,0,12,0,0,0,0,0,0,0,0,0,gen_clean_stacked_labels_001,NO_ISSUE
23,505,0,1.0,0,0,0,0,1,2,2,2,1,3,1,11,128,0,0,0,0,0,0,0,0,0,0,0,0,0,0,0,0,0,0,0,1,3,1,0,1,1,0,12,0,0,0,0,0,1,0,14,0,gen_clean_stacked_labels_002,NO_ISSUE
40,1026,0,1.0,0,0,0,0,1,4,7,4,0,3,3,11,331,3,3,0,0,0,3,0,0,3,30,0,0,0,0,0,3,0,0,2,1,3,1,0,1,1,0,12,0,0,0,0,0,0,0,0,0,gen_clean_stacked_labels_003,NO_ISSUE
40,964,0,1.0,0,0,0,0,1,4,5,5,0,3,5,12,302,2,2,0,0,0,2,0,0,2,30,2,0,1,0,0,4,0,0,2,1,3,1,0,1,1,0,12,0,0,0,0,0,0,0,0,0,gen_clean_stacked_labels_004,NO_ISSUE
14,316,0,1.0,0,0,0,0,1,1,1,1,0,2,0,11,77,0,0,0,0,0,0,0,0,0,0,0,0,0,0,0,0,0,0,0,1,3,1,0,1,1,0,12,0,0,0,0,0,0,0,0,0,gen_clean_stacked_labels_005,NO_ISSUE
62,1378,0,1.0,0,0,0,0,1,6,4,10,0,6,8,12,396,1,1,0,0,0,1,0,0,1,29,5,0,2,0,0,3,0,0,1,2,6,3,0,1,2,0,12,0,0,0,0,0,0,0,0,0,gen_clean_stacked_labels_006,NO_ISSUE
18,392,0,1.0,0,0,0,0,1,2,1,2,0,2,2,11,102,0,0,0,0,0,0,0,0,0,0,0,0,0,0,0,0,0,0,0,1,3,1,0,1,1,0,12,0,0,0,0,0,0,0,0,0,gen_clean_stacked_labels_007,NO_ISSUE
36,755,0,1.0,0,0,0,0,1,4,3,4,2,4,4,11,204,0,0,0,0,0,0,0,0,0,0,0,0,0,0,0,0,0,0,0,1,3,1,0,1,1,0,12,0,0,0,0,0,2,0,14,0,gen_clean_stacked_labels_008,NO_ISSUE
23,511,0,1.0,0,0,0,0,1,2,1,4,0,2,2,11,138,0,0,0,0,0,0,0,0,0,0,2,0,0,0,0,0,0,0,0,1,3,1,0,1,1,0,12,0,0,0,0,0,0,0,0,0,gen_clean_stacked_labels_009,NO_ISSUE
31,757,0,1.0,0,0,0,0,1,3,5,3,0,3,2,11,238,2,2,0,0,0,2,0,0,2,30,0,0,0,0,0,2,0,0,2,1,3,1,0,1,1,0,12,0,0,0,0,0,0,0,0,0,gen_clean_stacked_labels_010,NO_ISSUE
14,310,0,1.0,0,0,0,0,1,1,1,1,0,2,0,11,77,0,0,0,0,0,0,0,0,0,0,0,0,0,0,0,0,0,0,0,1,3,1,0,1,1,0,12,0,0,0,0,0,0,0,0,0,gen_clean_stacked_labels_011,NO_ISSUE
62,1440,0,1.0,0,0,0,0,1,5,5,7,0,8,3,11,391,1,1,0,0,0,1,0,0,1,30,2,0,0,0,0,1,0,0,1,3,9,5,0,1,3,0,12,0,0,0,0,0,0,0,0,0,gen_clean_stacked_labels_012,NO_ISSUE
62,1520,0,1.0,0,0,0,0,1,6,9,8,0,5,9,12,497,4,4,0,0,0,4,0,0,4,30,5,0,0,0,0,10,0,0,3,1,3,1,0,1,1,0,12,0,0,0,0,0,0,0,0,0,gen_clean_stacked_labels_013,NO_ISSUE
72,1589,0,1.0,0,0,0,0,1,8,5,10,2,5,8,12,479,1,1,0,0,0,1,0,0,1,29,5,0,0,0,0,3,0,0,1,1,3,1,0,1,1,0,12,0,0,0,0,0,2,0,14,0,gen_clean_stacked_labels_014,NO_ISSUE
50,1104,0,1.0,0,0,0,0,1,5,2,5,0,5,2,11,306,0,0,0,0,0,0,0,0,0,0,2,0,0,0,0,0,0,0,0,2,6,3,0,1,2,0,12,0,0,0,0,0,0,0,0,0,gen_clean_stacked_labels_015,NO_ISSUE
46,1078,0,1.0,0,0,0,0,1,5,6,5,1,4,6,12,334,2,2,0,0,0,2,0,0,2,30,1,0,0,0,0,4,0,0,2,1,3,1,0,1,1,0,12,0,0,0,0,0,1,0,14,0,gen_clean_stacked_labels_016,NO_ISSUE
48,1073,0,1.0,0,0,0,0,1,6,7,6,0,5,8,12,351,3,3,0,0,0,3,0,0,3,29,1,0,0,0,0,5,0,0,3,1,3,1,0,1,1,0,12,0,0,0,0,0,0,0,0,0,gen_clean_stacked_labels_017,NO_ISSUE
38,840,0,1.0,0,0,0,0,1,3,2,5,0,5,2,11,218,0,0,0,0,0,0,0,0,0,0,2,0,0,0,0,0,0,0,0,2,6,3,0,1,2,0,12,0,0,0,0,0,0,0,0,0,gen_clean_stacked_labels_018,NO_ISSUE
14,313,0,1.0,0,0,0,0,1,1,1,1,0,2,0,11,77,0,0,0,0,0,0,0,0,0,0,0,0,0,0,0,0,0,0,0,1,3,1,0,1,1,0,12,0,0,0,0,0,0,0,0,0,gen_clean_stacked_labels_019,NO_ISSUE
23,578,0,1.0,0,0,0,0,1,2,3,2,0,2,1,11,170,1,1,0,0,0,1,0,0,1,30,0,0,0,0,0,1,0,0,1,1,3,1,0,1,1,0,12,0,0,0,0,0,0,0,0,0,gen_clean_stacked_labels_020,NO_ISSUE
13,296,0,1.0,0,0,0,0,1,2,2,2,0,1,2,10,111,1,1,0,0,0,1,0,0,1,13,0,0,0,0,0,2,0,1,2,0,0,0,0,0,0,0,0,0,0,0,0,0,0,0,0,0,gen_clean_tail_index_001,NO_ISSUE
52,1275,0,1.0,0,0,0,0,1,6,6,10,0,2,10,12,436,3,3,0,0,0,3,0,0,3,30,6,0,0,0,0,8,0,1,4,0,0,0,0,0,0,0,0,0,0,0,0,0,0,0,0,0,gen_clean_tail_index_002,NO_ISSUE
49,1076,0,1.0,0,0,0,0,1,6,4,9,2,3,9,12,338,1,1,0,0,0,1,0,0,1,29,4,0,1,0,0,4,0,1,2,0,0,0,0,0,0,0,0,0,0,0,0,0,2,0,14,0,gen_clean_tail_index_003,NO_ISSUE
14,323,0,1.0,0,0,0,0,1,2,0,4,0,0,3,10,104,0,0,0,0,0,0,0,0,0,0,2,0,0,0,0,1,0,1,1,0,0,0,0,0,0,0,0,0,0,0,0,0,0,0,0,0,gen_clean_tail_index_004,NO_ISSUE
23,530,0,1.0,0,0,0,0,1,3,0,7,0,0,5,9,169,0,0,0,0,0,0,0,0,0,0,4,0,0,0,0,1,0,1,1,0,0,0,0,0,0,0,0,0,0,0,0,0,0,0,0,0,gen_clean_tail_index_005,NO_ISSUE
14,392,0,1.0,0,0,0,0,1,2,2,2,0,0,2,11,136,1,1,0,0,0,1,0,0,1,30,0,0,0,0,0,2,0,1,2,0,0,0,0,0,0,0,0,0,0,0,0,0,0,0,0,0,gen_clean_tail_index_006,NO_ISSUE
23,656,0,1.0,0,0,0,0,1,3,4,3,0,0,3,11,229,2,2,0,0,0,2,0,0,2,30,0,0,0,0,0,3,0,1,2,0,0,0,0,0,0,0,0,0,0,0,0,0,0,0,0,0,gen_clean_tail_index_007,NO_ISSUE
15,359,0,1.0,0,0,0,0,1,2,2,2,0,1,3,12,131,1,1,0,0,0,1,0,0,1,29,1,0,0,0,0,4,0,1,2,0,0,0,0,0,0,0,0,0,0,0,0,0,0,0,0,0,gen_clean_tail_index_008,NO_ISSUE
14,302,0,1.0,0,0,0,0,1,2,1,2,1,1,2,9,94,0,0,0,0,0,0,0,0,0,0,0,0,0,0,0,1,0,1,1,0,0,0,0,0,0,0,0,0,0,0,0,0,1,0,14,0,gen_clean_tail_index_009,NO_ISSUE
29,722,0,1.0,0,0,0,0,1,4,2,5,0,0,4,11,243,1,1,0,0,0,1,0,0,1,30,2,0,0,0,0,2,0,1,2,0,0,0,0,0,0,0,0,0,0,0,0,0,0,0,0,0,gen_clean_tail_index_010,NO_ISSUE
45,950,0,1.0,0,0,0,0,1,5,3,6,2,5,5,11,269,0,0,0,0,0,0,0,0,0,0,1,0,1,0,0,1,0,1,1,1,3,2,0,0,1,0,12,0,0,0,0,0,2,0,14,0,gen_clean_tail_index_011,NO_ISSUE
57,1264,0,1.0,0,0,0,0,1,5,3,6,0,9,3,11,327,0,0,0,0,0,0,0,0,0,0,1,0,1,0,0,1,0,1,1,3,9,6,0,0,3,0,12,0,0,0,0,0,0,0,0,0,gen_clean_tail_index_012,NO_ISSUE
14,319,0,1.0,0,0,0,0,1,2,0,4,0,0,3,10,104,0,0,0,0,0,0,0,0,0,0,2,0,0,0,0,1,0,1,1,0,0,0,0,0,0,0,0,0,0,0,0,0,0,0,0,0,gen_clean_tail_index_013,NO_ISSUE
24,527,0,1.0,0,0,0,0,1,3,1,3,0,3,3,11,148,0,0,0,0,0,0,0,0,0,0,0,0,0,0,0,1,0,1,1,1,3,2,0,0,1,0,12,0,0,0,0,0,0,0,0,0,gen_clean_tail_index_014,NO_ISSUE
5,116,0,1.0,0,0,0,0,1,1,0,1,0,0,1,9,43,0,0,0,0,0,0,0,0,0,0,0,0,0,0,0,1,0,1,1,0,0,0,0,0,0,0,0,0,0,0,0,0,0,0,0,0,gen_clean_tail_index_015,NO_ISSUE
5,125,0,1.0,0,0,0,0,1,1,0,1,0,0,1,9,43,0,0,0,0,0,0,0,0,0,0,0,0,0,0,0,1,0,1,1,0,0,0,0,0,0,0,0,0,0,0,0,0,0,0,0,0,gen_clean_tail_index_016,NO_ISSUE
5,122,0,1.0,0,0,0,0,1,1,0,1,0,0,1,9,43,0,0,0,0,0,0,0,0,0,0,0,0,0,0,0,1,0,1,1,0,0,0,0,0,0,0,0,0,0,0,0,0,0,0,0,0,gen_clean_tail_index_017,NO_ISSUE
21,445,0,1.0,0,0,0,0,1,3,1,4,1,1,4,9,138,0,0,0,0,0,0,0,0,0,0,1,0,1,0,0,1,0,1,1,0,0,0,0,0,0,0,0,0,0,0,0,0,1,0,14,0,gen_clean_tail_index_018,NO_ISSUE
11,252,0,1.0,0,0,0,0,1,2,0,1,0,0,1,10,87,0,0,0,0,0,0,0,0,0,0,0,0,0,0,0,1,0,1,1,0,0,0,0,0,0,0,0,0,0,0,0,0,0,0,0,0,gen_clean_tail_index_019,NO_ISSUE
5,122,0,1.0,0,0,0,0,1,1,0,1,0,0,1,9,43,0,0,0,0,0,0,0,0,0,0,0,0,0,0,0,1,0,1,1,0,0,0,0,0,0,0,0,0,0,0,0,0,0,0,0,0,gen_clean_tail_index_020,NO_ISSUE
20,453,0,1.0,0,0,0,0,1,2,1,2,0,3,1,11,123,0,0,0,0,0,0,0,0,0,0,0,0,0,0,0,1,0,1,1,1,3,2,0,0,1,0,12,0,0,0,0,0,0,0,0,0,gen_clean_tail_index_021,NO_ISSUE
30,684,0,1.0,0,0,0,0,1,3,3,3,0,4,3,12,211,1,1,0,0,0,1,0,0,1,29,1,0,0,0,0,4,0,1,2,1,3,2,0,0,1,0,12,0,0,0,0,0,0,0,0,0,gen_clean_tail_index_022,NO_ISSUE
19,427,0,1.0,0,0,0,0,1,3,2,2,0,1,2,10,155,1,1,0,0,0,1,0,0,1,13,0,0,0,0,0,2,0,1,2,0,0,0,0,0,0,0,0,0,0,0,0,0,0,0,0,0,gen_clean_tail_index_023,NO_ISSUE
5,122,0,1.0,0,0,0,0,1,1,0,1,0,0,1,9,43,0,0,0,0,0,0,0,0,0,0,0,0,0,0,0,1,0,1,1,0,0,0,0,0,0,0,0,0,0,0,0,0,0,0,0,0,gen_clean_tail_index_024,NO_ISSUE
20,454,0,1.0,0,0,0,0,1,2,1,2,0,3,1,11,123,0,0,0,0,0,0,0,0,0,0,0,0,0,0,0,1,0,1,1,1,3,2,0,0,1,0,12,0,0,0,0,0,0,0,0,0,gen_clean_tail_index_025,NO_ISSUE
5,122,0,1.0,0,0,0,0,1,1,0,1,0,0,1,9,43,0,0,0,0,0,0,0,0,0,0,0,0,0,0,0,1,0,1,1,0,0,0,0,0,0,0,0,0,0,0,0,0,0,0,0,0,gen_clean_tail_index_026,NO_ISSUE
5,122,0,1.0,0,0,0,0,1,1,0,1,0,0,1,9,43,0,0,0,0,0,0,0,0,0,0,0,0,0,0,0,1,0,1,1,0,0,0,0,0,0,0,0,0,0,0,0,0,0,0,0,0,gen_clean_tail_index_027,NO_ISSUE
66,1525,0,1.0,0,0,0,0,1,9,5,9,0,4,9,11,485,2,2,0,0,0,2,0,0,2,30,2,0,0,0,0,3,0,1,2,1,3,2,0,0,1,0,12,0,0,0,0,0,0,0,0,0,gen_clean_tail_index_028,NO_ISSUE
20,517,0,1.0,0,0,0,0,1,3,2,2,0,0,2,11,180,1,1,0,0,0,1,0,0,1,30,0,0,0,0,0,2,0,1,2,0,0,0,0,0,0,0,0,0,0,0,0,0,0,0,0,0,gen_clean_tail_index_029,NO_ISSUE
5,122,0,1.0,0,0,0,0,1,1,0,1,0,0,1,9,43,0,0,0,0,0,0,0,0,0,0,0,0,0,0,0,1,0,1,1,0,0,0,0,0,0,0,0,0,0,0,0,0,0,0,0,0,gen_clean_tail_index_030,NO_ISSUE
19,402,0,1.0,0,0,0,0,1,3,0,5,0,0,5,9,118,0,0,0,0,0,0,0,0,0,0,2,0,2,1,0,0,0,0,0,0,0,0,0,0,0,0,0,0,0,0,0,0,0,0,0,0,gen_clean_verbose_boolean_001,NO_ISSUE
31,671,0,1.0,0,0,0,0,1,4,3,5,1,2,6,12,213,1,1,0,0,0,1,0,0,1,29,2,0,1,1,0,3,0,0,1,0,0,0,0,0,0,0,0,0,0,0,0,0,1,0,14,0,gen_clean_verbose_boolean_002,NO_ISSUE
8,177,0,1.0,0,0,0,0,1,1,0,2,0,0,1,9,49,0,0,0,0,0,0,0,0,0,0,1,0,1,1,0,0,0,0,0,0,0,0,0,0,0,0,0,0,0,0,0,0,0,0,0,0,gen_clean_verbose_boolean_003,NO_ISSUE
54,1207,0,1.0,0,0,0,0,1,6,7,9,1,4,9,12,405,3,3,0,0,0,3,0,0,3,29,5,0,1,1,0,7,0,0,2,0,0,0,0,0,0,0,0,0,0,0,0,0,1,0,14,0,gen_clean_verbose_boolean_004,NO_ISSUE
70,1545,0,1.0,0,0,0,0,1,9,3,15,0,4,15,12,462,1,1,0,0,0,1,0,0,1,29,7,0,2,1,0,3,0,0,1,1,3,2,0,0,1,0,12,0,0,0,0,0,0,0,0,0,gen_clean_verbose_boolean_005,NO_ISSUE
23,508,0,1.0,0,0,0,0,1,2,1,3,0,3,1,11,129,0,0,0,0,0,0,0,0,0,0,1,0,1,1,0,0,0,0,0,1,3,2,0,0,1,0,12,0,0,0,0,0,0,0,0,0,gen_clean_verbose_boolean_006,NO_ISSUE
8,177,0,1.0,0,0,0,0,1,1,0,2,0,0,1,9,49,0,0,0,0,0,0,0,0,0,0,1,0,1,1,0,0,0,0,0,0,0,0,0,0,0,0,0,0,0,0,0,0,0,0,0,0,gen_clean_verbose_boolean_007,NO_ISSUE
27,601,0,1.0,0,0,0,0,1,3,2,6,0,1,5,12,198,1,1,0,0,0,1,0,0,1,29,4,0,1,1,0,3,0,0,1,0,0,0,0,0,0,0,0,0,0,0,0,0,0,0,0,0,gen_clean_verbose_boolean_008,NO_ISSUE
51,1123,0,1.0,0,0,0,0,1,5,2,8,0,6,5,11,295,0,0,0,0,0,0,0,0,0,0,3,0,1,1,0,0,0,0,0,2,6,4,0,0,2,0,12,0,0,0,0,0,0,0,0,0,gen_clean_verbose_boolean_009,NO_ISSUE
8,179,0,1.0,0,0,0,0,1,1,0,2,0,0,1,9,49,0,0,0,0,0,0,0,0,0,0,1,0,1,1,0,0,0,0,0,0,0,0,0,0,0,0,0,0,0,0,0,0,0,0,0,0,gen_clean_verbose_boolean_010,NO_ISSUE
17,387,0,1.0,0,0,0,0,1,2,0,5,0,0,3,9,112,0,0,0,0,0,0,0,0,0,0,3,0,1,1,0,0,0,0,0,0,0,0,0,0,0,0,0,0,0,0,0,0,0,0,0,0,gen_clean_verbose_boolean_011,NO_ISSUE
8,177,0,1.0,0,0,0,0,1,1,0,2,0,0,1,9,49,0,0,0,0,0,0,0,0,0,0,1,0,1,1,0,0,0,0,0,0,0,0,0,0,0,0,0,0,0,0,0,0,0,0,0,0,gen_clean_verbose_boolean_012,NO_ISSUE
8,183,0,1.0,0,0,0,0,1,1,0,2,0,0,1,9,49,0,0,0,0,0,0,0,0,0,0,1,0,1,1,0,0,0,0,0,0,0,0,0,0,0,0,0,0,0,0,0,0,0,0,0,0,gen_clean_verbose_boolean_013,NO_ISSUE
8,175,0,1.0,0,0,0,0,1,1,0,2,0,0,1,9,49,0,0,0,0,0,0,0,0,0,0,1,0,1,1,0,0,0,0,0,0,0,0,0,0,0,0,0,0,0,0,0,0,0,0,0,0,gen_clean_verbose_boolean_014,NO_ISSUE
26,648,0,1.0,0,0,0,0,1,3,2,6,0,0,4,11,205,1,1,0,0,0,1,0,0,1,30,3,0,1,1,0,1,0,0,1,0,0,0,0,0,0,0,0,0,0,0,0,0,0,0,0,0,gen_clean_verbose_boolean_015,NO_ISSUE
8,179,0,1.0,0,0,0,0,1,1,0,2,0,0,1,9,49,0,0,0,0,0,0,0,0,0,0,1,0,1,1,0,0,0,0,0,0,0,0,0,0,0,0,0,0,0,0,0,0,0,0,0,0,gen_clean_verbose_boolean_016,NO_ISSUE
61,1401,0,1.0,0,0,0,0,1,9,4,11,0,1,11,11,455,2,2,0,0,0,2,0,0,2,30,4,0,2,1,0,2,0,0,2,0,0,0,0,0,0,0,0,0,0,0,0,0,0,0,0,0,gen_clean_verbose_boolean_017,NO_ISSUE
8,179,0,1.0,0,0,0,0,1,1,0,2,0,0,1,9,49,0,0,0,0,0,0,0,0,0,0,1,0,1,1,0,0,0,0,0,0,0,0,0,0,0,0,0,0,0,0,0,0,0,0,0,0,gen_clean_verbose_boolean_018,NO_ISSUE
70,1512,0,1.0,0,0,0,0,1,8,2,14,1,4,10,11,436,0,0,0,0,0,0,0,0,0,0,7,0,3,1,0,0,0,0,0,1,3,2,0,0,1,0,12,0,0,0,0,0,1,0,14,0,gen_clean_verbose_boolean_019,NO_ISSUE
31,732,0,1.0,0,0,0,0,1,4,2,7,0,0,6,11,230,1,1,0,0,0,1,0,0,1,30,3,0,3,1,0,1,0,0,1,0,0,0,0,0,0,0,0,0,0,0,0,0,0,0,0,0,gen_clean_verbose_boolean_020,NO_ISSUE
50,1085,0,1.0,0,0,0,0,1,6,1,12,1,1,8,10,327,0,0,0,0,0,0,0,0,0,0,7,0,1,1,0,0,0,0,0,0,0,0,0,0,0,0,0,0,0,0,0,0,1,0,14,0,gen_clean_verbose_boolean_021,NO_ISSUE
8,177,0,1.0,0,0,0,0,1,1,0,2,0,0,1,9,49,0,0,0,0,0,0,0,0,0,0,1,0,1,1,0,0,0,0,0,0,0,0,0,0,0,0,0,0,0,0,0,0,0,0,0,0,gen_clean_verbose_boolean_022,NO_ISSUE
8,181,0,1.0,0,0,0,0,1,1,0,2,0,0,1,9,49,0,0,0,0,0,0,0,0,0,0,1,0,1,1,0,0,0,0,0,0,0,0,0,0,0,0,0,0,0,0,0,0,0,0,0,0,gen_clean_verbose_boolean_023,NO_ISSUE
29,655,0,1.0,0,0,0,0,1,4,0,5,0,0,3,10,200,0,0,0,0,0,0,0,0,0,0,3,0,1,1,0,0,0,0,0,0,0,0,0,0,0,0,0,0,0,0,0,0,0,0,0,0,gen_clean_verbose_boolean_024,NO_ISSUE
8,175,0,1.0,0,0,0,0,1,1,0,2,0,0,1,9,49,0,0,0,0,0,0,0,0,0,0,1,0,1,1,0,0,0,0,0,0,0,0,0,0,0,0,0,0,0,0,0,0,0,0,0,0,gen_clean_verbose_boolean_025,NO_ISSUE
56,1223,0,1.0,0,0,0,0,1,6,2,10,1,4,6,11,350,0,0,0,0,0,0,0,0,0,0,5,0,1,1,0,0,0,0,0,1,3,2,0,0,1,0,12,0,0,0,0,0,1,0,14,0,gen_clean_verbose_boolean_026,NO_ISSUE
23,507,0,1.0,0,0,0,0,1,3,0,5,0,0,3,10,154,0,0,0,0,0,0,0,0,0,0,3,0,1,1,0,0,0,0,0,0,0,0,0,0,0,0,0,0,0,0,0,0,0,0,0,0,gen_clean_verbose_boolean_027,NO_ISSUE
18,414,0,1.0,0,0,0,0,1,2,2,3,0,1,3,12,137,1,1,0,0,0,1,0,0,1,29,2,0,1,1,0,3,0,0,1,0,0,0,0,0,0,0,0,0,0,0,0,0,0,0,0,0,gen_clean_verbose_boolean_028,NO_ISSUE
8,181,0,1.0,0,0,0,0,1,1,0,2,0,0,1,9,49,0,0,0,0,0,0,0,0,0,0,1,0,1,1,0,0,0,0,0,0,0,0,0,0,0,0,0,0,0,0,0,0,0,0,0,0,gen_clean_verbose_boolean_029,NO_ISSUE
23,490,0,1.0,0,0,0,0,1,3,1,3,1,1,2,10,144,0,0,0,0,0,0,0,0,0,0,1,0,1,1,0,0,0,0,0,0,0,0,0,0,0,0,0,0,0,0,0,0,1,0,14,0,gen_clean_verbose_boolean_030,NO_ISSUE
12,255,0,1.0,0,0,0,0,1,1,1,1,1,0,1,10,66,0,0,0,0,0,0,0,0,0,0,1,0,0,0,0,0,0,0,0,0,0,0,0,0,0,0,0,0,0,1,1,0,0,0,23,0,gen_clean_while_true_break_001,NO_ISSUE
50,1137,0,1.0,0,0,0,0,1,6,3,11,1,0,10,11,350,1,1,0,0,0,1,0,0,1,30,6,0,1,0,0,1,0,0,1,0,0,0,0,0,0,0,0,0,0,1,1,0,0,0,23,0,gen_clean_while_true_break_002,NO_ISSUE
12,255,0,1.0,0,0,0,0,1,1,1,1,1,0,1,10,66,0,0,0,0,0,0,0,0,0,0,1,0,0,0,0,0,0,0,0,0,0,0,0,0,0,0,0,0,0,1,1,0,0,0,23,0,gen_clean_while_true_break_003,NO_ISSUE
19,398,0,1.0,0,0,0,0,1,2,1,3,1,0,3,10,110,0,0,0,0,0,0,0,0,0,0,2,0,1,0,0,0,0,0,0,0,0,0,0,0,0,0,0,0,0,1,1,0,0,0,23,0,gen_clean_while_true_break_004,NO_ISSUE
57,1325,0,1.0,0,0,0,0,1,6,6,7,1,4,8,12,396,2,2,0,0,0,2,0,0,2,30,3,0,1,0,0,4,0,0,2,1,3,2,0,0,1,0,12,0,0,1,1,0,0,0,23,0,gen_clean_while_true_break_005,NO_ISSUE
22,504,0,1.0,0,0,0,0,1,2,3,2,1,1,3,12,154,1,1,0,0,0,1,0,0,1,29,2,0,0,0,0,3,0,0,1,0,0,0,0,0,0,0,0,0,0,1,1,0,0,0,23,0,gen_clean_while_true_break_006,NO_ISSUE
12,257,0,1.0,0,0,0,0,1,1,1,1,1,0,1,10,66,0,0,0,0,0,0,0,0,0,0,1,0,0,0,0,0,0,0,0,0,0,0,0,0,0,0,0,0,0,1,1,0,0,0,23,0,gen_clean_while_true_break_007,NO_ISSUE
19,398,0,1.0,0,0,0,0,1,2,1,3,1,0,3,10,110,0,0,0,0,0,0,0,0,0,0,2,0,1,0,0,0,0,0,0,0,0,0,0,0,0,0,0,0,0,1,1,0,0,0,23,0,gen_clean_while_true_break_008,NO_ISSUE
21,452,0,1.0,0,0,0,0,1,2,1,4,1,0,3,10,127,0,0,0,0,0,0,0,0,0,0,3,0,0,0,0,0,0,0,0,0,0,0,0,0,0,0,0,0,0,1,1,0,0,0,23,0,gen_clean_while_true_break_009,NO_ISSUE
42,892,0,1.0,0,0,0,0,1,5,2,6,1,3,7,11,240,0,0,0,0,0,0,0,0,0,0,2,0,1,0,0,0,0,0,0,1,3,2,0,0,1,0,12,0,0,1,1,0,0,0,23,0,gen_clean_while_true_break_010,NO_ISSUE
25,517,0,1.0,0,0,0,0,1,3,2,3,2,1,4,10,142,0,0,0,0,0,0,0,0,0,0,1,0,0,0,0,0,0,0,0,0,0,0,0,0,0,0,0,0,0,1,1,0,1,0,23,0,gen_clean_while_true_break_011,NO_ISSUE
56,1306,0,1.0,0,0,0,0,1,6,5,11,1,1,10,12,415,2,2,0,0,0,2,0,0,2,30,7,0,1,0,0,4,0,0,2,0,0,0,0,0,0,0,0,0,0,1,1,0,0,0,23,0,gen_clean_while_true_break_012,NO_ISSUE
21,454,0,1.0,0,0,0,0,1,2,1,4,1,0,3,10,127,0,0,0,0,0,0,0,0,0,0,3,0,0,0,0,0,0,0,0,0,0,0,0,0,0,0,0,0,0,1,1,0,0,0,23,0,gen_clean_while_true_break_013,NO_ISSUE
41,900,0,1.0,0,0,0,0,1,5,4,4,2,2,6,12,274,1,1,0,0,0,1,0,0,1,29,2,0,0,0,0,3,0,0,1,0,0,0,0,0,0,0,0,0,0,1,1,0,1,0,23,0,gen_clean_while_true_break_014,NO_ISSUE
42,896,0,1.0,0,0,0,0,1,5,4,7,2,2,7,10,273,1,1,0,0,0,1,0,0,1,13,3,0,0,0,0,1,0,0,1,0,0,0,0,0,0,0,0,0,0,1,1,0,1,0,23,0,gen_clean_while_true_break_015,NO_ISSUE
12,255,0,1.0,0,0,0,0,1,1,1,1,1,0,1,10,66,0,0,0,0,0,0,0,0,0,0,1,0,0,0,0,0,0,0,0,0,0,0,0,0,0,0,0,0,0,1,1,0,0,0,23,0,gen_clean_while_true_break_016,NO_ISSUE
12,261,0,1.0,0,0,0,0,1,1,1,1,1,0,1,10,66,0,0,0,0,0,0,0,0,0,0,1,0,0,0,0,0,0,0,0,0,0,0,0,0,0,0,0,0,0,1,1,0,0,0,23,0,gen_clean_while_true_break_017,NO_ISSUE
12,255,0,1.0,0,0,0,0,1,1,1,1,1,0,1,10,66,0,0,0,0,0,0,0,0,0,0,1,0,0,0,0,0,0,0,0,0,0,0,0,0,0,0,0,0,0,1,1,0,0,0,23,0,gen_clean_while_true_break_018,NO_ISSUE
12,255,0,1.0,0,0,0,0,1,1,1,1,1,0,1,10,66,0,0,0,0,0,0,0,0,0,0,1,0,0,0,0,0,0,0,0,0,0,0,0,0,0,0,0,0,0,1,1,0,0,0,23,0,gen_clean_while_true_break_019,NO_ISSUE
12,255,0,1.0,0,0,0,0,1,1,1,1,1,0,1,10,66,0,0,0,0,0,0,0,0,0,0,1,0,0,0,0,0,0,0,0,0,0,0,0,0,0,0,0,0,0,1,1,0,0,0,23,0,gen_clean_while_true_break_020,NO_ISSUE
