snippet_id,file_path,language,primary_label,is_clean,pair_group,pair_role,source_type,notes,has_off_by_one,has_incorrect_conditional,has_array_length_index_misuse,has_missing_break,has_while_not_updated,line_count,char_count,parse_crashed,parse_completeness,has_error_nodes,error_node_count,missing_node_count,unstable_span_count,class_declaration_count,method_declaration_count,local_variable_declaration_count,return_statement_count,while_statement_count,assignment_expression_count,binary_expression_count,max_ast_depth,ast_node_count,for_statement_count,loop_condition_contains_lt,loop_condition_contains_leq,loop_condition_contains_gt,loop_condition_contains_geq,loop_condition_contains_length,loop_condition_off_by_one_pattern_count,loop_condition_leq_bare_length_count,for_node_with_array_access_count,max_for_loop_body_size,if_statement_count,assignment_inside_if_condition_count,equality_in_if_condition_count,boolean_literal_in_if_condition_count,logical_operator_in_if_condition_count,array_access_count,array_index_uses_length_directly_count,array_index_uses_length_expression_count,unique_arrays_accessed_count,switch_block_count,switch_case_group_count,switch_case_ends_with_terminator_count,switch_fallthrough_case_count,switch_empty_stacked_label_count,switch_default_label_count,switch_comment_count,max_switch_case_body_size,while_condition_with_method_call_count,while_condition_with_field_access_count,while_condition_true_literal_count,while_body_with_exit_count,while_body_method_call_count,while_condition_var_updated_count,while_condition_var_not_updated_count,max_while_body_size
gen_incorrect_cond_bug_158,data/ml/raw_snippets_generated/incorrect_conditional_operator/buggy/GenIncorrectConditionalBug158.java,java,INCORRECT_CONDITIONAL_OPERATOR,0,pair_418,buggy,synthetic_generated,uses assignment (=) instead of equality (==) in condition,0,1,0,0,0,8,190,0,1.0,0,0,0,0,1,1,0,2,0,1,0,9,49,0,0,0,0,0,0,0,0,0,0,1,1,0,1,0,0,0,0,0,0,0,0,0,0,0,0,0,0,0,0,0,0,0,0,0
gen_incorrect_cond_fix_158,data/ml/raw_snippets_generated/incorrect_conditional_operator/fixed/GenIncorrectConditionalFix158.java,java,NO_ISSUE,1,pair_418,fixed,synthetic_generated,uses == for comparison correctly,0,0,0,0,0,8,191,0,1.0,0,0,0,0,1,1,0,2,0,0,1,9,49,0,0,0,0,0,0,0,0,0,0,1,0,1,1,0,0,0,0,0,0,0,0,0,0,0,0,0,0,0,0,0,0,0,0,0
gen_missing_break_bug_113,data/ml/raw_snippets_generated/missing_break_in_switch/buggy/GenMissingBreakBug113.java,java,MISSING_BREAK_IN_SWITCH,0,pair_713,buggy,synthetic_generated,case falls through without break (unintentional),0,0,0,1,0,38,893,0,1.0,0,0,0,0,1,3,3,5,0,6,3,11,253,1,1,0,0,0,1,0,0,1,13,2,0,0,0,0,1,0,0,1,1,5,3,1,0,1,0,12,0,0,0,0,0,0,0,0
gen_missing_break_fix_113,data/ml/raw_snippets_generated/missing_break_in_switch/fixed/GenMissingBreakFix113.java,java,NO_ISSUE,1,pair_713,fixed,synthetic_generated,every case ends with break/return,0,0,0,0,0,39,916,0,1.0,0,0,0,0,1,3,3,5,0,6,3,11,256,1,1,0,0,0,1,0,0,1,13,2,0,0,0,0,1,0,0,1,1,5,4,0,0,1,0,12,0,0,0,0,0,0,0,0
gen_missing_break_bug_047,data/ml/raw_snippets_generated/missing_break_in_switch/buggy/GenMissingBreakBug047.java,java,MISSING_BREAK_IN_SWITCH,0,pair_647,buggy,synthetic_generated,case falls through without break (unintentional),0,0,0,1,0,47,1165,0,1.0,0,0,0,0,1,4,5,6,0,6,4,11,348,2,2,0,0,0,2,0,0,2,30,2,0,0,0,0,2,0,0,2,1,5,3,1,0,1,0,12,0,0,0,0,0,0,0,0
gen_missing_break_fix_047,data/ml/raw_snippets_generated/missing_break_in_switch/fixed/GenMissingBreakFix047.java,java,NO_ISSUE,1,pair_647,fixed,synthetic_generated,every case ends with break/return,0,0,0,0,0,48,1188,0,1.0,0,0,0,0,1,4,5,6,0,6,4,11,351,2,2,0,0,0,2,0,0,2,30,2,0,0,0,0,2,0,0,2,1,5,4,0,0,1,0,12,0,0,0,0,0,0,0,0
gen_clean_generic_062,data/ml/raw_snippets_generated/clean/GenCleanGeneric062.java,java,NO_ISSUE,1,,clean,synthetic_generated,clean snippet GenCleanGeneric062,0,0,0,0,0,36,787,0,1.0,0,0,0,0,1,5,1,3,0,3,4,11,227,0,0,0,0,0,0,0,0,0,0,0,0,0,0,0,0,0,0,0,1,3,2,0,0,1,0,12,0,0,0,0,0,0,0,0
gen_incorrect_cond_bug_135,data/ml/raw_snippets_generated/incorrect_conditional_operator/buggy/GenIncorrectConditionalBug135.java,java,INCORRECT_CONDITIONAL_OPERATOR,0,pair_395,buggy,synthetic_generated,uses assignment (=) instead of equality (==) in condition,0,1,0,0,0,8,200,0,1.0,0,0,0,0,1,1,0,2,0,1,0,8,47,0,0,0,0,0,0,0,0,0,0,1,1,0,0,0,0,0,0,0,0,0,0,0,0,0,0,0,0,0,0,0,0,0,0,0
gen_incorrect_cond_fix_135,data/ml/raw_snippets_generated/incorrect_conditional_operator/fixed/GenIncorrectConditionalFix135.java,java,NO_ISSUE,1,pair_395,fixed,synthetic_generated,uses == for comparison correctly,0,0,0,0,0,8,201,0,1.0,0,0,0,0,1,1,0,2,0,0,1,8,47,0,0,0,0,0,0,0,0,0,0,1,0,1,0,0,0,0,0,0,0,0,0,0,0,0,0,0,0,0,0,0,0,0,0,0
gen_array_index_bug_101,data/ml/raw_snippets_generated/array_length_index_misuse/buggy/GenArrayIndexBug101.java,java,ARRAY_LENGTH_INDEX_MISUSE,0,pair_531,buggy,synthetic_generated,accesses array[array.length] directly (out of bounds),0,0,1,0,0,45,1012,0,1.0,0,0,0,0,1,6,0,13,0,1,10,10,319,0,0,0,0,0,0,0,0,0,0,8,0,0,0,0,1,1,1,1,0,0,0,0,0,0,0,0,0,0,0,0,0,0,0,0
gen_array_index_fix_101,data/ml/raw_snippets_generated/array_length_index_misuse/fixed/GenArrayIndexFix101.java,java,NO_ISSUE,1,pair_531,fixed,synthetic_generated,corrected with .length - 1 as last valid index,0,0,0,0,0,45,1016,0,1.0,0,0,0,0,1,6,0,13,0,1,11,10,322,0,0,0,0,0,0,0,0,0,0,8,0,0,0,0,1,0,1,1,0,0,0,0,0,0,0,0,0,0,0,0,0,0,0,0
gen_array_index_bug_159,data/ml/raw_snippets_generated/array_length_index_misuse/buggy/GenArrayIndexBug159.java,java,ARRAY_LENGTH_INDEX_MISUSE,0,pair_589,buggy,synthetic_generated,accesses array[array.length] directly (out of bounds),0,0,1,0,0,55,1359,0,1.0,0,0,0,0,1,6,8,5,1,5,4,11,433,3,3,0,0,0,3,0,0,3,30,0,0,0,0,0,4,1,1,3,1,3,2,0,0,1,0,12,0,0,0,0,0,1,0,14
gen_array_index_fix_159,data/ml/raw_snippets_generated/array_length_index_misuse/fixed/GenArrayIndexFix159.java,java,NO_ISSUE,1,pair_589,fixed,synthetic_generated,corrected with .length - 1 as last valid index,0,0,0,0,0,55,1363,0,1.0,0,0,0,0,1,6,8,5,1,5,5,11,436,3,3,0,0,0,3,0,0,3,30,0,0,0,0,0,4,0,1,3,1,3,2,0,0,1,0,12,0,0,0,0,0,1,0,14
gen_clean_generic_050,data/ml/raw_snippets_generated/clean/GenCleanGeneric050.java,java,NO_ISSUE,1,,clean,synthetic_generated,clean snippet GenCleanGeneric050,0,0,0,0,0,10,239,0,1.0,0,0,0,0,1,1,0,3,0,0,2,9,72,0,0,0,0,0,0,0,0,0,0,2,0,0,0,0,0,0,0,0,0,0,0,0,0,0,0,0,0,0,0,0,0,0,0,0
gen_clean_generic_048,data/ml/raw_snippets_generated/clean/GenCleanGeneric048.java,java,NO_ISSUE,1,,clean,synthetic_generated,clean snippet GenCleanGeneric048,0,0,0,0,0,16,364,0,1.0,0,0,0,0,1,1,1,1,0,3,0,11,89,0,0,0,0,0,0,0,0,0,0,0,0,0,0,0,0,0,0,0,1,3,2,0,0,1,0,12,0,0,0,0,0,0,0,0
gen_incorrect_cond_bug_007,data/ml/raw_snippets_generated/incorrect_conditional_operator/buggy/GenIncorrectConditionalBug007.java,java,INCORRECT_CONDITIONAL_OPERATOR,0,pair_267,buggy,synthetic_generated,uses assignment (=) instead of equality (==) in condition,0,1,0,0,0,17,412,0,1.0,0,0,0,0,1,2,0,5,0,1,2,9,110,0,0,0,0,0,0,0,0,0,0,3,1,0,0,0,0,0,0,0,0,0,0,0,0,0,0,0,0,0,0,0,0,0,0,0
gen_incorrect_cond_fix_007,data/ml/raw_snippets_generated/incorrect_conditional_operator/fixed/GenIncorrectConditionalFix007.java,java,NO_ISSUE,1,pair_267,fixed,synthetic_generated,uses == for comparison correctly,0,0,0,0,0,17,413,0,1.0,0,0,0,0,1,2,0,5,0,0,3,9,110,0,0,0,0,0,0,0,0,0,0,3,0,1,0,0,0,0,0,0,0,0,0,0,0,0,0,0,0,0,0,0,0,0,0,0
gen_missing_break_bug_003,data/ml/raw_snippets_generated/missing_break_in_switch/buggy/GenMissingBreakBug003.java,java,MISSING_BREAK_IN_SWITCH,0,pair_603,buggy,synthetic_generated,case falls through without break (unintentional),0,0,0,1,0,22,515,0,1.0,0,0,0,0,1,2,1,2,0,4,2,11,132,0,0,0,0,0,0,0,0,0,0,0,0,0,0,0,0,0,0,0,1,4,2,1,0,1,0,12,0,0,0,0,0,0,0,0
gen_missing_break_fix_003,data/ml/raw_snippets_generated/missing_break_in_switch/fixed/GenMissingBreakFix003.java,java,NO_ISSUE,1,pair_603,fixed,synthetic_generated,every case ends with break/return,0,0,0,0,0,23,538,0,1.0,0,0,0,0,1,2,1,2,0,4,2,11,135,0,0,0,0,0,0,0,0,0,0,0,0,0,0,0,0,0,0,0,1,4,3,0,0,1,0,12,0,0,0,0,0,0,0,0
gen_off_by_one_bug_080,data/ml/raw_snippets_generated/off_by_one/buggy/GenOffByOneBug080.java,java,OFF_BY_ONE_LOOP_BOUNDARY,0,pair_170,buggy,synthetic_generated,starts from .length instead of .length - 1,1,0,0,0,0,51,1107,0,1.0,0,0,0,0,1,6,5,11,1,3,9,10,362,2,2,1,0,0,2,1,1,2,13,5,0,1,0,0,2,0,0,2,0,0,0,0,0,0,0,0,0,0,0,0,0,1,0,14
gen_off_by_one_fix_080,data/ml/raw_snippets_generated/off_by_one/fixed/GenOffByOneFix080.java,java,NO_ISSUE,1,pair_170,fixed,synthetic_generated,corrected with < length boundary,0,0,0,0,0,51,1106,0,1.0,0,0,0,0,1,6,5,11,1,3,9,10,362,2,2,0,0,0,2,0,0,2,13,5,0,1,0,0,2,0,0,2,0,0,0,0,0,0,0,0,0,0,0,0,0,1,0,14
gen_incorrect_cond_bug_020,data/ml/raw_snippets_generated/incorrect_conditional_operator/buggy/GenIncorrectConditionalBug020.java,java,INCORRECT_CONDITIONAL_OPERATOR,0,pair_280,buggy,synthetic_generated,uses assignment (=) instead of equality (==) in condition,0,1,0,0,0,13,317,0,1.0,0,0,0,0,1,2,0,0,0,1,0,11,96,0,0,0,0,0,0,0,0,0,0,1,1,0,0,0,0,0,0,0,0,0,0,0,0,0,0,0,0,0,0,0,0,0,0,0
gen_incorrect_cond_fix_020,data/ml/raw_snippets_generated/incorrect_conditional_operator/fixed/GenIncorrectConditionalFix020.java,java,NO_ISSUE,1,pair_280,fixed,synthetic_generated,uses == for comparison correctly,0,0,0,0,0,13,318,0,1.0,0,0,0,0,1,2,0,0,0,0,1,11,96,0,0,0,0,0,0,0,0,0,0,1,0,1,0,0,0,0,0,0,0,0,0,0,0,0,0,0,0,0,0,0,0,0,0,0
gen_missing_break_bug_133,data/ml/raw_snippets_generated/missing_break_in_switch/buggy/GenMissingBreakBug133.java,java,MISSING_BREAK_IN_SWITCH,0,pair_733,buggy,synthetic_generated,case falls through without break (unintentional),0,0,0,1,0,52,1173,0,1.0,0,0,0,0,1,5,4,6,1,8,6,11,329,1,1,0,0,0,1,0,0,1,13,1,0,1,0,0,1,0,0,1,1,6,4,1,0,1,0,12,0,0,0,0,0,1,0,14
gen_missing_break_fix_133,data/ml/raw_snippets_generated/missing_break_in_switch/fixed/GenMissingBreakFix133.java,java,NO_ISSUE,1,pair_733,fixed,synthetic_generated,every case ends with break/return,0,0,0,0,0,53,1196,0,1.0,0,0,0,0,1,5,4,6,1,8,6,11,332,1,1,0,0,0,1,0,0,1,13,1,0,1,0,0,1,0,0,1,1,6,5,0,0,1,0,12,0,0,0,0,0,1,0,14
gen_missing_break_bug_139,data/ml/raw_snippets_generated/missing_break_in_switch/buggy/GenMissingBreakBug139.java,java,MISSING_BREAK_IN_SWITCH,0,pair_739,buggy,synthetic_generated,case falls through without break (unintentional),0,0,0,1,0,27,628,0,1.0,0,0,0,0,1,2,1,4,0,4,2,11,168,0,0,0,0,0,0,0,0,0,0,2,0,0,0,0,0,0,0,0,1,4,2,1,0,1,0,12,0,0,0,0,0,0,0,0
gen_missing_break_fix_139,data/ml/raw_snippets_generated/missing_break_in_switch/fixed/GenMissingBreakFix139.java,java,NO_ISSUE,1,pair_739,fixed,synthetic_generated,every case ends with break/return,0,0,0,0,0,28,651,0,1.0,0,0,0,0,1,2,1,4,0,4,2,11,171,0,0,0,0,0,0,0,0,0,0,2,0,0,0,0,0,0,0,0,1,4,3,0,0,1,0,12,0,0,0,0,0,0,0,0
gen_while_no_update_bug_137,data/ml/raw_snippets_generated/while_variable_not_updated/buggy/GenWhileNoUpdateBug137.java,java,WHILE_VARIABLE_NOT_UPDATED,0,pair_907,buggy,synthetic_generated,no condition variable changes inside the while body (infinite loop),0,0,0,0,1,52,1128,0,1.0,0,0,0,0,1,6,1,10,1,3,10,12,328,0,0,0,0,0,0,0,0,0,0,5,0,3,0,0,0,0,0,0,1,3,2,0,0,1,0,12,0,0,0,0,1,0,1,22
gen_while_no_update_fix_137,data/ml/raw_snippets_generated/while_variable_not_updated/fixed/GenWhileNoUpdateFix137.java,java,NO_ISSUE,1,pair_907,fixed,synthetic_generated,condition variable updated inside the loop body,0,0,0,0,0,53,1150,0,1.0,0,0,0,0,1,6,1,10,1,3,10,12,333,0,0,0,0,0,0,0,0,0,0,5,0,3,0,0,0,0,0,0,1,3,2,0,0,1,0,12,0,0,0,0,1,1,0,27
gen_incorrect_cond_bug_151,data/ml/raw_snippets_generated/incorrect_conditional_operator/buggy/GenIncorrectConditionalBug151.java,java,INCORRECT_CONDITIONAL_OPERATOR,0,pair_411,buggy,synthetic_generated,uses assignment (=) instead of equality (==) in condition,0,1,0,0,0,17,377,0,1.0,0,0,0,0,1,2,0,5,0,1,2,10,110,0,0,0,0,0,0,0,0,0,0,3,1,0,1,0,0,0,0,0,0,0,0,0,0,0,0,0,0,0,0,0,0,0,0,0
gen_incorrect_cond_fix_151,data/ml/raw_snippets_generated/incorrect_conditional_operator/fixed/GenIncorrectConditionalFix151.java,java,NO_ISSUE,1,pair_411,fixed,synthetic_generated,uses == for comparison correctly,0,0,0,0,0,17,378,0,1.0,0,0,0,0,1,2,0,5,0,0,3,10,110,0,0,0,0,0,0,0,0,0,0,3,0,1,1,0,0,0,0,0,0,0,0,0,0,0,0,0,0,0,0,0,0,0,0,0
gen_incorrect_cond_bug_118,data/ml/raw_snippets_generated/incorrect_conditional_operator/buggy/GenIncorrectConditionalBug118.java,java,INCORRECT_CONDITIONAL_OPERATOR,0,pair_378,buggy,synthetic_generated,uses assignment (=) instead of equality (==) in condition,0,1,0,0,0,7,178,0,1.0,0,0,0,0,1,1,0,0,0,1,0,11,52,0,0,0,0,0,0,0,0,0,0,1,1,0,0,0,0,0,0,0,0,0,0,0,0,0,0,0,0,0,0,0,0,0,0,0
gen_incorrect_cond_fix_118,data/ml/raw_snippets_generated/incorrect_conditional_operator/fixed/GenIncorrectConditionalFix118.java,java,NO_ISSUE,1,pair_378,fixed,synthetic_generated,uses == for comparison correctly,0,0,0,0,0,7,179,0,1.0,0,0,0,0,1,1,0,0,0,0,1,11,52,0,0,0,0,0,0,0,0,0,0,1,0,1,0,0,0,0,0,0,0,0,0,0,0,0,0,0,0,0,0,0,0,0,0,0
gen_array_index_bug_097,data/ml/raw_snippets_generated/array_length_index_misuse/buggy/GenArrayIndexBug097.java,java,ARRAY_LENGTH_INDEX_MISUSE,0,pair_527,buggy,synthetic_generated,accesses array[array.length] directly (out of bounds),0,0,1,0,0,22,522,0,1.0,0,0,0,0,1,3,2,4,0,2,3,10,177,1,1,0,0,0,1,0,0,1,13,2,0,0,0,0,2,1,1,2,0,0,0,0,0,0,0,0,0,0,0,0,0,0,0,0
gen_array_index_fix_097,data/ml/raw_snippets_generated/array_length_index_misuse/fixed/GenArrayIndexFix097.java,java,NO_ISSUE,1,pair_527,fixed,synthetic_generated,corrected with .length - 1 as last valid index,0,0,0,0,0,22,526,0,1.0,0,0,0,0,1,3,2,4,0,2,4,10,180,1,1,0,0,0,1,0,0,1,13,2,0,0,0,0,2,0,1,2,0,0,0,0,0,0,0,0,0,0,0,0,0,0,0,0
gen_incorrect_cond_bug_046,data/ml/raw_snippets_generated/incorrect_conditional_operator/buggy/GenIncorrectConditionalBug046.java,java,INCORRECT_CONDITIONAL_OPERATOR,0,pair_306,buggy,synthetic_generated,uses assignment (=) instead of equality (==) in condition,0,1,0,0,0,8,186,0,1.0,0,0,0,0,1,1,0,2,0,1,0,9,49,0,0,0,0,0,0,0,0,0,0,1,1,0,1,0,0,0,0,0,0,0,0,0,0,0,0,0,0,0,0,0,0,0,0,0
gen_incorrect_cond_fix_046,data/ml/raw_snippets_generated/incorrect_conditional_operator/fixed/GenIncorrectConditionalFix046.java,java,NO_ISSUE,1,pair_306,fixed,synthetic_generated,uses == for comparison correctly,0,0,0,0,0,8,187,0,1.0,0,0,0,0,1,1,0,2,0,0,1,9,49,0,0,0,0,0,0,0,0,0,0,1,0,1,1,0,0,0,0,0,0,0,0,0,0,0,0,0,0,0,0,0,0,0,0,0
gen_clean_generic_081,data/ml/raw_snippets_generated/clean/GenCleanGeneric081.java,java,NO_ISSUE,1,,clean,synthetic_generated,clean snippet GenCleanGeneric081,0,0,0,0,0,10,232,0,1.0,0,0,0,0,1,1,0,3,0,0,2,10,70,0,0,0,0,0,0,0,0,0,0,2,0,0,0,0,0,0,0,0,0,0,0,0,0,0,0,0,0,0,0,0,0,0,0,0
gen_array_index_bug_039,data/ml/raw_snippets_generated/array_length_index_misuse/buggy/GenArrayIndexBug039.java,java,ARRAY_LENGTH_INDEX_MISUSE,0,pair_469,buggy,synthetic_generated,accesses array[array.length] directly (out of bounds),0,0,1,0,0,51,1204,0,1.0,0,0,0,0,1,6,3,9,0,4,7,11,366,1,1,0,0,0,1,0,0,1,30,4,0,0,0,0,2,1,1,2,1,3,2,0,0,1,0,12,0,0,0,0,0,0,0,0
gen_array_index_fix_039,data/ml/raw_snippets_generated/array_length_index_misuse/fixed/GenArrayIndexFix039.java,java,NO_ISSUE,1,pair_469,fixed,synthetic_generated,corrected with .length - 1 as last valid index,0,0,0,0,0,51,1208,0,1.0,0,0,0,0,1,6,3,9,0,4,8,11,369,1,1,0,0,0,1,0,0,1,30,4,0,0,0,0,2,0,1,2,1,3,2,0,0,1,0,12,0,0,0,0,0,0,0,0
gen_clean_while_true_break_010,data/ml/raw_snippets_generated/clean/GenCleanWhileTrueBreak010.java,java,NO_ISSUE,1,,clean,synthetic_generated,clean snippet GenCleanWhileTrueBreak010,0,0,0,0,0,42,892,0,1.0,0,0,0,0,1,5,2,6,1,3,7,11,240,0,0,0,0,0,0,0,0,0,0,2,0,1,0,0,0,0,0,0,1,3,2,0,0,1,0,12,0,0,1,1,0,0,0,23
gen_clean_scanner_loop_011,data/ml/raw_snippets_generated/clean/GenCleanScannerLoop011.java,java,NO_ISSUE,1,,clean,synthetic_generated,clean snippet GenCleanScannerLoop011,0,0,0,0,0,11,279,0,1.0,0,0,0,0,1,2,0,1,1,0,2,12,88,0,0,0,0,0,0,0,0,0,0,0,0,0,0,0,0,0,0,0,0,0,0,0,0,0,0,0,1,0,0,0,2,0,0,22
gen_clean_tail_index_010,data/ml/raw_snippets_generated/clean/GenCleanTailIndex010.java,java,NO_ISSUE,1,,clean,synthetic_generated,clean snippet GenCleanTailIndex010,0,0,0,0,0,29,722,0,1.0,0,0,0,0,1,4,2,5,0,0,4,11,243,1,1,0,0,0,1,0,0,1,30,2,0,0,0,0,2,0,1,2,0,0,0,0,0,0,0,0,0,0,0,0,0,0,0,0
gen_incorrect_cond_bug_090,data/ml/raw_snippets_generated/incorrect_conditional_operator/buggy/GenIncorrectConditionalBug090.java,java,INCORRECT_CONDITIONAL_OPERATOR,0,pair_350,buggy,synthetic_generated,uses assignment (=) instead of equality (==) in condition,0,1,0,0,0,28,631,0,1.0,0,0,0,0,1,4,2,3,0,2,1,10,205,1,1,0,0,0,1,0,0,1,13,1,1,0,1,0,1,0,0,1,0,0,0,0,0,0,0,0,0,0,0,0,0,0,0,0
gen_incorrect_cond_fix_090,data/ml/raw_snippets_generated/incorrect_conditional_operator/fixed/GenIncorrectConditionalFix090.java,java,NO_ISSUE,1,pair_350,fixed,synthetic_generated,uses == for comparison correctly,0,0,0,0,0,28,632,0,1.0,0,0,0,0,1,4,2,3,0,1,2,10,205,1,1,0,0,0,1,0,0,1,13,1,0,1,1,0,1,0,0,1,0,0,0,0,0,0,0,0,0,0,0,0,0,0,0,0
gen_incorrect_cond_bug_155,data/ml/raw_snippets_generated/incorrect_conditional_operator/buggy/GenIncorrectConditionalBug155.java,java,INCORRECT_CONDITIONAL_OPERATOR,0,pair_415,buggy,synthetic_generated,uses assignment (=) instead of equality (==) in condition,0,1,0,0,0,16,372,0,1.0,0,0,0,0,1,2,2,3,0,2,1,10,117,1,1,0,0,0,1,0,0,1,13,1,1,0,1,0,1,0,0,1,0,0,0,0,0,0,0,0,0,0,0,0,0,0,0,0
gen_incorrect_cond_fix_155,data/ml/raw_snippets_generated/incorrect_conditional_operator/fixed/GenIncorrectConditionalFix155.java,java,NO_ISSUE,1,pair_415,fixed,synthetic_generated,uses == for comparison correctly,0,0,0,0,0,16,373,0,1.0,0,0,0,0,1,2,2,3,0,1,2,10,117,1,1,0,0,0,1,0,0,1,13,1,0,1,1,0,1,0,0,1,0,0,0,0,0,0,0,0,0,0,0,0,0,0,0,0
gen_missing_break_bug_147,data/ml/raw_snippets_generated/missing_break_in_switch/buggy/GenMissingBreakBug147.java,java,MISSING_BREAK_IN_SWITCH,0,pair_747,buggy,synthetic_generated,case falls through without break (unintentional),0,0,0,1,0,39,959,0,1.0,0,0,0,0,1,3,4,3,1,6,2,11,268,1,1,0,0,0,1,0,0,1,30,0,0,0,0,0,1,0,0,1,1,5,3,1,0,1,0,12,0,0,0,0,0,1,0,14
gen_missing_break_fix_147,data/ml/raw_snippets_generated/missing_break_in_switch/fixed/GenMissingBreakFix147.java,java,NO_ISSUE,1,pair_747,fixed,synthetic_generated,every case ends with break/return,0,0,0,0,0,40,982,0,1.0,0,0,0,0,1,3,4,3,1,6,2,11,271,1,1,0,0,0,1,0,0,1,30,0,0,0,0,0,1,0,0,1,1,5,4,0,0,1,0,12,0,0,0,0,0,1,0,14
gen_clean_while_true_break_009,data/ml/raw_snippets_generated/clean/GenCleanWhileTrueBreak009.java,java,NO_ISSUE,1,,clean,synthetic_generated,clean snippet GenCleanWhileTrueBreak009,0,0,0,0,0,21,452,0,1.0,0,0,0,0,1,2,1,4,1,0,3,10,127,0,0,0,0,0,0,0,0,0,0,3,0,0,0,0,0,0,0,0,0,0,0,0,0,0,0,0,0,0,1,1,0,0,0,23
gen_clean_generic_013,data/ml/raw_snippets_generated/clean/GenCleanGeneric013.java,java,NO_ISSUE,1,,clean,synthetic_generated,clean snippet GenCleanGeneric013,0,0,0,0,0,49,1161,0,1.0,0,0,0,0,1,6,4,11,0,1,11,12,383,2,2,0,0,0,2,0,0,2,30,6,0,1,0,0,4,0,0,2,0,0,0,0,0,0,0,0,0,0,0,0,0,0,0,0
gen_off_by_one_bug_093,data/ml/raw_snippets_generated/off_by_one/buggy/GenOffByOneBug093.java,java,OFF_BY_ONE_LOOP_BOUNDARY,0,pair_183,buggy,synthetic_generated,starts from .length instead of .length - 1,1,0,0,0,0,9,244,0,1.0,0,0,0,0,1,1,2,1,0,1,1,10,99,1,1,1,0,0,1,1,1,1,17,0,0,0,0,0,2,0,0,2,0,0,0,0,0,0,0,0,0,0,0,0,0,0,0,0
gen_off_by_one_fix_093,data/ml/raw_snippets_generated/off_by_one/fixed/GenOffByOneFix093.java,java,NO_ISSUE,1,pair_183,fixed,synthetic_generated,corrected with < length boundary,0,0,0,0,0,9,243,0,1.0,0,0,0,0,1,1,2,1,0,1,1,10,99,1,1,0,0,0,1,0,0,1,17,0,0,0,0,0,2,0,0,2,0,0,0,0,0,0,0,0,0,0,0,0,0,0,0,0
gen_clean_generic_043,data/ml/raw_snippets_generated/clean/GenCleanGeneric043.java,java,NO_ISSUE,1,,clean,synthetic_generated,clean snippet GenCleanGeneric043,0,0,0,0,0,5,115,0,1.0,0,0,0,0,1,1,0,1,0,0,2,8,34,0,0,0,0,0,0,0,0,0,0,0,0,0,0,0,0,0,0,0,0,0,0,0,0,0,0,0,0,0,0,0,0,0,0,0
gen_off_by_one_bug_128,data/ml/raw_snippets_generated/off_by_one/buggy/GenOffByOneBug128.java,java,OFF_BY_ONE_LOOP_BOUNDARY,0,pair_218,buggy,synthetic_generated,starts from .length instead of .length - 1,1,0,0,0,0,9,219,0,1.0,0,0,0,0,1,1,2,1,0,1,1,10,77,1,1,1,0,0,1,1,1,1,13,0,0,0,0,0,1,0,0,1,0,0,0,0,0,0,0,0,0,0,0,0,0,0,0,0
gen_off_by_one_fix_128,data/ml/raw_snippets_generated/off_by_one/fixed/GenOffByOneFix128.java,java,NO_ISSUE,1,pair_218,fixed,synthetic_generated,corrected with < length boundary,0,0,0,0,0,9,218,0,1.0,0,0,0,0,1,1,2,1,0,1,1,10,77,1,1,0,0,0,1,0,0,1,13,0,0,0,0,0,1,0,0,1,0,0,0,0,0,0,0,0,0,0,0,0,0,0,0,0
gen_clean_fall_through_009,data/ml/raw_snippets_generated/clean/GenCleanFallThrough009.java,java,NO_ISSUE,1,,clean,synthetic_generated,clean snippet GenCleanFallThrough009,0,0,0,0,0,48,1260,0,1.0,0,0,0,0,1,5,2,8,0,0,7,12,361,1,1,0,0,0,1,0,0,1,30,4,0,0,0,0,1,0,0,1,1,4,1,2,0,1,2,19,0,0,0,0,0,0,0,0
gen_missing_break_bug_018,data/ml/raw_snippets_generated/missing_break_in_switch/buggy/GenMissingBreakBug018.java,java,MISSING_BREAK_IN_SWITCH,0,pair_618,buggy,synthetic_generated,case falls through without break (unintentional),0,0,0,1,0,18,436,0,1.0,0,0,0,0,1,1,1,1,0,4,0,11,107,0,0,0,0,0,0,0,0,0,0,0,0,0,0,0,0,0,0,0,1,4,2,1,0,1,0,12,0,0,0,0,0,0,0,0
gen_missing_break_fix_018,data/ml/raw_snippets_generated/missing_break_in_switch/fixed/GenMissingBreakFix018.java,java,NO_ISSUE,1,pair_618,fixed,synthetic_generated,every case ends with break/return,0,0,0,0,0,19,459,0,1.0,0,0,0,0,1,1,1,1,0,4,0,11,110,0,0,0,0,0,0,0,0,0,0,0,0,0,0,0,0,0,0,0,1,4,3,0,0,1,0,12,0,0,0,0,0,0,0,0
gen_while_no_update_bug_010,data/ml/raw_snippets_generated/while_variable_not_updated/buggy/GenWhileNoUpdateBug010.java,java,WHILE_VARIABLE_NOT_UPDATED,0,pair_780,buggy,synthetic_generated,no condition variable changes inside the while body (infinite loop),0,0,0,0,1,9,201,0,1.0,0,0,0,0,1,1,1,1,1,1,1,9,60,0,0,0,0,0,0,0,0,0,0,0,0,0,0,0,0,0,0,0,0,0,0,0,0,0,0,0,0,0,0,0,0,0,1,9
gen_while_no_update_fix_010,data/ml/raw_snippets_generated/while_variable_not_updated/fixed/GenWhileNoUpdateFix010.java,java,NO_ISSUE,1,pair_780,fixed,synthetic_generated,condition variable updated inside the loop body,0,0,0,0,0,10,222,0,1.0,0,0,0,0,1,1,1,1,1,1,1,9,65,0,0,0,0,0,0,0,0,0,0,0,0,0,0,0,0,0,0,0,0,0,0,0,0,0,0,0,0,0,0,0,0,1,0,14
gen_clean_stacked_labels_001,data/ml/raw_snippets_generated/clean/GenCleanStackedLabels001.java,java,NO_ISSUE,1,,clean,synthetic_generated,clean snippet GenCleanStackedLabels001,0,0,0,0,0,14,314,0,1.0,0,0,0,0,1,1,1,1,0,2,0,11,77,0,0,0,0,0,0,0,0,0,0,0,0,0,0,0,0,0,0,0,1,3,1,0,1,1,0,12,0,0,0,0,0,0,0,0
gen_clean_boundary_minus_one_010,data/ml/raw_snippets_generated/clean/GenCleanBoundaryMinusOne010.java,java,NO_ISSUE,1,,clean,synthetic_generated,clean snippet GenCleanBoundaryMinusOne010,0,0,0,0,0,48,1136,0,1.0,0,0,0,0,1,6,7,8,1,3,9,11,378,3,3,1,0,0,3,1,0,3,30,2,0,0,0,0,3,0,0,3,0,0,0,0,0,0,0,0,0,0,0,0,0,1,0,14
gen_off_by_one_bug_114,data/ml/raw_snippets_generated/off_by_one/buggy/GenOffByOneBug114.java,java,OFF_BY_ONE_LOOP_BOUNDARY,0,pair_204,buggy,synthetic_generated,starts from .length instead of .length - 1,1,0,0,0,0,59,1314,0,1.0,0,0,0,0,1,6,6,9,1,5,8,11,399,2,2,1,0,0,2,1,1,2,24,4,0,1,0,0,2,0,0,2,1,3,2,0,0,1,0,12,0,0,0,0,0,1,0,14
gen_off_by_one_fix_114,data/ml/raw_snippets_generated/off_by_one/fixed/GenOffByOneFix114.java,java,NO_ISSUE,1,pair_204,fixed,synthetic_generated,corrected with < length boundary,0,0,0,0,0,59,1313,0,1.0,0,0,0,0,1,6,6,9,1,5,8,11,399,2,2,0,0,0,2,0,0,2,24,4,0,1,0,0,2,0,0,2,1,3,2,0,0,1,0,12,0,0,0,0,0,1,0,14
gen_clean_verbose_boolean_013,data/ml/raw_snippets_generated/clean/GenCleanVerboseBoolean013.java,java,NO_ISSUE,1,,clean,synthetic_generated,clean snippet GenCleanVerboseBoolean013,0,0,0,0,0,8,183,0,1.0,0,0,0,0,1,1,0,2,0,0,1,9,49,0,0,0,0,0,0,0,0,0,0,1,0,1,1,0,0,0,0,0,0,0,0,0,0,0,0,0,0,0,0,0,0,0,0,0
gen_clean_generic_103,data/ml/raw_snippets_generated/clean/GenCleanGeneric103.java,java,NO_ISSUE,1,,clean,synthetic_generated,clean snippet GenCleanGeneric103,0,0,0,0,0,9,215,0,1.0,0,0,0,0,1,1,2,1,0,1,1,10,77,1,1,0,0,0,1,0,0,1,13,0,0,0,0,0,1,0,0,1,0,0,0,0,0,0,0,0,0,0,0,0,0,0,0,0
gen_while_no_update_bug_104,data/ml/raw_snippets_generated/while_variable_not_updated/buggy/GenWhileNoUpdateBug104.java,java,WHILE_VARIABLE_NOT_UPDATED,0,pair_874,buggy,synthetic_generated,no condition variable changes inside the while body (infinite loop),0,0,0,0,1,48,1200,0,1.0,0,0,0,0,1,5,6,4,1,4,3,11,370,2,2,0,0,0,2,0,0,2,30,0,0,0,0,0,2,0,0,1,1,3,2,0,0,1,0,12,0,0,0,0,0,0,1,9
gen_while_no_update_fix_104,data/ml/raw_snippets_generated/while_variable_not_updated/fixed/GenWhileNoUpdateFix104.java,java,NO_ISSUE,1,pair_874,fixed,synthetic_generated,condition variable updated inside the loop body,0,0,0,0,0,49,1221,0,1.0,0,0,0,0,1,5,6,4,1,4,3,11,375,2,2,0,0,0,2,0,0,2,30,0,0,0,0,0,2,0,0,1,1,3,2,0,0,1,0,12,0,0,0,0,0,1,0,14
gen_array_index_bug_025,data/ml/raw_snippets_generated/array_length_index_misuse/buggy/GenArrayIndexBug025.java,java,ARRAY_LENGTH_INDEX_MISUSE,0,pair_455,buggy,synthetic_generated,accesses array[array.length] directly (out of bounds),0,0,1,0,0,24,541,0,1.0,0,0,0,0,1,4,0,2,0,0,2,10,180,0,0,0,0,0,0,0,0,0,0,1,0,1,0,0,1,1,1,1,0,0,0,0,0,0,0,0,0,0,0,0,0,0,0,0
gen_array_index_fix_025,data/ml/raw_snippets_generated/array_length_index_misuse/fixed/GenArrayIndexFix025.java,java,NO_ISSUE,1,pair_455,fixed,synthetic_generated,corrected with .length - 1 as last valid index,0,0,0,0,0,24,545,0,1.0,0,0,0,0,1,4,0,2,0,0,3,11,183,0,0,0,0,0,0,0,0,0,0,1,0,1,0,0,1,0,1,1,0,0,0,0,0,0,0,0,0,0,0,0,0,0,0,0
gen_missing_break_bug_119,data/ml/raw_snippets_generated/missing_break_in_switch/buggy/GenMissingBreakBug119.java,java,MISSING_BREAK_IN_SWITCH,0,pair_719,buggy,synthetic_generated,case falls through without break (unintentional),0,0,0,1,0,21,515,0,1.0,0,0,0,0,1,1,1,1,0,5,0,11,124,0,0,0,0,0,0,0,0,0,0,0,0,0,0,0,0,0,0,0,1,5,3,1,0,1,0,12,0,0,0,0,0,0,0,0
gen_missing_break_fix_119,data/ml/raw_snippets_generated/missing_break_in_switch/fixed/GenMissingBreakFix119.java,java,NO_ISSUE,1,pair_719,fixed,synthetic_generated,every case ends with break/return,0,0,0,0,0,22,538,0,1.0,0,0,0,0,1,1,1,1,0,5,0,11,127,0,0,0,0,0,0,0,0,0,0,0,0,0,0,0,0,0,0,0,1,5,4,0,0,1,0,12,0,0,0,0,0,0,0,0
gen_missing_break_bug_043,data/ml/raw_snippets_generated/missing_break_in_switch/buggy/GenMissingBreakBug043.java,java,MISSING_BREAK_IN_SWITCH,0,pair_643,buggy,synthetic_generated,case falls through without break (unintentional),0,0,0,1,0,21,514,0,1.0,0,0,0,0,1,1,1,1,0,5,0,11,124,0,0,0,0,0,0,0,0,0,0,0,0,0,0,0,0,0,0,0,1,5,3,1,0,1,0,12,0,0,0,0,0,0,0,0
gen_missing_break_fix_043,data/ml/raw_snippets_generated/missing_break_in_switch/fixed/GenMissingBreakFix043.java,java,NO_ISSUE,1,pair_643,fixed,synthetic_generated,every case ends with break/return,0,0,0,0,0,22,537,0,1.0,0,0,0,0,1,1,1,1,0,5,0,11,127,0,0,0,0,0,0,0,0,0,0,0,0,0,0,0,0,0,0,0,1,5,4,0,0,1,0,12,0,0,0,0,0,0,0,0
gen_off_by_one_bug_019,data/ml/raw_snippets_generated/off_by_one/buggy/GenOffByOneBug019.java,java,OFF_BY_ONE_LOOP_BOUNDARY,0,pair_109,buggy,synthetic_generated,starts from .length instead of .length - 1,1,0,0,0,0,7,182,0,1.0,0,0,0,0,1,1,1,0,0,0,1,11,71,1,1,1,0,0,1,1,1,1,20,0,0,0,0,0,1,0,0,1,0,0,0,0,0,0,0,0,0,0,0,0,0,0,0,0
gen_off_by_one_fix_019,data/ml/raw_snippets_generated/off_by_one/fixed/GenOffByOneFix019.java,java,NO_ISSUE,1,pair_109,fixed,synthetic_generated,corrected with < length boundary,0,0,0,0,0,7,181,0,1.0,0,0,0,0,1,1,1,0,0,0,1,11,71,1,1,0,0,0,1,0,0,1,20,0,0,0,0,0,1,0,0,1,0,0,0,0,0,0,0,0,0,0,0,0,0,0,0,0
gen_incorrect_cond_bug_124,data/ml/raw_snippets_generated/incorrect_conditional_operator/buggy/GenIncorrectConditionalBug124.java,java,INCORRECT_CONDITIONAL_OPERATOR,0,pair_384,buggy,synthetic_generated,uses assignment (=) instead of equality (==) in condition,0,1,0,0,0,16,444,0,1.0,0,0,0,0,1,2,2,1,0,1,1,11,145,1,1,0,0,0,1,0,0,1,30,1,1,0,0,0,1,0,0,1,0,0,0,0,0,0,0,0,0,0,0,0,0,0,0,0
gen_incorrect_cond_fix_124,data/ml/raw_snippets_generated/incorrect_conditional_operator/fixed/GenIncorrectConditionalFix124.java,java,NO_ISSUE,1,pair_384,fixed,synthetic_generated,uses == for comparison correctly,0,0,0,0,0,16,445,0,1.0,0,0,0,0,1,2,2,1,0,0,2,11,145,1,1,0,0,0,1,0,0,1,30,1,0,1,0,0,1,0,0,1,0,0,0,0,0,0,0,0,0,0,0,0,0,0,0,0
gen_off_by_one_bug_001,data/ml/raw_snippets_generated/off_by_one/buggy/GenOffByOneBug001.java,java,OFF_BY_ONE_LOOP_BOUNDARY,0,pair_091,buggy,synthetic_generated,starts from .length instead of .length - 1,1,0,0,0,0,9,216,0,1.0,0,0,0,0,1,1,2,1,0,1,1,10,77,1,1,1,0,0,1,1,1,1,13,0,0,0,0,0,1,0,0,1,0,0,0,0,0,0,0,0,0,0,0,0,0,0,0,0
gen_off_by_one_fix_001,data/ml/raw_snippets_generated/off_by_one/fixed/GenOffByOneFix001.java,java,NO_ISSUE,1,pair_091,fixed,synthetic_generated,corrected with < length boundary,0,0,0,0,0,9,215,0,1.0,0,0,0,0,1,1,2,1,0,1,1,10,77,1,1,0,0,0,1,0,0,1,13,0,0,0,0,0,1,0,0,1,0,0,0,0,0,0,0,0,0,0,0,0,0,0,0,0
gen_clean_generic_117,data/ml/raw_snippets_generated/clean/GenCleanGeneric117.java,java,NO_ISSUE,1,,clean,synthetic_generated,clean snippet GenCleanGeneric117,0,0,0,0,0,15,321,0,1.0,0,0,0,0,1,2,0,4,0,0,4,9,97,0,0,0,0,0,0,0,0,0,0,2,0,2,0,0,0,0,0,0,0,0,0,0,0,0,0,0,0,0,0,0,0,0,0,0
gen_while_no_update_bug_001,data/ml/raw_snippets_generated/while_variable_not_updated/buggy/GenWhileNoUpdateBug001.java,java,WHILE_VARIABLE_NOT_UPDATED,0,pair_771,buggy,synthetic_generated,no condition variable changes inside the while body (infinite loop),0,0,0,0,1,8,188,0,1.0,0,0,0,0,1,1,0,0,1,0,0,10,57,0,0,0,0,0,0,0,0,0,0,0,0,0,0,0,0,0,0,0,0,0,0,0,0,0,0,0,0,0,0,0,1,0,1,21
gen_while_no_update_fix_001,data/ml/raw_snippets_generated/while_variable_not_updated/fixed/GenWhileNoUpdateFix001.java,java,NO_ISSUE,1,pair_771,fixed,synthetic_generated,condition variable updated inside the loop body,0,0,0,0,0,9,219,0,1.0,0,0,0,0,1,1,0,0,1,1,1,10,66,0,0,0,0,0,0,0,0,0,0,0,0,0,0,0,0,0,0,0,0,0,0,0,0,0,0,0,0,0,0,0,1,1,0,30
gen_incorrect_cond_bug_104,data/ml/raw_snippets_generated/incorrect_conditional_operator/buggy/GenIncorrectConditionalBug104.java,java,INCORRECT_CONDITIONAL_OPERATOR,0,pair_364,buggy,synthetic_generated,uses assignment (=) instead of equality (==) in condition,0,1,0,0,0,82,1971,0,1.0,0,0,0,0,1,9,11,8,0,8,8,12,640,5,5,0,0,0,5,0,0,5,30,4,1,0,0,0,11,0,0,3,1,3,2,0,0,1,0,12,0,0,0,0,0,0,0,0
gen_incorrect_cond_fix_104,data/ml/raw_snippets_generated/incorrect_conditional_operator/fixed/GenIncorrectConditionalFix104.java,java,NO_ISSUE,1,pair_364,fixed,synthetic_generated,uses == for comparison correctly,0,0,0,0,0,82,1972,0,1.0,0,0,0,0,1,9,11,8,0,7,9,12,640,5,5,0,0,0,5,0,0,5,30,4,0,1,0,0,11,0,0,3,1,3,2,0,0,1,0,12,0,0,0,0,0,0,0,0
gen_incorrect_cond_bug_140,data/ml/raw_snippets_generated/incorrect_conditional_operator/buggy/GenIncorrectConditionalBug140.java,java,INCORRECT_CONDITIONAL_OPERATOR,0,pair_400,buggy,synthetic_generated,uses assignment (=) instead of equality (==) in condition,0,1,0,0,0,63,1446,0,1.0,0,0,0,0,1,8,3,14,1,2,12,11,450,1,1,0,0,0,1,0,0,1,30,8,1,1,0,0,1,0,0,1,0,0,0,0,0,0,0,0,0,0,0,0,0,1,0,14
gen_incorrect_cond_fix_140,data/ml/raw_snippets_generated/incorrect_conditional_operator/fixed/GenIncorrectConditionalFix140.java,java,NO_ISSUE,1,pair_400,fixed,synthetic_generated,uses == for comparison correctly,0,0,0,0,0,63,1447,0,1.0,0,0,0,0,1,8,3,14,1,1,13,11,450,1,1,0,0,0,1,0,0,1,30,8,0,2,0,0,1,0,0,1,0,0,0,0,0,0,0,0,0,0,0,0,0,1,0,14
gen_clean_generic_067,data/ml/raw_snippets_generated/clean/GenCleanGeneric067.java,java,NO_ISSUE,1,,clean,synthetic_generated,clean snippet GenCleanGeneric067,0,0,0,0,0,19,499,0,1.0,0,0,0,0,1,2,2,4,0,0,3,11,163,1,1,0,0,0,1,0,0,1,30,2,0,0,0,0,1,0,0,1,0,0,0,0,0,0,0,0,0,0,0,0,0,0,0,0
gen_off_by_one_bug_158,data/ml/raw_snippets_generated/off_by_one/buggy/GenOffByOneBug158.java,java,OFF_BY_ONE_LOOP_BOUNDARY,0,pair_248,buggy,synthetic_generated,starts from .length instead of .length - 1,1,0,0,0,0,11,275,0,1.0,0,0,0,0,1,1,2,1,0,0,2,11,93,1,1,1,0,0,1,1,1,1,24,1,0,0,0,0,1,0,0,1,0,0,0,0,0,0,0,0,0,0,0,0,0,0,0,0
gen_off_by_one_fix_158,data/ml/raw_snippets_generated/off_by_one/fixed/GenOffByOneFix158.java,java,NO_ISSUE,1,pair_248,fixed,synthetic_generated,corrected with < length boundary,0,0,0,0,0,11,274,0,1.0,0,0,0,0,1,1,2,1,0,0,2,11,93,1,1,0,0,0,1,0,0,1,24,1,0,0,0,0,1,0,0,1,0,0,0,0,0,0,0,0,0,0,0,0,0,0,0,0
gen_incorrect_cond_bug_056,data/ml/raw_snippets_generated/incorrect_conditional_operator/buggy/GenIncorrectConditionalBug056.java,java,INCORRECT_CONDITIONAL_OPERATOR,0,pair_316,buggy,synthetic_generated,uses assignment (=) instead of equality (==) in condition,0,1,0,0,0,8,185,0,1.0,0,0,0,0,1,1,0,2,0,1,0,9,49,0,0,0,0,0,0,0,0,0,0,1,1,0,1,0,0,0,0,0,0,0,0,0,0,0,0,0,0,0,0,0,0,0,0,0
gen_incorrect_cond_fix_056,data/ml/raw_snippets_generated/incorrect_conditional_operator/fixed/GenIncorrectConditionalFix056.java,java,NO_ISSUE,1,pair_316,fixed,synthetic_generated,uses == for comparison correctly,0,0,0,0,0,8,186,0,1.0,0,0,0,0,1,1,0,2,0,0,1,9,49,0,0,0,0,0,0,0,0,0,0,1,0,1,1,0,0,0,0,0,0,0,0,0,0,0,0,0,0,0,0,0,0,0,0,0
gen_while_no_update_bug_027,data/ml/raw_snippets_generated/while_variable_not_updated/buggy/GenWhileNoUpdateBug027.java,java,WHILE_VARIABLE_NOT_UPDATED,0,pair_797,buggy,synthetic_generated,no condition variable changes inside the while body (infinite loop),0,0,0,0,1,32,725,0,1.0,0,0,0,0,1,3,1,4,1,3,2,11,200,0,0,0,0,0,0,0,0,0,0,2,0,0,0,0,0,0,0,0,1,3,2,0,0,1,0,12,0,0,0,0,1,0,1,21
gen_while_no_update_fix_027,data/ml/raw_snippets_generated/while_variable_not_updated/fixed/GenWhileNoUpdateFix027.java,java,NO_ISSUE,1,pair_797,fixed,synthetic_generated,condition variable updated inside the loop body,0,0,0,0,0,33,756,0,1.0,0,0,0,0,1,3,1,4,1,4,3,11,209,0,0,0,0,0,0,0,0,0,0,2,0,0,0,0,0,0,0,0,1,3,2,0,0,1,0,12,0,0,0,0,1,1,0,30
gen_off_by_one_bug_100,data/ml/raw_snippets_generated/off_by_one/buggy/GenOffByOneBug100.java,java,OFF_BY_ONE_LOOP_BOUNDARY,0,pair_190,buggy,synthetic_generated,starts from .length instead of .length - 1,1,0,0,0,0,15,362,0,1.0,0,0,0,0,1,2,3,1,0,1,2,11,139,2,2,1,0,0,2,1,1,2,20,0,0,0,0,0,2,0,0,1,0,0,0,0,0,0,0,0,0,0,0,0,0,0,0,0
gen_off_by_one_fix_100,data/ml/raw_snippets_generated/off_by_one/fixed/GenOffByOneFix100.java,java,NO_ISSUE,1,pair_190,fixed,synthetic_generated,corrected with < length boundary,0,0,0,0,0,15,361,0,1.0,0,0,0,0,1,2,3,1,0,1,2,11,139,2,2,0,0,0,2,0,0,2,20,0,0,0,0,0,2,0,0,1,0,0,0,0,0,0,0,0,0,0,0,0,0,0,0,0
gen_clean_scanner_loop_004,data/ml/raw_snippets_generated/clean/GenCleanScannerLoop004.java,java,NO_ISSUE,1,,clean,synthetic_generated,clean snippet GenCleanScannerLoop004,0,0,0,0,0,63,1374,0,1.0,0,0,0,0,1,9,4,9,3,3,12,12,435,1,1,0,0,0,1,0,0,1,29,3,0,2,0,0,3,0,0,1,0,0,0,0,0,0,0,0,1,0,0,0,2,2,0,22
gen_array_index_bug_032,data/ml/raw_snippets_generated/array_length_index_misuse/buggy/GenArrayIndexBug032.java,java,ARRAY_LENGTH_INDEX_MISUSE,0,pair_462,buggy,synthetic_generated,accesses array[array.length] directly (out of bounds),0,0,1,0,0,5,122,0,1.0,0,0,0,0,1,1,0,1,0,0,0,8,40,0,0,0,0,0,0,0,0,0,0,0,0,0,0,0,1,1,1,1,0,0,0,0,0,0,0,0,0,0,0,0,0,0,0,0
gen_array_index_fix_032,data/ml/raw_snippets_generated/array_length_index_misuse/fixed/GenArrayIndexFix032.java,java,NO_ISSUE,1,pair_462,fixed,synthetic_generated,corrected with .length - 1 as last valid index,0,0,0,0,0,5,126,0,1.0,0,0,0,0,1,1,0,1,0,0,1,9,43,0,0,0,0,0,0,0,0,0,0,0,0,0,0,0,1,0,1,1,0,0,0,0,0,0,0,0,0,0,0,0,0,0,0,0
gen_while_no_update_bug_141,data/ml/raw_snippets_generated/while_variable_not_updated/buggy/GenWhileNoUpdateBug141.java,java,WHILE_VARIABLE_NOT_UPDATED,0,pair_911,buggy,synthetic_generated,no condition variable changes inside the while body (infinite loop),0,0,0,0,1,32,796,0,1.0,0,0,0,0,1,3,3,2,1,3,1,11,230,1,1,0,0,0,1,0,0,1,30,0,0,0,0,0,1,0,0,1,1,3,2,0,0,1,0,12,0,0,0,0,1,0,1,21
gen_while_no_update_fix_141,data/ml/raw_snippets_generated/while_variable_not_updated/fixed/GenWhileNoUpdateFix141.java,java,NO_ISSUE,1,pair_911,fixed,synthetic_generated,condition variable updated inside the loop body,0,0,0,0,0,33,831,0,1.0,0,0,0,0,1,3,3,2,1,4,2,11,239,1,1,0,0,0,1,0,0,1,30,0,0,0,0,0,1,0,0,1,1,3,2,0,0,1,0,12,0,0,0,0,1,1,0,30
gen_array_index_bug_038,data/ml/raw_snippets_generated/array_length_index_misuse/buggy/GenArrayIndexBug038.java,java,ARRAY_LENGTH_INDEX_MISUSE,0,pair_468,buggy,synthetic_generated,accesses array[array.length] directly (out of bounds),0,0,1,0,0,41,925,0,1.0,0,0,0,0,1,6,2,7,0,2,8,12,308,1,1,0,0,0,1,0,0,1,29,4,0,1,0,0,4,1,1,1,0,0,0,0,0,0,0,0,0,0,0,0,0,0,0,0
gen_array_index_fix_038,data/ml/raw_snippets_generated/array_length_index_misuse/fixed/GenArrayIndexFix038.java,java,NO_ISSUE,1,pair_468,fixed,synthetic_generated,corrected with .length - 1 as last valid index,0,0,0,0,0,41,929,0,1.0,0,0,0,0,1,6,2,7,0,2,9,12,311,1,1,0,0,0,1,0,0,1,29,4,0,1,0,0,4,0,1,1,0,0,0,0,0,0,0,0,0,0,0,0,0,0,0,0
gen_missing_break_bug_031,data/ml/raw_snippets_generated/missing_break_in_switch/buggy/GenMissingBreakBug031.java,java,MISSING_BREAK_IN_SWITCH,0,pair_631,buggy,synthetic_generated,case falls through without break (unintentional),0,0,0,1,0,33,780,0,1.0,0,0,0,0,1,2,1,4,0,6,2,11,202,0,0,0,0,0,0,0,0,0,0,2,0,0,0,0,0,0,0,0,1,6,4,1,0,1,0,12,0,0,0,0,0,0,0,0
gen_missing_break_fix_031,data/ml/raw_snippets_generated/missing_break_in_switch/fixed/GenMissingBreakFix031.java,java,NO_ISSUE,1,pair_631,fixed,synthetic_generated,every case ends with break/return,0,0,0,0,0,34,803,0,1.0,0,0,0,0,1,2,1,4,0,6,2,11,205,0,0,0,0,0,0,0,0,0,0,2,0,0,0,0,0,0,0,0,1,6,5,0,0,1,0,12,0,0,0,0,0,0,0,0
gen_array_index_bug_004,data/ml/raw_snippets_generated/array_length_index_misuse/buggy/GenArrayIndexBug004.java,java,ARRAY_LENGTH_INDEX_MISUSE,0,pair_434,buggy,synthetic_generated,accesses array[array.length] directly (out of bounds),0,0,1,0,0,24,544,0,1.0,0,0,0,0,1,4,0,4,0,1,4,10,176,0,0,0,0,0,0,0,0,0,0,2,0,0,0,0,1,1,1,1,0,0,0,0,0,0,0,0,0,0,0,0,0,0,0,0
gen_array_index_fix_004,data/ml/raw_snippets_generated/array_length_index_misuse/fixed/GenArrayIndexFix004.java,java,NO_ISSUE,1,pair_434,fixed,synthetic_generated,corrected with .length - 1 as last valid index,0,0,0,0,0,24,548,0,1.0,0,0,0,0,1,4,0,4,0,1,5,10,179,0,0,0,0,0,0,0,0,0,0,2,0,0,0,0,1,0,1,1,0,0,0,0,0,0,0,0,0,0,0,0,0,0,0,0
gen_clean_while_true_break_007,data/ml/raw_snippets_generated/clean/GenCleanWhileTrueBreak007.java,java,NO_ISSUE,1,,clean,synthetic_generated,clean snippet GenCleanWhileTrueBreak007,0,0,0,0,0,12,257,0,1.0,0,0,0,0,1,1,1,1,1,0,1,10,66,0,0,0,0,0,0,0,0,0,0,1,0,0,0,0,0,0,0,0,0,0,0,0,0,0,0,0,0,0,1,1,0,0,0,23
gen_clean_verbose_boolean_001,data/ml/raw_snippets_generated/clean/GenCleanVerboseBoolean001.java,java,NO_ISSUE,1,,clean,synthetic_generated,clean snippet GenCleanVerboseBoolean001,0,0,0,0,0,19,402,0,1.0,0,0,0,0,1,3,0,5,0,0,5,9,118,0,0,0,0,0,0,0,0,0,0,2,0,2,1,0,0,0,0,0,0,0,0,0,0,0,0,0,0,0,0,0,0,0,0,0
gen_while_no_update_bug_101,data/ml/raw_snippets_generated/while_variable_not_updated/buggy/GenWhileNoUpdateBug101.java,java,WHILE_VARIABLE_NOT_UPDATED,0,pair_871,buggy,synthetic_generated,no condition variable changes inside the while body (infinite loop),0,0,0,0,1,54,1231,0,1.0,0,0,0,0,1,6,5,9,2,3,11,12,406,2,2,0,0,0,2,0,0,2,29,6,0,0,0,0,6,0,0,2,0,0,0,0,0,0,0,0,0,0,0,0,1,1,1,22
gen_while_no_update_fix_101,data/ml/raw_snippets_generated/while_variable_not_updated/fixed/GenWhileNoUpdateFix101.java,java,NO_ISSUE,1,pair_871,fixed,synthetic_generated,condition variable updated inside the loop body,0,0,0,0,0,55,1252,0,1.0,0,0,0,0,1,6,5,9,2,3,11,12,411,2,2,0,0,0,2,0,0,2,29,6,0,0,0,0,6,0,0,2,0,0,0,0,0,0,0,0,0,0,0,0,1,2,0,27
gen_clean_boundary_minus_one_040,data/ml/raw_snippets_generated/clean/GenCleanBoundaryMinusOne040.java,java,NO_ISSUE,1,,clean,synthetic_generated,clean snippet GenCleanBoundaryMinusOne040,0,0,0,0,0,9,230,0,1.0,0,0,0,0,1,1,2,1,0,1,2,10,80,1,1,1,0,0,1,1,0,1,13,0,0,0,0,0,1,0,0,1,0,0,0,0,0,0,0,0,0,0,0,0,0,0,0,0
gen_clean_generic_090,data/ml/raw_snippets_generated/clean/GenCleanGeneric090.java,java,NO_ISSUE,1,,clean,synthetic_generated,clean snippet GenCleanGeneric090,0,0,0,0,0,24,547,0,1.0,0,0,0,0,1,2,3,2,0,4,1,11,157,1,1,0,0,0,1,0,0,1,13,0,0,0,0,0,1,0,0,1,1,3,2,0,0,1,0,12,0,0,0,0,0,0,0,0
gen_incorrect_cond_bug_048,data/ml/raw_snippets_generated/incorrect_conditional_operator/buggy/GenIncorrectConditionalBug048.java,java,INCORRECT_CONDITIONAL_OPERATOR,0,pair_308,buggy,synthetic_generated,uses assignment (=) instead of equality (==) in condition,0,1,0,0,0,43,1007,0,1.0,0,0,0,0,1,5,6,8,0,4,6,12,332,3,3,0,0,0,3,0,0,3,29,4,1,0,0,0,5,0,0,2,0,0,0,0,0,0,0,0,0,0,0,0,0,0,0,0
gen_incorrect_cond_fix_048,data/ml/raw_snippets_generated/incorrect_conditional_operator/fixed/GenIncorrectConditionalFix048.java,java,NO_ISSUE,1,pair_308,fixed,synthetic_generated,uses == for comparison correctly,0,0,0,0,0,43,1008,0,1.0,0,0,0,0,1,5,6,8,0,3,7,12,332,3,3,0,0,0,3,0,0,3,29,4,0,1,0,0,5,0,0,2,0,0,0,0,0,0,0,0,0,0,0,0,0,0,0,0
gen_while_no_update_bug_079,data/ml/raw_snippets_generated/while_variable_not_updated/buggy/GenWhileNoUpdateBug079.java,java,WHILE_VARIABLE_NOT_UPDATED,0,pair_849,buggy,synthetic_generated,no condition variable changes inside the while body (infinite loop),0,0,0,0,1,45,1053,0,1.0,0,0,0,0,1,6,2,10,1,0,11,12,339,1,1,0,0,0,1,0,0,1,30,5,0,1,0,0,1,0,0,1,0,0,0,0,0,0,0,0,0,0,0,0,1,0,1,22
gen_while_no_update_fix_079,data/ml/raw_snippets_generated/while_variable_not_updated/fixed/GenWhileNoUpdateFix079.java,java,NO_ISSUE,1,pair_849,fixed,synthetic_generated,condition variable updated inside the loop body,0,0,0,0,0,46,1074,0,1.0,0,0,0,0,1,6,2,10,1,0,11,12,344,1,1,0,0,0,1,0,0,1,30,5,0,1,0,0,1,0,0,1,0,0,0,0,0,0,0,0,0,0,0,0,1,1,0,27
gen_clean_boundary_minus_one_018,data/ml/raw_snippets_generated/clean/GenCleanBoundaryMinusOne018.java,java,NO_ISSUE,1,,clean,synthetic_generated,clean snippet GenCleanBoundaryMinusOne018,0,0,0,0,0,23,543,0,1.0,0,0,0,0,1,3,4,2,0,2,3,10,192,2,2,1,0,0,2,1,0,2,13,0,0,0,0,0,2,0,0,2,0,0,0,0,0,0,0,0,0,0,0,0,0,0,0,0
gen_off_by_one_bug_085,data/ml/raw_snippets_generated/off_by_one/buggy/GenOffByOneBug085.java,java,OFF_BY_ONE_LOOP_BOUNDARY,0,pair_175,buggy,synthetic_generated,starts from .length instead of .length - 1,1,0,0,0,0,24,566,0,1.0,0,0,0,0,1,3,3,4,0,1,4,11,202,2,2,1,0,0,2,1,1,2,20,2,0,0,0,0,2,0,0,2,0,0,0,0,0,0,0,0,0,0,0,0,0,0,0,0
gen_off_by_one_fix_085,data/ml/raw_snippets_generated/off_by_one/fixed/GenOffByOneFix085.java,java,NO_ISSUE,1,pair_175,fixed,synthetic_generated,corrected with < length boundary,0,0,0,0,0,24,565,0,1.0,0,0,0,0,1,3,3,4,0,1,4,11,202,2,2,0,0,0,2,0,0,2,20,2,0,0,0,0,2,0,0,2,0,0,0,0,0,0,0,0,0,0,0,0,0,0,0,0
gen_clean_fall_through_016,data/ml/raw_snippets_generated/clean/GenCleanFallThrough016.java,java,NO_ISSUE,1,,clean,synthetic_generated,clean snippet GenCleanFallThrough016,0,0,0,0,0,60,1468,0,1.0,0,0,0,0,1,6,5,8,1,3,8,12,433,2,2,0,0,0,2,0,0,2,29,4,0,1,0,0,4,0,0,2,1,4,1,2,0,1,2,19,0,0,0,0,0,1,0,14
gen_off_by_one_bug_142,data/ml/raw_snippets_generated/off_by_one/buggy/GenOffByOneBug142.java,java,OFF_BY_ONE_LOOP_BOUNDARY,0,pair_232,buggy,synthetic_generated,starts from .length instead of .length - 1,1,0,0,0,0,9,248,0,1.0,0,0,0,0,1,1,2,1,0,1,1,10,99,1,1,1,0,0,1,1,1,1,17,0,0,0,0,0,2,0,0,2,0,0,0,0,0,0,0,0,0,0,0,0,0,0,0,0
gen_off_by_one_fix_142,data/ml/raw_snippets_generated/off_by_one/fixed/GenOffByOneFix142.java,java,NO_ISSUE,1,pair_232,fixed,synthetic_generated,corrected with < length boundary,0,0,0,0,0,9,247,0,1.0,0,0,0,0,1,1,2,1,0,1,1,10,99,1,1,0,0,0,1,0,0,1,17,0,0,0,0,0,2,0,0,2,0,0,0,0,0,0,0,0,0,0,0,0,0,0,0,0
gen_clean_generic_068,data/ml/raw_snippets_generated/clean/GenCleanGeneric068.java,java,NO_ISSUE,1,,clean,synthetic_generated,clean snippet GenCleanGeneric068,0,0,0,0,0,8,178,0,1.0,0,0,0,0,1,1,0,2,0,0,2,9,53,0,0,0,0,0,0,0,0,0,0,1,0,1,0,0,0,0,0,0,0,0,0,0,0,0,0,0,0,0,0,0,0,0,0,0
gen_incorrect_cond_bug_129,data/ml/raw_snippets_generated/incorrect_conditional_operator/buggy/GenIncorrectConditionalBug129.java,java,INCORRECT_CONDITIONAL_OPERATOR,0,pair_389,buggy,synthetic_generated,uses assignment (=) instead of equality (==) in condition,0,1,0,0,0,17,393,0,1.0,0,0,0,0,1,2,0,5,0,1,2,10,108,0,0,0,0,0,0,0,0,0,0,3,1,0,0,0,0,0,0,0,0,0,0,0,0,0,0,0,0,0,0,0,0,0,0,0
gen_incorrect_cond_fix_129,data/ml/raw_snippets_generated/incorrect_conditional_operator/fixed/GenIncorrectConditionalFix129.java,java,NO_ISSUE,1,pair_389,fixed,synthetic_generated,uses == for comparison correctly,0,0,0,0,0,17,394,0,1.0,0,0,0,0,1,2,0,5,0,0,3,10,108,0,0,0,0,0,0,0,0,0,0,3,0,1,0,0,0,0,0,0,0,0,0,0,0,0,0,0,0,0,0,0,0,0,0,0
gen_clean_tail_index_004,data/ml/raw_snippets_generated/clean/GenCleanTailIndex004.java,java,NO_ISSUE,1,,clean,synthetic_generated,clean snippet GenCleanTailIndex004,0,0,0,0,0,14,323,0,1.0,0,0,0,0,1,2,0,4,0,0,3,10,104,0,0,0,0,0,0,0,0,0,0,2,0,0,0,0,1,0,1,1,0,0,0,0,0,0,0,0,0,0,0,0,0,0,0,0
gen_while_no_update_bug_061,data/ml/raw_snippets_generated/while_variable_not_updated/buggy/GenWhileNoUpdateBug061.java,java,WHILE_VARIABLE_NOT_UPDATED,0,pair_831,buggy,synthetic_generated,no condition variable changes inside the while body (infinite loop),0,0,0,0,1,8,190,0,1.0,0,0,0,0,1,1,0,0,1,0,0,10,57,0,0,0,0,0,0,0,0,0,0,0,0,0,0,0,0,0,0,0,0,0,0,0,0,0,0,0,0,0,0,0,1,0,1,21
gen_while_no_update_fix_061,data/ml/raw_snippets_generated/while_variable_not_updated/fixed/GenWhileNoUpdateFix061.java,java,NO_ISSUE,1,pair_831,fixed,synthetic_generated,condition variable updated inside the loop body,0,0,0,0,0,9,222,0,1.0,0,0,0,0,1,1,0,0,1,1,1,10,66,0,0,0,0,0,0,0,0,0,0,0,0,0,0,0,0,0,0,0,0,0,0,0,0,0,0,0,0,0,0,0,1,1,0,30
gen_off_by_one_bug_105,data/ml/raw_snippets_generated/off_by_one/buggy/GenOffByOneBug105.java,java,OFF_BY_ONE_LOOP_BOUNDARY,0,pair_195,buggy,synthetic_generated,starts from .length instead of .length - 1,1,0,0,0,0,7,182,0,1.0,0,0,0,0,1,1,1,0,0,0,1,11,71,1,1,1,0,0,1,1,1,1,20,0,0,0,0,0,1,0,0,1,0,0,0,0,0,0,0,0,0,0,0,0,0,0,0,0
gen_off_by_one_fix_105,data/ml/raw_snippets_generated/off_by_one/fixed/GenOffByOneFix105.java,java,NO_ISSUE,1,pair_195,fixed,synthetic_generated,corrected with < length boundary,0,0,0,0,0,7,181,0,1.0,0,0,0,0,1,1,1,0,0,0,1,11,71,1,1,0,0,0,1,0,0,1,20,0,0,0,0,0,1,0,0,1,0,0,0,0,0,0,0,0,0,0,0,0,0,0,0,0
gen_clean_generic_089,data/ml/raw_snippets_generated/clean/GenCleanGeneric089.java,java,NO_ISSUE,1,,clean,synthetic_generated,clean snippet GenCleanGeneric089,0,0,0,0,0,9,212,0,1.0,0,0,0,0,1,1,2,1,0,1,1,10,77,1,1,0,0,0,1,0,0,1,13,0,0,0,0,0,1,0,0,1,0,0,0,0,0,0,0,0,0,0,0,0,0,0,0,0
gen_array_index_bug_127,data/ml/raw_snippets_generated/array_length_index_misuse/buggy/GenArrayIndexBug127.java,java,ARRAY_LENGTH_INDEX_MISUSE,0,pair_557,buggy,synthetic_generated,accesses array[array.length] directly (out of bounds),0,0,1,0,0,5,132,0,1.0,0,0,0,0,1,1,0,0,0,1,0,9,46,0,0,0,0,0,0,0,0,0,0,0,0,0,0,0,1,1,1,1,0,0,0,0,0,0,0,0,0,0,0,0,0,0,0,0
gen_array_index_fix_127,data/ml/raw_snippets_generated/array_length_index_misuse/fixed/GenArrayIndexFix127.java,java,NO_ISSUE,1,pair_557,fixed,synthetic_generated,corrected with .length - 1 as last valid index,0,0,0,0,0,5,136,0,1.0,0,0,0,0,1,1,0,0,0,1,1,10,49,0,0,0,0,0,0,0,0,0,0,0,0,0,0,0,1,0,1,1,0,0,0,0,0,0,0,0,0,0,0,0,0,0,0,0
gen_missing_break_bug_085,data/ml/raw_snippets_generated/missing_break_in_switch/buggy/GenMissingBreakBug085.java,java,MISSING_BREAK_IN_SWITCH,0,pair_685,buggy,synthetic_generated,case falls through without break (unintentional),0,0,0,1,0,50,1150,0,1.0,0,0,0,0,1,4,4,5,0,8,4,12,319,1,1,0,0,0,1,0,0,1,29,2,0,1,0,0,3,0,0,1,2,7,4,1,0,2,0,12,0,0,0,0,0,0,0,0
gen_missing_break_fix_085,data/ml/raw_snippets_generated/missing_break_in_switch/fixed/GenMissingBreakFix085.java,java,NO_ISSUE,1,pair_685,fixed,synthetic_generated,every case ends with break/return,0,0,0,0,0,51,1173,0,1.0,0,0,0,0,1,4,4,5,0,8,4,12,322,1,1,0,0,0,1,0,0,1,29,2,0,1,0,0,3,0,0,1,2,7,5,0,0,2,0,12,0,0,0,0,0,0,0,0
gen_off_by_one_bug_066,data/ml/raw_snippets_generated/off_by_one/buggy/GenOffByOneBug066.java,java,OFF_BY_ONE_LOOP_BOUNDARY,0,pair_156,buggy,synthetic_generated,starts from .length instead of .length - 1,1,0,0,0,0,25,591,0,1.0,0,0,0,0,1,3,4,2,0,2,3,12,209,2,2,1,0,0,2,1,1,2,29,1,0,0,0,0,4,0,0,1,0,0,0,0,0,0,0,0,0,0,0,0,0,0,0,0
gen_off_by_one_fix_066,data/ml/raw_snippets_generated/off_by_one/fixed/GenOffByOneFix066.java,java,NO_ISSUE,1,pair_156,fixed,synthetic_generated,corrected with < length boundary,0,0,0,0,0,25,590,0,1.0,0,0,0,0,1,3,4,2,0,2,3,12,209,2,2,0,0,0,2,0,0,2,29,1,0,0,0,0,4,0,0,1,0,0,0,0,0,0,0,0,0,0,0,0,0,0,0,0
gen_array_index_bug_091,data/ml/raw_snippets_generated/array_length_index_misuse/buggy/GenArrayIndexBug091.java,java,ARRAY_LENGTH_INDEX_MISUSE,0,pair_521,buggy,synthetic_generated,accesses array[array.length] directly (out of bounds),0,0,1,0,0,33,759,0,1.0,0,0,0,0,1,4,3,5,1,2,5,12,248,1,1,0,0,0,1,0,0,1,29,3,0,0,0,0,4,1,1,2,0,0,0,0,0,0,0,0,0,0,0,0,0,1,0,14
gen_array_index_fix_091,data/ml/raw_snippets_generated/array_length_index_misuse/fixed/GenArrayIndexFix091.java,java,NO_ISSUE,1,pair_521,fixed,synthetic_generated,corrected with .length - 1 as last valid index,0,0,0,0,0,33,763,0,1.0,0,0,0,0,1,4,3,5,1,2,6,12,251,1,1,0,0,0,1,0,0,1,29,3,0,0,0,0,4,0,1,2,0,0,0,0,0,0,0,0,0,0,0,0,0,1,0,14
gen_array_index_bug_016,data/ml/raw_snippets_generated/array_length_index_misuse/buggy/GenArrayIndexBug016.java,java,ARRAY_LENGTH_INDEX_MISUSE,0,pair_446,buggy,synthetic_generated,accesses array[array.length] directly (out of bounds),0,0,1,0,0,5,116,0,1.0,0,0,0,0,1,1,0,1,0,0,0,8,40,0,0,0,0,0,0,0,0,0,0,0,0,0,0,0,1,1,1,1,0,0,0,0,0,0,0,0,0,0,0,0,0,0,0,0
gen_array_index_fix_016,data/ml/raw_snippets_generated/array_length_index_misuse/fixed/GenArrayIndexFix016.java,java,NO_ISSUE,1,pair_446,fixed,synthetic_generated,corrected with .length - 1 as last valid index,0,0,0,0,0,5,120,0,1.0,0,0,0,0,1,1,0,1,0,0,1,9,43,0,0,0,0,0,0,0,0,0,0,0,0,0,0,0,1,0,1,1,0,0,0,0,0,0,0,0,0,0,0,0,0,0,0,0
gen_missing_break_bug_121,data/ml/raw_snippets_generated/missing_break_in_switch/buggy/GenMissingBreakBug121.java,java,MISSING_BREAK_IN_SWITCH,0,pair_721,buggy,synthetic_generated,case falls through without break (unintentional),0,0,0,1,0,21,516,0,1.0,0,0,0,0,1,1,1,1,0,5,0,11,124,0,0,0,0,0,0,0,0,0,0,0,0,0,0,0,0,0,0,0,1,5,3,1,0,1,0,12,0,0,0,0,0,0,0,0
gen_missing_break_fix_121,data/ml/raw_snippets_generated/missing_break_in_switch/fixed/GenMissingBreakFix121.java,java,NO_ISSUE,1,pair_721,fixed,synthetic_generated,every case ends with break/return,0,0,0,0,0,22,539,0,1.0,0,0,0,0,1,1,1,1,0,5,0,11,127,0,0,0,0,0,0,0,0,0,0,0,0,0,0,0,0,0,0,0,1,5,4,0,0,1,0,12,0,0,0,0,0,0,0,0
gen_missing_break_bug_140,data/ml/raw_snippets_generated/missing_break_in_switch/buggy/GenMissingBreakBug140.java,java,MISSING_BREAK_IN_SWITCH,0,pair_740,buggy,synthetic_generated,case falls through without break (unintentional),0,0,0,1,0,47,1081,0,1.0,0,0,0,0,1,5,5,4,0,7,4,11,329,2,2,0,0,0,2,0,0,2,13,0,0,0,0,0,2,0,0,1,1,5,3,1,0,1,0,12,0,0,0,0,0,0,0,0
gen_missing_break_fix_140,data/ml/raw_snippets_generated/missing_break_in_switch/fixed/GenMissingBreakFix140.java,java,NO_ISSUE,1,pair_740,fixed,synthetic_generated,every case ends with break/return,0,0,0,0,0,48,1104,0,1.0,0,0,0,0,1,5,5,4,0,7,4,11,332,2,2,0,0,0,2,0,0,2,13,0,0,0,0,0,2,0,0,1,1,5,4,0,0,1,0,12,0,0,0,0,0,0,0,0
gen_missing_break_bug_069,data/ml/raw_snippets_generated/missing_break_in_switch/buggy/GenMissingBreakBug069.java,java,MISSING_BREAK_IN_SWITCH,0,pair_669,buggy,synthetic_generated,case falls through without break (unintentional),0,0,0,1,0,18,439,0,1.0,0,0,0,0,1,1,1,1,0,4,0,11,107,0,0,0,0,0,0,0,0,0,0,0,0,0,0,0,0,0,0,0,1,4,2,1,0,1,0,12,0,0,0,0,0,0,0,0
gen_missing_break_fix_069,data/ml/raw_snippets_generated/missing_break_in_switch/fixed/GenMissingBreakFix069.java,java,NO_ISSUE,1,pair_669,fixed,synthetic_generated,every case ends with break/return,0,0,0,0,0,19,462,0,1.0,0,0,0,0,1,1,1,1,0,4,0,11,110,0,0,0,0,0,0,0,0,0,0,0,0,0,0,0,0,0,0,0,1,4,3,0,0,1,0,12,0,0,0,0,0,0,0,0
gen_clean_tail_index_023,data/ml/raw_snippets_generated/clean/GenCleanTailIndex023.java,java,NO_ISSUE,1,,clean,synthetic_generated,clean snippet GenCleanTailIndex023,0,0,0,0,0,19,427,0,1.0,0,0,0,0,1,3,2,2,0,1,2,10,155,1,1,0,0,0,1,0,0,1,13,0,0,0,0,0,2,0,1,2,0,0,0,0,0,0,0,0,0,0,0,0,0,0,0,0
gen_clean_boundary_minus_one_036,data/ml/raw_snippets_generated/clean/GenCleanBoundaryMinusOne036.java,java,NO_ISSUE,1,,clean,synthetic_generated,clean snippet GenCleanBoundaryMinusOne036,0,0,0,0,0,9,230,0,1.0,0,0,0,0,1,1,2,1,0,1,2,10,80,1,1,1,0,0,1,1,0,1,13,0,0,0,0,0,1,0,0,1,0,0,0,0,0,0,0,0,0,0,0,0,0,0,0,0
gen_clean_fall_through_027,data/ml/raw_snippets_generated/clean/GenCleanFallThrough027.java,java,NO_ISSUE,1,,clean,synthetic_generated,clean snippet GenCleanFallThrough027,0,0,0,0,0,39,1016,0,1.0,0,0,0,0,1,4,4,2,0,2,2,12,301,2,2,0,0,0,2,0,0,2,13,0,0,0,0,0,2,0,0,2,1,4,1,2,0,1,2,19,0,0,0,0,0,0,0,0
gen_while_no_update_bug_144,data/ml/raw_snippets_generated/while_variable_not_updated/buggy/GenWhileNoUpdateBug144.java,java,WHILE_VARIABLE_NOT_UPDATED,0,pair_914,buggy,synthetic_generated,no condition variable changes inside the while body (infinite loop),0,0,0,0,1,25,641,0,1.0,0,0,0,0,1,3,3,2,2,1,4,12,199,1,1,0,0,0,1,0,0,1,30,0,0,0,0,0,1,0,0,1,0,0,0,0,0,0,0,0,0,0,0,0,1,1,1,22
gen_while_no_update_fix_144,data/ml/raw_snippets_generated/while_variable_not_updated/fixed/GenWhileNoUpdateFix144.java,java,NO_ISSUE,1,pair_914,fixed,synthetic_generated,condition variable updated inside the loop body,0,0,0,0,0,26,665,0,1.0,0,0,0,0,1,3,3,2,2,1,4,12,204,1,1,0,0,0,1,0,0,1,30,0,0,0,0,0,1,0,0,1,0,0,0,0,0,0,0,0,0,0,0,0,1,2,0,27
gen_incorrect_cond_bug_160,data/ml/raw_snippets_generated/incorrect_conditional_operator/buggy/GenIncorrectConditionalBug160.java,java,INCORRECT_CONDITIONAL_OPERATOR,0,pair_420,buggy,synthetic_generated,uses assignment (=) instead of equality (==) in condition,0,1,0,0,0,8,192,0,1.0,0,0,0,0,1,1,0,2,0,1,0,9,49,0,0,0,0,0,0,0,0,0,0,1,1,0,1,0,0,0,0,0,0,0,0,0,0,0,0,0,0,0,0,0,0,0,0,0
gen_incorrect_cond_fix_160,data/ml/raw_snippets_generated/incorrect_conditional_operator/fixed/GenIncorrectConditionalFix160.java,java,NO_ISSUE,1,pair_420,fixed,synthetic_generated,uses == for comparison correctly,0,0,0,0,0,8,193,0,1.0,0,0,0,0,1,1,0,2,0,0,1,9,49,0,0,0,0,0,0,0,0,0,0,1,0,1,1,0,0,0,0,0,0,0,0,0,0,0,0,0,0,0,0,0,0,0,0,0
gen_array_index_bug_121,data/ml/raw_snippets_generated/array_length_index_misuse/buggy/GenArrayIndexBug121.java,java,ARRAY_LENGTH_INDEX_MISUSE,0,pair_551,buggy,synthetic_generated,accesses array[array.length] directly (out of bounds),0,0,1,0,0,21,482,0,1.0,0,0,0,0,1,3,0,5,0,0,4,10,155,0,0,0,0,0,0,0,0,0,0,3,0,1,0,0,1,1,1,1,0,0,0,0,0,0,0,0,0,0,0,0,0,0,0,0
gen_array_index_fix_121,data/ml/raw_snippets_generated/array_length_index_misuse/fixed/GenArrayIndexFix121.java,java,NO_ISSUE,1,pair_551,fixed,synthetic_generated,corrected with .length - 1 as last valid index,0,0,0,0,0,21,486,0,1.0,0,0,0,0,1,3,0,5,0,0,5,11,158,0,0,0,0,0,0,0,0,0,0,3,0,1,0,0,1,0,1,1,0,0,0,0,0,0,0,0,0,0,0,0,0,0,0,0
gen_while_no_update_bug_092,data/ml/raw_snippets_generated/while_variable_not_updated/buggy/GenWhileNoUpdateBug092.java,java,WHILE_VARIABLE_NOT_UPDATED,0,pair_862,buggy,synthetic_generated,no condition variable changes inside the while body (infinite loop),0,0,0,0,1,8,190,0,1.0,0,0,0,0,1,1,0,0,1,0,0,10,57,0,0,0,0,0,0,0,0,0,0,0,0,0,0,0,0,0,0,0,0,0,0,0,0,0,0,0,0,0,0,0,1,0,1,21
gen_while_no_update_fix_092,data/ml/raw_snippets_generated/while_variable_not_updated/fixed/GenWhileNoUpdateFix092.java,java,NO_ISSUE,1,pair_862,fixed,synthetic_generated,condition variable updated inside the loop body,0,0,0,0,0,9,222,0,1.0,0,0,0,0,1,1,0,0,1,1,1,10,66,0,0,0,0,0,0,0,0,0,0,0,0,0,0,0,0,0,0,0,0,0,0,0,0,0,0,0,0,0,0,0,1,1,0,30
gen_clean_generic_073,data/ml/raw_snippets_generated/clean/GenCleanGeneric073.java,java,NO_ISSUE,1,,clean,synthetic_generated,clean snippet GenCleanGeneric073,0,0,0,0,0,17,445,0,1.0,0,0,0,0,1,2,2,3,0,0,3,11,146,1,1,0,0,0,1,0,0,1,30,1,0,1,0,0,1,0,0,1,0,0,0,0,0,0,0,0,0,0,0,0,0,0,0,0
gen_array_index_bug_046,data/ml/raw_snippets_generated/array_length_index_misuse/buggy/GenArrayIndexBug046.java,java,ARRAY_LENGTH_INDEX_MISUSE,0,pair_476,buggy,synthetic_generated,accesses array[array.length] directly (out of bounds),0,0,1,0,0,20,468,0,1.0,0,0,0,0,1,2,1,1,0,3,0,11,128,0,0,0,0,0,0,0,0,0,0,0,0,0,0,0,1,1,1,1,1,3,2,0,0,1,0,12,0,0,0,0,0,0,0,0
gen_array_index_fix_046,data/ml/raw_snippets_generated/array_length_index_misuse/fixed/GenArrayIndexFix046.java,java,NO_ISSUE,1,pair_476,fixed,synthetic_generated,corrected with .length - 1 as last valid index,0,0,0,0,0,20,472,0,1.0,0,0,0,0,1,2,1,1,0,3,1,11,131,0,0,0,0,0,0,0,0,0,0,0,0,0,0,0,1,0,1,1,1,3,2,0,0,1,0,12,0,0,0,0,0,0,0,0
gen_array_index_bug_105,data/ml/raw_snippets_generated/array_length_index_misuse/buggy/GenArrayIndexBug105.java,java,ARRAY_LENGTH_INDEX_MISUSE,0,pair_535,buggy,synthetic_generated,accesses array[array.length] directly (out of bounds),0,0,1,0,0,5,135,0,1.0,0,0,0,0,1,1,0,0,0,0,0,10,48,0,0,0,0,0,0,0,0,0,0,0,0,0,0,0,1,1,1,1,0,0,0,0,0,0,0,0,0,0,0,0,0,0,0,0
gen_array_index_fix_105,data/ml/raw_snippets_generated/array_length_index_misuse/fixed/GenArrayIndexFix105.java,java,NO_ISSUE,1,pair_535,fixed,synthetic_generated,corrected with .length - 1 as last valid index,0,0,0,0,0,5,139,0,1.0,0,0,0,0,1,1,0,0,0,0,1,11,51,0,0,0,0,0,0,0,0,0,0,0,0,0,0,0,1,0,1,1,0,0,0,0,0,0,0,0,0,0,0,0,0,0,0,0
gen_array_index_bug_114,data/ml/raw_snippets_generated/array_length_index_misuse/buggy/GenArrayIndexBug114.java,java,ARRAY_LENGTH_INDEX_MISUSE,0,pair_544,buggy,synthetic_generated,accesses array[array.length] directly (out of bounds),0,0,1,0,0,5,135,0,1.0,0,0,0,0,1,1,0,0,0,1,0,9,46,0,0,0,0,0,0,0,0,0,0,0,0,0,0,0,1,1,1,1,0,0,0,0,0,0,0,0,0,0,0,0,0,0,0,0
gen_array_index_fix_114,data/ml/raw_snippets_generated/array_length_index_misuse/fixed/GenArrayIndexFix114.java,java,NO_ISSUE,1,pair_544,fixed,synthetic_generated,corrected with .length - 1 as last valid index,0,0,0,0,0,5,139,0,1.0,0,0,0,0,1,1,0,0,0,1,1,10,49,0,0,0,0,0,0,0,0,0,0,0,0,0,0,0,1,0,1,1,0,0,0,0,0,0,0,0,0,0,0,0,0,0,0,0
gen_missing_break_bug_011,data/ml/raw_snippets_generated/missing_break_in_switch/buggy/GenMissingBreakBug011.java,java,MISSING_BREAK_IN_SWITCH,0,pair_611,buggy,synthetic_generated,case falls through without break (unintentional),0,0,0,1,0,21,508,0,1.0,0,0,0,0,1,1,1,1,0,5,0,11,124,0,0,0,0,0,0,0,0,0,0,0,0,0,0,0,0,0,0,0,1,5,3,1,0,1,0,12,0,0,0,0,0,0,0,0
gen_missing_break_fix_011,data/ml/raw_snippets_generated/missing_break_in_switch/fixed/GenMissingBreakFix011.java,java,NO_ISSUE,1,pair_611,fixed,synthetic_generated,every case ends with break/return,0,0,0,0,0,22,531,0,1.0,0,0,0,0,1,1,1,1,0,5,0,11,127,0,0,0,0,0,0,0,0,0,0,0,0,0,0,0,0,0,0,0,1,5,4,0,0,1,0,12,0,0,0,0,0,0,0,0
gen_clean_fall_through_011,data/ml/raw_snippets_generated/clean/GenCleanFallThrough011.java,java,NO_ISSUE,1,,clean,synthetic_generated,clean snippet GenCleanFallThrough011,0,0,0,0,0,35,900,0,1.0,0,0,0,0,1,3,1,4,1,1,3,12,233,0,0,0,0,0,0,0,0,0,0,2,0,0,0,0,0,0,0,0,1,4,1,2,0,1,2,19,0,0,0,0,0,1,0,14
gen_incorrect_cond_bug_045,data/ml/raw_snippets_generated/incorrect_conditional_operator/buggy/GenIncorrectConditionalBug045.java,java,INCORRECT_CONDITIONAL_OPERATOR,0,pair_305,buggy,synthetic_generated,uses assignment (=) instead of equality (==) in condition,0,1,0,0,0,8,200,0,1.0,0,0,0,0,1,1,0,2,0,1,0,8,47,0,0,0,0,0,0,0,0,0,0,1,1,0,0,0,0,0,0,0,0,0,0,0,0,0,0,0,0,0,0,0,0,0,0,0
gen_incorrect_cond_fix_045,data/ml/raw_snippets_generated/incorrect_conditional_operator/fixed/GenIncorrectConditionalFix045.java,java,NO_ISSUE,1,pair_305,fixed,synthetic_generated,uses == for comparison correctly,0,0,0,0,0,8,201,0,1.0,0,0,0,0,1,1,0,2,0,0,1,8,47,0,0,0,0,0,0,0,0,0,0,1,0,1,0,0,0,0,0,0,0,0,0,0,0,0,0,0,0,0,0,0,0,0,0,0
gen_incorrect_cond_bug_066,data/ml/raw_snippets_generated/incorrect_conditional_operator/buggy/GenIncorrectConditionalBug066.java,java,INCORRECT_CONDITIONAL_OPERATOR,0,pair_326,buggy,synthetic_generated,uses assignment (=) instead of equality (==) in condition,0,1,0,0,0,7,179,0,1.0,0,0,0,0,1,1,0,0,0,1,0,11,52,0,0,0,0,0,0,0,0,0,0,1,1,0,0,0,0,0,0,0,0,0,0,0,0,0,0,0,0,0,0,0,0,0,0,0
gen_incorrect_cond_fix_066,data/ml/raw_snippets_generated/incorrect_conditional_operator/fixed/GenIncorrectConditionalFix066.java,java,NO_ISSUE,1,pair_326,fixed,synthetic_generated,uses == for comparison correctly,0,0,0,0,0,7,180,0,1.0,0,0,0,0,1,1,0,0,0,0,1,11,52,0,0,0,0,0,0,0,0,0,0,1,0,1,0,0,0,0,0,0,0,0,0,0,0,0,0,0,0,0,0,0,0,0,0,0
gen_off_by_one_bug_170,data/ml/raw_snippets_generated/off_by_one/buggy/GenOffByOneBug170.java,java,OFF_BY_ONE_LOOP_BOUNDARY,0,pair_260,buggy,synthetic_generated,starts from .length instead of .length - 1,1,0,0,0,0,11,281,0,1.0,0,0,0,0,1,1,2,1,0,0,2,11,93,1,1,1,0,0,1,1,1,1,24,1,0,0,0,0,1,0,0,1,0,0,0,0,0,0,0,0,0,0,0,0,0,0,0,0
gen_off_by_one_fix_170,data/ml/raw_snippets_generated/off_by_one/fixed/GenOffByOneFix170.java,java,NO_ISSUE,1,pair_260,fixed,synthetic_generated,corrected with < length boundary,0,0,0,0,0,11,280,0,1.0,0,0,0,0,1,1,2,1,0,0,2,11,93,1,1,0,0,0,1,0,0,1,24,1,0,0,0,0,1,0,0,1,0,0,0,0,0,0,0,0,0,0,0,0,0,0,0,0
gen_clean_generic_054,data/ml/raw_snippets_generated/clean/GenCleanGeneric054.java,java,NO_ISSUE,1,,clean,synthetic_generated,clean snippet GenCleanGeneric054,0,0,0,0,0,17,445,0,1.0,0,0,0,0,1,2,2,3,0,0,3,11,146,1,1,0,0,0,1,0,0,1,30,1,0,1,0,0,1,0,0,1,0,0,0,0,0,0,0,0,0,0,0,0,0,0,0,0
gen_clean_tail_index_006,data/ml/raw_snippets_generated/clean/GenCleanTailIndex006.java,java,NO_ISSUE,1,,clean,synthetic_generated,clean snippet GenCleanTailIndex006,0,0,0,0,0,14,392,0,1.0,0,0,0,0,1,2,2,2,0,0,2,11,136,1,1,0,0,0,1,0,0,1,30,0,0,0,0,0,2,0,1,2,0,0,0,0,0,0,0,0,0,0,0,0,0,0,0,0
gen_while_no_update_bug_125,data/ml/raw_snippets_generated/while_variable_not_updated/buggy/GenWhileNoUpdateBug125.java,java,WHILE_VARIABLE_NOT_UPDATED,0,pair_895,buggy,synthetic_generated,no condition variable changes inside the while body (infinite loop),0,0,0,0,1,39,933,0,1.0,0,0,0,0,1,4,4,3,1,4,2,11,277,1,1,0,0,0,1,0,0,1,30,0,0,0,0,0,1,0,0,1,1,3,2,0,0,1,0,12,0,0,0,0,0,0,1,9
gen_while_no_update_fix_125,data/ml/raw_snippets_generated/while_variable_not_updated/fixed/GenWhileNoUpdateFix125.java,java,NO_ISSUE,1,pair_895,fixed,synthetic_generated,condition variable updated inside the loop body,0,0,0,0,0,40,954,0,1.0,0,0,0,0,1,4,4,3,1,4,2,11,282,1,1,0,0,0,1,0,0,1,30,0,0,0,0,0,1,0,0,1,1,3,2,0,0,1,0,12,0,0,0,0,0,1,0,14
gen_while_no_update_bug_086,data/ml/raw_snippets_generated/while_variable_not_updated/buggy/GenWhileNoUpdateBug086.java,java,WHILE_VARIABLE_NOT_UPDATED,0,pair_856,buggy,synthetic_generated,no condition variable changes inside the while body (infinite loop),0,0,0,0,1,8,192,0,1.0,0,0,0,0,1,1,0,0,1,0,0,10,57,0,0,0,0,0,0,0,0,0,0,0,0,0,0,0,0,0,0,0,0,0,0,0,0,0,0,0,0,0,0,0,1,0,1,21
gen_while_no_update_fix_086,data/ml/raw_snippets_generated/while_variable_not_updated/fixed/GenWhileNoUpdateFix086.java,java,NO_ISSUE,1,pair_856,fixed,synthetic_generated,condition variable updated inside the loop body,0,0,0,0,0,9,225,0,1.0,0,0,0,0,1,1,0,0,1,1,1,10,66,0,0,0,0,0,0,0,0,0,0,0,0,0,0,0,0,0,0,0,0,0,0,0,0,0,0,0,0,0,0,0,1,1,0,30
gen_while_no_update_bug_158,data/ml/raw_snippets_generated/while_variable_not_updated/buggy/GenWhileNoUpdateBug158.java,java,WHILE_VARIABLE_NOT_UPDATED,0,pair_928,buggy,synthetic_generated,no condition variable changes inside the while body (infinite loop),0,0,0,0,1,8,194,0,1.0,0,0,0,0,1,1,0,0,1,0,0,10,57,0,0,0,0,0,0,0,0,0,0,0,0,0,0,0,0,0,0,0,0,0,0,0,0,0,0,0,0,0,0,0,1,0,1,21
gen_while_no_update_fix_158,data/ml/raw_snippets_generated/while_variable_not_updated/fixed/GenWhileNoUpdateFix158.java,java,NO_ISSUE,1,pair_928,fixed,synthetic_generated,condition variable updated inside the loop body,0,0,0,0,0,9,228,0,1.0,0,0,0,0,1,1,0,0,1,1,1,10,66,0,0,0,0,0,0,0,0,0,0,0,0,0,0,0,0,0,0,0,0,0,0,0,0,0,0,0,0,0,0,0,1,1,0,30
gen_array_index_bug_146,data/ml/raw_snippets_generated/array_length_index_misuse/buggy/GenArrayIndexBug146.java,java,ARRAY_LENGTH_INDEX_MISUSE,0,pair_576,buggy,synthetic_generated,accesses array[array.length] directly (out of bounds),0,0,1,0,0,5,135,0,1.0,0,0,0,0,1,1,0,0,0,1,0,9,46,0,0,0,0,0,0,0,0,0,0,0,0,0,0,0,1,1,1,1,0,0,0,0,0,0,0,0,0,0,0,0,0,0,0,0
gen_array_index_fix_146,data/ml/raw_snippets_generated/array_length_index_misuse/fixed/GenArrayIndexFix146.java,java,NO_ISSUE,1,pair_576,fixed,synthetic_generated,corrected with .length - 1 as last valid index,0,0,0,0,0,5,139,0,1.0,0,0,0,0,1,1,0,0,0,1,1,10,49,0,0,0,0,0,0,0,0,0,0,0,0,0,0,0,1,0,1,1,0,0,0,0,0,0,0,0,0,0,0,0,0,0,0,0
gen_clean_boundary_minus_one_014,data/ml/raw_snippets_generated/clean/GenCleanBoundaryMinusOne014.java,java,NO_ISSUE,1,,clean,synthetic_generated,clean snippet GenCleanBoundaryMinusOne014,0,0,0,0,0,9,224,0,1.0,0,0,0,0,1,1,2,1,0,1,2,10,80,1,1,1,0,0,1,1,0,1,13,0,0,0,0,0,1,0,0,1,0,0,0,0,0,0,0,0,0,0,0,0,0,0,0,0
gen_off_by_one_bug_034,data/ml/raw_snippets_generated/off_by_one/buggy/GenOffByOneBug034.java,java,OFF_BY_ONE_LOOP_BOUNDARY,0,pair_124,buggy,synthetic_generated,starts from .length instead of .length - 1,1,0,0,0,0,33,776,0,1.0,0,0,0,0,1,4,6,4,0,2,7,12,274,3,3,1,0,0,3,1,1,3,29,2,0,0,0,0,5,0,0,3,0,0,0,0,0,0,0,0,0,0,0,0,0,0,0,0
gen_off_by_one_fix_034,data/ml/raw_snippets_generated/off_by_one/fixed/GenOffByOneFix034.java,java,NO_ISSUE,1,pair_124,fixed,synthetic_generated,corrected with < length boundary,0,0,0,0,0,33,775,0,1.0,0,0,0,0,1,4,6,4,0,2,7,12,274,3,3,0,0,0,3,0,0,3,29,2,0,0,0,0,5,0,0,3,0,0,0,0,0,0,0,0,0,0,0,0,0,0,0,0
gen_clean_fall_through_018,data/ml/raw_snippets_generated/clean/GenCleanFallThrough018.java,java,NO_ISSUE,1,,clean,synthetic_generated,clean snippet GenCleanFallThrough018,0,0,0,0,0,42,1166,0,1.0,0,0,0,0,1,4,4,2,0,1,3,12,346,2,2,0,0,0,2,0,0,2,30,1,0,0,0,0,4,0,0,2,1,4,1,2,0,1,2,19,0,0,0,0,0,0,0,0
gen_incorrect_cond_bug_101,data/ml/raw_snippets_generated/incorrect_conditional_operator/buggy/GenIncorrectConditionalBug101.java,java,INCORRECT_CONDITIONAL_OPERATOR,0,pair_361,buggy,synthetic_generated,uses assignment (=) instead of equality (==) in condition,0,1,0,0,0,8,202,0,1.0,0,0,0,0,1,1,0,2,0,1,0,8,47,0,0,0,0,0,0,0,0,0,0,1,1,0,0,0,0,0,0,0,0,0,0,0,0,0,0,0,0,0,0,0,0,0,0,0
gen_incorrect_cond_fix_101,data/ml/raw_snippets_generated/incorrect_conditional_operator/fixed/GenIncorrectConditionalFix101.java,java,NO_ISSUE,1,pair_361,fixed,synthetic_generated,uses == for comparison correctly,0,0,0,0,0,8,203,0,1.0,0,0,0,0,1,1,0,2,0,0,1,8,47,0,0,0,0,0,0,0,0,0,0,1,0,1,0,0,0,0,0,0,0,0,0,0,0,0,0,0,0,0,0,0,0,0,0,0
gen_while_no_update_bug_071,data/ml/raw_snippets_generated/while_variable_not_updated/buggy/GenWhileNoUpdateBug071.java,java,WHILE_VARIABLE_NOT_UPDATED,0,pair_841,buggy,synthetic_generated,no condition variable changes inside the while body (infinite loop),0,0,0,0,1,7,173,0,1.0,0,0,0,0,1,1,0,0,1,0,2,12,55,0,0,0,0,0,0,0,0,0,0,0,0,0,0,0,0,0,0,0,0,0,0,0,0,0,0,0,0,0,0,0,1,0,1,22
gen_while_no_update_fix_071,data/ml/raw_snippets_generated/while_variable_not_updated/fixed/GenWhileNoUpdateFix071.java,java,NO_ISSUE,1,pair_841,fixed,synthetic_generated,condition variable updated inside the loop body,0,0,0,0,0,8,194,0,1.0,0,0,0,0,1,1,0,0,1,0,2,12,60,0,0,0,0,0,0,0,0,0,0,0,0,0,0,0,0,0,0,0,0,0,0,0,0,0,0,0,0,0,0,0,1,1,0,27
gen_while_no_update_bug_020,data/ml/raw_snippets_generated/while_variable_not_updated/buggy/GenWhileNoUpdateBug020.java,java,WHILE_VARIABLE_NOT_UPDATED,0,pair_790,buggy,synthetic_generated,no condition variable changes inside the while body (infinite loop),0,0,0,0,1,30,731,0,1.0,0,0,0,0,1,5,2,3,1,0,7,12,242,1,1,0,0,0,1,0,0,1,30,0,0,0,0,0,1,0,0,1,0,0,0,0,0,0,0,0,0,0,0,0,1,0,1,22
gen_while_no_update_fix_020,data/ml/raw_snippets_generated/while_variable_not_updated/fixed/GenWhileNoUpdateFix020.java,java,NO_ISSUE,1,pair_790,fixed,synthetic_generated,condition variable updated inside the loop body,0,0,0,0,0,31,752,0,1.0,0,0,0,0,1,5,2,3,1,0,7,12,247,1,1,0,0,0,1,0,0,1,30,0,0,0,0,0,1,0,0,1,0,0,0,0,0,0,0,0,0,0,0,0,1,1,0,27
gen_clean_generic_056,data/ml/raw_snippets_generated/clean/GenCleanGeneric056.java,java,NO_ISSUE,1,,clean,synthetic_generated,clean snippet GenCleanGeneric056,0,0,0,0,0,53,1328,0,1.0,0,0,0,0,1,7,8,5,0,2,7,12,464,4,4,0,0,0,4,0,0,4,30,1,0,0,0,0,6,0,0,3,0,0,0,0,0,0,0,0,0,0,0,0,0,0,0,0
gen_while_no_update_bug_143,data/ml/raw_snippets_generated/while_variable_not_updated/buggy/GenWhileNoUpdateBug143.java,java,WHILE_VARIABLE_NOT_UPDATED,0,pair_913,buggy,synthetic_generated,no condition variable changes inside the while body (infinite loop),0,0,0,0,1,25,644,0,1.0,0,0,0,0,1,3,2,4,1,0,5,12,211,1,1,0,0,0,1,0,0,1,30,2,0,0,0,0,1,0,0,1,0,0,0,0,0,0,0,0,0,0,0,0,1,0,1,22
gen_while_no_update_fix_143,data/ml/raw_snippets_generated/while_variable_not_updated/fixed/GenWhileNoUpdateFix143.java,java,NO_ISSUE,1,pair_913,fixed,synthetic_generated,condition variable updated inside the loop body,0,0,0,0,0,26,665,0,1.0,0,0,0,0,1,3,2,4,1,0,5,12,216,1,1,0,0,0,1,0,0,1,30,2,0,0,0,0,1,0,0,1,0,0,0,0,0,0,0,0,0,0,0,0,1,1,0,27
gen_array_index_bug_148,data/ml/raw_snippets_generated/array_length_index_misuse/buggy/GenArrayIndexBug148.java,java,ARRAY_LENGTH_INDEX_MISUSE,0,pair_578,buggy,synthetic_generated,accesses array[array.length] directly (out of bounds),0,0,1,0,0,15,377,0,1.0,0,0,0,0,1,2,2,1,0,2,2,12,134,1,1,0,0,0,1,0,0,1,29,1,0,0,0,0,4,1,1,2,0,0,0,0,0,0,0,0,0,0,0,0,0,0,0,0
gen_array_index_fix_148,data/ml/raw_snippets_generated/array_length_index_misuse/fixed/GenArrayIndexFix148.java,java,NO_ISSUE,1,pair_578,fixed,synthetic_generated,corrected with .length - 1 as last valid index,0,0,0,0,0,15,381,0,1.0,0,0,0,0,1,2,2,1,0,2,3,12,137,1,1,0,0,0,1,0,0,1,29,1,0,0,0,0,4,0,1,2,0,0,0,0,0,0,0,0,0,0,0,0,0,0,0,0
gen_array_index_bug_104,data/ml/raw_snippets_generated/array_length_index_misuse/buggy/GenArrayIndexBug104.java,java,ARRAY_LENGTH_INDEX_MISUSE,0,pair_534,buggy,synthetic_generated,accesses array[array.length] directly (out of bounds),0,0,1,0,0,24,623,0,1.0,0,0,0,0,1,3,4,3,0,1,3,12,221,2,2,0,0,0,2,0,0,2,30,1,0,0,0,0,5,1,1,3,0,0,0,0,0,0,0,0,0,0,0,0,0,0,0,0
gen_array_index_fix_104,data/ml/raw_snippets_generated/array_length_index_misuse/fixed/GenArrayIndexFix104.java,java,NO_ISSUE,1,pair_534,fixed,synthetic_generated,corrected with .length - 1 as last valid index,0,0,0,0,0,24,627,0,1.0,0,0,0,0,1,3,4,3,0,1,4,12,224,2,2,0,0,0,2,0,0,2,30,1,0,0,0,0,5,0,1,3,0,0,0,0,0,0,0,0,0,0,0,0,0,0,0,0
gen_off_by_one_bug_030,data/ml/raw_snippets_generated/off_by_one/buggy/GenOffByOneBug030.java,java,OFF_BY_ONE_LOOP_BOUNDARY,0,pair_120,buggy,synthetic_generated,starts from .length instead of .length - 1,1,0,0,0,0,67,1590,0,1.0,0,0,0,0,1,6,8,8,0,7,6,11,475,3,3,1,0,0,3,1,1,3,30,3,0,0,0,0,3,0,0,3,2,6,4,0,0,2,0,12,0,0,0,0,0,0,0,0
gen_off_by_one_fix_030,data/ml/raw_snippets_generated/off_by_one/fixed/GenOffByOneFix030.java,java,NO_ISSUE,1,pair_120,fixed,synthetic_generated,corrected with < length boundary,0,0,0,0,0,67,1589,0,1.0,0,0,0,0,1,6,8,8,0,7,6,11,475,3,3,0,0,0,3,0,0,3,30,3,0,0,0,0,3,0,0,3,2,6,4,0,0,2,0,12,0,0,0,0,0,0,0,0
gen_clean_stacked_labels_008,data/ml/raw_snippets_generated/clean/GenCleanStackedLabels008.java,java,NO_ISSUE,1,,clean,synthetic_generated,clean snippet GenCleanStackedLabels008,0,0,0,0,0,36,755,0,1.0,0,0,0,0,1,4,3,4,2,4,4,11,204,0,0,0,0,0,0,0,0,0,0,0,0,0,0,0,0,0,0,0,1,3,1,0,1,1,0,12,0,0,0,0,0,2,0,14
gen_clean_tail_index_020,data/ml/raw_snippets_generated/clean/GenCleanTailIndex020.java,java,NO_ISSUE,1,,clean,synthetic_generated,clean snippet GenCleanTailIndex020,0,0,0,0,0,5,122,0,1.0,0,0,0,0,1,1,0,1,0,0,1,9,43,0,0,0,0,0,0,0,0,0,0,0,0,0,0,0,1,0,1,1,0,0,0,0,0,0,0,0,0,0,0,0,0,0,0,0
gen_off_by_one_bug_047,data/ml/raw_snippets_generated/off_by_one/buggy/GenOffByOneBug047.java,java,OFF_BY_ONE_LOOP_BOUNDARY,0,pair_137,buggy,synthetic_generated,starts from .length instead of .length - 1,1,0,0,0,0,26,603,0,1.0,0,0,0,0,1,3,4,4,0,2,5,12,209,2,2,1,0,0,2,1,1,2,29,2,0,1,0,0,4,0,0,2,0,0,0,0,0,0,0,0,0,0,0,0,0,0,0,0
gen_off_by_one_fix_047,data/ml/raw_snippets_generated/off_by_one/fixed/GenOffByOneFix047.java,java,NO_ISSUE,1,pair_137,fixed,synthetic_generated,corrected with < length boundary,0,0,0,0,0,26,602,0,1.0,0,0,0,0,1,3,4,4,0,2,5,12,209,2,2,0,0,0,2,0,0,2,29,2,0,1,0,0,4,0,0,2,0,0,0,0,0,0,0,0,0,0,0,0,0,0,0,0
gen_clean_boundary_minus_one_003,data/ml/raw_snippets_generated/clean/GenCleanBoundaryMinusOne003.java,java,NO_ISSUE,1,,clean,synthetic_generated,clean snippet GenCleanBoundaryMinusOne003,0,0,0,0,0,32,749,0,1.0,0,0,0,0,1,4,4,6,0,2,8,12,256,2,2,1,0,0,2,1,0,2,29,3,0,0,0,0,4,0,0,2,0,0,0,0,0,0,0,0,0,0,0,0,0,0,0,0
gen_while_no_update_bug_127,data/ml/raw_snippets_generated/while_variable_not_updated/buggy/GenWhileNoUpdateBug127.java,java,WHILE_VARIABLE_NOT_UPDATED,0,pair_897,buggy,synthetic_generated,no condition variable changes inside the while body (infinite loop),0,0,0,0,1,8,188,0,1.0,0,0,0,0,1,1,0,0,1,0,0,10,57,0,0,0,0,0,0,0,0,0,0,0,0,0,0,0,0,0,0,0,0,0,0,0,0,0,0,0,0,0,0,0,1,0,1,21
gen_while_no_update_fix_127,data/ml/raw_snippets_generated/while_variable_not_updated/fixed/GenWhileNoUpdateFix127.java,java,NO_ISSUE,1,pair_897,fixed,synthetic_generated,condition variable updated inside the loop body,0,0,0,0,0,9,219,0,1.0,0,0,0,0,1,1,0,0,1,1,1,10,66,0,0,0,0,0,0,0,0,0,0,0,0,0,0,0,0,0,0,0,0,0,0,0,0,0,0,0,0,0,0,0,1,1,0,30
gen_missing_break_bug_100,data/ml/raw_snippets_generated/missing_break_in_switch/buggy/GenMissingBreakBug100.java,java,MISSING_BREAK_IN_SWITCH,0,pair_700,buggy,synthetic_generated,case falls through without break (unintentional),0,0,0,1,0,24,591,0,1.0,0,0,0,0,1,1,1,1,0,6,0,11,141,0,0,0,0,0,0,0,0,0,0,0,0,0,0,0,0,0,0,0,1,6,4,1,0,1,0,12,0,0,0,0,0,0,0,0
gen_missing_break_fix_100,data/ml/raw_snippets_generated/missing_break_in_switch/fixed/GenMissingBreakFix100.java,java,NO_ISSUE,1,pair_700,fixed,synthetic_generated,every case ends with break/return,0,0,0,0,0,25,614,0,1.0,0,0,0,0,1,1,1,1,0,6,0,11,144,0,0,0,0,0,0,0,0,0,0,0,0,0,0,0,0,0,0,0,1,6,5,0,0,1,0,12,0,0,0,0,0,0,0,0
gen_incorrect_cond_bug_092,data/ml/raw_snippets_generated/incorrect_conditional_operator/buggy/GenIncorrectConditionalBug092.java,java,INCORRECT_CONDITIONAL_OPERATOR,0,pair_352,buggy,synthetic_generated,uses assignment (=) instead of equality (==) in condition,0,1,0,0,0,22,508,0,1.0,0,0,0,0,1,2,1,1,0,4,0,11,132,0,0,0,0,0,0,0,0,0,0,1,1,0,0,0,0,0,0,0,1,3,2,0,0,1,0,12,0,0,0,0,0,0,0,0
gen_incorrect_cond_fix_092,data/ml/raw_snippets_generated/incorrect_conditional_operator/fixed/GenIncorrectConditionalFix092.java,java,NO_ISSUE,1,pair_352,fixed,synthetic_generated,uses == for comparison correctly,0,0,0,0,0,22,509,0,1.0,0,0,0,0,1,2,1,1,0,3,1,11,132,0,0,0,0,0,0,0,0,0,0,1,0,1,0,0,0,0,0,0,1,3,2,0,0,1,0,12,0,0,0,0,0,0,0,0
gen_missing_break_bug_021,data/ml/raw_snippets_generated/missing_break_in_switch/buggy/GenMissingBreakBug021.java,java,MISSING_BREAK_IN_SWITCH,0,pair_621,buggy,synthetic_generated,case falls through without break (unintentional),0,0,0,1,0,41,961,0,1.0,0,0,0,0,1,3,4,3,1,8,2,11,260,1,1,0,0,0,1,0,0,1,13,0,0,0,0,0,1,0,0,1,1,6,4,1,0,1,0,12,0,0,0,0,0,1,0,14
gen_missing_break_fix_021,data/ml/raw_snippets_generated/missing_break_in_switch/fixed/GenMissingBreakFix021.java,java,NO_ISSUE,1,pair_621,fixed,synthetic_generated,every case ends with break/return,0,0,0,0,0,42,984,0,1.0,0,0,0,0,1,3,4,3,1,8,2,11,263,1,1,0,0,0,1,0,0,1,13,0,0,0,0,0,1,0,0,1,1,6,5,0,0,1,0,12,0,0,0,0,0,1,0,14
gen_clean_verbose_boolean_020,data/ml/raw_snippets_generated/clean/GenCleanVerboseBoolean020.java,java,NO_ISSUE,1,,clean,synthetic_generated,clean snippet GenCleanVerboseBoolean020,0,0,0,0,0,31,732,0,1.0,0,0,0,0,1,4,2,7,0,0,6,11,230,1,1,0,0,0,1,0,0,1,30,3,0,3,1,0,1,0,0,1,0,0,0,0,0,0,0,0,0,0,0,0,0,0,0,0
gen_missing_break_bug_017,data/ml/raw_snippets_generated/missing_break_in_switch/buggy/GenMissingBreakBug017.java,java,MISSING_BREAK_IN_SWITCH,0,pair_617,buggy,synthetic_generated,case falls through without break (unintentional),0,0,0,1,0,24,593,0,1.0,0,0,0,0,1,1,1,1,0,6,0,11,141,0,0,0,0,0,0,0,0,0,0,0,0,0,0,0,0,0,0,0,1,6,4,1,0,1,0,12,0,0,0,0,0,0,0,0
gen_missing_break_fix_017,data/ml/raw_snippets_generated/missing_break_in_switch/fixed/GenMissingBreakFix017.java,java,NO_ISSUE,1,pair_617,fixed,synthetic_generated,every case ends with break/return,0,0,0,0,0,25,616,0,1.0,0,0,0,0,1,1,1,1,0,6,0,11,144,0,0,0,0,0,0,0,0,0,0,0,0,0,0,0,0,0,0,0,1,6,5,0,0,1,0,12,0,0,0,0,0,0,0,0
gen_incorrect_cond_bug_115,data/ml/raw_snippets_generated/incorrect_conditional_operator/buggy/GenIncorrectConditionalBug115.java,java,INCORRECT_CONDITIONAL_OPERATOR,0,pair_375,buggy,synthetic_generated,uses assignment (=) instead of equality (==) in condition,0,1,0,0,0,12,274,0,1.0,0,0,0,0,1,2,0,3,0,1,2,8,72,0,0,0,0,0,0,0,0,0,0,1,1,0,0,0,0,0,0,0,0,0,0,0,0,0,0,0,0,0,0,0,0,0,0,0
gen_incorrect_cond_fix_115,data/ml/raw_snippets_generated/incorrect_conditional_operator/fixed/GenIncorrectConditionalFix115.java,java,NO_ISSUE,1,pair_375,fixed,synthetic_generated,uses == for comparison correctly,0,0,0,0,0,12,275,0,1.0,0,0,0,0,1,2,0,3,0,0,3,8,72,0,0,0,0,0,0,0,0,0,0,1,0,1,0,0,0,0,0,0,0,0,0,0,0,0,0,0,0,0,0,0,0,0,0,0
gen_clean_tail_index_030,data/ml/raw_snippets_generated/clean/GenCleanTailIndex030.java,java,NO_ISSUE,1,,clean,synthetic_generated,clean snippet GenCleanTailIndex030,0,0,0,0,0,5,122,0,1.0,0,0,0,0,1,1,0,1,0,0,1,9,43,0,0,0,0,0,0,0,0,0,0,0,0,0,0,0,1,0,1,1,0,0,0,0,0,0,0,0,0,0,0,0,0,0,0,0
gen_while_no_update_bug_026,data/ml/raw_snippets_generated/while_variable_not_updated/buggy/GenWhileNoUpdateBug026.java,java,WHILE_VARIABLE_NOT_UPDATED,0,pair_796,buggy,synthetic_generated,no condition variable changes inside the while body (infinite loop),0,0,0,0,1,22,463,0,1.0,0,0,0,0,1,3,2,3,2,2,4,9,136,0,0,0,0,0,0,0,0,0,0,0,0,0,0,0,0,0,0,0,0,0,0,0,0,0,0,0,0,0,0,0,0,1,1,14
gen_while_no_update_fix_026,data/ml/raw_snippets_generated/while_variable_not_updated/fixed/GenWhileNoUpdateFix026.java,java,NO_ISSUE,1,pair_796,fixed,synthetic_generated,condition variable updated inside the loop body,0,0,0,0,0,23,484,0,1.0,0,0,0,0,1,3,2,3,2,2,4,9,141,0,0,0,0,0,0,0,0,0,0,0,0,0,0,0,0,0,0,0,0,0,0,0,0,0,0,0,0,0,0,0,0,2,0,14
gen_incorrect_cond_bug_049,data/ml/raw_snippets_generated/incorrect_conditional_operator/buggy/GenIncorrectConditionalBug049.java,java,INCORRECT_CONDITIONAL_OPERATOR,0,pair_309,buggy,synthetic_generated,uses assignment (=) instead of equality (==) in condition,0,1,0,0,0,39,921,0,1.0,0,0,0,0,1,5,3,8,1,2,6,11,281,1,1,0,0,0,1,0,0,1,30,3,1,0,1,0,1,0,0,1,0,0,0,0,0,0,0,0,0,0,0,0,0,1,0,14
gen_incorrect_cond_fix_049,data/ml/raw_snippets_generated/incorrect_conditional_operator/fixed/GenIncorrectConditionalFix049.java,java,NO_ISSUE,1,pair_309,fixed,synthetic_generated,uses == for comparison correctly,0,0,0,0,0,39,922,0,1.0,0,0,0,0,1,5,3,8,1,1,7,11,281,1,1,0,0,0,1,0,0,1,30,3,0,1,1,0,1,0,0,1,0,0,0,0,0,0,0,0,0,0,0,0,0,1,0,14
gen_off_by_one_bug_050,data/ml/raw_snippets_generated/off_by_one/buggy/GenOffByOneBug050.java,java,OFF_BY_ONE_LOOP_BOUNDARY,0,pair_140,buggy,synthetic_generated,starts from .length instead of .length - 1,1,0,0,0,0,23,541,0,1.0,0,0,0,0,1,3,4,3,0,1,5,11,186,2,2,1,0,0,2,1,1,2,24,1,0,0,0,0,2,0,0,2,0,0,0,0,0,0,0,0,0,0,0,0,0,0,0,0
gen_off_by_one_fix_050,data/ml/raw_snippets_generated/off_by_one/fixed/GenOffByOneFix050.java,java,NO_ISSUE,1,pair_140,fixed,synthetic_generated,corrected with < length boundary,0,0,0,0,0,23,540,0,1.0,0,0,0,0,1,3,4,3,0,1,5,11,186,2,2,0,0,0,2,0,0,2,24,1,0,0,0,0,2,0,0,2,0,0,0,0,0,0,0,0,0,0,0,0,0,0,0,0
gen_incorrect_cond_bug_117,data/ml/raw_snippets_generated/incorrect_conditional_operator/buggy/GenIncorrectConditionalBug117.java,java,INCORRECT_CONDITIONAL_OPERATOR,0,pair_377,buggy,synthetic_generated,uses assignment (=) instead of equality (==) in condition,0,1,0,0,0,8,184,0,1.0,0,0,0,0,1,1,0,2,0,1,0,9,49,0,0,0,0,0,0,0,0,0,0,1,1,0,1,0,0,0,0,0,0,0,0,0,0,0,0,0,0,0,0,0,0,0,0,0
gen_incorrect_cond_fix_117,data/ml/raw_snippets_generated/incorrect_conditional_operator/fixed/GenIncorrectConditionalFix117.java,java,NO_ISSUE,1,pair_377,fixed,synthetic_generated,uses == for comparison correctly,0,0,0,0,0,8,185,0,1.0,0,0,0,0,1,1,0,2,0,0,1,9,49,0,0,0,0,0,0,0,0,0,0,1,0,1,1,0,0,0,0,0,0,0,0,0,0,0,0,0,0,0,0,0,0,0,0,0
gen_array_index_bug_021,data/ml/raw_snippets_generated/array_length_index_misuse/buggy/GenArrayIndexBug021.java,java,ARRAY_LENGTH_INDEX_MISUSE,0,pair_451,buggy,synthetic_generated,accesses array[array.length] directly (out of bounds),0,0,1,0,0,13,312,0,1.0,0,0,0,0,1,2,2,1,0,1,1,10,116,1,1,0,0,0,1,0,0,1,13,0,0,0,0,0,2,1,1,2,0,0,0,0,0,0,0,0,0,0,0,0,0,0,0,0
gen_array_index_fix_021,data/ml/raw_snippets_generated/array_length_index_misuse/fixed/GenArrayIndexFix021.java,java,NO_ISSUE,1,pair_451,fixed,synthetic_generated,corrected with .length - 1 as last valid index,0,0,0,0,0,13,316,0,1.0,0,0,0,0,1,2,2,1,0,1,2,11,119,1,1,0,0,0,1,0,0,1,13,0,0,0,0,0,2,0,1,2,0,0,0,0,0,0,0,0,0,0,0,0,0,0,0,0
gen_while_no_update_bug_113,data/ml/raw_snippets_generated/while_variable_not_updated/buggy/GenWhileNoUpdateBug113.java,java,WHILE_VARIABLE_NOT_UPDATED,0,pair_883,buggy,synthetic_generated,no condition variable changes inside the while body (infinite loop),0,0,0,0,1,51,1139,0,1.0,0,0,0,0,1,6,0,14,1,0,10,10,349,0,0,0,0,0,0,0,0,0,0,9,0,1,0,0,0,0,0,0,0,0,0,0,0,0,0,0,0,0,0,0,1,0,1,21
gen_while_no_update_fix_113,data/ml/raw_snippets_generated/while_variable_not_updated/fixed/GenWhileNoUpdateFix113.java,java,NO_ISSUE,1,pair_883,fixed,synthetic_generated,condition variable updated inside the loop body,0,0,0,0,0,52,1171,0,1.0,0,0,0,0,1,6,0,14,1,1,11,10,358,0,0,0,0,0,0,0,0,0,0,9,0,1,0,0,0,0,0,0,0,0,0,0,0,0,0,0,0,0,0,0,1,1,0,30
gen_off_by_one_bug_117,data/ml/raw_snippets_generated/off_by_one/buggy/GenOffByOneBug117.java,java,OFF_BY_ONE_LOOP_BOUNDARY,0,pair_207,buggy,synthetic_generated,starts from .length instead of .length - 1,1,0,0,0,0,11,281,0,1.0,0,0,0,0,1,1,2,1,0,0,2,11,93,1,1,1,0,0,1,1,1,1,24,1,0,0,0,0,1,0,0,1,0,0,0,0,0,0,0,0,0,0,0,0,0,0,0,0
gen_off_by_one_fix_117,data/ml/raw_snippets_generated/off_by_one/fixed/GenOffByOneFix117.java,java,NO_ISSUE,1,pair_207,fixed,synthetic_generated,corrected with < length boundary,0,0,0,0,0,11,280,0,1.0,0,0,0,0,1,1,2,1,0,0,2,11,93,1,1,0,0,0,1,0,0,1,24,1,0,0,0,0,1,0,0,1,0,0,0,0,0,0,0,0,0,0,0,0,0,0,0,0
gen_clean_while_true_break_006,data/ml/raw_snippets_generated/clean/GenCleanWhileTrueBreak006.java,java,NO_ISSUE,1,,clean,synthetic_generated,clean snippet GenCleanWhileTrueBreak006,0,0,0,0,0,22,504,0,1.0,0,0,0,0,1,2,3,2,1,1,3,12,154,1,1,0,0,0,1,0,0,1,29,2,0,0,0,0,3,0,0,1,0,0,0,0,0,0,0,0,0,0,1,1,0,0,0,23
gen_incorrect_cond_bug_152,data/ml/raw_snippets_generated/incorrect_conditional_operator/buggy/GenIncorrectConditionalBug152.java,java,INCORRECT_CONDITIONAL_OPERATOR,0,pair_412,buggy,synthetic_generated,uses assignment (=) instead of equality (==) in condition,0,1,0,0,0,17,374,0,1.0,0,0,0,0,1,2,1,3,1,2,1,9,100,0,0,0,0,0,0,0,0,0,0,1,1,0,1,0,0,0,0,0,0,0,0,0,0,0,0,0,0,0,0,0,0,1,0,14
gen_incorrect_cond_fix_152,data/ml/raw_snippets_generated/incorrect_conditional_operator/fixed/GenIncorrectConditionalFix152.java,java,NO_ISSUE,1,pair_412,fixed,synthetic_generated,uses == for comparison correctly,0,0,0,0,0,17,375,0,1.0,0,0,0,0,1,2,1,3,1,1,2,9,100,0,0,0,0,0,0,0,0,0,0,1,0,1,1,0,0,0,0,0,0,0,0,0,0,0,0,0,0,0,0,0,0,1,0,14
gen_while_no_update_bug_053,data/ml/raw_snippets_generated/while_variable_not_updated/buggy/GenWhileNoUpdateBug053.java,java,WHILE_VARIABLE_NOT_UPDATED,0,pair_823,buggy,synthetic_generated,no condition variable changes inside the while body (infinite loop),0,0,0,0,1,24,557,0,1.0,0,0,0,0,1,3,2,4,1,1,5,12,186,1,1,0,0,0,1,0,0,1,13,2,0,0,0,0,1,0,0,1,0,0,0,0,0,0,0,0,0,0,0,0,1,0,1,22
gen_while_no_update_fix_053,data/ml/raw_snippets_generated/while_variable_not_updated/fixed/GenWhileNoUpdateFix053.java,java,NO_ISSUE,1,pair_823,fixed,synthetic_generated,condition variable updated inside the loop body,0,0,0,0,0,25,578,0,1.0,0,0,0,0,1,3,2,4,1,1,5,12,191,1,1,0,0,0,1,0,0,1,13,2,0,0,0,0,1,0,0,1,0,0,0,0,0,0,0,0,0,0,0,0,1,1,0,27
gen_incorrect_cond_bug_095,data/ml/raw_snippets_generated/incorrect_conditional_operator/buggy/GenIncorrectConditionalBug095.java,java,INCORRECT_CONDITIONAL_OPERATOR,0,pair_355,buggy,synthetic_generated,uses assignment (=) instead of equality (==) in condition,0,1,0,0,0,7,179,0,1.0,0,0,0,0,1,1,0,0,0,1,0,11,52,0,0,0,0,0,0,0,0,0,0,1,1,0,0,0,0,0,0,0,0,0,0,0,0,0,0,0,0,0,0,0,0,0,0,0
gen_incorrect_cond_fix_095,data/ml/raw_snippets_generated/incorrect_conditional_operator/fixed/GenIncorrectConditionalFix095.java,java,NO_ISSUE,1,pair_355,fixed,synthetic_generated,uses == for comparison correctly,0,0,0,0,0,7,180,0,1.0,0,0,0,0,1,1,0,0,0,0,1,11,52,0,0,0,0,0,0,0,0,0,0,1,0,1,0,0,0,0,0,0,0,0,0,0,0,0,0,0,0,0,0,0,0,0,0,0
gen_array_index_bug_005,data/ml/raw_snippets_generated/array_length_index_misuse/buggy/GenArrayIndexBug005.java,java,ARRAY_LENGTH_INDEX_MISUSE,0,pair_435,buggy,synthetic_generated,accesses array[array.length] directly (out of bounds),0,0,1,0,0,5,138,0,1.0,0,0,0,0,1,1,0,0,0,0,0,10,48,0,0,0,0,0,0,0,0,0,0,0,0,0,0,0,1,1,1,1,0,0,0,0,0,0,0,0,0,0,0,0,0,0,0,0
gen_array_index_fix_005,data/ml/raw_snippets_generated/array_length_index_misuse/fixed/GenArrayIndexFix005.java,java,NO_ISSUE,1,pair_435,fixed,synthetic_generated,corrected with .length - 1 as last valid index,0,0,0,0,0,5,142,0,1.0,0,0,0,0,1,1,0,0,0,0,1,11,51,0,0,0,0,0,0,0,0,0,0,0,0,0,0,0,1,0,1,1,0,0,0,0,0,0,0,0,0,0,0,0,0,0,0,0
gen_off_by_one_bug_013,data/ml/raw_snippets_generated/off_by_one/buggy/GenOffByOneBug013.java,java,OFF_BY_ONE_LOOP_BOUNDARY,0,pair_103,buggy,synthetic_generated,starts from .length instead of .length - 1,1,0,0,0,0,9,213,0,1.0,0,0,0,0,1,1,2,1,0,1,1,10,77,1,1,1,0,0,1,1,1,1,13,0,0,0,0,0,1,0,0,1,0,0,0,0,0,0,0,0,0,0,0,0,0,0,0,0
gen_off_by_one_fix_013,data/ml/raw_snippets_generated/off_by_one/fixed/GenOffByOneFix013.java,java,NO_ISSUE,1,pair_103,fixed,synthetic_generated,corrected with < length boundary,0,0,0,0,0,9,212,0,1.0,0,0,0,0,1,1,2,1,0,1,1,10,77,1,1,0,0,0,1,0,0,1,13,0,0,0,0,0,1,0,0,1,0,0,0,0,0,0,0,0,0,0,0,0,0,0,0,0
gen_clean_while_true_break_020,data/ml/raw_snippets_generated/clean/GenCleanWhileTrueBreak020.java,java,NO_ISSUE,1,,clean,synthetic_generated,clean snippet GenCleanWhileTrueBreak020,0,0,0,0,0,12,255,0,1.0,0,0,0,0,1,1,1,1,1,0,1,10,66,0,0,0,0,0,0,0,0,0,0,1,0,0,0,0,0,0,0,0,0,0,0,0,0,0,0,0,0,0,1,1,0,0,0,23
gen_while_no_update_bug_048,data/ml/raw_snippets_generated/while_variable_not_updated/buggy/GenWhileNoUpdateBug048.java,java,WHILE_VARIABLE_NOT_UPDATED,0,pair_818,buggy,synthetic_generated,no condition variable changes inside the while body (infinite loop),0,0,0,0,1,18,426,0,1.0,0,0,0,0,1,2,2,1,1,1,2,12,145,1,1,0,0,0,1,0,0,1,29,1,0,0,0,0,3,0,0,1,0,0,0,0,0,0,0,0,0,0,0,0,1,0,1,21
gen_while_no_update_fix_048,data/ml/raw_snippets_generated/while_variable_not_updated/fixed/GenWhileNoUpdateFix048.java,java,NO_ISSUE,1,pair_818,fixed,synthetic_generated,condition variable updated inside the loop body,0,0,0,0,0,19,460,0,1.0,0,0,0,0,1,2,2,1,1,2,3,12,154,1,1,0,0,0,1,0,0,1,29,1,0,0,0,0,3,0,0,1,0,0,0,0,0,0,0,0,0,0,0,0,1,1,0,30
gen_off_by_one_bug_135,data/ml/raw_snippets_generated/off_by_one/buggy/GenOffByOneBug135.java,java,OFF_BY_ONE_LOOP_BOUNDARY,0,pair_225,buggy,synthetic_generated,starts from .length instead of .length - 1,1,0,0,0,0,42,994,0,1.0,0,0,0,0,1,4,7,4,0,6,4,12,335,3,3,1,0,0,3,1,1,3,29,1,0,0,0,0,6,0,0,3,1,3,2,0,0,1,0,12,0,0,0,0,0,0,0,0
gen_off_by_one_fix_135,data/ml/raw_snippets_generated/off_by_one/fixed/GenOffByOneFix135.java,java,NO_ISSUE,1,pair_225,fixed,synthetic_generated,corrected with < length boundary,0,0,0,0,0,42,993,0,1.0,0,0,0,0,1,4,7,4,0,6,4,12,335,3,3,0,0,0,3,0,0,3,29,1,0,0,0,0,6,0,0,3,1,3,2,0,0,1,0,12,0,0,0,0,0,0,0,0
gen_clean_tail_index_005,data/ml/raw_snippets_generated/clean/GenCleanTailIndex005.java,java,NO_ISSUE,1,,clean,synthetic_generated,clean snippet GenCleanTailIndex005,0,0,0,0,0,23,530,0,1.0,0,0,0,0,1,3,0,7,0,0,5,9,169,0,0,0,0,0,0,0,0,0,0,4,0,0,0,0,1,0,1,1,0,0,0,0,0,0,0,0,0,0,0,0,0,0,0,0
gen_array_index_bug_076,data/ml/raw_snippets_generated/array_length_index_misuse/buggy/GenArrayIndexBug076.java,java,ARRAY_LENGTH_INDEX_MISUSE,0,pair_506,buggy,synthetic_generated,accesses array[array.length] directly (out of bounds),0,0,1,0,0,5,119,0,1.0,0,0,0,0,1,1,0,1,0,0,0,8,40,0,0,0,0,0,0,0,0,0,0,0,0,0,0,0,1,1,1,1,0,0,0,0,0,0,0,0,0,0,0,0,0,0,0,0
gen_array_index_fix_076,data/ml/raw_snippets_generated/array_length_index_misuse/fixed/GenArrayIndexFix076.java,java,NO_ISSUE,1,pair_506,fixed,synthetic_generated,corrected with .length - 1 as last valid index,0,0,0,0,0,5,123,0,1.0,0,0,0,0,1,1,0,1,0,0,1,9,43,0,0,0,0,0,0,0,0,0,0,0,0,0,0,0,1,0,1,1,0,0,0,0,0,0,0,0,0,0,0,0,0,0,0,0
gen_clean_stacked_labels_014,data/ml/raw_snippets_generated/clean/GenCleanStackedLabels014.java,java,NO_ISSUE,1,,clean,synthetic_generated,clean snippet GenCleanStackedLabels014,0,0,0,0,0,72,1589,0,1.0,0,0,0,0,1,8,5,10,2,5,8,12,479,1,1,0,0,0,1,0,0,1,29,5,0,0,0,0,3,0,0,1,1,3,1,0,1,1,0,12,0,0,0,0,0,2,0,14
gen_clean_verbose_boolean_021,data/ml/raw_snippets_generated/clean/GenCleanVerboseBoolean021.java,java,NO_ISSUE,1,,clean,synthetic_generated,clean snippet GenCleanVerboseBoolean021,0,0,0,0,0,50,1085,0,1.0,0,0,0,0,1,6,1,12,1,1,8,10,327,0,0,0,0,0,0,0,0,0,0,7,0,1,1,0,0,0,0,0,0,0,0,0,0,0,0,0,0,0,0,0,0,1,0,14
gen_missing_break_bug_041,data/ml/raw_snippets_generated/missing_break_in_switch/buggy/GenMissingBreakBug041.java,java,MISSING_BREAK_IN_SWITCH,0,pair_641,buggy,synthetic_generated,case falls through without break (unintentional),0,0,0,1,0,35,873,0,1.0,0,0,0,0,1,3,5,3,0,5,2,11,268,2,2,0,0,0,2,0,0,2,30,0,0,0,0,0,2,0,0,2,1,4,2,1,0,1,0,12,0,0,0,0,0,0,0,0
gen_missing_break_fix_041,data/ml/raw_snippets_generated/missing_break_in_switch/fixed/GenMissingBreakFix041.java,java,NO_ISSUE,1,pair_641,fixed,synthetic_generated,every case ends with break/return,0,0,0,0,0,36,896,0,1.0,0,0,0,0,1,3,5,3,0,5,2,11,271,2,2,0,0,0,2,0,0,2,30,0,0,0,0,0,2,0,0,2,1,4,3,0,0,1,0,12,0,0,0,0,0,0,0,0
gen_array_index_bug_103,data/ml/raw_snippets_generated/array_length_index_misuse/buggy/GenArrayIndexBug103.java,java,ARRAY_LENGTH_INDEX_MISUSE,0,pair_533,buggy,synthetic_generated,accesses array[array.length] directly (out of bounds),0,0,1,0,0,5,122,0,1.0,0,0,0,0,1,1,0,1,0,0,0,8,40,0,0,0,0,0,0,0,0,0,0,0,0,0,0,0,1,1,1,1,0,0,0,0,0,0,0,0,0,0,0,0,0,0,0,0
gen_array_index_fix_103,data/ml/raw_snippets_generated/array_length_index_misuse/fixed/GenArrayIndexFix103.java,java,NO_ISSUE,1,pair_533,fixed,synthetic_generated,corrected with .length - 1 as last valid index,0,0,0,0,0,5,126,0,1.0,0,0,0,0,1,1,0,1,0,0,1,9,43,0,0,0,0,0,0,0,0,0,0,0,0,0,0,0,1,0,1,1,0,0,0,0,0,0,0,0,0,0,0,0,0,0,0,0
gen_clean_generic_028,data/ml/raw_snippets_generated/clean/GenCleanGeneric028.java,java,NO_ISSUE,1,,clean,synthetic_generated,clean snippet GenCleanGeneric028,0,0,0,0,0,55,1298,0,1.0,0,0,0,0,1,6,7,9,1,3,10,12,434,3,3,0,0,0,3,0,0,3,30,5,0,1,0,0,7,0,0,3,0,0,0,0,0,0,0,0,0,0,0,0,0,1,0,14
gen_array_index_bug_057,data/ml/raw_snippets_generated/array_length_index_misuse/buggy/GenArrayIndexBug057.java,java,ARRAY_LENGTH_INDEX_MISUSE,0,pair_487,buggy,synthetic_generated,accesses array[array.length] directly (out of bounds),0,0,1,0,0,15,346,0,1.0,0,0,0,0,1,3,0,1,0,1,2,10,115,0,0,0,0,0,0,0,0,0,0,0,0,0,0,0,1,1,1,1,0,0,0,0,0,0,0,0,0,0,0,0,0,0,0,0
gen_array_index_fix_057,data/ml/raw_snippets_generated/array_length_index_misuse/fixed/GenArrayIndexFix057.java,java,NO_ISSUE,1,pair_487,fixed,synthetic_generated,corrected with .length - 1 as last valid index,0,0,0,0,0,15,350,0,1.0,0,0,0,0,1,3,0,1,0,1,3,10,118,0,0,0,0,0,0,0,0,0,0,0,0,0,0,0,1,0,1,1,0,0,0,0,0,0,0,0,0,0,0,0,0,0,0,0
gen_array_index_bug_037,data/ml/raw_snippets_generated/array_length_index_misuse/buggy/GenArrayIndexBug037.java,java,ARRAY_LENGTH_INDEX_MISUSE,0,pair_467,buggy,synthetic_generated,accesses array[array.length] directly (out of bounds),0,0,1,0,0,24,623,0,1.0,0,0,0,0,1,3,4,3,0,1,3,12,221,2,2,0,0,0,2,0,0,2,30,1,0,0,0,0,5,1,1,3,0,0,0,0,0,0,0,0,0,0,0,0,0,0,0,0
gen_array_index_fix_037,data/ml/raw_snippets_generated/array_length_index_misuse/fixed/GenArrayIndexFix037.java,java,NO_ISSUE,1,pair_467,fixed,synthetic_generated,corrected with .length - 1 as last valid index,0,0,0,0,0,24,627,0,1.0,0,0,0,0,1,3,4,3,0,1,4,12,224,2,2,0,0,0,2,0,0,2,30,1,0,0,0,0,5,0,1,3,0,0,0,0,0,0,0,0,0,0,0,0,0,0,0,0
gen_missing_break_bug_138,data/ml/raw_snippets_generated/missing_break_in_switch/buggy/GenMissingBreakBug138.java,java,MISSING_BREAK_IN_SWITCH,0,pair_738,buggy,synthetic_generated,case falls through without break (unintentional),0,0,0,1,0,21,516,0,1.0,0,0,0,0,1,1,1,1,0,5,0,11,124,0,0,0,0,0,0,0,0,0,0,0,0,0,0,0,0,0,0,0,1,5,3,1,0,1,0,12,0,0,0,0,0,0,0,0
gen_missing_break_fix_138,data/ml/raw_snippets_generated/missing_break_in_switch/fixed/GenMissingBreakFix138.java,java,NO_ISSUE,1,pair_738,fixed,synthetic_generated,every case ends with break/return,0,0,0,0,0,22,539,0,1.0,0,0,0,0,1,1,1,1,0,5,0,11,127,0,0,0,0,0,0,0,0,0,0,0,0,0,0,0,0,0,0,0,1,5,4,0,0,1,0,12,0,0,0,0,0,0,0,0
gen_array_index_bug_123,data/ml/raw_snippets_generated/array_length_index_misuse/buggy/GenArrayIndexBug123.java,java,ARRAY_LENGTH_INDEX_MISUSE,0,pair_553,buggy,synthetic_generated,accesses array[array.length] directly (out of bounds),0,0,1,0,0,5,119,0,1.0,0,0,0,0,1,1,0,1,0,0,0,8,40,0,0,0,0,0,0,0,0,0,0,0,0,0,0,0,1,1,1,1,0,0,0,0,0,0,0,0,0,0,0,0,0,0,0,0
gen_array_index_fix_123,data/ml/raw_snippets_generated/array_length_index_misuse/fixed/GenArrayIndexFix123.java,java,NO_ISSUE,1,pair_553,fixed,synthetic_generated,corrected with .length - 1 as last valid index,0,0,0,0,0,5,123,0,1.0,0,0,0,0,1,1,0,1,0,0,1,9,43,0,0,0,0,0,0,0,0,0,0,0,0,0,0,0,1,0,1,1,0,0,0,0,0,0,0,0,0,0,0,0,0,0,0,0
gen_clean_generic_021,data/ml/raw_snippets_generated/clean/GenCleanGeneric021.java,java,NO_ISSUE,1,,clean,synthetic_generated,clean snippet GenCleanGeneric021,0,0,0,0,0,20,481,0,1.0,0,0,0,0,1,2,2,4,0,1,4,12,160,1,1,0,0,0,1,0,0,1,29,3,0,0,0,0,3,0,0,1,0,0,0,0,0,0,0,0,0,0,0,0,0,0,0,0
gen_incorrect_cond_bug_108,data/ml/raw_snippets_generated/incorrect_conditional_operator/buggy/GenIncorrectConditionalBug108.java,java,INCORRECT_CONDITIONAL_OPERATOR,0,pair_368,buggy,synthetic_generated,uses assignment (=) instead of equality (==) in condition,0,1,0,0,0,7,178,0,1.0,0,0,0,0,1,1,0,0,0,1,0,11,52,0,0,0,0,0,0,0,0,0,0,1,1,0,0,0,0,0,0,0,0,0,0,0,0,0,0,0,0,0,0,0,0,0,0,0
gen_incorrect_cond_fix_108,data/ml/raw_snippets_generated/incorrect_conditional_operator/fixed/GenIncorrectConditionalFix108.java,java,NO_ISSUE,1,pair_368,fixed,synthetic_generated,uses == for comparison correctly,0,0,0,0,0,7,179,0,1.0,0,0,0,0,1,1,0,0,0,0,1,11,52,0,0,0,0,0,0,0,0,0,0,1,0,1,0,0,0,0,0,0,0,0,0,0,0,0,0,0,0,0,0,0,0,0,0,0
gen_while_no_update_bug_164,data/ml/raw_snippets_generated/while_variable_not_updated/buggy/GenWhileNoUpdateBug164.java,java,WHILE_VARIABLE_NOT_UPDATED,0,pair_934,buggy,synthetic_generated,no condition variable changes inside the while body (infinite loop),0,0,0,0,1,9,207,0,1.0,0,0,0,0,1,1,1,1,1,1,1,9,60,0,0,0,0,0,0,0,0,0,0,0,0,0,0,0,0,0,0,0,0,0,0,0,0,0,0,0,0,0,0,0,0,0,1,9
gen_while_no_update_fix_164,data/ml/raw_snippets_generated/while_variable_not_updated/fixed/GenWhileNoUpdateFix164.java,java,NO_ISSUE,1,pair_934,fixed,synthetic_generated,condition variable updated inside the loop body,0,0,0,0,0,10,228,0,1.0,0,0,0,0,1,1,1,1,1,1,1,9,65,0,0,0,0,0,0,0,0,0,0,0,0,0,0,0,0,0,0,0,0,0,0,0,0,0,0,0,0,0,0,0,0,1,0,14
gen_while_no_update_bug_002,data/ml/raw_snippets_generated/while_variable_not_updated/buggy/GenWhileNoUpdateBug002.java,java,WHILE_VARIABLE_NOT_UPDATED,0,pair_772,buggy,synthetic_generated,no condition variable changes inside the while body (infinite loop),0,0,0,0,1,8,192,0,1.0,0,0,0,0,1,1,0,0,1,0,0,10,57,0,0,0,0,0,0,0,0,0,0,0,0,0,0,0,0,0,0,0,0,0,0,0,0,0,0,0,0,0,0,0,1,0,1,21
gen_while_no_update_fix_002,data/ml/raw_snippets_generated/while_variable_not_updated/fixed/GenWhileNoUpdateFix002.java,java,NO_ISSUE,1,pair_772,fixed,synthetic_generated,condition variable updated inside the loop body,0,0,0,0,0,9,225,0,1.0,0,0,0,0,1,1,0,0,1,1,1,10,66,0,0,0,0,0,0,0,0,0,0,0,0,0,0,0,0,0,0,0,0,0,0,0,0,0,0,0,0,0,0,0,1,1,0,30
gen_incorrect_cond_bug_094,data/ml/raw_snippets_generated/incorrect_conditional_operator/buggy/GenIncorrectConditionalBug094.java,java,INCORRECT_CONDITIONAL_OPERATOR,0,pair_354,buggy,synthetic_generated,uses assignment (=) instead of equality (==) in condition,0,1,0,0,0,24,616,0,1.0,0,0,0,0,1,3,2,5,0,1,3,11,184,1,1,0,0,0,1,0,0,1,30,2,1,1,0,0,1,0,0,1,0,0,0,0,0,0,0,0,0,0,0,0,0,0,0,0
gen_incorrect_cond_fix_094,data/ml/raw_snippets_generated/incorrect_conditional_operator/fixed/GenIncorrectConditionalFix094.java,java,NO_ISSUE,1,pair_354,fixed,synthetic_generated,uses == for comparison correctly,0,0,0,0,0,24,617,0,1.0,0,0,0,0,1,3,2,5,0,0,4,11,184,1,1,0,0,0,1,0,0,1,30,2,0,2,0,0,1,0,0,1,0,0,0,0,0,0,0,0,0,0,0,0,0,0,0,0
gen_incorrect_cond_bug_097,data/ml/raw_snippets_generated/incorrect_conditional_operator/buggy/GenIncorrectConditionalBug097.java,java,INCORRECT_CONDITIONAL_OPERATOR,0,pair_357,buggy,synthetic_generated,uses assignment (=) instead of equality (==) in condition,0,1,0,0,0,17,376,0,1.0,0,0,0,0,1,2,0,5,0,1,2,10,110,0,0,0,0,0,0,0,0,0,0,3,1,0,1,0,0,0,0,0,0,0,0,0,0,0,0,0,0,0,0,0,0,0,0,0
gen_incorrect_cond_fix_097,data/ml/raw_snippets_generated/incorrect_conditional_operator/fixed/GenIncorrectConditionalFix097.java,java,NO_ISSUE,1,pair_357,fixed,synthetic_generated,uses == for comparison correctly,0,0,0,0,0,17,377,0,1.0,0,0,0,0,1,2,0,5,0,0,3,10,110,0,0,0,0,0,0,0,0,0,0,3,0,1,1,0,0,0,0,0,0,0,0,0,0,0,0,0,0,0,0,0,0,0,0,0
gen_clean_generic_053,data/ml/raw_snippets_generated/clean/GenCleanGeneric053.java,java,NO_ISSUE,1,,clean,synthetic_generated,clean snippet GenCleanGeneric053,0,0,0,0,0,27,595,0,1.0,0,0,0,0,1,3,3,5,1,2,4,10,189,1,1,0,0,0,1,0,0,1,13,2,0,0,0,0,1,0,0,1,0,0,0,0,0,0,0,0,0,0,0,0,0,1,0,14
gen_missing_break_bug_091,data/ml/raw_snippets_generated/missing_break_in_switch/buggy/GenMissingBreakBug091.java,java,MISSING_BREAK_IN_SWITCH,0,pair_691,buggy,synthetic_generated,case falls through without break (unintentional),0,0,0,1,0,49,1077,0,1.0,0,0,0,0,1,5,3,7,2,6,6,11,295,0,0,0,0,0,0,0,0,0,0,2,0,0,0,0,0,0,0,0,1,4,2,1,0,1,0,12,0,0,0,0,0,2,0,14
gen_missing_break_fix_091,data/ml/raw_snippets_generated/missing_break_in_switch/fixed/GenMissingBreakFix091.java,java,NO_ISSUE,1,pair_691,fixed,synthetic_generated,every case ends with break/return,0,0,0,0,0,50,1100,0,1.0,0,0,0,0,1,5,3,7,2,6,6,11,298,0,0,0,0,0,0,0,0,0,0,2,0,0,0,0,0,0,0,0,1,4,3,0,0,1,0,12,0,0,0,0,0,2,0,14
gen_while_no_update_bug_024,data/ml/raw_snippets_generated/while_variable_not_updated/buggy/GenWhileNoUpdateBug024.java,java,WHILE_VARIABLE_NOT_UPDATED,0,pair_794,buggy,synthetic_generated,no condition variable changes inside the while body (infinite loop),0,0,0,0,1,7,173,0,1.0,0,0,0,0,1,1,0,0,1,0,2,12,55,0,0,0,0,0,0,0,0,0,0,0,0,0,0,0,0,0,0,0,0,0,0,0,0,0,0,0,0,0,0,0,1,0,1,22
gen_while_no_update_fix_024,data/ml/raw_snippets_generated/while_variable_not_updated/fixed/GenWhileNoUpdateFix024.java,java,NO_ISSUE,1,pair_794,fixed,synthetic_generated,condition variable updated inside the loop body,0,0,0,0,0,8,194,0,1.0,0,0,0,0,1,1,0,0,1,0,2,12,60,0,0,0,0,0,0,0,0,0,0,0,0,0,0,0,0,0,0,0,0,0,0,0,0,0,0,0,0,0,0,0,1,1,0,27
gen_missing_break_bug_092,data/ml/raw_snippets_generated/missing_break_in_switch/buggy/GenMissingBreakBug092.java,java,MISSING_BREAK_IN_SWITCH,0,pair_692,buggy,synthetic_generated,case falls through without break (unintentional),0,0,0,1,0,21,512,0,1.0,0,0,0,0,1,1,1,1,0,5,0,11,124,0,0,0,0,0,0,0,0,0,0,0,0,0,0,0,0,0,0,0,1,5,3,1,0,1,0,12,0,0,0,0,0,0,0,0
gen_missing_break_fix_092,data/ml/raw_snippets_generated/missing_break_in_switch/fixed/GenMissingBreakFix092.java,java,NO_ISSUE,1,pair_692,fixed,synthetic_generated,every case ends with break/return,0,0,0,0,0,22,535,0,1.0,0,0,0,0,1,1,1,1,0,5,0,11,127,0,0,0,0,0,0,0,0,0,0,0,0,0,0,0,0,0,0,0,1,5,4,0,0,1,0,12,0,0,0,0,0,0,0,0
gen_incorrect_cond_bug_069,data/ml/raw_snippets_generated/incorrect_conditional_operator/buggy/GenIncorrectConditionalBug069.java,java,INCORRECT_CONDITIONAL_OPERATOR,0,pair_329,buggy,synthetic_generated,uses assignment (=) instead of equality (==) in condition,0,1,0,0,0,23,525,0,1.0,0,0,0,0,1,3,0,5,0,1,4,11,159,0,0,0,0,0,0,0,0,0,0,4,1,1,0,0,0,0,0,0,0,0,0,0,0,0,0,0,0,0,0,0,0,0,0,0
gen_incorrect_cond_fix_069,data/ml/raw_snippets_generated/incorrect_conditional_operator/fixed/GenIncorrectConditionalFix069.java,java,NO_ISSUE,1,pair_329,fixed,synthetic_generated,uses == for comparison correctly,0,0,0,0,0,23,526,0,1.0,0,0,0,0,1,3,0,5,0,0,5,11,159,0,0,0,0,0,0,0,0,0,0,4,0,2,0,0,0,0,0,0,0,0,0,0,0,0,0,0,0,0,0,0,0,0,0,0
gen_off_by_one_bug_110,data/ml/raw_snippets_generated/off_by_one/buggy/GenOffByOneBug110.java,java,OFF_BY_ONE_LOOP_BOUNDARY,0,pair_200,buggy,synthetic_generated,starts from .length instead of .length - 1,1,0,0,0,0,7,182,0,1.0,0,0,0,0,1,1,1,0,0,0,1,11,71,1,1,1,0,0,1,1,1,1,20,0,0,0,0,0,1,0,0,1,0,0,0,0,0,0,0,0,0,0,0,0,0,0,0,0
gen_off_by_one_fix_110,data/ml/raw_snippets_generated/off_by_one/fixed/GenOffByOneFix110.java,java,NO_ISSUE,1,pair_200,fixed,synthetic_generated,corrected with < length boundary,0,0,0,0,0,7,181,0,1.0,0,0,0,0,1,1,1,0,0,0,1,11,71,1,1,0,0,0,1,0,0,1,20,0,0,0,0,0,1,0,0,1,0,0,0,0,0,0,0,0,0,0,0,0,0,0,0,0
gen_clean_verbose_boolean_010,data/ml/raw_snippets_generated/clean/GenCleanVerboseBoolean010.java,java,NO_ISSUE,1,,clean,synthetic_generated,clean snippet GenCleanVerboseBoolean010,0,0,0,0,0,8,179,0,1.0,0,0,0,0,1,1,0,2,0,0,1,9,49,0,0,0,0,0,0,0,0,0,0,1,0,1,1,0,0,0,0,0,0,0,0,0,0,0,0,0,0,0,0,0,0,0,0,0
gen_off_by_one_bug_138,data/ml/raw_snippets_generated/off_by_one/buggy/GenOffByOneBug138.java,java,OFF_BY_ONE_LOOP_BOUNDARY,0,pair_228,buggy,synthetic_generated,starts from .length instead of .length - 1,1,0,0,0,0,7,185,0,1.0,0,0,0,0,1,1,1,0,0,0,1,11,71,1,1,1,0,0,1,1,1,1,20,0,0,0,0,0,1,0,0,1,0,0,0,0,0,0,0,0,0,0,0,0,0,0,0,0
gen_off_by_one_fix_138,data/ml/raw_snippets_generated/off_by_one/fixed/GenOffByOneFix138.java,java,NO_ISSUE,1,pair_228,fixed,synthetic_generated,corrected with < length boundary,0,0,0,0,0,7,184,0,1.0,0,0,0,0,1,1,1,0,0,0,1,11,71,1,1,0,0,0,1,0,0,1,20,0,0,0,0,0,1,0,0,1,0,0,0,0,0,0,0,0,0,0,0,0,0,0,0,0
gen_while_no_update_bug_128,data/ml/raw_snippets_generated/while_variable_not_updated/buggy/GenWhileNoUpdateBug128.java,java,WHILE_VARIABLE_NOT_UPDATED,0,pair_898,buggy,synthetic_generated,no condition variable changes inside the while body (infinite loop),0,0,0,0,1,7,173,0,1.0,0,0,0,0,1,1,0,0,1,0,2,12,55,0,0,0,0,0,0,0,0,0,0,0,0,0,0,0,0,0,0,0,0,0,0,0,0,0,0,0,0,0,0,0,1,0,1,22
gen_while_no_update_fix_128,data/ml/raw_snippets_generated/while_variable_not_updated/fixed/GenWhileNoUpdateFix128.java,java,NO_ISSUE,1,pair_898,fixed,synthetic_generated,condition variable updated inside the loop body,0,0,0,0,0,8,194,0,1.0,0,0,0,0,1,1,0,0,1,0,2,12,60,0,0,0,0,0,0,0,0,0,0,0,0,0,0,0,0,0,0,0,0,0,0,0,0,0,0,0,0,0,0,0,1,1,0,27
gen_missing_break_bug_004,data/ml/raw_snippets_generated/missing_break_in_switch/buggy/GenMissingBreakBug004.java,java,MISSING_BREAK_IN_SWITCH,0,pair_604,buggy,synthetic_generated,case falls through without break (unintentional),0,0,0,1,0,22,512,0,1.0,0,0,0,0,1,2,1,2,0,4,2,11,132,0,0,0,0,0,0,0,0,0,0,0,0,0,0,0,0,0,0,0,1,4,2,1,0,1,0,12,0,0,0,0,0,0,0,0
gen_missing_break_fix_004,data/ml/raw_snippets_generated/missing_break_in_switch/fixed/GenMissingBreakFix004.java,java,NO_ISSUE,1,pair_604,fixed,synthetic_generated,every case ends with break/return,0,0,0,0,0,23,535,0,1.0,0,0,0,0,1,2,1,2,0,4,2,11,135,0,0,0,0,0,0,0,0,0,0,0,0,0,0,0,0,0,0,0,1,4,3,0,0,1,0,12,0,0,0,0,0,0,0,0
gen_missing_break_bug_143,data/ml/raw_snippets_generated/missing_break_in_switch/buggy/GenMissingBreakBug143.java,java,MISSING_BREAK_IN_SWITCH,0,pair_743,buggy,synthetic_generated,case falls through without break (unintentional),0,0,0,1,0,31,731,0,1.0,0,0,0,0,1,2,1,3,0,6,2,11,185,0,0,0,0,0,0,0,0,0,0,1,0,1,0,0,0,0,0,0,1,6,4,1,0,1,0,12,0,0,0,0,0,0,0,0
gen_missing_break_fix_143,data/ml/raw_snippets_generated/missing_break_in_switch/fixed/GenMissingBreakFix143.java,java,NO_ISSUE,1,pair_743,fixed,synthetic_generated,every case ends with break/return,0,0,0,0,0,32,754,0,1.0,0,0,0,0,1,2,1,3,0,6,2,11,188,0,0,0,0,0,0,0,0,0,0,1,0,1,0,0,0,0,0,0,1,6,5,0,0,1,0,12,0,0,0,0,0,0,0,0
gen_while_no_update_bug_170,data/ml/raw_snippets_generated/while_variable_not_updated/buggy/GenWhileNoUpdateBug170.java,java,WHILE_VARIABLE_NOT_UPDATED,0,pair_940,buggy,synthetic_generated,no condition variable changes inside the while body (infinite loop),0,0,0,0,1,8,192,0,1.0,0,0,0,0,1,1,0,0,1,0,0,10,57,0,0,0,0,0,0,0,0,0,0,0,0,0,0,0,0,0,0,0,0,0,0,0,0,0,0,0,0,0,0,0,1,0,1,21
gen_while_no_update_fix_170,data/ml/raw_snippets_generated/while_variable_not_updated/fixed/GenWhileNoUpdateFix170.java,java,NO_ISSUE,1,pair_940,fixed,synthetic_generated,condition variable updated inside the loop body,0,0,0,0,0,9,225,0,1.0,0,0,0,0,1,1,0,0,1,1,1,10,66,0,0,0,0,0,0,0,0,0,0,0,0,0,0,0,0,0,0,0,0,0,0,0,0,0,0,0,0,0,0,0,1,1,0,30
gen_while_no_update_bug_099,data/ml/raw_snippets_generated/while_variable_not_updated/buggy/GenWhileNoUpdateBug099.java,java,WHILE_VARIABLE_NOT_UPDATED,0,pair_869,buggy,synthetic_generated,no condition variable changes inside the while body (infinite loop),0,0,0,0,1,16,367,0,1.0,0,0,0,0,1,2,0,3,1,0,4,12,116,0,0,0,0,0,0,0,0,0,0,2,0,0,0,0,0,0,0,0,0,0,0,0,0,0,0,0,0,0,0,0,1,0,1,22
gen_while_no_update_fix_099,data/ml/raw_snippets_generated/while_variable_not_updated/fixed/GenWhileNoUpdateFix099.java,java,NO_ISSUE,1,pair_869,fixed,synthetic_generated,condition variable updated inside the loop body,0,0,0,0,0,17,388,0,1.0,0,0,0,0,1,2,0,3,1,0,4,12,121,0,0,0,0,0,0,0,0,0,0,2,0,0,0,0,0,0,0,0,0,0,0,0,0,0,0,0,0,0,0,0,1,1,0,27
gen_array_index_bug_052,data/ml/raw_snippets_generated/array_length_index_misuse/buggy/GenArrayIndexBug052.java,java,ARRAY_LENGTH_INDEX_MISUSE,0,pair_482,buggy,synthetic_generated,accesses array[array.length] directly (out of bounds),0,0,1,0,0,52,1209,0,1.0,0,0,0,0,1,8,4,11,0,1,13,12,403,2,2,0,0,0,2,0,0,2,30,4,0,1,0,0,5,1,1,3,0,0,0,0,0,0,0,0,0,0,0,0,0,0,0,0
gen_array_index_fix_052,data/ml/raw_snippets_generated/array_length_index_misuse/fixed/GenArrayIndexFix052.java,java,NO_ISSUE,1,pair_482,fixed,synthetic_generated,corrected with .length - 1 as last valid index,0,0,0,0,0,52,1213,0,1.0,0,0,0,0,1,8,4,11,0,1,14,12,406,2,2,0,0,0,2,0,0,2,30,4,0,1,0,0,5,0,1,3,0,0,0,0,0,0,0,0,0,0,0,0,0,0,0,0
gen_missing_break_bug_110,data/ml/raw_snippets_generated/missing_break_in_switch/buggy/GenMissingBreakBug110.java,java,MISSING_BREAK_IN_SWITCH,0,pair_710,buggy,synthetic_generated,case falls through without break (unintentional),0,0,0,1,0,41,1012,0,1.0,0,0,0,0,1,4,3,4,0,6,5,11,284,1,1,0,0,0,1,0,0,1,30,0,0,0,0,0,1,0,0,1,1,6,4,1,0,1,0,12,0,0,0,0,0,0,0,0
gen_missing_break_fix_110,data/ml/raw_snippets_generated/missing_break_in_switch/fixed/GenMissingBreakFix110.java,java,NO_ISSUE,1,pair_710,fixed,synthetic_generated,every case ends with break/return,0,0,0,0,0,42,1035,0,1.0,0,0,0,0,1,4,3,4,0,6,5,11,287,1,1,0,0,0,1,0,0,1,30,0,0,0,0,0,1,0,0,1,1,6,5,0,0,1,0,12,0,0,0,0,0,0,0,0
gen_off_by_one_bug_078,data/ml/raw_snippets_generated/off_by_one/buggy/GenOffByOneBug078.java,java,OFF_BY_ONE_LOOP_BOUNDARY,0,pair_168,buggy,synthetic_generated,starts from .length instead of .length - 1,1,0,0,0,0,19,443,0,1.0,0,0,0,0,1,3,3,2,0,1,4,11,164,2,2,1,0,0,2,1,1,2,20,0,0,0,0,0,2,0,0,2,0,0,0,0,0,0,0,0,0,0,0,0,0,0,0,0
gen_off_by_one_fix_078,data/ml/raw_snippets_generated/off_by_one/fixed/GenOffByOneFix078.java,java,NO_ISSUE,1,pair_168,fixed,synthetic_generated,corrected with < length boundary,0,0,0,0,0,19,442,0,1.0,0,0,0,0,1,3,3,2,0,1,4,11,164,2,2,0,0,0,2,0,0,2,20,0,0,0,0,0,2,0,0,2,0,0,0,0,0,0,0,0,0,0,0,0,0,0,0,0
gen_clean_boundary_minus_one_002,data/ml/raw_snippets_generated/clean/GenCleanBoundaryMinusOne002.java,java,NO_ISSUE,1,,clean,synthetic_generated,clean snippet GenCleanBoundaryMinusOne002,0,0,0,0,0,58,1280,0,1.0,0,0,0,0,1,8,4,11,0,2,11,10,427,2,2,1,0,0,2,1,0,2,13,5,0,1,0,0,2,0,0,2,0,0,0,0,0,0,0,0,0,0,0,0,0,0,0,0
gen_while_no_update_bug_130,data/ml/raw_snippets_generated/while_variable_not_updated/buggy/GenWhileNoUpdateBug130.java,java,WHILE_VARIABLE_NOT_UPDATED,0,pair_900,buggy,synthetic_generated,no condition variable changes inside the while body (infinite loop),0,0,0,0,1,8,190,0,1.0,0,0,0,0,1,1,0,0,1,0,0,10,57,0,0,0,0,0,0,0,0,0,0,0,0,0,0,0,0,0,0,0,0,0,0,0,0,0,0,0,0,0,0,0,1,0,1,21
gen_while_no_update_fix_130,data/ml/raw_snippets_generated/while_variable_not_updated/fixed/GenWhileNoUpdateFix130.java,java,NO_ISSUE,1,pair_900,fixed,synthetic_generated,condition variable updated inside the loop body,0,0,0,0,0,9,222,0,1.0,0,0,0,0,1,1,0,0,1,1,1,10,66,0,0,0,0,0,0,0,0,0,0,0,0,0,0,0,0,0,0,0,0,0,0,0,0,0,0,0,0,0,0,0,1,1,0,30
gen_while_no_update_bug_146,data/ml/raw_snippets_generated/while_variable_not_updated/buggy/GenWhileNoUpdateBug146.java,java,WHILE_VARIABLE_NOT_UPDATED,0,pair_916,buggy,synthetic_generated,no condition variable changes inside the while body (infinite loop),0,0,0,0,1,9,203,0,1.0,0,0,0,0,1,1,1,1,1,1,1,9,60,0,0,0,0,0,0,0,0,0,0,0,0,0,0,0,0,0,0,0,0,0,0,0,0,0,0,0,0,0,0,0,0,0,1,9
gen_while_no_update_fix_146,data/ml/raw_snippets_generated/while_variable_not_updated/fixed/GenWhileNoUpdateFix146.java,java,NO_ISSUE,1,pair_916,fixed,synthetic_generated,condition variable updated inside the loop body,0,0,0,0,0,10,224,0,1.0,0,0,0,0,1,1,1,1,1,1,1,9,65,0,0,0,0,0,0,0,0,0,0,0,0,0,0,0,0,0,0,0,0,0,0,0,0,0,0,0,0,0,0,0,0,1,0,14
gen_incorrect_cond_bug_088,data/ml/raw_snippets_generated/incorrect_conditional_operator/buggy/GenIncorrectConditionalBug088.java,java,INCORRECT_CONDITIONAL_OPERATOR,0,pair_348,buggy,synthetic_generated,uses assignment (=) instead of equality (==) in condition,0,1,0,0,0,8,200,0,1.0,0,0,0,0,1,1,0,2,0,1,0,8,47,0,0,0,0,0,0,0,0,0,0,1,1,0,0,0,0,0,0,0,0,0,0,0,0,0,0,0,0,0,0,0,0,0,0,0
gen_incorrect_cond_fix_088,data/ml/raw_snippets_generated/incorrect_conditional_operator/fixed/GenIncorrectConditionalFix088.java,java,NO_ISSUE,1,pair_348,fixed,synthetic_generated,uses == for comparison correctly,0,0,0,0,0,8,201,0,1.0,0,0,0,0,1,1,0,2,0,0,1,8,47,0,0,0,0,0,0,0,0,0,0,1,0,1,0,0,0,0,0,0,0,0,0,0,0,0,0,0,0,0,0,0,0,0,0,0
gen_array_index_bug_169,data/ml/raw_snippets_generated/array_length_index_misuse/buggy/GenArrayIndexBug169.java,java,ARRAY_LENGTH_INDEX_MISUSE,0,pair_599,buggy,synthetic_generated,accesses array[array.length] directly (out of bounds),0,0,1,0,0,27,617,0,1.0,0,0,0,0,1,4,0,5,0,0,4,10,199,0,0,0,0,0,0,0,0,0,0,3,0,1,0,0,1,1,1,1,0,0,0,0,0,0,0,0,0,0,0,0,0,0,0,0
gen_array_index_fix_169,data/ml/raw_snippets_generated/array_length_index_misuse/fixed/GenArrayIndexFix169.java,java,NO_ISSUE,1,pair_599,fixed,synthetic_generated,corrected with .length - 1 as last valid index,0,0,0,0,0,27,621,0,1.0,0,0,0,0,1,4,0,5,0,0,5,11,202,0,0,0,0,0,0,0,0,0,0,3,0,1,0,0,1,0,1,1,0,0,0,0,0,0,0,0,0,0,0,0,0,0,0,0
gen_clean_verbose_boolean_005,data/ml/raw_snippets_generated/clean/GenCleanVerboseBoolean005.java,java,NO_ISSUE,1,,clean,synthetic_generated,clean snippet GenCleanVerboseBoolean005,0,0,0,0,0,70,1545,0,1.0,0,0,0,0,1,9,3,15,0,4,15,12,462,1,1,0,0,0,1,0,0,1,29,7,0,2,1,0,3,0,0,1,1,3,2,0,0,1,0,12,0,0,0,0,0,0,0,0
gen_off_by_one_bug_021,data/ml/raw_snippets_generated/off_by_one/buggy/GenOffByOneBug021.java,java,OFF_BY_ONE_LOOP_BOUNDARY,0,pair_111,buggy,synthetic_generated,starts from .length instead of .length - 1,1,0,0,0,0,16,362,0,1.0,0,0,0,0,1,2,2,1,1,1,2,11,122,1,1,1,0,0,1,1,1,1,20,0,0,0,0,0,1,0,0,1,0,0,0,0,0,0,0,0,0,0,0,0,0,1,0,14
gen_off_by_one_fix_021,data/ml/raw_snippets_generated/off_by_one/fixed/GenOffByOneFix021.java,java,NO_ISSUE,1,pair_111,fixed,synthetic_generated,corrected with < length boundary,0,0,0,0,0,16,361,0,1.0,0,0,0,0,1,2,2,1,1,1,2,11,122,1,1,0,0,0,1,0,0,1,20,0,0,0,0,0,1,0,0,1,0,0,0,0,0,0,0,0,0,0,0,0,0,1,0,14
gen_clean_verbose_boolean_022,data/ml/raw_snippets_generated/clean/GenCleanVerboseBoolean022.java,java,NO_ISSUE,1,,clean,synthetic_generated,clean snippet GenCleanVerboseBoolean022,0,0,0,0,0,8,177,0,1.0,0,0,0,0,1,1,0,2,0,0,1,9,49,0,0,0,0,0,0,0,0,0,0,1,0,1,1,0,0,0,0,0,0,0,0,0,0,0,0,0,0,0,0,0,0,0,0,0
gen_incorrect_cond_bug_014,data/ml/raw_snippets_generated/incorrect_conditional_operator/buggy/GenIncorrectConditionalBug014.java,java,INCORRECT_CONDITIONAL_OPERATOR,0,pair_274,buggy,synthetic_generated,uses assignment (=) instead of equality (==) in condition,0,1,0,0,0,21,449,0,1.0,0,0,0,0,1,3,1,4,1,2,3,9,125,0,0,0,0,0,0,0,0,0,0,1,1,0,1,0,0,0,0,0,0,0,0,0,0,0,0,0,0,0,0,0,0,1,0,14
gen_incorrect_cond_fix_014,data/ml/raw_snippets_generated/incorrect_conditional_operator/fixed/GenIncorrectConditionalFix014.java,java,NO_ISSUE,1,pair_274,fixed,synthetic_generated,uses == for comparison correctly,0,0,0,0,0,21,450,0,1.0,0,0,0,0,1,3,1,4,1,1,4,9,125,0,0,0,0,0,0,0,0,0,0,1,0,1,1,0,0,0,0,0,0,0,0,0,0,0,0,0,0,0,0,0,0,1,0,14
gen_clean_while_true_break_008,data/ml/raw_snippets_generated/clean/GenCleanWhileTrueBreak008.java,java,NO_ISSUE,1,,clean,synthetic_generated,clean snippet GenCleanWhileTrueBreak008,0,0,0,0,0,19,398,0,1.0,0,0,0,0,1,2,1,3,1,0,3,10,110,0,0,0,0,0,0,0,0,0,0,2,0,1,0,0,0,0,0,0,0,0,0,0,0,0,0,0,0,0,1,1,0,0,0,23
gen_off_by_one_bug_136,data/ml/raw_snippets_generated/off_by_one/buggy/GenOffByOneBug136.java,java,OFF_BY_ONE_LOOP_BOUNDARY,0,pair_226,buggy,synthetic_generated,starts from .length instead of .length - 1,1,0,0,0,0,30,705,0,1.0,0,0,0,0,1,3,3,2,0,4,1,11,223,1,1,1,0,0,1,1,1,1,17,0,0,0,0,0,2,0,0,2,1,3,2,0,0,1,0,12,0,0,0,0,0,0,0,0
gen_off_by_one_fix_136,data/ml/raw_snippets_generated/off_by_one/fixed/GenOffByOneFix136.java,java,NO_ISSUE,1,pair_226,fixed,synthetic_generated,corrected with < length boundary,0,0,0,0,0,30,704,0,1.0,0,0,0,0,1,3,3,2,0,4,1,11,223,1,1,0,0,0,1,0,0,1,17,0,0,0,0,0,2,0,0,2,1,3,2,0,0,1,0,12,0,0,0,0,0,0,0,0
gen_while_no_update_bug_140,data/ml/raw_snippets_generated/while_variable_not_updated/buggy/GenWhileNoUpdateBug140.java,java,WHILE_VARIABLE_NOT_UPDATED,0,pair_910,buggy,synthetic_generated,no condition variable changes inside the while body (infinite loop),0,0,0,0,1,7,182,0,1.0,0,0,0,0,1,1,0,0,1,0,2,12,55,0,0,0,0,0,0,0,0,0,0,0,0,0,0,0,0,0,0,0,0,0,0,0,0,0,0,0,0,0,0,0,1,0,1,22
gen_while_no_update_fix_140,data/ml/raw_snippets_generated/while_variable_not_updated/fixed/GenWhileNoUpdateFix140.java,java,NO_ISSUE,1,pair_910,fixed,synthetic_generated,condition variable updated inside the loop body,0,0,0,0,0,8,206,0,1.0,0,0,0,0,1,1,0,0,1,0,2,12,60,0,0,0,0,0,0,0,0,0,0,0,0,0,0,0,0,0,0,0,0,0,0,0,0,0,0,0,0,0,0,0,1,1,0,27
gen_missing_break_bug_026,data/ml/raw_snippets_generated/missing_break_in_switch/buggy/GenMissingBreakBug026.java,java,MISSING_BREAK_IN_SWITCH,0,pair_626,buggy,synthetic_generated,case falls through without break (unintentional),0,0,0,1,0,22,515,0,1.0,0,0,0,0,1,2,1,2,0,4,2,11,132,0,0,0,0,0,0,0,0,0,0,0,0,0,0,0,0,0,0,0,1,4,2,1,0,1,0,12,0,0,0,0,0,0,0,0
gen_missing_break_fix_026,data/ml/raw_snippets_generated/missing_break_in_switch/fixed/GenMissingBreakFix026.java,java,NO_ISSUE,1,pair_626,fixed,synthetic_generated,every case ends with break/return,0,0,0,0,0,23,538,0,1.0,0,0,0,0,1,2,1,2,0,4,2,11,135,0,0,0,0,0,0,0,0,0,0,0,0,0,0,0,0,0,0,0,1,4,3,0,0,1,0,12,0,0,0,0,0,0,0,0
gen_clean_generic_093,data/ml/raw_snippets_generated/clean/GenCleanGeneric093.java,java,NO_ISSUE,1,,clean,synthetic_generated,clean snippet GenCleanGeneric093,0,0,0,0,0,10,302,0,1.0,0,0,0,0,1,1,2,1,0,0,1,11,102,1,1,0,0,0,1,0,0,1,30,0,0,0,0,0,1,0,0,1,0,0,0,0,0,0,0,0,0,0,0,0,0,0,0,0
gen_off_by_one_bug_032,data/ml/raw_snippets_generated/off_by_one/buggy/GenOffByOneBug032.java,java,OFF_BY_ONE_LOOP_BOUNDARY,0,pair_122,buggy,synthetic_generated,starts from .length instead of .length - 1,1,0,0,0,0,48,1059,0,1.0,0,0,0,0,1,5,4,6,1,5,4,11,313,1,1,1,0,0,1,1,1,1,13,2,0,0,0,0,1,0,0,1,1,3,2,0,0,1,0,12,0,0,0,0,0,1,0,14
gen_off_by_one_fix_032,data/ml/raw_snippets_generated/off_by_one/fixed/GenOffByOneFix032.java,java,NO_ISSUE,1,pair_122,fixed,synthetic_generated,corrected with < length boundary,0,0,0,0,0,48,1058,0,1.0,0,0,0,0,1,5,4,6,1,5,4,11,313,1,1,0,0,0,1,0,0,1,13,2,0,0,0,0,1,0,0,1,1,3,2,0,0,1,0,12,0,0,0,0,0,1,0,14
gen_incorrect_cond_bug_110,data/ml/raw_snippets_generated/incorrect_conditional_operator/buggy/GenIncorrectConditionalBug110.java,java,INCORRECT_CONDITIONAL_OPERATOR,0,pair_370,buggy,synthetic_generated,uses assignment (=) instead of equality (==) in condition,0,1,0,0,0,17,396,0,1.0,0,0,0,0,1,2,0,5,0,1,2,9,112,0,0,0,0,0,0,0,0,0,0,3,1,0,1,0,0,0,0,0,0,0,0,0,0,0,0,0,0,0,0,0,0,0,0,0
gen_incorrect_cond_fix_110,data/ml/raw_snippets_generated/incorrect_conditional_operator/fixed/GenIncorrectConditionalFix110.java,java,NO_ISSUE,1,pair_370,fixed,synthetic_generated,uses == for comparison correctly,0,0,0,0,0,17,397,0,1.0,0,0,0,0,1,2,0,5,0,0,3,9,112,0,0,0,0,0,0,0,0,0,0,3,0,1,1,0,0,0,0,0,0,0,0,0,0,0,0,0,0,0,0,0,0,0,0,0
gen_array_index_bug_120,data/ml/raw_snippets_generated/array_length_index_misuse/buggy/GenArrayIndexBug120.java,java,ARRAY_LENGTH_INDEX_MISUSE,0,pair_550,buggy,synthetic_generated,accesses array[array.length] directly (out of bounds),0,0,1,0,0,29,659,0,1.0,0,0,0,0,1,3,1,4,0,3,2,11,189,0,0,0,0,0,0,0,0,0,0,2,0,0,0,0,1,1,1,1,1,3,2,0,0,1,0,12,0,0,0,0,0,0,0,0
gen_array_index_fix_120,data/ml/raw_snippets_generated/array_length_index_misuse/fixed/GenArrayIndexFix120.java,java,NO_ISSUE,1,pair_550,fixed,synthetic_generated,corrected with .length - 1 as last valid index,0,0,0,0,0,29,663,0,1.0,0,0,0,0,1,3,1,4,0,3,3,11,192,0,0,0,0,0,0,0,0,0,0,2,0,0,0,0,1,0,1,1,1,3,2,0,0,1,0,12,0,0,0,0,0,0,0,0
gen_while_no_update_bug_023,data/ml/raw_snippets_generated/while_variable_not_updated/buggy/GenWhileNoUpdateBug023.java,java,WHILE_VARIABLE_NOT_UPDATED,0,pair_793,buggy,synthetic_generated,no condition variable changes inside the while body (infinite loop),0,0,0,0,1,25,620,0,1.0,0,0,0,0,1,3,3,2,2,1,4,12,199,1,1,0,0,0,1,0,0,1,30,0,0,0,0,0,1,0,0,1,0,0,0,0,0,0,0,0,0,0,0,0,1,1,1,22
gen_while_no_update_fix_023,data/ml/raw_snippets_generated/while_variable_not_updated/fixed/GenWhileNoUpdateFix023.java,java,NO_ISSUE,1,pair_793,fixed,synthetic_generated,condition variable updated inside the loop body,0,0,0,0,0,26,641,0,1.0,0,0,0,0,1,3,3,2,2,1,4,12,204,1,1,0,0,0,1,0,0,1,30,0,0,0,0,0,1,0,0,1,0,0,0,0,0,0,0,0,0,0,0,0,1,2,0,27
gen_missing_break_bug_013,data/ml/raw_snippets_generated/missing_break_in_switch/buggy/GenMissingBreakBug013.java,java,MISSING_BREAK_IN_SWITCH,0,pair_613,buggy,synthetic_generated,case falls through without break (unintentional),0,0,0,1,0,30,690,0,1.0,0,0,0,0,1,2,2,2,1,6,1,11,175,0,0,0,0,0,0,0,0,0,0,0,0,0,0,0,0,0,0,0,1,5,3,1,0,1,0,12,0,0,0,0,0,1,0,14
gen_missing_break_fix_013,data/ml/raw_snippets_generated/missing_break_in_switch/fixed/GenMissingBreakFix013.java,java,NO_ISSUE,1,pair_613,fixed,synthetic_generated,every case ends with break/return,0,0,0,0,0,31,713,0,1.0,0,0,0,0,1,2,2,2,1,6,1,11,178,0,0,0,0,0,0,0,0,0,0,0,0,0,0,0,0,0,0,0,1,5,4,0,0,1,0,12,0,0,0,0,0,1,0,14
gen_missing_break_bug_087,data/ml/raw_snippets_generated/missing_break_in_switch/buggy/GenMissingBreakBug087.java,java,MISSING_BREAK_IN_SWITCH,0,pair_687,buggy,synthetic_generated,case falls through without break (unintentional),0,0,0,1,0,27,641,0,1.0,0,0,0,0,1,2,1,1,0,5,0,11,168,0,0,0,0,0,0,0,0,0,0,0,0,0,0,0,0,0,0,0,1,5,3,1,0,1,0,12,0,0,0,0,0,0,0,0
gen_missing_break_fix_087,data/ml/raw_snippets_generated/missing_break_in_switch/fixed/GenMissingBreakFix087.java,java,NO_ISSUE,1,pair_687,fixed,synthetic_generated,every case ends with break/return,0,0,0,0,0,28,664,0,1.0,0,0,0,0,1,2,1,1,0,5,0,11,171,0,0,0,0,0,0,0,0,0,0,0,0,0,0,0,0,0,0,0,1,5,4,0,0,1,0,12,0,0,0,0,0,0,0,0
gen_off_by_one_bug_149,data/ml/raw_snippets_generated/off_by_one/buggy/GenOffByOneBug149.java,java,OFF_BY_ONE_LOOP_BOUNDARY,0,pair_239,buggy,synthetic_generated,starts from .length instead of .length - 1,1,0,0,0,0,11,281,0,1.0,0,0,0,0,1,1,2,1,0,0,2,11,93,1,1,1,0,0,1,1,1,1,24,1,0,0,0,0,1,0,0,1,0,0,0,0,0,0,0,0,0,0,0,0,0,0,0,0
gen_off_by_one_fix_149,data/ml/raw_snippets_generated/off_by_one/fixed/GenOffByOneFix149.java,java,NO_ISSUE,1,pair_239,fixed,synthetic_generated,corrected with < length boundary,0,0,0,0,0,11,280,0,1.0,0,0,0,0,1,1,2,1,0,0,2,11,93,1,1,0,0,0,1,0,0,1,24,1,0,0,0,0,1,0,0,1,0,0,0,0,0,0,0,0,0,0,0,0,0,0,0,0
gen_clean_generic_074,data/ml/raw_snippets_generated/clean/GenCleanGeneric074.java,java,NO_ISSUE,1,,clean,synthetic_generated,clean snippet GenCleanGeneric074,0,0,0,0,0,42,976,0,1.0,0,0,0,0,1,6,4,7,0,1,8,11,327,2,2,0,0,0,2,0,0,2,30,2,0,2,0,0,2,0,0,2,0,0,0,0,0,0,0,0,0,0,0,0,0,0,0,0
gen_off_by_one_bug_102,data/ml/raw_snippets_generated/off_by_one/buggy/GenOffByOneBug102.java,java,OFF_BY_ONE_LOOP_BOUNDARY,0,pair_192,buggy,synthetic_generated,starts from .length instead of .length - 1,1,0,0,0,0,31,784,0,1.0,0,0,0,0,1,4,4,6,0,1,6,11,278,2,2,1,0,0,2,1,1,2,30,2,0,0,0,0,3,0,0,3,0,0,0,0,0,0,0,0,0,0,0,0,0,0,0,0
gen_off_by_one_fix_102,data/ml/raw_snippets_generated/off_by_one/fixed/GenOffByOneFix102.java,java,NO_ISSUE,1,pair_192,fixed,synthetic_generated,corrected with < length boundary,0,0,0,0,0,31,783,0,1.0,0,0,0,0,1,4,4,6,0,1,6,11,278,2,2,0,0,0,2,0,0,2,30,2,0,0,0,0,3,0,0,3,0,0,0,0,0,0,0,0,0,0,0,0,0,0,0,0
gen_missing_break_bug_082,data/ml/raw_snippets_generated/missing_break_in_switch/buggy/GenMissingBreakBug082.java,java,MISSING_BREAK_IN_SWITCH,0,pair_682,buggy,synthetic_generated,case falls through without break (unintentional),0,0,0,1,0,39,898,0,1.0,0,0,0,0,1,3,2,2,0,7,0,11,231,0,0,0,0,0,0,0,0,0,0,0,0,0,0,0,0,0,0,0,2,7,4,1,0,2,0,12,0,0,0,0,0,0,0,0
gen_missing_break_fix_082,data/ml/raw_snippets_generated/missing_break_in_switch/fixed/GenMissingBreakFix082.java,java,NO_ISSUE,1,pair_682,fixed,synthetic_generated,every case ends with break/return,0,0,0,0,0,40,921,0,1.0,0,0,0,0,1,3,2,2,0,7,0,11,234,0,0,0,0,0,0,0,0,0,0,0,0,0,0,0,0,0,0,0,2,7,5,0,0,2,0,12,0,0,0,0,0,0,0,0
gen_incorrect_cond_bug_035,data/ml/raw_snippets_generated/incorrect_conditional_operator/buggy/GenIncorrectConditionalBug035.java,java,INCORRECT_CONDITIONAL_OPERATOR,0,pair_295,buggy,synthetic_generated,uses assignment (=) instead of equality (==) in condition,0,1,0,0,0,27,630,0,1.0,0,0,0,0,1,3,2,6,0,2,4,12,198,1,1,0,0,0,1,0,0,1,29,4,1,0,1,0,3,0,0,1,0,0,0,0,0,0,0,0,0,0,0,0,0,0,0,0
gen_incorrect_cond_fix_035,data/ml/raw_snippets_generated/incorrect_conditional_operator/fixed/GenIncorrectConditionalFix035.java,java,NO_ISSUE,1,pair_295,fixed,synthetic_generated,uses == for comparison correctly,0,0,0,0,0,27,631,0,1.0,0,0,0,0,1,3,2,6,0,1,5,12,198,1,1,0,0,0,1,0,0,1,29,4,0,1,1,0,3,0,0,1,0,0,0,0,0,0,0,0,0,0,0,0,0,0,0,0
gen_off_by_one_bug_126,data/ml/raw_snippets_generated/off_by_one/buggy/GenOffByOneBug126.java,java,OFF_BY_ONE_LOOP_BOUNDARY,0,pair_216,buggy,synthetic_generated,starts from .length instead of .length - 1,1,0,0,0,0,9,236,0,1.0,0,0,0,0,1,1,2,1,0,1,1,10,99,1,1,1,0,0,1,1,1,1,17,0,0,0,0,0,2,0,0,2,0,0,0,0,0,0,0,0,0,0,0,0,0,0,0,0
gen_off_by_one_fix_126,data/ml/raw_snippets_generated/off_by_one/fixed/GenOffByOneFix126.java,java,NO_ISSUE,1,pair_216,fixed,synthetic_generated,corrected with < length boundary,0,0,0,0,0,9,235,0,1.0,0,0,0,0,1,1,2,1,0,1,1,10,99,1,1,0,0,0,1,0,0,1,17,0,0,0,0,0,2,0,0,2,0,0,0,0,0,0,0,0,0,0,0,0,0,0,0,0
gen_while_no_update_bug_049,data/ml/raw_snippets_generated/while_variable_not_updated/buggy/GenWhileNoUpdateBug049.java,java,WHILE_VARIABLE_NOT_UPDATED,0,pair_819,buggy,synthetic_generated,no condition variable changes inside the while body (infinite loop),0,0,0,0,1,22,510,0,1.0,0,0,0,0,1,3,0,3,1,0,4,12,162,0,0,0,0,0,0,0,0,0,0,2,0,0,0,0,0,0,0,0,0,0,0,0,0,0,0,0,0,0,0,0,1,0,1,22
gen_while_no_update_fix_049,data/ml/raw_snippets_generated/while_variable_not_updated/fixed/GenWhileNoUpdateFix049.java,java,NO_ISSUE,1,pair_819,fixed,synthetic_generated,condition variable updated inside the loop body,0,0,0,0,0,23,531,0,1.0,0,0,0,0,1,3,0,3,1,0,4,12,167,0,0,0,0,0,0,0,0,0,0,2,0,0,0,0,0,0,0,0,0,0,0,0,0,0,0,0,0,0,0,0,1,1,0,27
gen_incorrect_cond_bug_100,data/ml/raw_snippets_generated/incorrect_conditional_operator/buggy/GenIncorrectConditionalBug100.java,java,INCORRECT_CONDITIONAL_OPERATOR,0,pair_360,buggy,synthetic_generated,uses assignment (=) instead of equality (==) in condition,0,1,0,0,0,8,188,0,1.0,0,0,0,0,1,1,0,2,0,1,0,9,49,0,0,0,0,0,0,0,0,0,0,1,1,0,1,0,0,0,0,0,0,0,0,0,0,0,0,0,0,0,0,0,0,0,0,0
gen_incorrect_cond_fix_100,data/ml/raw_snippets_generated/incorrect_conditional_operator/fixed/GenIncorrectConditionalFix100.java,java,NO_ISSUE,1,pair_360,fixed,synthetic_generated,uses == for comparison correctly,0,0,0,0,0,8,189,0,1.0,0,0,0,0,1,1,0,2,0,0,1,9,49,0,0,0,0,0,0,0,0,0,0,1,0,1,1,0,0,0,0,0,0,0,0,0,0,0,0,0,0,0,0,0,0,0,0,0
gen_clean_generic_038,data/ml/raw_snippets_generated/clean/GenCleanGeneric038.java,java,NO_ISSUE,1,,clean,synthetic_generated,clean snippet GenCleanGeneric038,0,0,0,0,0,10,302,0,1.0,0,0,0,0,1,1,2,1,0,0,1,11,102,1,1,0,0,0,1,0,0,1,30,0,0,0,0,0,1,0,0,1,0,0,0,0,0,0,0,0,0,0,0,0,0,0,0,0
gen_clean_generic_112,data/ml/raw_snippets_generated/clean/GenCleanGeneric112.java,java,NO_ISSUE,1,,clean,synthetic_generated,clean snippet GenCleanGeneric112,0,0,0,0,0,16,431,0,1.0,0,0,0,0,1,2,2,1,0,0,1,11,146,1,1,0,0,0,1,0,0,1,30,0,0,0,0,0,1,0,0,1,0,0,0,0,0,0,0,0,0,0,0,0,0,0,0,0
gen_clean_fall_through_003,data/ml/raw_snippets_generated/clean/GenCleanFallThrough003.java,java,NO_ISSUE,1,,clean,synthetic_generated,clean snippet GenCleanFallThrough003,0,0,0,0,0,17,526,0,1.0,0,0,0,0,1,1,0,0,0,0,0,12,121,0,0,0,0,0,0,0,0,0,0,0,0,0,0,0,0,0,0,0,1,4,1,2,0,1,2,19,0,0,0,0,0,0,0,0
gen_clean_fall_through_006,data/ml/raw_snippets_generated/clean/GenCleanFallThrough006.java,java,NO_ISSUE,1,,clean,synthetic_generated,clean snippet GenCleanFallThrough006,0,0,0,0,0,42,1086,0,1.0,0,0,0,0,1,4,4,4,0,2,5,12,321,2,2,0,0,0,2,0,0,2,29,2,0,1,0,0,4,0,0,2,1,4,1,2,0,1,2,19,0,0,0,0,0,0,0,0
gen_clean_verbose_boolean_011,data/ml/raw_snippets_generated/clean/GenCleanVerboseBoolean011.java,java,NO_ISSUE,1,,clean,synthetic_generated,clean snippet GenCleanVerboseBoolean011,0,0,0,0,0,17,387,0,1.0,0,0,0,0,1,2,0,5,0,0,3,9,112,0,0,0,0,0,0,0,0,0,0,3,0,1,1,0,0,0,0,0,0,0,0,0,0,0,0,0,0,0,0,0,0,0,0,0
gen_incorrect_cond_bug_026,data/ml/raw_snippets_generated/incorrect_conditional_operator/buggy/GenIncorrectConditionalBug026.java,java,INCORRECT_CONDITIONAL_OPERATOR,0,pair_286,buggy,synthetic_generated,uses assignment (=) instead of equality (==) in condition,0,1,0,0,0,8,204,0,1.0,0,0,0,0,1,1,0,2,0,1,0,8,47,0,0,0,0,0,0,0,0,0,0,1,1,0,0,0,0,0,0,0,0,0,0,0,0,0,0,0,0,0,0,0,0,0,0,0
gen_incorrect_cond_fix_026,data/ml/raw_snippets_generated/incorrect_conditional_operator/fixed/GenIncorrectConditionalFix026.java,java,NO_ISSUE,1,pair_286,fixed,synthetic_generated,uses == for comparison correctly,0,0,0,0,0,8,205,0,1.0,0,0,0,0,1,1,0,2,0,0,1,8,47,0,0,0,0,0,0,0,0,0,0,1,0,1,0,0,0,0,0,0,0,0,0,0,0,0,0,0,0,0,0,0,0,0,0,0
gen_while_no_update_bug_073,data/ml/raw_snippets_generated/while_variable_not_updated/buggy/GenWhileNoUpdateBug073.java,java,WHILE_VARIABLE_NOT_UPDATED,0,pair_843,buggy,synthetic_generated,no condition variable changes inside the while body (infinite loop),0,0,0,0,1,9,203,0,1.0,0,0,0,0,1,1,1,1,1,1,1,9,60,0,0,0,0,0,0,0,0,0,0,0,0,0,0,0,0,0,0,0,0,0,0,0,0,0,0,0,0,0,0,0,0,0,1,9
gen_while_no_update_fix_073,data/ml/raw_snippets_generated/while_variable_not_updated/fixed/GenWhileNoUpdateFix073.java,java,NO_ISSUE,1,pair_843,fixed,synthetic_generated,condition variable updated inside the loop body,0,0,0,0,0,10,224,0,1.0,0,0,0,0,1,1,1,1,1,1,1,9,65,0,0,0,0,0,0,0,0,0,0,0,0,0,0,0,0,0,0,0,0,0,0,0,0,0,0,0,0,0,0,0,0,1,0,14
gen_missing_break_bug_115,data/ml/raw_snippets_generated/missing_break_in_switch/buggy/GenMissingBreakBug115.java,java,MISSING_BREAK_IN_SWITCH,0,pair_715,buggy,synthetic_generated,case falls through without break (unintentional),0,0,0,1,0,51,1237,0,1.0,0,0,0,0,1,5,5,5,0,6,4,11,373,2,2,0,0,0,2,0,0,2,30,1,0,1,0,0,2,0,0,2,1,5,3,1,0,1,0,12,0,0,0,0,0,0,0,0
gen_missing_break_fix_115,data/ml/raw_snippets_generated/missing_break_in_switch/fixed/GenMissingBreakFix115.java,java,NO_ISSUE,1,pair_715,fixed,synthetic_generated,every case ends with break/return,0,0,0,0,0,52,1260,0,1.0,0,0,0,0,1,5,5,5,0,6,4,11,376,2,2,0,0,0,2,0,0,2,30,1,0,1,0,0,2,0,0,2,1,5,4,0,0,1,0,12,0,0,0,0,0,0,0,0
gen_clean_verbose_boolean_029,data/ml/raw_snippets_generated/clean/GenCleanVerboseBoolean029.java,java,NO_ISSUE,1,,clean,synthetic_generated,clean snippet GenCleanVerboseBoolean029,0,0,0,0,0,8,181,0,1.0,0,0,0,0,1,1,0,2,0,0,1,9,49,0,0,0,0,0,0,0,0,0,0,1,0,1,1,0,0,0,0,0,0,0,0,0,0,0,0,0,0,0,0,0,0,0,0,0
gen_clean_generic_016,data/ml/raw_snippets_generated/clean/GenCleanGeneric016.java,java,NO_ISSUE,1,,clean,synthetic_generated,clean snippet GenCleanGeneric016,0,0,0,0,0,47,1088,0,1.0,0,0,0,0,1,5,4,5,1,4,4,11,321,1,1,0,0,0,1,0,0,1,30,1,0,1,0,0,1,0,0,1,1,3,2,0,0,1,0,12,0,0,0,0,0,1,0,14
gen_while_no_update_bug_057,data/ml/raw_snippets_generated/while_variable_not_updated/buggy/GenWhileNoUpdateBug057.java,java,WHILE_VARIABLE_NOT_UPDATED,0,pair_827,buggy,synthetic_generated,no condition variable changes inside the while body (infinite loop),0,0,0,0,1,16,368,0,1.0,0,0,0,0,1,2,2,1,1,1,1,10,125,1,1,0,0,0,1,0,0,1,13,0,0,0,0,0,1,0,0,1,0,0,0,0,0,0,0,0,0,0,0,0,1,0,1,21
gen_while_no_update_fix_057,data/ml/raw_snippets_generated/while_variable_not_updated/fixed/GenWhileNoUpdateFix057.java,java,NO_ISSUE,1,pair_827,fixed,synthetic_generated,condition variable updated inside the loop body,0,0,0,0,0,17,399,0,1.0,0,0,0,0,1,2,2,1,1,2,2,10,134,1,1,0,0,0,1,0,0,1,13,0,0,0,0,0,1,0,0,1,0,0,0,0,0,0,0,0,0,0,0,0,1,1,0,30
gen_clean_scanner_loop_002,data/ml/raw_snippets_generated/clean/GenCleanScannerLoop002.java,java,NO_ISSUE,1,,clean,synthetic_generated,clean snippet GenCleanScannerLoop002,0,0,0,0,0,52,1174,0,1.0,0,0,0,0,1,5,3,3,2,7,1,12,318,0,0,0,0,0,0,0,0,0,0,0,0,0,0,0,0,0,0,0,2,6,4,0,0,2,0,12,1,0,0,0,2,1,0,22
gen_incorrect_cond_bug_102,data/ml/raw_snippets_generated/incorrect_conditional_operator/buggy/GenIncorrectConditionalBug102.java,java,INCORRECT_CONDITIONAL_OPERATOR,0,pair_362,buggy,synthetic_generated,uses assignment (=) instead of equality (==) in condition,0,1,0,0,0,17,386,0,1.0,0,0,0,0,1,2,1,3,1,2,1,9,100,0,0,0,0,0,0,0,0,0,0,1,1,0,1,0,0,0,0,0,0,0,0,0,0,0,0,0,0,0,0,0,0,1,0,14
gen_incorrect_cond_fix_102,data/ml/raw_snippets_generated/incorrect_conditional_operator/fixed/GenIncorrectConditionalFix102.java,java,NO_ISSUE,1,pair_362,fixed,synthetic_generated,uses == for comparison correctly,0,0,0,0,0,17,387,0,1.0,0,0,0,0,1,2,1,3,1,1,2,9,100,0,0,0,0,0,0,0,0,0,0,1,0,1,1,0,0,0,0,0,0,0,0,0,0,0,0,0,0,0,0,0,0,1,0,14
gen_clean_generic_034,data/ml/raw_snippets_generated/clean/GenCleanGeneric034.java,java,NO_ISSUE,1,,clean,synthetic_generated,clean snippet GenCleanGeneric034,0,0,0,0,0,31,676,0,1.0,0,0,0,0,1,3,2,2,1,4,1,11,184,0,0,0,0,0,0,0,0,0,0,0,0,0,0,0,0,0,0,0,1,3,2,0,0,1,0,12,0,0,0,0,0,1,0,14
gen_off_by_one_bug_046,data/ml/raw_snippets_generated/off_by_one/buggy/GenOffByOneBug046.java,java,OFF_BY_ONE_LOOP_BOUNDARY,0,pair_136,buggy,synthetic_generated,starts from .length instead of .length - 1,1,0,0,0,0,9,216,0,1.0,0,0,0,0,1,1,2,1,0,1,1,10,77,1,1,1,0,0,1,1,1,1,13,0,0,0,0,0,1,0,0,1,0,0,0,0,0,0,0,0,0,0,0,0,0,0,0,0
gen_off_by_one_fix_046,data/ml/raw_snippets_generated/off_by_one/fixed/GenOffByOneFix046.java,java,NO_ISSUE,1,pair_136,fixed,synthetic_generated,corrected with < length boundary,0,0,0,0,0,9,215,0,1.0,0,0,0,0,1,1,2,1,0,1,1,10,77,1,1,0,0,0,1,0,0,1,13,0,0,0,0,0,1,0,0,1,0,0,0,0,0,0,0,0,0,0,0,0,0,0,0,0
gen_missing_break_bug_028,data/ml/raw_snippets_generated/missing_break_in_switch/buggy/GenMissingBreakBug028.java,java,MISSING_BREAK_IN_SWITCH,0,pair_628,buggy,synthetic_generated,case falls through without break (unintentional),0,0,0,1,0,21,515,0,1.0,0,0,0,0,1,1,1,1,0,5,0,11,124,0,0,0,0,0,0,0,0,0,0,0,0,0,0,0,0,0,0,0,1,5,3,1,0,1,0,12,0,0,0,0,0,0,0,0
gen_missing_break_fix_028,data/ml/raw_snippets_generated/missing_break_in_switch/fixed/GenMissingBreakFix028.java,java,NO_ISSUE,1,pair_628,fixed,synthetic_generated,every case ends with break/return,0,0,0,0,0,22,538,0,1.0,0,0,0,0,1,1,1,1,0,5,0,11,127,0,0,0,0,0,0,0,0,0,0,0,0,0,0,0,0,0,0,0,1,5,4,0,0,1,0,12,0,0,0,0,0,0,0,0
gen_clean_generic_042,data/ml/raw_snippets_generated/clean/GenCleanGeneric042.java,java,NO_ISSUE,1,,clean,synthetic_generated,clean snippet GenCleanGeneric042,0,0,0,0,0,10,229,0,1.0,0,0,0,0,1,1,0,3,0,0,2,10,70,0,0,0,0,0,0,0,0,0,0,2,0,0,0,0,0,0,0,0,0,0,0,0,0,0,0,0,0,0,0,0,0,0,0,0
gen_off_by_one_bug_084,data/ml/raw_snippets_generated/off_by_one/buggy/GenOffByOneBug084.java,java,OFF_BY_ONE_LOOP_BOUNDARY,0,pair_174,buggy,synthetic_generated,starts from .length instead of .length - 1,1,0,0,0,0,27,604,0,1.0,0,0,0,0,1,3,3,4,1,1,5,11,188,1,1,1,0,0,1,1,1,1,24,2,0,1,0,0,1,0,0,1,0,0,0,0,0,0,0,0,0,0,0,0,0,1,0,14
gen_off_by_one_fix_084,data/ml/raw_snippets_generated/off_by_one/fixed/GenOffByOneFix084.java,java,NO_ISSUE,1,pair_174,fixed,synthetic_generated,corrected with < length boundary,0,0,0,0,0,27,603,0,1.0,0,0,0,0,1,3,3,4,1,1,5,11,188,1,1,0,0,0,1,0,0,1,24,2,0,1,0,0,1,0,0,1,0,0,0,0,0,0,0,0,0,0,0,0,0,1,0,14
gen_clean_while_true_break_018,data/ml/raw_snippets_generated/clean/GenCleanWhileTrueBreak018.java,java,NO_ISSUE,1,,clean,synthetic_generated,clean snippet GenCleanWhileTrueBreak018,0,0,0,0,0,12,255,0,1.0,0,0,0,0,1,1,1,1,1,0,1,10,66,0,0,0,0,0,0,0,0,0,0,1,0,0,0,0,0,0,0,0,0,0,0,0,0,0,0,0,0,0,1,1,0,0,0,23
gen_array_index_bug_011,data/ml/raw_snippets_generated/array_length_index_misuse/buggy/GenArrayIndexBug011.java,java,ARRAY_LENGTH_INDEX_MISUSE,0,pair_441,buggy,synthetic_generated,accesses array[array.length] directly (out of bounds),0,0,1,0,0,36,801,0,1.0,0,0,0,0,1,5,5,5,1,3,6,12,272,2,2,0,0,0,2,0,0,2,29,1,0,0,0,0,5,1,1,2,0,0,0,0,0,0,0,0,0,0,0,0,0,1,0,14
gen_array_index_fix_011,data/ml/raw_snippets_generated/array_length_index_misuse/fixed/GenArrayIndexFix011.java,java,NO_ISSUE,1,pair_441,fixed,synthetic_generated,corrected with .length - 1 as last valid index,0,0,0,0,0,36,805,0,1.0,0,0,0,0,1,5,5,5,1,3,7,12,275,2,2,0,0,0,2,0,0,2,29,1,0,0,0,0,5,0,1,2,0,0,0,0,0,0,0,0,0,0,0,0,0,1,0,14
gen_array_index_bug_154,data/ml/raw_snippets_generated/array_length_index_misuse/buggy/GenArrayIndexBug154.java,java,ARRAY_LENGTH_INDEX_MISUSE,0,pair_584,buggy,synthetic_generated,accesses array[array.length] directly (out of bounds),0,0,1,0,0,13,312,0,1.0,0,0,0,0,1,2,2,1,0,1,1,10,116,1,1,0,0,0,1,0,0,1,13,0,0,0,0,0,2,1,1,2,0,0,0,0,0,0,0,0,0,0,0,0,0,0,0,0
gen_array_index_fix_154,data/ml/raw_snippets_generated/array_length_index_misuse/fixed/GenArrayIndexFix154.java,java,NO_ISSUE,1,pair_584,fixed,synthetic_generated,corrected with .length - 1 as last valid index,0,0,0,0,0,13,316,0,1.0,0,0,0,0,1,2,2,1,0,1,2,11,119,1,1,0,0,0,1,0,0,1,13,0,0,0,0,0,2,0,1,2,0,0,0,0,0,0,0,0,0,0,0,0,0,0,0,0
gen_off_by_one_bug_147,data/ml/raw_snippets_generated/off_by_one/buggy/GenOffByOneBug147.java,java,OFF_BY_ONE_LOOP_BOUNDARY,0,pair_237,buggy,synthetic_generated,starts from .length instead of .length - 1,1,0,0,0,0,68,1750,0,1.0,0,0,0,0,1,9,9,4,0,1,6,12,614,5,5,1,0,0,5,1,1,5,30,1,0,0,0,0,7,0,0,3,0,0,0,0,0,0,0,0,0,0,0,0,0,0,0,0
gen_off_by_one_fix_147,data/ml/raw_snippets_generated/off_by_one/fixed/GenOffByOneFix147.java,java,NO_ISSUE,1,pair_237,fixed,synthetic_generated,corrected with < length boundary,0,0,0,0,0,68,1749,0,1.0,0,0,0,0,1,9,9,4,0,1,6,12,614,5,5,0,0,0,5,0,0,5,30,1,0,0,0,0,7,0,0,3,0,0,0,0,0,0,0,0,0,0,0,0,0,0,0,0
gen_array_index_bug_047,data/ml/raw_snippets_generated/array_length_index_misuse/buggy/GenArrayIndexBug047.java,java,ARRAY_LENGTH_INDEX_MISUSE,0,pair_477,buggy,synthetic_generated,accesses array[array.length] directly (out of bounds),0,0,1,0,0,5,138,0,1.0,0,0,0,0,1,1,0,0,0,0,0,10,48,0,0,0,0,0,0,0,0,0,0,0,0,0,0,0,1,1,1,1,0,0,0,0,0,0,0,0,0,0,0,0,0,0,0,0
gen_array_index_fix_047,data/ml/raw_snippets_generated/array_length_index_misuse/fixed/GenArrayIndexFix047.java,java,NO_ISSUE,1,pair_477,fixed,synthetic_generated,corrected with .length - 1 as last valid index,0,0,0,0,0,5,142,0,1.0,0,0,0,0,1,1,0,0,0,0,1,11,51,0,0,0,0,0,0,0,0,0,0,0,0,0,0,0,1,0,1,1,0,0,0,0,0,0,0,0,0,0,0,0,0,0,0,0
gen_missing_break_bug_019,data/ml/raw_snippets_generated/missing_break_in_switch/buggy/GenMissingBreakBug019.java,java,MISSING_BREAK_IN_SWITCH,0,pair_619,buggy,synthetic_generated,case falls through without break (unintentional),0,0,0,1,0,41,974,0,1.0,0,0,0,0,1,3,3,4,0,7,4,12,273,1,1,0,0,0,1,0,0,1,29,2,0,1,0,0,3,0,0,1,1,6,4,1,0,1,0,12,0,0,0,0,0,0,0,0
gen_missing_break_fix_019,data/ml/raw_snippets_generated/missing_break_in_switch/fixed/GenMissingBreakFix019.java,java,NO_ISSUE,1,pair_619,fixed,synthetic_generated,every case ends with break/return,0,0,0,0,0,42,997,0,1.0,0,0,0,0,1,3,3,4,0,7,4,12,276,1,1,0,0,0,1,0,0,1,29,2,0,1,0,0,3,0,0,1,1,6,5,0,0,1,0,12,0,0,0,0,0,0,0,0
gen_missing_break_bug_009,data/ml/raw_snippets_generated/missing_break_in_switch/buggy/GenMissingBreakBug009.java,java,MISSING_BREAK_IN_SWITCH,0,pair_609,buggy,synthetic_generated,case falls through without break (unintentional),0,0,0,1,0,51,1227,0,1.0,0,0,0,0,1,4,4,6,0,7,3,11,341,1,1,0,0,0,1,0,0,1,30,2,0,0,0,0,1,0,0,1,2,7,4,1,0,2,0,12,0,0,0,0,0,0,0,0
gen_missing_break_fix_009,data/ml/raw_snippets_generated/missing_break_in_switch/fixed/GenMissingBreakFix009.java,java,NO_ISSUE,1,pair_609,fixed,synthetic_generated,every case ends with break/return,0,0,0,0,0,52,1250,0,1.0,0,0,0,0,1,4,4,6,0,7,3,11,344,1,1,0,0,0,1,0,0,1,30,2,0,0,0,0,1,0,0,1,2,7,5,0,0,2,0,12,0,0,0,0,0,0,0,0
gen_missing_break_bug_068,data/ml/raw_snippets_generated/missing_break_in_switch/buggy/GenMissingBreakBug068.java,java,MISSING_BREAK_IN_SWITCH,0,pair_668,buggy,synthetic_generated,case falls through without break (unintentional),0,0,0,1,0,24,588,0,1.0,0,0,0,0,1,1,1,1,0,6,0,11,141,0,0,0,0,0,0,0,0,0,0,0,0,0,0,0,0,0,0,0,1,6,4,1,0,1,0,12,0,0,0,0,0,0,0,0
gen_missing_break_fix_068,data/ml/raw_snippets_generated/missing_break_in_switch/fixed/GenMissingBreakFix068.java,java,NO_ISSUE,1,pair_668,fixed,synthetic_generated,every case ends with break/return,0,0,0,0,0,25,611,0,1.0,0,0,0,0,1,1,1,1,0,6,0,11,144,0,0,0,0,0,0,0,0,0,0,0,0,0,0,0,0,0,0,0,1,6,5,0,0,1,0,12,0,0,0,0,0,0,0,0
gen_off_by_one_bug_132,data/ml/raw_snippets_generated/off_by_one/buggy/GenOffByOneBug132.java,java,OFF_BY_ONE_LOOP_BOUNDARY,0,pair_222,buggy,synthetic_generated,starts from .length instead of .length - 1,1,0,0,0,0,7,182,0,1.0,0,0,0,0,1,1,1,0,0,0,1,11,71,1,1,1,0,0,1,1,1,1,20,0,0,0,0,0,1,0,0,1,0,0,0,0,0,0,0,0,0,0,0,0,0,0,0,0
gen_off_by_one_fix_132,data/ml/raw_snippets_generated/off_by_one/fixed/GenOffByOneFix132.java,java,NO_ISSUE,1,pair_222,fixed,synthetic_generated,corrected with < length boundary,0,0,0,0,0,7,181,0,1.0,0,0,0,0,1,1,1,0,0,0,1,11,71,1,1,0,0,0,1,0,0,1,20,0,0,0,0,0,1,0,0,1,0,0,0,0,0,0,0,0,0,0,0,0,0,0,0,0
gen_incorrect_cond_bug_051,data/ml/raw_snippets_generated/incorrect_conditional_operator/buggy/GenIncorrectConditionalBug051.java,java,INCORRECT_CONDITIONAL_OPERATOR,0,pair_311,buggy,synthetic_generated,uses assignment (=) instead of equality (==) in condition,0,1,0,0,0,23,542,0,1.0,0,0,0,0,1,3,4,2,0,3,2,11,188,2,2,0,0,0,2,0,0,2,13,1,1,0,0,0,2,0,0,2,0,0,0,0,0,0,0,0,0,0,0,0,0,0,0,0
gen_incorrect_cond_fix_051,data/ml/raw_snippets_generated/incorrect_conditional_operator/fixed/GenIncorrectConditionalFix051.java,java,NO_ISSUE,1,pair_311,fixed,synthetic_generated,uses == for comparison correctly,0,0,0,0,0,23,543,0,1.0,0,0,0,0,1,3,4,2,0,2,3,11,188,2,2,0,0,0,2,0,0,2,13,1,0,1,0,0,2,0,0,2,0,0,0,0,0,0,0,0,0,0,0,0,0,0,0,0
gen_clean_scanner_loop_015,data/ml/raw_snippets_generated/clean/GenCleanScannerLoop015.java,java,NO_ISSUE,1,,clean,synthetic_generated,clean snippet GenCleanScannerLoop015,0,0,0,0,0,33,825,0,1.0,0,0,0,0,1,4,5,3,2,2,3,12,275,2,2,0,0,0,2,0,0,2,30,0,0,0,0,0,2,0,0,2,0,0,0,0,0,0,0,0,1,0,0,0,2,1,0,22
gen_missing_break_bug_125,data/ml/raw_snippets_generated/missing_break_in_switch/buggy/GenMissingBreakBug125.java,java,MISSING_BREAK_IN_SWITCH,0,pair_725,buggy,synthetic_generated,case falls through without break (unintentional),0,0,0,1,0,28,682,0,1.0,0,0,0,0,1,2,3,2,0,5,2,12,195,1,1,0,0,0,1,0,0,1,29,1,0,0,0,0,3,0,0,1,1,4,2,1,0,1,0,12,0,0,0,0,0,0,0,0
gen_missing_break_fix_125,data/ml/raw_snippets_generated/missing_break_in_switch/fixed/GenMissingBreakFix125.java,java,NO_ISSUE,1,pair_725,fixed,synthetic_generated,every case ends with break/return,0,0,0,0,0,29,705,0,1.0,0,0,0,0,1,2,3,2,0,5,2,12,198,1,1,0,0,0,1,0,0,1,29,1,0,0,0,0,3,0,0,1,1,4,3,0,0,1,0,12,0,0,0,0,0,0,0,0
gen_incorrect_cond_bug_044,data/ml/raw_snippets_generated/incorrect_conditional_operator/buggy/GenIncorrectConditionalBug044.java,java,INCORRECT_CONDITIONAL_OPERATOR,0,pair_304,buggy,synthetic_generated,uses assignment (=) instead of equality (==) in condition,0,1,0,0,0,8,191,0,1.0,0,0,0,0,1,1,0,2,0,1,0,9,49,0,0,0,0,0,0,0,0,0,0,1,1,0,1,0,0,0,0,0,0,0,0,0,0,0,0,0,0,0,0,0,0,0,0,0
gen_incorrect_cond_fix_044,data/ml/raw_snippets_generated/incorrect_conditional_operator/fixed/GenIncorrectConditionalFix044.java,java,NO_ISSUE,1,pair_304,fixed,synthetic_generated,uses == for comparison correctly,0,0,0,0,0,8,192,0,1.0,0,0,0,0,1,1,0,2,0,0,1,9,49,0,0,0,0,0,0,0,0,0,0,1,0,1,1,0,0,0,0,0,0,0,0,0,0,0,0,0,0,0,0,0,0,0,0,0
gen_off_by_one_bug_099,data/ml/raw_snippets_generated/off_by_one/buggy/GenOffByOneBug099.java,java,OFF_BY_ONE_LOOP_BOUNDARY,0,pair_189,buggy,synthetic_generated,starts from .length instead of .length - 1,1,0,0,0,0,13,315,0,1.0,0,0,0,0,1,2,1,0,0,0,1,11,115,1,1,1,0,0,1,1,1,1,20,0,0,0,0,0,1,0,0,1,0,0,0,0,0,0,0,0,0,0,0,0,0,0,0,0
gen_off_by_one_fix_099,data/ml/raw_snippets_generated/off_by_one/fixed/GenOffByOneFix099.java,java,NO_ISSUE,1,pair_189,fixed,synthetic_generated,corrected with < length boundary,0,0,0,0,0,13,314,0,1.0,0,0,0,0,1,2,1,0,0,0,1,11,115,1,1,0,0,0,1,0,0,1,20,0,0,0,0,0,1,0,0,1,0,0,0,0,0,0,0,0,0,0,0,0,0,0,0,0
gen_clean_boundary_minus_one_012,data/ml/raw_snippets_generated/clean/GenCleanBoundaryMinusOne012.java,java,NO_ISSUE,1,,clean,synthetic_generated,clean snippet GenCleanBoundaryMinusOne012,0,0,0,0,0,27,637,0,1.0,0,0,0,0,1,3,2,7,0,1,6,10,204,1,1,1,0,0,1,1,0,1,13,4,0,0,0,0,1,0,0,1,0,0,0,0,0,0,0,0,0,0,0,0,0,0,0,0
gen_while_no_update_bug_060,data/ml/raw_snippets_generated/while_variable_not_updated/buggy/GenWhileNoUpdateBug060.java,java,WHILE_VARIABLE_NOT_UPDATED,0,pair_830,buggy,synthetic_generated,no condition variable changes inside the while body (infinite loop),0,0,0,0,1,44,1139,0,1.0,0,0,0,0,1,5,6,6,1,1,8,12,390,3,3,0,0,0,3,0,0,3,30,3,0,0,0,0,5,0,0,2,0,0,0,0,0,0,0,0,0,0,0,0,1,0,1,22
gen_while_no_update_fix_060,data/ml/raw_snippets_generated/while_variable_not_updated/fixed/GenWhileNoUpdateFix060.java,java,NO_ISSUE,1,pair_830,fixed,synthetic_generated,condition variable updated inside the loop body,0,0,0,0,0,45,1160,0,1.0,0,0,0,0,1,5,6,6,1,1,8,12,395,3,3,0,0,0,3,0,0,3,30,3,0,0,0,0,5,0,0,2,0,0,0,0,0,0,0,0,0,0,0,0,1,1,0,27
gen_incorrect_cond_bug_153,data/ml/raw_snippets_generated/incorrect_conditional_operator/buggy/GenIncorrectConditionalBug153.java,java,INCORRECT_CONDITIONAL_OPERATOR,0,pair_413,buggy,synthetic_generated,uses assignment (=) instead of equality (==) in condition,0,1,0,0,0,17,382,0,1.0,0,0,0,0,1,2,0,5,0,1,2,10,110,0,0,0,0,0,0,0,0,0,0,3,1,0,1,0,0,0,0,0,0,0,0,0,0,0,0,0,0,0,0,0,0,0,0,0
gen_incorrect_cond_fix_153,data/ml/raw_snippets_generated/incorrect_conditional_operator/fixed/GenIncorrectConditionalFix153.java,java,NO_ISSUE,1,pair_413,fixed,synthetic_generated,uses == for comparison correctly,0,0,0,0,0,17,383,0,1.0,0,0,0,0,1,2,0,5,0,0,3,10,110,0,0,0,0,0,0,0,0,0,0,3,0,1,1,0,0,0,0,0,0,0,0,0,0,0,0,0,0,0,0,0,0,0,0,0
gen_clean_fall_through_007,data/ml/raw_snippets_generated/clean/GenCleanFallThrough007.java,java,NO_ISSUE,1,,clean,synthetic_generated,clean snippet GenCleanFallThrough007,0,0,0,0,0,26,730,0,1.0,0,0,0,0,1,2,0,3,0,0,2,12,184,0,0,0,0,0,0,0,0,0,0,2,0,0,0,0,0,0,0,0,1,4,1,2,0,1,2,19,0,0,0,0,0,0,0,0
gen_clean_generic_044,data/ml/raw_snippets_generated/clean/GenCleanGeneric044.java,java,NO_ISSUE,1,,clean,synthetic_generated,clean snippet GenCleanGeneric044,0,0,0,0,0,9,215,0,1.0,0,0,0,0,1,1,2,1,0,1,1,10,77,1,1,0,0,0,1,0,0,1,13,0,0,0,0,0,1,0,0,1,0,0,0,0,0,0,0,0,0,0,0,0,0,0,0,0
gen_missing_break_bug_137,data/ml/raw_snippets_generated/missing_break_in_switch/buggy/GenMissingBreakBug137.java,java,MISSING_BREAK_IN_SWITCH,0,pair_737,buggy,synthetic_generated,case falls through without break (unintentional),0,0,0,1,0,24,591,0,1.0,0,0,0,0,1,1,1,1,0,6,0,11,141,0,0,0,0,0,0,0,0,0,0,0,0,0,0,0,0,0,0,0,1,6,4,1,0,1,0,12,0,0,0,0,0,0,0,0
gen_missing_break_fix_137,data/ml/raw_snippets_generated/missing_break_in_switch/fixed/GenMissingBreakFix137.java,java,NO_ISSUE,1,pair_737,fixed,synthetic_generated,every case ends with break/return,0,0,0,0,0,25,614,0,1.0,0,0,0,0,1,1,1,1,0,6,0,11,144,0,0,0,0,0,0,0,0,0,0,0,0,0,0,0,0,0,0,0,1,6,5,0,0,1,0,12,0,0,0,0,0,0,0,0
gen_clean_while_true_break_001,data/ml/raw_snippets_generated/clean/GenCleanWhileTrueBreak001.java,java,NO_ISSUE,1,,clean,synthetic_generated,clean snippet GenCleanWhileTrueBreak001,0,0,0,0,0,12,255,0,1.0,0,0,0,0,1,1,1,1,1,0,1,10,66,0,0,0,0,0,0,0,0,0,0,1,0,0,0,0,0,0,0,0,0,0,0,0,0,0,0,0,0,0,1,1,0,0,0,23
gen_off_by_one_bug_053,data/ml/raw_snippets_generated/off_by_one/buggy/GenOffByOneBug053.java,java,OFF_BY_ONE_LOOP_BOUNDARY,0,pair_143,buggy,synthetic_generated,starts from .length instead of .length - 1,1,0,0,0,0,20,455,0,1.0,0,0,0,0,1,2,3,2,1,1,3,11,144,1,1,1,0,0,1,1,1,1,24,1,0,0,0,0,1,0,0,1,0,0,0,0,0,0,0,0,0,0,0,0,0,1,0,14
gen_off_by_one_fix_053,data/ml/raw_snippets_generated/off_by_one/fixed/GenOffByOneFix053.java,java,NO_ISSUE,1,pair_143,fixed,synthetic_generated,corrected with < length boundary,0,0,0,0,0,20,454,0,1.0,0,0,0,0,1,2,3,2,1,1,3,11,144,1,1,0,0,0,1,0,0,1,24,1,0,0,0,0,1,0,0,1,0,0,0,0,0,0,0,0,0,0,0,0,0,1,0,14
gen_off_by_one_bug_094,data/ml/raw_snippets_generated/off_by_one/buggy/GenOffByOneBug094.java,java,OFF_BY_ONE_LOOP_BOUNDARY,0,pair_184,buggy,synthetic_generated,starts from .length instead of .length - 1,1,0,0,0,0,9,216,0,1.0,0,0,0,0,1,1,2,1,0,1,1,10,77,1,1,1,0,0,1,1,1,1,13,0,0,0,0,0,1,0,0,1,0,0,0,0,0,0,0,0,0,0,0,0,0,0,0,0
gen_off_by_one_fix_094,data/ml/raw_snippets_generated/off_by_one/fixed/GenOffByOneFix094.java,java,NO_ISSUE,1,pair_184,fixed,synthetic_generated,corrected with < length boundary,0,0,0,0,0,9,215,0,1.0,0,0,0,0,1,1,2,1,0,1,1,10,77,1,1,0,0,0,1,0,0,1,13,0,0,0,0,0,1,0,0,1,0,0,0,0,0,0,0,0,0,0,0,0,0,0,0,0
gen_missing_break_bug_159,data/ml/raw_snippets_generated/missing_break_in_switch/buggy/GenMissingBreakBug159.java,java,MISSING_BREAK_IN_SWITCH,0,pair_759,buggy,synthetic_generated,case falls through without break (unintentional),0,0,0,1,0,57,1290,0,1.0,0,0,0,0,1,5,2,7,0,9,6,11,334,0,0,0,0,0,0,0,0,0,0,2,0,2,0,0,0,0,0,0,2,9,6,1,0,2,0,12,0,0,0,0,0,0,0,0
gen_missing_break_fix_159,data/ml/raw_snippets_generated/missing_break_in_switch/fixed/GenMissingBreakFix159.java,java,NO_ISSUE,1,pair_759,fixed,synthetic_generated,every case ends with break/return,0,0,0,0,0,58,1313,0,1.0,0,0,0,0,1,5,2,7,0,9,6,11,337,0,0,0,0,0,0,0,0,0,0,2,0,2,0,0,0,0,0,0,2,9,7,0,0,2,0,12,0,0,0,0,0,0,0,0
gen_clean_scanner_loop_001,data/ml/raw_snippets_generated/clean/GenCleanScannerLoop001.java,java,NO_ISSUE,1,,clean,synthetic_generated,clean snippet GenCleanScannerLoop001,0,0,0,0,0,11,279,0,1.0,0,0,0,0,1,2,0,1,1,0,2,12,88,0,0,0,0,0,0,0,0,0,0,0,0,0,0,0,0,0,0,0,0,0,0,0,0,0,0,0,1,0,0,0,2,0,0,22
gen_clean_tail_index_028,data/ml/raw_snippets_generated/clean/GenCleanTailIndex028.java,java,NO_ISSUE,1,,clean,synthetic_generated,clean snippet GenCleanTailIndex028,0,0,0,0,0,66,1525,0,1.0,0,0,0,0,1,9,5,9,0,4,9,11,485,2,2,0,0,0,2,0,0,2,30,2,0,0,0,0,3,0,1,2,1,3,2,0,0,1,0,12,0,0,0,0,0,0,0,0
gen_array_index_bug_049,data/ml/raw_snippets_generated/array_length_index_misuse/buggy/GenArrayIndexBug049.java,java,ARRAY_LENGTH_INDEX_MISUSE,0,pair_479,buggy,synthetic_generated,accesses array[array.length] directly (out of bounds),0,0,1,0,0,9,213,0,1.0,0,0,0,0,1,2,0,1,0,0,2,10,73,0,0,0,0,0,0,0,0,0,0,0,0,0,0,0,1,1,1,1,0,0,0,0,0,0,0,0,0,0,0,0,0,0,0,0
gen_array_index_fix_049,data/ml/raw_snippets_generated/array_length_index_misuse/fixed/GenArrayIndexFix049.java,java,NO_ISSUE,1,pair_479,fixed,synthetic_generated,corrected with .length - 1 as last valid index,0,0,0,0,0,9,217,0,1.0,0,0,0,0,1,2,0,1,0,0,3,11,76,0,0,0,0,0,0,0,0,0,0,0,0,0,0,0,1,0,1,1,0,0,0,0,0,0,0,0,0,0,0,0,0,0,0,0
gen_array_index_bug_126,data/ml/raw_snippets_generated/array_length_index_misuse/buggy/GenArrayIndexBug126.java,java,ARRAY_LENGTH_INDEX_MISUSE,0,pair_556,buggy,synthetic_generated,accesses array[array.length] directly (out of bounds),0,0,1,0,0,72,1559,0,1.0,0,0,0,0,1,8,4,6,2,8,4,11,442,0,0,0,0,0,0,0,0,0,0,1,0,1,0,0,1,1,1,1,2,6,4,0,0,2,0,12,0,0,0,0,0,2,0,14
gen_array_index_fix_126,data/ml/raw_snippets_generated/array_length_index_misuse/fixed/GenArrayIndexFix126.java,java,NO_ISSUE,1,pair_556,fixed,synthetic_generated,corrected with .length - 1 as last valid index,0,0,0,0,0,72,1563,0,1.0,0,0,0,0,1,8,4,6,2,8,5,11,445,0,0,0,0,0,0,0,0,0,0,1,0,1,0,0,1,0,1,1,2,6,4,0,0,2,0,12,0,0,0,0,0,2,0,14
gen_off_by_one_bug_111,data/ml/raw_snippets_generated/off_by_one/buggy/GenOffByOneBug111.java,java,OFF_BY_ONE_LOOP_BOUNDARY,0,pair_201,buggy,synthetic_generated,starts from .length instead of .length - 1,1,0,0,0,0,9,244,0,1.0,0,0,0,0,1,1,2,1,0,1,1,10,99,1,1,1,0,0,1,1,1,1,17,0,0,0,0,0,2,0,0,2,0,0,0,0,0,0,0,0,0,0,0,0,0,0,0,0
gen_off_by_one_fix_111,data/ml/raw_snippets_generated/off_by_one/fixed/GenOffByOneFix111.java,java,NO_ISSUE,1,pair_201,fixed,synthetic_generated,corrected with < length boundary,0,0,0,0,0,9,243,0,1.0,0,0,0,0,1,1,2,1,0,1,1,10,99,1,1,0,0,0,1,0,0,1,17,0,0,0,0,0,2,0,0,2,0,0,0,0,0,0,0,0,0,0,0,0,0,0,0,0
gen_off_by_one_bug_004,data/ml/raw_snippets_generated/off_by_one/buggy/GenOffByOneBug004.java,java,OFF_BY_ONE_LOOP_BOUNDARY,0,pair_094,buggy,synthetic_generated,starts from .length instead of .length - 1,1,0,0,0,0,41,1057,0,1.0,0,0,0,0,1,5,8,4,0,2,4,11,375,4,4,1,0,0,4,1,1,4,30,0,0,0,0,0,4,0,0,3,0,0,0,0,0,0,0,0,0,0,0,0,0,0,0,0
gen_off_by_one_fix_004,data/ml/raw_snippets_generated/off_by_one/fixed/GenOffByOneFix004.java,java,NO_ISSUE,1,pair_094,fixed,synthetic_generated,corrected with < length boundary,0,0,0,0,0,41,1056,0,1.0,0,0,0,0,1,5,8,4,0,2,4,11,375,4,4,0,0,0,4,0,0,4,30,0,0,0,0,0,4,0,0,3,0,0,0,0,0,0,0,0,0,0,0,0,0,0,0,0
gen_incorrect_cond_bug_016,data/ml/raw_snippets_generated/incorrect_conditional_operator/buggy/GenIncorrectConditionalBug016.java,java,INCORRECT_CONDITIONAL_OPERATOR,0,pair_276,buggy,synthetic_generated,uses assignment (=) instead of equality (==) in condition,0,1,0,0,0,30,749,0,1.0,0,0,0,0,1,4,2,7,0,1,5,11,228,1,1,0,0,0,1,0,0,1,30,3,1,0,0,0,1,0,0,1,0,0,0,0,0,0,0,0,0,0,0,0,0,0,0,0
gen_incorrect_cond_fix_016,data/ml/raw_snippets_generated/incorrect_conditional_operator/fixed/GenIncorrectConditionalFix016.java,java,NO_ISSUE,1,pair_276,fixed,synthetic_generated,uses == for comparison correctly,0,0,0,0,0,30,750,0,1.0,0,0,0,0,1,4,2,7,0,0,6,11,228,1,1,0,0,0,1,0,0,1,30,3,0,1,0,0,1,0,0,1,0,0,0,0,0,0,0,0,0,0,0,0,0,0,0,0
gen_off_by_one_bug_082,data/ml/raw_snippets_generated/off_by_one/buggy/GenOffByOneBug082.java,java,OFF_BY_ONE_LOOP_BOUNDARY,0,pair_172,buggy,synthetic_generated,starts from .length instead of .length - 1,1,0,0,0,0,13,290,0,1.0,0,0,0,0,1,2,2,2,0,1,3,10,102,1,1,1,0,0,1,1,1,1,13,0,0,0,0,0,1,0,0,1,0,0,0,0,0,0,0,0,0,0,0,0,0,0,0,0
gen_off_by_one_fix_082,data/ml/raw_snippets_generated/off_by_one/fixed/GenOffByOneFix082.java,java,NO_ISSUE,1,pair_172,fixed,synthetic_generated,corrected with < length boundary,0,0,0,0,0,13,289,0,1.0,0,0,0,0,1,2,2,2,0,1,3,10,102,1,1,0,0,0,1,0,0,1,13,0,0,0,0,0,1,0,0,1,0,0,0,0,0,0,0,0,0,0,0,0,0,0,0,0
gen_missing_break_bug_020,data/ml/raw_snippets_generated/missing_break_in_switch/buggy/GenMissingBreakBug020.java,java,MISSING_BREAK_IN_SWITCH,0,pair_620,buggy,synthetic_generated,case falls through without break (unintentional),0,0,0,1,0,21,513,0,1.0,0,0,0,0,1,1,1,1,0,5,0,11,124,0,0,0,0,0,0,0,0,0,0,0,0,0,0,0,0,0,0,0,1,5,3,1,0,1,0,12,0,0,0,0,0,0,0,0
gen_missing_break_fix_020,data/ml/raw_snippets_generated/missing_break_in_switch/fixed/GenMissingBreakFix020.java,java,NO_ISSUE,1,pair_620,fixed,synthetic_generated,every case ends with break/return,0,0,0,0,0,22,536,0,1.0,0,0,0,0,1,1,1,1,0,5,0,11,127,0,0,0,0,0,0,0,0,0,0,0,0,0,0,0,0,0,0,0,1,5,4,0,0,1,0,12,0,0,0,0,0,0,0,0
gen_off_by_one_bug_166,data/ml/raw_snippets_generated/off_by_one/buggy/GenOffByOneBug166.java,java,OFF_BY_ONE_LOOP_BOUNDARY,0,pair_256,buggy,synthetic_generated,starts from .length instead of .length - 1,1,0,0,0,0,9,216,0,1.0,0,0,0,0,1,1,2,1,0,1,1,10,77,1,1,1,0,0,1,1,1,1,13,0,0,0,0,0,1,0,0,1,0,0,0,0,0,0,0,0,0,0,0,0,0,0,0,0
gen_off_by_one_fix_166,data/ml/raw_snippets_generated/off_by_one/fixed/GenOffByOneFix166.java,java,NO_ISSUE,1,pair_256,fixed,synthetic_generated,corrected with < length boundary,0,0,0,0,0,9,215,0,1.0,0,0,0,0,1,1,2,1,0,1,1,10,77,1,1,0,0,0,1,0,0,1,13,0,0,0,0,0,1,0,0,1,0,0,0,0,0,0,0,0,0,0,0,0,0,0,0,0
gen_missing_break_bug_066,data/ml/raw_snippets_generated/missing_break_in_switch/buggy/GenMissingBreakBug066.java,java,MISSING_BREAK_IN_SWITCH,0,pair_666,buggy,synthetic_generated,case falls through without break (unintentional),0,0,0,1,0,44,1052,0,1.0,0,0,0,0,1,4,5,3,0,6,4,12,327,2,2,0,0,0,2,0,0,2,29,2,0,0,0,0,6,0,0,2,1,4,2,1,0,1,0,12,0,0,0,0,0,0,0,0
gen_missing_break_fix_066,data/ml/raw_snippets_generated/missing_break_in_switch/fixed/GenMissingBreakFix066.java,java,NO_ISSUE,1,pair_666,fixed,synthetic_generated,every case ends with break/return,0,0,0,0,0,45,1075,0,1.0,0,0,0,0,1,4,5,3,0,6,4,12,330,2,2,0,0,0,2,0,0,2,29,2,0,0,0,0,6,0,0,2,1,4,3,0,0,1,0,12,0,0,0,0,0,0,0,0
gen_clean_generic_012,data/ml/raw_snippets_generated/clean/GenCleanGeneric012.java,java,NO_ISSUE,1,,clean,synthetic_generated,clean snippet GenCleanGeneric012,0,0,0,0,0,52,1263,0,1.0,0,0,0,0,1,6,5,8,0,3,8,11,388,2,2,0,0,0,2,0,0,2,30,2,0,2,0,0,2,0,0,1,1,3,2,0,0,1,0,12,0,0,0,0,0,0,0,0
gen_off_by_one_bug_031,data/ml/raw_snippets_generated/off_by_one/buggy/GenOffByOneBug031.java,java,OFF_BY_ONE_LOOP_BOUNDARY,0,pair_121,buggy,synthetic_generated,starts from .length instead of .length - 1,1,0,0,0,0,35,816,0,1.0,0,0,0,0,1,3,3,5,0,3,4,11,236,1,1,1,0,0,1,1,1,1,24,3,0,0,0,0,1,0,0,1,1,3,2,0,0,1,0,12,0,0,0,0,0,0,0,0
gen_off_by_one_fix_031,data/ml/raw_snippets_generated/off_by_one/fixed/GenOffByOneFix031.java,java,NO_ISSUE,1,pair_121,fixed,synthetic_generated,corrected with < length boundary,0,0,0,0,0,35,815,0,1.0,0,0,0,0,1,3,3,5,0,3,4,11,236,1,1,0,0,0,1,0,0,1,24,3,0,0,0,0,1,0,0,1,1,3,2,0,0,1,0,12,0,0,0,0,0,0,0,0
gen_incorrect_cond_bug_098,data/ml/raw_snippets_generated/incorrect_conditional_operator/buggy/GenIncorrectConditionalBug098.java,java,INCORRECT_CONDITIONAL_OPERATOR,0,pair_358,buggy,synthetic_generated,uses assignment (=) instead of equality (==) in condition,0,1,0,0,0,62,1399,0,1.0,0,0,0,0,1,6,6,6,0,9,5,12,412,2,2,0,0,0,2,0,0,2,29,3,1,1,0,0,4,0,0,2,2,6,4,0,0,2,0,12,0,0,0,0,0,0,0,0
gen_incorrect_cond_fix_098,data/ml/raw_snippets_generated/incorrect_conditional_operator/fixed/GenIncorrectConditionalFix098.java,java,NO_ISSUE,1,pair_358,fixed,synthetic_generated,uses == for comparison correctly,0,0,0,0,0,62,1400,0,1.0,0,0,0,0,1,6,6,6,0,8,6,12,412,2,2,0,0,0,2,0,0,2,29,3,0,2,0,0,4,0,0,2,2,6,4,0,0,2,0,12,0,0,0,0,0,0,0,0
gen_array_index_bug_020,data/ml/raw_snippets_generated/array_length_index_misuse/buggy/GenArrayIndexBug020.java,java,ARRAY_LENGTH_INDEX_MISUSE,0,pair_450,buggy,synthetic_generated,accesses array[array.length] directly (out of bounds),0,0,1,0,0,48,1149,0,1.0,0,0,0,0,1,6,6,9,0,2,8,12,396,3,3,0,0,0,3,0,0,3,30,4,0,1,0,0,6,1,1,4,0,0,0,0,0,0,0,0,0,0,0,0,0,0,0,0
gen_array_index_fix_020,data/ml/raw_snippets_generated/array_length_index_misuse/fixed/GenArrayIndexFix020.java,java,NO_ISSUE,1,pair_450,fixed,synthetic_generated,corrected with .length - 1 as last valid index,0,0,0,0,0,48,1153,0,1.0,0,0,0,0,1,6,6,9,0,2,9,12,399,3,3,0,0,0,3,0,0,3,30,4,0,1,0,0,6,0,1,4,0,0,0,0,0,0,0,0,0,0,0,0,0,0,0,0
gen_incorrect_cond_bug_156,data/ml/raw_snippets_generated/incorrect_conditional_operator/buggy/GenIncorrectConditionalBug156.java,java,INCORRECT_CONDITIONAL_OPERATOR,0,pair_416,buggy,synthetic_generated,uses assignment (=) instead of equality (==) in condition,0,1,0,0,0,8,194,0,1.0,0,0,0,0,1,1,0,2,0,1,0,9,49,0,0,0,0,0,0,0,0,0,0,1,1,0,1,0,0,0,0,0,0,0,0,0,0,0,0,0,0,0,0,0,0,0,0,0
gen_incorrect_cond_fix_156,data/ml/raw_snippets_generated/incorrect_conditional_operator/fixed/GenIncorrectConditionalFix156.java,java,NO_ISSUE,1,pair_416,fixed,synthetic_generated,uses == for comparison correctly,0,0,0,0,0,8,195,0,1.0,0,0,0,0,1,1,0,2,0,0,1,9,49,0,0,0,0,0,0,0,0,0,0,1,0,1,1,0,0,0,0,0,0,0,0,0,0,0,0,0,0,0,0,0,0,0,0,0
gen_missing_break_bug_151,data/ml/raw_snippets_generated/missing_break_in_switch/buggy/GenMissingBreakBug151.java,java,MISSING_BREAK_IN_SWITCH,0,pair_751,buggy,synthetic_generated,case falls through without break (unintentional),0,0,0,1,0,64,1504,0,1.0,0,0,0,0,1,6,7,8,2,7,7,12,451,2,2,0,0,0,2,0,0,2,30,3,0,0,0,0,4,0,0,2,1,4,2,1,0,1,0,12,0,0,0,0,0,2,0,14
gen_missing_break_fix_151,data/ml/raw_snippets_generated/missing_break_in_switch/fixed/GenMissingBreakFix151.java,java,NO_ISSUE,1,pair_751,fixed,synthetic_generated,every case ends with break/return,0,0,0,0,0,65,1527,0,1.0,0,0,0,0,1,6,7,8,2,7,7,12,454,2,2,0,0,0,2,0,0,2,30,3,0,0,0,0,4,0,0,2,1,4,3,0,0,1,0,12,0,0,0,0,0,2,0,14
gen_while_no_update_bug_025,data/ml/raw_snippets_generated/while_variable_not_updated/buggy/GenWhileNoUpdateBug025.java,java,WHILE_VARIABLE_NOT_UPDATED,0,pair_795,buggy,synthetic_generated,no condition variable changes inside the while body (infinite loop),0,0,0,0,1,18,396,0,1.0,0,0,0,0,1,2,1,4,1,1,3,10,121,0,0,0,0,0,0,0,0,0,0,2,0,0,0,0,0,0,0,0,0,0,0,0,0,0,0,0,0,0,0,0,0,0,1,9
gen_while_no_update_fix_025,data/ml/raw_snippets_generated/while_variable_not_updated/fixed/GenWhileNoUpdateFix025.java,java,NO_ISSUE,1,pair_795,fixed,synthetic_generated,condition variable updated inside the loop body,0,0,0,0,0,19,417,0,1.0,0,0,0,0,1,2,1,4,1,1,3,10,126,0,0,0,0,0,0,0,0,0,0,2,0,0,0,0,0,0,0,0,0,0,0,0,0,0,0,0,0,0,0,0,0,1,0,14
gen_incorrect_cond_bug_099,data/ml/raw_snippets_generated/incorrect_conditional_operator/buggy/GenIncorrectConditionalBug099.java,java,INCORRECT_CONDITIONAL_OPERATOR,0,pair_359,buggy,synthetic_generated,uses assignment (=) instead of equality (==) in condition,0,1,0,0,0,41,921,0,1.0,0,0,0,0,1,6,0,7,0,1,6,11,289,0,0,0,0,0,0,0,0,0,0,5,1,0,0,0,0,0,0,0,0,0,0,0,0,0,0,0,0,0,0,0,0,0,0,0
gen_incorrect_cond_fix_099,data/ml/raw_snippets_generated/incorrect_conditional_operator/fixed/GenIncorrectConditionalFix099.java,java,NO_ISSUE,1,pair_359,fixed,synthetic_generated,uses == for comparison correctly,0,0,0,0,0,41,922,0,1.0,0,0,0,0,1,6,0,7,0,0,7,11,289,0,0,0,0,0,0,0,0,0,0,5,0,1,0,0,0,0,0,0,0,0,0,0,0,0,0,0,0,0,0,0,0,0,0,0
gen_off_by_one_bug_033,data/ml/raw_snippets_generated/off_by_one/buggy/GenOffByOneBug033.java,java,OFF_BY_ONE_LOOP_BOUNDARY,0,pair_123,buggy,synthetic_generated,starts from .length instead of .length - 1,1,0,0,0,0,11,278,0,1.0,0,0,0,0,1,1,2,1,0,0,2,11,93,1,1,1,0,0,1,1,1,1,24,1,0,0,0,0,1,0,0,1,0,0,0,0,0,0,0,0,0,0,0,0,0,0,0,0
gen_off_by_one_fix_033,data/ml/raw_snippets_generated/off_by_one/fixed/GenOffByOneFix033.java,java,NO_ISSUE,1,pair_123,fixed,synthetic_generated,corrected with < length boundary,0,0,0,0,0,11,277,0,1.0,0,0,0,0,1,1,2,1,0,0,2,11,93,1,1,0,0,0,1,0,0,1,24,1,0,0,0,0,1,0,0,1,0,0,0,0,0,0,0,0,0,0,0,0,0,0,0,0
gen_off_by_one_bug_026,data/ml/raw_snippets_generated/off_by_one/buggy/GenOffByOneBug026.java,java,OFF_BY_ONE_LOOP_BOUNDARY,0,pair_116,buggy,synthetic_generated,starts from .length instead of .length - 1,1,0,0,0,0,54,1297,0,1.0,0,0,0,0,1,6,7,8,0,5,7,11,426,3,3,1,0,0,3,1,1,3,30,2,0,0,0,0,4,0,0,4,1,3,2,0,0,1,0,12,0,0,0,0,0,0,0,0
gen_off_by_one_fix_026,data/ml/raw_snippets_generated/off_by_one/fixed/GenOffByOneFix026.java,java,NO_ISSUE,1,pair_116,fixed,synthetic_generated,corrected with < length boundary,0,0,0,0,0,54,1296,0,1.0,0,0,0,0,1,6,7,8,0,5,7,11,426,3,3,0,0,0,3,0,0,3,30,2,0,0,0,0,4,0,0,4,1,3,2,0,0,1,0,12,0,0,0,0,0,0,0,0
gen_while_no_update_bug_085,data/ml/raw_snippets_generated/while_variable_not_updated/buggy/GenWhileNoUpdateBug085.java,java,WHILE_VARIABLE_NOT_UPDATED,0,pair_855,buggy,synthetic_generated,no condition variable changes inside the while body (infinite loop),0,0,0,0,1,42,940,0,1.0,0,0,0,0,1,5,6,4,2,4,5,12,311,2,2,0,0,0,2,0,0,2,29,1,0,0,0,0,4,0,0,2,0,0,0,0,0,0,0,0,0,0,0,0,0,1,1,14
gen_while_no_update_fix_085,data/ml/raw_snippets_generated/while_variable_not_updated/fixed/GenWhileNoUpdateFix085.java,java,NO_ISSUE,1,pair_855,fixed,synthetic_generated,condition variable updated inside the loop body,0,0,0,0,0,43,964,0,1.0,0,0,0,0,1,5,6,4,2,4,5,12,316,2,2,0,0,0,2,0,0,2,29,1,0,0,0,0,4,0,0,2,0,0,0,0,0,0,0,0,0,0,0,0,0,2,0,14
gen_while_no_update_bug_082,data/ml/raw_snippets_generated/while_variable_not_updated/buggy/GenWhileNoUpdateBug082.java,java,WHILE_VARIABLE_NOT_UPDATED,0,pair_852,buggy,synthetic_generated,no condition variable changes inside the while body (infinite loop),0,0,0,0,1,13,302,0,1.0,0,0,0,0,1,2,0,0,1,0,2,12,99,0,0,0,0,0,0,0,0,0,0,0,0,0,0,0,0,0,0,0,0,0,0,0,0,0,0,0,0,0,0,0,1,0,1,22
gen_while_no_update_fix_082,data/ml/raw_snippets_generated/while_variable_not_updated/fixed/GenWhileNoUpdateFix082.java,java,NO_ISSUE,1,pair_852,fixed,synthetic_generated,condition variable updated inside the loop body,0,0,0,0,0,14,323,0,1.0,0,0,0,0,1,2,0,0,1,0,2,12,104,0,0,0,0,0,0,0,0,0,0,0,0,0,0,0,0,0,0,0,0,0,0,0,0,0,0,0,0,0,0,0,1,1,0,27
gen_clean_scanner_loop_014,data/ml/raw_snippets_generated/clean/GenCleanScannerLoop014.java,java,NO_ISSUE,1,,clean,synthetic_generated,clean snippet GenCleanScannerLoop014,0,0,0,0,0,7,201,0,1.0,0,0,0,0,1,1,0,0,1,0,0,12,63,0,0,0,0,0,0,0,0,0,0,0,0,0,0,0,0,0,0,0,0,0,0,0,0,0,0,0,1,0,0,0,2,0,0,22
gen_while_no_update_bug_032,data/ml/raw_snippets_generated/while_variable_not_updated/buggy/GenWhileNoUpdateBug032.java,java,WHILE_VARIABLE_NOT_UPDATED,0,pair_802,buggy,synthetic_generated,no condition variable changes inside the while body (infinite loop),0,0,0,0,1,39,864,0,1.0,0,0,0,0,1,3,3,3,1,7,1,11,220,0,0,0,0,0,0,0,0,0,0,0,0,0,0,0,0,0,0,0,2,6,4,0,0,2,0,12,0,0,0,0,0,0,1,9
gen_while_no_update_fix_032,data/ml/raw_snippets_generated/while_variable_not_updated/fixed/GenWhileNoUpdateFix032.java,java,NO_ISSUE,1,pair_802,fixed,synthetic_generated,condition variable updated inside the loop body,0,0,0,0,0,40,885,0,1.0,0,0,0,0,1,3,3,3,1,7,1,11,225,0,0,0,0,0,0,0,0,0,0,0,0,0,0,0,0,0,0,0,2,6,4,0,0,2,0,12,0,0,0,0,0,1,0,14
gen_array_index_bug_086,data/ml/raw_snippets_generated/array_length_index_misuse/buggy/GenArrayIndexBug086.java,java,ARRAY_LENGTH_INDEX_MISUSE,0,pair_516,buggy,synthetic_generated,accesses array[array.length] directly (out of bounds),0,0,1,0,0,5,138,0,1.0,0,0,0,0,1,1,0,0,0,0,0,10,48,0,0,0,0,0,0,0,0,0,0,0,0,0,0,0,1,1,1,1,0,0,0,0,0,0,0,0,0,0,0,0,0,0,0,0
gen_array_index_fix_086,data/ml/raw_snippets_generated/array_length_index_misuse/fixed/GenArrayIndexFix086.java,java,NO_ISSUE,1,pair_516,fixed,synthetic_generated,corrected with .length - 1 as last valid index,0,0,0,0,0,5,142,0,1.0,0,0,0,0,1,1,0,0,0,0,1,11,51,0,0,0,0,0,0,0,0,0,0,0,0,0,0,0,1,0,1,1,0,0,0,0,0,0,0,0,0,0,0,0,0,0,0,0
gen_off_by_one_bug_006,data/ml/raw_snippets_generated/off_by_one/buggy/GenOffByOneBug006.java,java,OFF_BY_ONE_LOOP_BOUNDARY,0,pair_096,buggy,synthetic_generated,starts from .length instead of .length - 1,1,0,0,0,0,81,1927,0,1.0,0,0,0,0,1,9,12,14,0,4,15,12,666,6,6,1,0,0,6,1,1,6,30,8,0,1,0,0,10,0,0,6,0,0,0,0,0,0,0,0,0,0,0,0,0,0,0,0
gen_off_by_one_fix_006,data/ml/raw_snippets_generated/off_by_one/fixed/GenOffByOneFix006.java,java,NO_ISSUE,1,pair_096,fixed,synthetic_generated,corrected with < length boundary,0,0,0,0,0,81,1926,0,1.0,0,0,0,0,1,9,12,14,0,4,15,12,666,6,6,0,0,0,6,0,0,6,30,8,0,1,0,0,10,0,0,6,0,0,0,0,0,0,0,0,0,0,0,0,0,0,0,0
gen_missing_break_bug_162,data/ml/raw_snippets_generated/missing_break_in_switch/buggy/GenMissingBreakBug162.java,java,MISSING_BREAK_IN_SWITCH,0,pair_762,buggy,synthetic_generated,case falls through without break (unintentional),0,0,0,1,0,18,429,0,1.0,0,0,0,0,1,1,1,1,0,4,0,11,107,0,0,0,0,0,0,0,0,0,0,0,0,0,0,0,0,0,0,0,1,4,2,1,0,1,0,12,0,0,0,0,0,0,0,0
gen_missing_break_fix_162,data/ml/raw_snippets_generated/missing_break_in_switch/fixed/GenMissingBreakFix162.java,java,NO_ISSUE,1,pair_762,fixed,synthetic_generated,every case ends with break/return,0,0,0,0,0,19,452,0,1.0,0,0,0,0,1,1,1,1,0,4,0,11,110,0,0,0,0,0,0,0,0,0,0,0,0,0,0,0,0,0,0,0,1,4,3,0,0,1,0,12,0,0,0,0,0,0,0,0
gen_missing_break_bug_094,data/ml/raw_snippets_generated/missing_break_in_switch/buggy/GenMissingBreakBug094.java,java,MISSING_BREAK_IN_SWITCH,0,pair_694,buggy,synthetic_generated,case falls through without break (unintentional),0,0,0,1,0,63,1425,0,1.0,0,0,0,0,1,5,3,9,1,9,5,11,379,0,0,0,0,0,0,0,0,0,0,4,0,0,0,0,0,0,0,0,2,8,5,1,0,2,0,12,0,0,0,0,0,1,0,14
gen_missing_break_fix_094,data/ml/raw_snippets_generated/missing_break_in_switch/fixed/GenMissingBreakFix094.java,java,NO_ISSUE,1,pair_694,fixed,synthetic_generated,every case ends with break/return,0,0,0,0,0,64,1448,0,1.0,0,0,0,0,1,5,3,9,1,9,5,11,382,0,0,0,0,0,0,0,0,0,0,4,0,0,0,0,0,0,0,0,2,8,6,0,0,2,0,12,0,0,0,0,0,1,0,14
gen_array_index_bug_067,data/ml/raw_snippets_generated/array_length_index_misuse/buggy/GenArrayIndexBug067.java,java,ARRAY_LENGTH_INDEX_MISUSE,0,pair_497,buggy,synthetic_generated,accesses array[array.length] directly (out of bounds),0,0,1,0,0,51,1161,0,1.0,0,0,0,0,1,5,6,4,0,8,2,11,344,2,2,0,0,0,2,0,0,2,13,0,0,0,0,0,3,1,1,1,2,6,4,0,0,2,0,12,0,0,0,0,0,0,0,0
gen_array_index_fix_067,data/ml/raw_snippets_generated/array_length_index_misuse/fixed/GenArrayIndexFix067.java,java,NO_ISSUE,1,pair_497,fixed,synthetic_generated,corrected with .length - 1 as last valid index,0,0,0,0,0,51,1165,0,1.0,0,0,0,0,1,5,6,4,0,8,3,11,347,2,2,0,0,0,2,0,0,2,13,0,0,0,0,0,3,0,1,1,2,6,4,0,0,2,0,12,0,0,0,0,0,0,0,0
gen_off_by_one_bug_090,data/ml/raw_snippets_generated/off_by_one/buggy/GenOffByOneBug090.java,java,OFF_BY_ONE_LOOP_BOUNDARY,0,pair_180,buggy,synthetic_generated,starts from .length instead of .length - 1,1,0,0,0,0,26,595,0,1.0,0,0,0,0,1,3,3,2,1,1,3,11,188,1,1,1,0,0,1,1,1,1,24,1,0,0,0,0,1,0,0,1,0,0,0,0,0,0,0,0,0,0,0,0,0,1,0,14
gen_off_by_one_fix_090,data/ml/raw_snippets_generated/off_by_one/fixed/GenOffByOneFix090.java,java,NO_ISSUE,1,pair_180,fixed,synthetic_generated,corrected with < length boundary,0,0,0,0,0,26,594,0,1.0,0,0,0,0,1,3,3,2,1,1,3,11,188,1,1,0,0,0,1,0,0,1,24,1,0,0,0,0,1,0,0,1,0,0,0,0,0,0,0,0,0,0,0,0,0,1,0,14
gen_clean_tail_index_002,data/ml/raw_snippets_generated/clean/GenCleanTailIndex002.java,java,NO_ISSUE,1,,clean,synthetic_generated,clean snippet GenCleanTailIndex002,0,0,0,0,0,52,1275,0,1.0,0,0,0,0,1,6,6,10,0,2,10,12,436,3,3,0,0,0,3,0,0,3,30,6,0,0,0,0,8,0,1,4,0,0,0,0,0,0,0,0,0,0,0,0,0,0,0,0
gen_off_by_one_bug_079,data/ml/raw_snippets_generated/off_by_one/buggy/GenOffByOneBug079.java,java,OFF_BY_ONE_LOOP_BOUNDARY,0,pair_169,buggy,synthetic_generated,starts from .length instead of .length - 1,1,0,0,0,0,9,216,0,1.0,0,0,0,0,1,1,2,1,0,1,1,10,77,1,1,1,0,0,1,1,1,1,13,0,0,0,0,0,1,0,0,1,0,0,0,0,0,0,0,0,0,0,0,0,0,0,0,0
gen_off_by_one_fix_079,data/ml/raw_snippets_generated/off_by_one/fixed/GenOffByOneFix079.java,java,NO_ISSUE,1,pair_169,fixed,synthetic_generated,corrected with < length boundary,0,0,0,0,0,9,215,0,1.0,0,0,0,0,1,1,2,1,0,1,1,10,77,1,1,0,0,0,1,0,0,1,13,0,0,0,0,0,1,0,0,1,0,0,0,0,0,0,0,0,0,0,0,0,0,0,0,0
gen_while_no_update_bug_078,data/ml/raw_snippets_generated/while_variable_not_updated/buggy/GenWhileNoUpdateBug078.java,java,WHILE_VARIABLE_NOT_UPDATED,0,pair_848,buggy,synthetic_generated,no condition variable changes inside the while body (infinite loop),0,0,0,0,1,7,176,0,1.0,0,0,0,0,1,1,0,0,1,0,2,12,55,0,0,0,0,0,0,0,0,0,0,0,0,0,0,0,0,0,0,0,0,0,0,0,0,0,0,0,0,0,0,0,1,0,1,22
gen_while_no_update_fix_078,data/ml/raw_snippets_generated/while_variable_not_updated/fixed/GenWhileNoUpdateFix078.java,java,NO_ISSUE,1,pair_848,fixed,synthetic_generated,condition variable updated inside the loop body,0,0,0,0,0,8,198,0,1.0,0,0,0,0,1,1,0,0,1,0,2,12,60,0,0,0,0,0,0,0,0,0,0,0,0,0,0,0,0,0,0,0,0,0,0,0,0,0,0,0,0,0,0,0,1,1,0,27
gen_incorrect_cond_bug_119,data/ml/raw_snippets_generated/incorrect_conditional_operator/buggy/GenIncorrectConditionalBug119.java,java,INCORRECT_CONDITIONAL_OPERATOR,0,pair_379,buggy,synthetic_generated,uses assignment (=) instead of equality (==) in condition,0,1,0,0,0,14,321,0,1.0,0,0,0,0,1,2,0,2,0,1,2,11,96,0,0,0,0,0,0,0,0,0,0,2,1,1,0,0,0,0,0,0,0,0,0,0,0,0,0,0,0,0,0,0,0,0,0,0
gen_incorrect_cond_fix_119,data/ml/raw_snippets_generated/incorrect_conditional_operator/fixed/GenIncorrectConditionalFix119.java,java,NO_ISSUE,1,pair_379,fixed,synthetic_generated,uses == for comparison correctly,0,0,0,0,0,14,322,0,1.0,0,0,0,0,1,2,0,2,0,0,3,11,96,0,0,0,0,0,0,0,0,0,0,2,0,2,0,0,0,0,0,0,0,0,0,0,0,0,0,0,0,0,0,0,0,0,0,0
gen_clean_stacked_labels_002,data/ml/raw_snippets_generated/clean/GenCleanStackedLabels002.java,java,NO_ISSUE,1,,clean,synthetic_generated,clean snippet GenCleanStackedLabels002,0,0,0,0,0,23,505,0,1.0,0,0,0,0,1,2,2,2,1,3,1,11,128,0,0,0,0,0,0,0,0,0,0,0,0,0,0,0,0,0,0,0,1,3,1,0,1,1,0,12,0,0,0,0,0,1,0,14
gen_off_by_one_bug_052,data/ml/raw_snippets_generated/off_by_one/buggy/GenOffByOneBug052.java,java,OFF_BY_ONE_LOOP_BOUNDARY,0,pair_142,buggy,synthetic_generated,starts from .length instead of .length - 1,1,0,0,0,0,9,248,0,1.0,0,0,0,0,1,1,2,1,0,1,1,10,99,1,1,1,0,0,1,1,1,1,17,0,0,0,0,0,2,0,0,2,0,0,0,0,0,0,0,0,0,0,0,0,0,0,0,0
gen_off_by_one_fix_052,data/ml/raw_snippets_generated/off_by_one/fixed/GenOffByOneFix052.java,java,NO_ISSUE,1,pair_142,fixed,synthetic_generated,corrected with < length boundary,0,0,0,0,0,9,247,0,1.0,0,0,0,0,1,1,2,1,0,1,1,10,99,1,1,0,0,0,1,0,0,1,17,0,0,0,0,0,2,0,0,2,0,0,0,0,0,0,0,0,0,0,0,0,0,0,0,0
gen_while_no_update_bug_109,data/ml/raw_snippets_generated/while_variable_not_updated/buggy/GenWhileNoUpdateBug109.java,java,WHILE_VARIABLE_NOT_UPDATED,0,pair_879,buggy,synthetic_generated,no condition variable changes inside the while body (infinite loop),0,0,0,0,1,22,462,0,1.0,0,0,0,0,1,3,2,3,2,2,4,9,136,0,0,0,0,0,0,0,0,0,0,0,0,0,0,0,0,0,0,0,0,0,0,0,0,0,0,0,0,0,0,0,0,1,1,14
gen_while_no_update_fix_109,data/ml/raw_snippets_generated/while_variable_not_updated/fixed/GenWhileNoUpdateFix109.java,java,NO_ISSUE,1,pair_879,fixed,synthetic_generated,condition variable updated inside the loop body,0,0,0,0,0,23,484,0,1.0,0,0,0,0,1,3,2,3,2,2,4,9,141,0,0,0,0,0,0,0,0,0,0,0,0,0,0,0,0,0,0,0,0,0,0,0,0,0,0,0,0,0,0,0,0,2,0,14
gen_incorrect_cond_bug_086,data/ml/raw_snippets_generated/incorrect_conditional_operator/buggy/GenIncorrectConditionalBug086.java,java,INCORRECT_CONDITIONAL_OPERATOR,0,pair_346,buggy,synthetic_generated,uses assignment (=) instead of equality (==) in condition,0,1,0,0,0,75,1696,0,1.0,0,0,0,0,1,8,7,10,1,9,7,11,490,2,2,0,0,0,2,0,0,2,30,2,1,1,1,0,2,0,0,2,2,6,4,0,0,2,0,12,0,0,0,0,0,1,0,14
gen_incorrect_cond_fix_086,data/ml/raw_snippets_generated/incorrect_conditional_operator/fixed/GenIncorrectConditionalFix086.java,java,NO_ISSUE,1,pair_346,fixed,synthetic_generated,uses == for comparison correctly,0,0,0,0,0,75,1697,0,1.0,0,0,0,0,1,8,7,10,1,8,8,11,490,2,2,0,0,0,2,0,0,2,30,2,0,2,1,0,2,0,0,2,2,6,4,0,0,2,0,12,0,0,0,0,0,1,0,14
gen_off_by_one_bug_091,data/ml/raw_snippets_generated/off_by_one/buggy/GenOffByOneBug091.java,java,OFF_BY_ONE_LOOP_BOUNDARY,0,pair_181,buggy,synthetic_generated,starts from .length instead of .length - 1,1,0,0,0,0,22,491,0,1.0,0,0,0,0,1,3,2,5,0,1,5,10,163,1,1,1,0,0,1,1,1,1,13,2,0,0,0,0,1,0,0,1,0,0,0,0,0,0,0,0,0,0,0,0,0,0,0,0
gen_off_by_one_fix_091,data/ml/raw_snippets_generated/off_by_one/fixed/GenOffByOneFix091.java,java,NO_ISSUE,1,pair_181,fixed,synthetic_generated,corrected with < length boundary,0,0,0,0,0,22,490,0,1.0,0,0,0,0,1,3,2,5,0,1,5,10,163,1,1,0,0,0,1,0,0,1,13,2,0,0,0,0,1,0,0,1,0,0,0,0,0,0,0,0,0,0,0,0,0,0,0,0
gen_while_no_update_bug_154,data/ml/raw_snippets_generated/while_variable_not_updated/buggy/GenWhileNoUpdateBug154.java,java,WHILE_VARIABLE_NOT_UPDATED,0,pair_924,buggy,synthetic_generated,no condition variable changes inside the while body (infinite loop),0,0,0,0,1,8,188,0,1.0,0,0,0,0,1,1,0,0,1,0,0,10,57,0,0,0,0,0,0,0,0,0,0,0,0,0,0,0,0,0,0,0,0,0,0,0,0,0,0,0,0,0,0,0,1,0,1,21
gen_while_no_update_fix_154,data/ml/raw_snippets_generated/while_variable_not_updated/fixed/GenWhileNoUpdateFix154.java,java,NO_ISSUE,1,pair_924,fixed,synthetic_generated,condition variable updated inside the loop body,0,0,0,0,0,9,219,0,1.0,0,0,0,0,1,1,0,0,1,1,1,10,66,0,0,0,0,0,0,0,0,0,0,0,0,0,0,0,0,0,0,0,0,0,0,0,0,0,0,0,0,0,0,0,1,1,0,30
gen_incorrect_cond_bug_148,data/ml/raw_snippets_generated/incorrect_conditional_operator/buggy/GenIncorrectConditionalBug148.java,java,INCORRECT_CONDITIONAL_OPERATOR,0,pair_408,buggy,synthetic_generated,uses assignment (=) instead of equality (==) in condition,0,1,0,0,0,13,311,0,1.0,0,0,0,0,1,2,0,0,0,1,0,11,96,0,0,0,0,0,0,0,0,0,0,1,1,0,0,0,0,0,0,0,0,0,0,0,0,0,0,0,0,0,0,0,0,0,0,0
gen_incorrect_cond_fix_148,data/ml/raw_snippets_generated/incorrect_conditional_operator/fixed/GenIncorrectConditionalFix148.java,java,NO_ISSUE,1,pair_408,fixed,synthetic_generated,uses == for comparison correctly,0,0,0,0,0,13,312,0,1.0,0,0,0,0,1,2,0,0,0,0,1,11,96,0,0,0,0,0,0,0,0,0,0,1,0,1,0,0,0,0,0,0,0,0,0,0,0,0,0,0,0,0,0,0,0,0,0,0
gen_clean_boundary_minus_one_006,data/ml/raw_snippets_generated/clean/GenCleanBoundaryMinusOne006.java,java,NO_ISSUE,1,,clean,synthetic_generated,clean snippet GenCleanBoundaryMinusOne006,0,0,0,0,0,27,612,0,1.0,0,0,0,0,1,3,3,5,1,2,5,10,192,1,1,1,0,0,1,1,0,1,13,2,0,0,0,0,1,0,0,1,0,0,0,0,0,0,0,0,0,0,0,0,0,1,0,14
gen_incorrect_cond_bug_121,data/ml/raw_snippets_generated/incorrect_conditional_operator/buggy/GenIncorrectConditionalBug121.java,java,INCORRECT_CONDITIONAL_OPERATOR,0,pair_381,buggy,synthetic_generated,uses assignment (=) instead of equality (==) in condition,0,1,0,0,0,7,178,0,1.0,0,0,0,0,1,1,0,0,0,1,0,11,52,0,0,0,0,0,0,0,0,0,0,1,1,0,0,0,0,0,0,0,0,0,0,0,0,0,0,0,0,0,0,0,0,0,0,0
gen_incorrect_cond_fix_121,data/ml/raw_snippets_generated/incorrect_conditional_operator/fixed/GenIncorrectConditionalFix121.java,java,NO_ISSUE,1,pair_381,fixed,synthetic_generated,uses == for comparison correctly,0,0,0,0,0,7,179,0,1.0,0,0,0,0,1,1,0,0,0,0,1,11,52,0,0,0,0,0,0,0,0,0,0,1,0,1,0,0,0,0,0,0,0,0,0,0,0,0,0,0,0,0,0,0,0,0,0,0
gen_missing_break_bug_158,data/ml/raw_snippets_generated/missing_break_in_switch/buggy/GenMissingBreakBug158.java,java,MISSING_BREAK_IN_SWITCH,0,pair_758,buggy,synthetic_generated,case falls through without break (unintentional),0,0,0,1,0,24,588,0,1.0,0,0,0,0,1,1,1,1,0,6,0,11,141,0,0,0,0,0,0,0,0,0,0,0,0,0,0,0,0,0,0,0,1,6,4,1,0,1,0,12,0,0,0,0,0,0,0,0
gen_missing_break_fix_158,data/ml/raw_snippets_generated/missing_break_in_switch/fixed/GenMissingBreakFix158.java,java,NO_ISSUE,1,pair_758,fixed,synthetic_generated,every case ends with break/return,0,0,0,0,0,25,611,0,1.0,0,0,0,0,1,1,1,1,0,6,0,11,144,0,0,0,0,0,0,0,0,0,0,0,0,0,0,0,0,0,0,0,1,6,5,0,0,1,0,12,0,0,0,0,0,0,0,0
gen_while_no_update_bug_059,data/ml/raw_snippets_generated/while_variable_not_updated/buggy/GenWhileNoUpdateBug059.java,java,WHILE_VARIABLE_NOT_UPDATED,0,pair_829,buggy,synthetic_generated,no condition variable changes inside the while body (infinite loop),0,0,0,0,1,51,1209,0,1.0,0,0,0,0,1,6,5,6,2,2,6,12,394,2,2,0,0,0,2,0,0,2,30,3,0,0,0,0,4,0,0,2,0,0,0,0,0,0,0,0,0,0,0,0,1,1,1,21
gen_while_no_update_fix_059,data/ml/raw_snippets_generated/while_variable_not_updated/fixed/GenWhileNoUpdateFix059.java,java,NO_ISSUE,1,pair_829,fixed,synthetic_generated,condition variable updated inside the loop body,0,0,0,0,0,52,1243,0,1.0,0,0,0,0,1,6,5,6,2,3,7,12,403,2,2,0,0,0,2,0,0,2,30,3,0,0,0,0,4,0,0,2,0,0,0,0,0,0,0,0,0,0,0,0,1,2,0,30
gen_missing_break_bug_102,data/ml/raw_snippets_generated/missing_break_in_switch/buggy/GenMissingBreakBug102.java,java,MISSING_BREAK_IN_SWITCH,0,pair_702,buggy,synthetic_generated,case falls through without break (unintentional),0,0,0,1,0,62,1469,0,1.0,0,0,0,0,1,6,6,7,1,7,5,11,441,2,2,0,0,0,2,0,0,2,30,2,0,0,0,0,2,0,0,2,1,5,3,1,0,1,0,12,0,0,0,0,0,1,0,14
gen_missing_break_fix_102,data/ml/raw_snippets_generated/missing_break_in_switch/fixed/GenMissingBreakFix102.java,java,NO_ISSUE,1,pair_702,fixed,synthetic_generated,every case ends with break/return,0,0,0,0,0,63,1492,0,1.0,0,0,0,0,1,6,6,7,1,7,5,11,444,2,2,0,0,0,2,0,0,2,30,2,0,0,0,0,2,0,0,2,1,5,4,0,0,1,0,12,0,0,0,0,0,1,0,14
gen_array_index_bug_157,data/ml/raw_snippets_generated/array_length_index_misuse/buggy/GenArrayIndexBug157.java,java,ARRAY_LENGTH_INDEX_MISUSE,0,pair_587,buggy,synthetic_generated,accesses array[array.length] directly (out of bounds),0,0,1,0,0,5,122,0,1.0,0,0,0,0,1,1,0,1,0,0,0,8,40,0,0,0,0,0,0,0,0,0,0,0,0,0,0,0,1,1,1,1,0,0,0,0,0,0,0,0,0,0,0,0,0,0,0,0
gen_array_index_fix_157,data/ml/raw_snippets_generated/array_length_index_misuse/fixed/GenArrayIndexFix157.java,java,NO_ISSUE,1,pair_587,fixed,synthetic_generated,corrected with .length - 1 as last valid index,0,0,0,0,0,5,126,0,1.0,0,0,0,0,1,1,0,1,0,0,1,9,43,0,0,0,0,0,0,0,0,0,0,0,0,0,0,0,1,0,1,1,0,0,0,0,0,0,0,0,0,0,0,0,0,0,0,0
gen_off_by_one_bug_042,data/ml/raw_snippets_generated/off_by_one/buggy/GenOffByOneBug042.java,java,OFF_BY_ONE_LOOP_BOUNDARY,0,pair_132,buggy,synthetic_generated,starts from .length instead of .length - 1,1,0,0,0,0,7,176,0,1.0,0,0,0,0,1,1,1,0,0,0,1,11,71,1,1,1,0,0,1,1,1,1,20,0,0,0,0,0,1,0,0,1,0,0,0,0,0,0,0,0,0,0,0,0,0,0,0,0
gen_off_by_one_fix_042,data/ml/raw_snippets_generated/off_by_one/fixed/GenOffByOneFix042.java,java,NO_ISSUE,1,pair_132,fixed,synthetic_generated,corrected with < length boundary,0,0,0,0,0,7,175,0,1.0,0,0,0,0,1,1,1,0,0,0,1,11,71,1,1,0,0,0,1,0,0,1,20,0,0,0,0,0,1,0,0,1,0,0,0,0,0,0,0,0,0,0,0,0,0,0,0,0
gen_array_index_bug_167,data/ml/raw_snippets_generated/array_length_index_misuse/buggy/GenArrayIndexBug167.java,java,ARRAY_LENGTH_INDEX_MISUSE,0,pair_597,buggy,synthetic_generated,accesses array[array.length] directly (out of bounds),0,0,1,0,0,18,401,0,1.0,0,0,0,0,1,3,0,5,0,0,4,9,128,0,0,0,0,0,0,0,0,0,0,2,0,0,0,0,1,1,1,1,0,0,0,0,0,0,0,0,0,0,0,0,0,0,0,0
gen_array_index_fix_167,data/ml/raw_snippets_generated/array_length_index_misuse/fixed/GenArrayIndexFix167.java,java,NO_ISSUE,1,pair_597,fixed,synthetic_generated,corrected with .length - 1 as last valid index,0,0,0,0,0,18,405,0,1.0,0,0,0,0,1,3,0,5,0,0,5,9,131,0,0,0,0,0,0,0,0,0,0,2,0,0,0,0,1,0,1,1,0,0,0,0,0,0,0,0,0,0,0,0,0,0,0,0
gen_array_index_bug_111,data/ml/raw_snippets_generated/array_length_index_misuse/buggy/GenArrayIndexBug111.java,java,ARRAY_LENGTH_INDEX_MISUSE,0,pair_541,buggy,synthetic_generated,accesses array[array.length] directly (out of bounds),0,0,1,0,0,12,262,0,1.0,0,0,0,0,1,2,0,3,0,0,2,9,84,0,0,0,0,0,0,0,0,0,0,1,0,1,0,0,1,1,1,1,0,0,0,0,0,0,0,0,0,0,0,0,0,0,0,0
gen_array_index_fix_111,data/ml/raw_snippets_generated/array_length_index_misuse/fixed/GenArrayIndexFix111.java,java,NO_ISSUE,1,pair_541,fixed,synthetic_generated,corrected with .length - 1 as last valid index,0,0,0,0,0,12,266,0,1.0,0,0,0,0,1,2,0,3,0,0,3,9,87,0,0,0,0,0,0,0,0,0,0,1,0,1,0,0,1,0,1,1,0,0,0,0,0,0,0,0,0,0,0,0,0,0,0,0
gen_clean_tail_index_014,data/ml/raw_snippets_generated/clean/GenCleanTailIndex014.java,java,NO_ISSUE,1,,clean,synthetic_generated,clean snippet GenCleanTailIndex014,0,0,0,0,0,24,527,0,1.0,0,0,0,0,1,3,1,3,0,3,3,11,148,0,0,0,0,0,0,0,0,0,0,0,0,0,0,0,1,0,1,1,1,3,2,0,0,1,0,12,0,0,0,0,0,0,0,0
gen_incorrect_cond_bug_040,data/ml/raw_snippets_generated/incorrect_conditional_operator/buggy/GenIncorrectConditionalBug040.java,java,INCORRECT_CONDITIONAL_OPERATOR,0,pair_300,buggy,synthetic_generated,uses assignment (=) instead of equality (==) in condition,0,1,0,0,0,12,276,0,1.0,0,0,0,0,1,2,0,3,0,1,2,8,72,0,0,0,0,0,0,0,0,0,0,1,1,0,0,0,0,0,0,0,0,0,0,0,0,0,0,0,0,0,0,0,0,0,0,0
gen_incorrect_cond_fix_040,data/ml/raw_snippets_generated/incorrect_conditional_operator/fixed/GenIncorrectConditionalFix040.java,java,NO_ISSUE,1,pair_300,fixed,synthetic_generated,uses == for comparison correctly,0,0,0,0,0,12,277,0,1.0,0,0,0,0,1,2,0,3,0,0,3,8,72,0,0,0,0,0,0,0,0,0,0,1,0,1,0,0,0,0,0,0,0,0,0,0,0,0,0,0,0,0,0,0,0,0,0,0
gen_array_index_bug_108,data/ml/raw_snippets_generated/array_length_index_misuse/buggy/GenArrayIndexBug108.java,java,ARRAY_LENGTH_INDEX_MISUSE,0,pair_538,buggy,synthetic_generated,accesses array[array.length] directly (out of bounds),0,0,1,0,0,15,374,0,1.0,0,0,0,0,1,2,2,1,0,2,2,12,134,1,1,0,0,0,1,0,0,1,29,1,0,0,0,0,4,1,1,2,0,0,0,0,0,0,0,0,0,0,0,0,0,0,0,0
gen_array_index_fix_108,data/ml/raw_snippets_generated/array_length_index_misuse/fixed/GenArrayIndexFix108.java,java,NO_ISSUE,1,pair_538,fixed,synthetic_generated,corrected with .length - 1 as last valid index,0,0,0,0,0,15,378,0,1.0,0,0,0,0,1,2,2,1,0,2,3,12,137,1,1,0,0,0,1,0,0,1,29,1,0,0,0,0,4,0,1,2,0,0,0,0,0,0,0,0,0,0,0,0,0,0,0,0
gen_array_index_bug_106,data/ml/raw_snippets_generated/array_length_index_misuse/buggy/GenArrayIndexBug106.java,java,ARRAY_LENGTH_INDEX_MISUSE,0,pair_536,buggy,synthetic_generated,accesses array[array.length] directly (out of bounds),0,0,1,0,0,13,318,0,1.0,0,0,0,0,1,2,2,1,0,1,1,10,116,1,1,0,0,0,1,0,0,1,13,0,0,0,0,0,2,1,1,2,0,0,0,0,0,0,0,0,0,0,0,0,0,0,0,0
gen_array_index_fix_106,data/ml/raw_snippets_generated/array_length_index_misuse/fixed/GenArrayIndexFix106.java,java,NO_ISSUE,1,pair_536,fixed,synthetic_generated,corrected with .length - 1 as last valid index,0,0,0,0,0,13,322,0,1.0,0,0,0,0,1,2,2,1,0,1,2,11,119,1,1,0,0,0,1,0,0,1,13,0,0,0,0,0,2,0,1,2,0,0,0,0,0,0,0,0,0,0,0,0,0,0,0,0
gen_incorrect_cond_bug_134,data/ml/raw_snippets_generated/incorrect_conditional_operator/buggy/GenIncorrectConditionalBug134.java,java,INCORRECT_CONDITIONAL_OPERATOR,0,pair_394,buggy,synthetic_generated,uses assignment (=) instead of equality (==) in condition,0,1,0,0,0,42,987,0,1.0,0,0,0,0,1,6,4,7,0,2,8,11,326,2,2,0,0,0,2,0,0,2,30,3,1,2,0,0,2,0,0,2,0,0,0,0,0,0,0,0,0,0,0,0,0,0,0,0
gen_incorrect_cond_fix_134,data/ml/raw_snippets_generated/incorrect_conditional_operator/fixed/GenIncorrectConditionalFix134.java,java,NO_ISSUE,1,pair_394,fixed,synthetic_generated,uses == for comparison correctly,0,0,0,0,0,42,988,0,1.0,0,0,0,0,1,6,4,7,0,1,9,11,326,2,2,0,0,0,2,0,0,2,30,3,0,3,0,0,2,0,0,2,0,0,0,0,0,0,0,0,0,0,0,0,0,0,0,0
gen_off_by_one_bug_123,data/ml/raw_snippets_generated/off_by_one/buggy/GenOffByOneBug123.java,java,OFF_BY_ONE_LOOP_BOUNDARY,0,pair_213,buggy,synthetic_generated,starts from .length instead of .length - 1,1,0,0,0,0,37,872,0,1.0,0,0,0,0,1,4,4,8,0,1,7,11,287,2,2,1,0,0,2,1,1,2,24,5,0,0,0,0,2,0,0,2,0,0,0,0,0,0,0,0,0,0,0,0,0,0,0,0
gen_off_by_one_fix_123,data/ml/raw_snippets_generated/off_by_one/fixed/GenOffByOneFix123.java,java,NO_ISSUE,1,pair_213,fixed,synthetic_generated,corrected with < length boundary,0,0,0,0,0,37,871,0,1.0,0,0,0,0,1,4,4,8,0,1,7,11,287,2,2,0,0,0,2,0,0,2,24,5,0,0,0,0,2,0,0,2,0,0,0,0,0,0,0,0,0,0,0,0,0,0,0,0
gen_while_no_update_bug_016,data/ml/raw_snippets_generated/while_variable_not_updated/buggy/GenWhileNoUpdateBug016.java,java,WHILE_VARIABLE_NOT_UPDATED,0,pair_786,buggy,synthetic_generated,no condition variable changes inside the while body (infinite loop),0,0,0,0,1,9,204,0,1.0,0,0,0,0,1,1,1,1,1,1,1,9,60,0,0,0,0,0,0,0,0,0,0,0,0,0,0,0,0,0,0,0,0,0,0,0,0,0,0,0,0,0,0,0,0,0,1,9
gen_while_no_update_fix_016,data/ml/raw_snippets_generated/while_variable_not_updated/fixed/GenWhileNoUpdateFix016.java,java,NO_ISSUE,1,pair_786,fixed,synthetic_generated,condition variable updated inside the loop body,0,0,0,0,0,10,226,0,1.0,0,0,0,0,1,1,1,1,1,1,1,9,65,0,0,0,0,0,0,0,0,0,0,0,0,0,0,0,0,0,0,0,0,0,0,0,0,0,0,0,0,0,0,0,0,1,0,14
gen_off_by_one_bug_160,data/ml/raw_snippets_generated/off_by_one/buggy/GenOffByOneBug160.java,java,OFF_BY_ONE_LOOP_BOUNDARY,0,pair_250,buggy,synthetic_generated,starts from .length instead of .length - 1,1,0,0,0,0,27,616,0,1.0,0,0,0,0,1,3,4,3,2,3,3,10,201,1,1,1,0,0,1,1,1,1,17,0,0,0,0,0,2,0,0,2,0,0,0,0,0,0,0,0,0,0,0,0,0,2,0,14
gen_off_by_one_fix_160,data/ml/raw_snippets_generated/off_by_one/fixed/GenOffByOneFix160.java,java,NO_ISSUE,1,pair_250,fixed,synthetic_generated,corrected with < length boundary,0,0,0,0,0,27,615,0,1.0,0,0,0,0,1,3,4,3,2,3,3,10,201,1,1,0,0,0,1,0,0,1,17,0,0,0,0,0,2,0,0,2,0,0,0,0,0,0,0,0,0,0,0,0,0,2,0,14
gen_off_by_one_bug_143,data/ml/raw_snippets_generated/off_by_one/buggy/GenOffByOneBug143.java,java,OFF_BY_ONE_LOOP_BOUNDARY,0,pair_233,buggy,synthetic_generated,starts from .length instead of .length - 1,1,0,0,0,0,37,827,0,1.0,0,0,0,0,1,5,3,6,0,1,6,11,288,2,2,1,0,0,2,1,1,2,20,3,0,1,0,0,2,0,0,2,0,0,0,0,0,0,0,0,0,0,0,0,0,0,0,0
gen_off_by_one_fix_143,data/ml/raw_snippets_generated/off_by_one/fixed/GenOffByOneFix143.java,java,NO_ISSUE,1,pair_233,fixed,synthetic_generated,corrected with < length boundary,0,0,0,0,0,37,826,0,1.0,0,0,0,0,1,5,3,6,0,1,6,11,288,2,2,0,0,0,2,0,0,2,20,3,0,1,0,0,2,0,0,2,0,0,0,0,0,0,0,0,0,0,0,0,0,0,0,0
gen_missing_break_bug_101,data/ml/raw_snippets_generated/missing_break_in_switch/buggy/GenMissingBreakBug101.java,java,MISSING_BREAK_IN_SWITCH,0,pair_701,buggy,synthetic_generated,case falls through without break (unintentional),0,0,0,1,0,53,1182,0,1.0,0,0,0,0,1,5,5,7,2,7,5,11,338,1,1,0,0,0,1,0,0,1,13,2,0,0,0,0,1,0,0,1,1,4,2,1,0,1,0,12,0,0,0,0,0,2,0,14
gen_missing_break_fix_101,data/ml/raw_snippets_generated/missing_break_in_switch/fixed/GenMissingBreakFix101.java,java,NO_ISSUE,1,pair_701,fixed,synthetic_generated,every case ends with break/return,0,0,0,0,0,54,1205,0,1.0,0,0,0,0,1,5,5,7,2,7,5,11,341,1,1,0,0,0,1,0,0,1,13,2,0,0,0,0,1,0,0,1,1,4,3,0,0,1,0,12,0,0,0,0,0,2,0,14
gen_clean_generic_018,data/ml/raw_snippets_generated/clean/GenCleanGeneric018.java,java,NO_ISSUE,1,,clean,synthetic_generated,clean snippet GenCleanGeneric018,0,0,0,0,0,20,481,0,1.0,0,0,0,0,1,2,2,4,0,1,4,12,160,1,1,0,0,0,1,0,0,1,29,3,0,0,0,0,3,0,0,1,0,0,0,0,0,0,0,0,0,0,0,0,0,0,0,0
gen_missing_break_bug_123,data/ml/raw_snippets_generated/missing_break_in_switch/buggy/GenMissingBreakBug123.java,java,MISSING_BREAK_IN_SWITCH,0,pair_723,buggy,synthetic_generated,case falls through without break (unintentional),0,0,0,1,0,25,589,0,1.0,0,0,0,0,1,2,1,2,0,5,2,11,149,0,0,0,0,0,0,0,0,0,0,0,0,0,0,0,0,0,0,0,1,5,3,1,0,1,0,12,0,0,0,0,0,0,0,0
gen_missing_break_fix_123,data/ml/raw_snippets_generated/missing_break_in_switch/fixed/GenMissingBreakFix123.java,java,NO_ISSUE,1,pair_723,fixed,synthetic_generated,every case ends with break/return,0,0,0,0,0,26,612,0,1.0,0,0,0,0,1,2,1,2,0,5,2,11,152,0,0,0,0,0,0,0,0,0,0,0,0,0,0,0,0,0,0,0,1,5,4,0,0,1,0,12,0,0,0,0,0,0,0,0
gen_clean_generic_102,data/ml/raw_snippets_generated/clean/GenCleanGeneric102.java,java,NO_ISSUE,1,,clean,synthetic_generated,clean snippet GenCleanGeneric102,0,0,0,0,0,56,1263,0,1.0,0,0,0,0,1,5,6,6,0,8,5,12,369,2,2,0,0,0,2,0,0,2,29,2,0,1,0,0,4,0,0,2,2,6,4,0,0,2,0,12,0,0,0,0,0,0,0,0
gen_missing_break_bug_161,data/ml/raw_snippets_generated/missing_break_in_switch/buggy/GenMissingBreakBug161.java,java,MISSING_BREAK_IN_SWITCH,0,pair_761,buggy,synthetic_generated,case falls through without break (unintentional),0,0,0,1,0,21,511,0,1.0,0,0,0,0,1,1,1,1,0,5,0,11,124,0,0,0,0,0,0,0,0,0,0,0,0,0,0,0,0,0,0,0,1,5,3,1,0,1,0,12,0,0,0,0,0,0,0,0
gen_missing_break_fix_161,data/ml/raw_snippets_generated/missing_break_in_switch/fixed/GenMissingBreakFix161.java,java,NO_ISSUE,1,pair_761,fixed,synthetic_generated,every case ends with break/return,0,0,0,0,0,22,534,0,1.0,0,0,0,0,1,1,1,1,0,5,0,11,127,0,0,0,0,0,0,0,0,0,0,0,0,0,0,0,0,0,0,0,1,5,4,0,0,1,0,12,0,0,0,0,0,0,0,0
gen_array_index_bug_134,data/ml/raw_snippets_generated/array_length_index_misuse/buggy/GenArrayIndexBug134.java,java,ARRAY_LENGTH_INDEX_MISUSE,0,pair_564,buggy,synthetic_generated,accesses array[array.length] directly (out of bounds),0,0,1,0,0,31,756,0,1.0,0,0,0,0,1,5,2,4,0,1,5,11,252,1,1,0,0,0,1,0,0,1,30,1,0,1,0,0,2,1,1,2,0,0,0,0,0,0,0,0,0,0,0,0,0,0,0,0
gen_array_index_fix_134,data/ml/raw_snippets_generated/array_length_index_misuse/fixed/GenArrayIndexFix134.java,java,NO_ISSUE,1,pair_564,fixed,synthetic_generated,corrected with .length - 1 as last valid index,0,0,0,0,0,31,760,0,1.0,0,0,0,0,1,5,2,4,0,1,6,11,255,1,1,0,0,0,1,0,0,1,30,1,0,1,0,0,2,0,1,2,0,0,0,0,0,0,0,0,0,0,0,0,0,0,0,0
gen_while_no_update_bug_089,data/ml/raw_snippets_generated/while_variable_not_updated/buggy/GenWhileNoUpdateBug089.java,java,WHILE_VARIABLE_NOT_UPDATED,0,pair_859,buggy,synthetic_generated,no condition variable changes inside the while body (infinite loop),0,0,0,0,1,16,377,0,1.0,0,0,0,0,1,2,0,3,1,0,4,12,116,0,0,0,0,0,0,0,0,0,0,2,0,0,0,0,0,0,0,0,0,0,0,0,0,0,0,0,0,0,0,0,1,0,1,22
gen_while_no_update_fix_089,data/ml/raw_snippets_generated/while_variable_not_updated/fixed/GenWhileNoUpdateFix089.java,java,NO_ISSUE,1,pair_859,fixed,synthetic_generated,condition variable updated inside the loop body,0,0,0,0,0,17,401,0,1.0,0,0,0,0,1,2,0,3,1,0,4,12,121,0,0,0,0,0,0,0,0,0,0,2,0,0,0,0,0,0,0,0,0,0,0,0,0,0,0,0,0,0,0,0,1,1,0,27
gen_array_index_bug_001,data/ml/raw_snippets_generated/array_length_index_misuse/buggy/GenArrayIndexBug001.java,java,ARRAY_LENGTH_INDEX_MISUSE,0,pair_431,buggy,synthetic_generated,accesses array[array.length] directly (out of bounds),0,0,1,0,0,23,546,0,1.0,0,0,0,0,1,3,4,3,0,2,3,12,196,2,2,0,0,0,2,0,0,2,29,1,0,0,0,0,5,1,1,3,0,0,0,0,0,0,0,0,0,0,0,0,0,0,0,0
gen_array_index_fix_001,data/ml/raw_snippets_generated/array_length_index_misuse/fixed/GenArrayIndexFix001.java,java,NO_ISSUE,1,pair_431,fixed,synthetic_generated,corrected with .length - 1 as last valid index,0,0,0,0,0,23,550,0,1.0,0,0,0,0,1,3,4,3,0,2,4,12,199,2,2,0,0,0,2,0,0,2,29,1,0,0,0,0,5,0,1,3,0,0,0,0,0,0,0,0,0,0,0,0,0,0,0,0
gen_while_no_update_bug_007,data/ml/raw_snippets_generated/while_variable_not_updated/buggy/GenWhileNoUpdateBug007.java,java,WHILE_VARIABLE_NOT_UPDATED,0,pair_777,buggy,synthetic_generated,no condition variable changes inside the while body (infinite loop),0,0,0,0,1,9,210,0,1.0,0,0,0,0,1,1,1,1,1,1,1,9,60,0,0,0,0,0,0,0,0,0,0,0,0,0,0,0,0,0,0,0,0,0,0,0,0,0,0,0,0,0,0,0,0,0,1,9
gen_while_no_update_fix_007,data/ml/raw_snippets_generated/while_variable_not_updated/fixed/GenWhileNoUpdateFix007.java,java,NO_ISSUE,1,pair_777,fixed,synthetic_generated,condition variable updated inside the loop body,0,0,0,0,0,10,234,0,1.0,0,0,0,0,1,1,1,1,1,1,1,9,65,0,0,0,0,0,0,0,0,0,0,0,0,0,0,0,0,0,0,0,0,0,0,0,0,0,0,0,0,0,0,0,0,1,0,14
gen_clean_fall_through_026,data/ml/raw_snippets_generated/clean/GenCleanFallThrough026.java,java,NO_ISSUE,1,,clean,synthetic_generated,clean snippet GenCleanFallThrough026,0,0,0,0,0,17,526,0,1.0,0,0,0,0,1,1,0,0,0,0,0,12,121,0,0,0,0,0,0,0,0,0,0,0,0,0,0,0,0,0,0,0,1,4,1,2,0,1,2,19,0,0,0,0,0,0,0,0
gen_clean_stacked_labels_009,data/ml/raw_snippets_generated/clean/GenCleanStackedLabels009.java,java,NO_ISSUE,1,,clean,synthetic_generated,clean snippet GenCleanStackedLabels009,0,0,0,0,0,23,511,0,1.0,0,0,0,0,1,2,1,4,0,2,2,11,138,0,0,0,0,0,0,0,0,0,0,2,0,0,0,0,0,0,0,0,1,3,1,0,1,1,0,12,0,0,0,0,0,0,0,0
gen_while_no_update_bug_100,data/ml/raw_snippets_generated/while_variable_not_updated/buggy/GenWhileNoUpdateBug100.java,java,WHILE_VARIABLE_NOT_UPDATED,0,pair_870,buggy,synthetic_generated,no condition variable changes inside the while body (infinite loop),0,0,0,0,1,9,204,0,1.0,0,0,0,0,1,1,1,1,1,1,1,9,60,0,0,0,0,0,0,0,0,0,0,0,0,0,0,0,0,0,0,0,0,0,0,0,0,0,0,0,0,0,0,0,0,0,1,9
gen_while_no_update_fix_100,data/ml/raw_snippets_generated/while_variable_not_updated/fixed/GenWhileNoUpdateFix100.java,java,NO_ISSUE,1,pair_870,fixed,synthetic_generated,condition variable updated inside the loop body,0,0,0,0,0,10,226,0,1.0,0,0,0,0,1,1,1,1,1,1,1,9,65,0,0,0,0,0,0,0,0,0,0,0,0,0,0,0,0,0,0,0,0,0,0,0,0,0,0,0,0,0,0,0,0,1,0,14
gen_off_by_one_bug_116,data/ml/raw_snippets_generated/off_by_one/buggy/GenOffByOneBug116.java,java,OFF_BY_ONE_LOOP_BOUNDARY,0,pair_206,buggy,synthetic_generated,starts from .length instead of .length - 1,1,0,0,0,0,15,356,0,1.0,0,0,0,0,1,2,2,2,0,0,4,11,118,1,1,1,0,0,1,1,1,1,24,1,0,0,0,0,1,0,0,1,0,0,0,0,0,0,0,0,0,0,0,0,0,0,0,0
gen_off_by_one_fix_116,data/ml/raw_snippets_generated/off_by_one/fixed/GenOffByOneFix116.java,java,NO_ISSUE,1,pair_206,fixed,synthetic_generated,corrected with < length boundary,0,0,0,0,0,15,355,0,1.0,0,0,0,0,1,2,2,2,0,0,4,11,118,1,1,0,0,0,1,0,0,1,24,1,0,0,0,0,1,0,0,1,0,0,0,0,0,0,0,0,0,0,0,0,0,0,0,0
gen_clean_stacked_labels_007,data/ml/raw_snippets_generated/clean/GenCleanStackedLabels007.java,java,NO_ISSUE,1,,clean,synthetic_generated,clean snippet GenCleanStackedLabels007,0,0,0,0,0,18,392,0,1.0,0,0,0,0,1,2,1,2,0,2,2,11,102,0,0,0,0,0,0,0,0,0,0,0,0,0,0,0,0,0,0,0,1,3,1,0,1,1,0,12,0,0,0,0,0,0,0,0
gen_clean_generic_059,data/ml/raw_snippets_generated/clean/GenCleanGeneric059.java,java,NO_ISSUE,1,,clean,synthetic_generated,clean snippet GenCleanGeneric059,0,0,0,0,0,25,570,0,1.0,0,0,0,0,1,3,0,6,0,0,4,10,177,0,0,0,0,0,0,0,0,0,0,4,0,0,0,0,0,0,0,0,0,0,0,0,0,0,0,0,0,0,0,0,0,0,0,0
gen_missing_break_bug_169,data/ml/raw_snippets_generated/missing_break_in_switch/buggy/GenMissingBreakBug169.java,java,MISSING_BREAK_IN_SWITCH,0,pair_769,buggy,synthetic_generated,case falls through without break (unintentional),0,0,0,1,0,21,508,0,1.0,0,0,0,0,1,1,1,1,0,5,0,11,124,0,0,0,0,0,0,0,0,0,0,0,0,0,0,0,0,0,0,0,1,5,3,1,0,1,0,12,0,0,0,0,0,0,0,0
gen_missing_break_fix_169,data/ml/raw_snippets_generated/missing_break_in_switch/fixed/GenMissingBreakFix169.java,java,NO_ISSUE,1,pair_769,fixed,synthetic_generated,every case ends with break/return,0,0,0,0,0,22,531,0,1.0,0,0,0,0,1,1,1,1,0,5,0,11,127,0,0,0,0,0,0,0,0,0,0,0,0,0,0,0,0,0,0,0,1,5,4,0,0,1,0,12,0,0,0,0,0,0,0,0
gen_incorrect_cond_bug_166,data/ml/raw_snippets_generated/incorrect_conditional_operator/buggy/GenIncorrectConditionalBug166.java,java,INCORRECT_CONDITIONAL_OPERATOR,0,pair_426,buggy,synthetic_generated,uses assignment (=) instead of equality (==) in condition,0,1,0,0,0,46,1111,0,1.0,0,0,0,0,1,4,4,3,0,7,1,11,305,1,1,0,0,0,1,0,0,1,30,1,1,0,0,0,1,0,0,1,2,6,4,0,0,2,0,12,0,0,0,0,0,0,0,0
gen_incorrect_cond_fix_166,data/ml/raw_snippets_generated/incorrect_conditional_operator/fixed/GenIncorrectConditionalFix166.java,java,NO_ISSUE,1,pair_426,fixed,synthetic_generated,uses == for comparison correctly,0,0,0,0,0,46,1112,0,1.0,0,0,0,0,1,4,4,3,0,6,2,11,305,1,1,0,0,0,1,0,0,1,30,1,0,1,0,0,1,0,0,1,2,6,4,0,0,2,0,12,0,0,0,0,0,0,0,0
gen_array_index_bug_092,data/ml/raw_snippets_generated/array_length_index_misuse/buggy/GenArrayIndexBug092.java,java,ARRAY_LENGTH_INDEX_MISUSE,0,pair_522,buggy,synthetic_generated,accesses array[array.length] directly (out of bounds),0,0,1,0,0,9,191,0,1.0,0,0,0,0,1,2,0,2,0,0,2,8,65,0,0,0,0,0,0,0,0,0,0,0,0,0,0,0,1,1,1,1,0,0,0,0,0,0,0,0,0,0,0,0,0,0,0,0
gen_array_index_fix_092,data/ml/raw_snippets_generated/array_length_index_misuse/fixed/GenArrayIndexFix092.java,java,NO_ISSUE,1,pair_522,fixed,synthetic_generated,corrected with .length - 1 as last valid index,0,0,0,0,0,9,195,0,1.0,0,0,0,0,1,2,0,2,0,0,3,9,68,0,0,0,0,0,0,0,0,0,0,0,0,0,0,0,1,0,1,1,0,0,0,0,0,0,0,0,0,0,0,0,0,0,0,0
gen_missing_break_bug_025,data/ml/raw_snippets_generated/missing_break_in_switch/buggy/GenMissingBreakBug025.java,java,MISSING_BREAK_IN_SWITCH,0,pair_625,buggy,synthetic_generated,case falls through without break (unintentional),0,0,0,1,0,24,585,0,1.0,0,0,0,0,1,1,1,1,0,6,0,11,141,0,0,0,0,0,0,0,0,0,0,0,0,0,0,0,0,0,0,0,1,6,4,1,0,1,0,12,0,0,0,0,0,0,0,0
gen_missing_break_fix_025,data/ml/raw_snippets_generated/missing_break_in_switch/fixed/GenMissingBreakFix025.java,java,NO_ISSUE,1,pair_625,fixed,synthetic_generated,every case ends with break/return,0,0,0,0,0,25,608,0,1.0,0,0,0,0,1,1,1,1,0,6,0,11,144,0,0,0,0,0,0,0,0,0,0,0,0,0,0,0,0,0,0,0,1,6,5,0,0,1,0,12,0,0,0,0,0,0,0,0
gen_array_index_bug_158,data/ml/raw_snippets_generated/array_length_index_misuse/buggy/GenArrayIndexBug158.java,java,ARRAY_LENGTH_INDEX_MISUSE,0,pair_588,buggy,synthetic_generated,accesses array[array.length] directly (out of bounds),0,0,1,0,0,5,135,0,1.0,0,0,0,0,1,1,0,0,0,1,0,9,46,0,0,0,0,0,0,0,0,0,0,0,0,0,0,0,1,1,1,1,0,0,0,0,0,0,0,0,0,0,0,0,0,0,0,0
gen_array_index_fix_158,data/ml/raw_snippets_generated/array_length_index_misuse/fixed/GenArrayIndexFix158.java,java,NO_ISSUE,1,pair_588,fixed,synthetic_generated,corrected with .length - 1 as last valid index,0,0,0,0,0,5,139,0,1.0,0,0,0,0,1,1,0,0,0,1,1,10,49,0,0,0,0,0,0,0,0,0,0,0,0,0,0,0,1,0,1,1,0,0,0,0,0,0,0,0,0,0,0,0,0,0,0,0
gen_incorrect_cond_bug_112,data/ml/raw_snippets_generated/incorrect_conditional_operator/buggy/GenIncorrectConditionalBug112.java,java,INCORRECT_CONDITIONAL_OPERATOR,0,pair_372,buggy,synthetic_generated,uses assignment (=) instead of equality (==) in condition,0,1,0,0,0,7,176,0,1.0,0,0,0,0,1,1,0,0,0,1,0,11,52,0,0,0,0,0,0,0,0,0,0,1,1,0,0,0,0,0,0,0,0,0,0,0,0,0,0,0,0,0,0,0,0,0,0,0
gen_incorrect_cond_fix_112,data/ml/raw_snippets_generated/incorrect_conditional_operator/fixed/GenIncorrectConditionalFix112.java,java,NO_ISSUE,1,pair_372,fixed,synthetic_generated,uses == for comparison correctly,0,0,0,0,0,7,177,0,1.0,0,0,0,0,1,1,0,0,0,0,1,11,52,0,0,0,0,0,0,0,0,0,0,1,0,1,0,0,0,0,0,0,0,0,0,0,0,0,0,0,0,0,0,0,0,0,0,0
gen_missing_break_bug_090,data/ml/raw_snippets_generated/missing_break_in_switch/buggy/GenMissingBreakBug090.java,java,MISSING_BREAK_IN_SWITCH,0,pair_690,buggy,synthetic_generated,case falls through without break (unintentional),0,0,0,1,0,32,770,0,1.0,0,0,0,0,1,2,3,2,0,7,1,11,209,1,1,0,0,0,1,0,0,1,13,0,0,0,0,0,1,0,0,1,1,6,4,1,0,1,0,12,0,0,0,0,0,0,0,0
gen_missing_break_fix_090,data/ml/raw_snippets_generated/missing_break_in_switch/fixed/GenMissingBreakFix090.java,java,NO_ISSUE,1,pair_690,fixed,synthetic_generated,every case ends with break/return,0,0,0,0,0,33,793,0,1.0,0,0,0,0,1,2,3,2,0,7,1,11,212,1,1,0,0,0,1,0,0,1,13,0,0,0,0,0,1,0,0,1,1,6,5,0,0,1,0,12,0,0,0,0,0,0,0,0
gen_clean_verbose_boolean_016,data/ml/raw_snippets_generated/clean/GenCleanVerboseBoolean016.java,java,NO_ISSUE,1,,clean,synthetic_generated,clean snippet GenCleanVerboseBoolean016,0,0,0,0,0,8,179,0,1.0,0,0,0,0,1,1,0,2,0,0,1,9,49,0,0,0,0,0,0,0,0,0,0,1,0,1,1,0,0,0,0,0,0,0,0,0,0,0,0,0,0,0,0,0,0,0,0,0
gen_clean_boundary_minus_one_030,data/ml/raw_snippets_generated/clean/GenCleanBoundaryMinusOne030.java,java,NO_ISSUE,1,,clean,synthetic_generated,clean snippet GenCleanBoundaryMinusOne030,0,0,0,0,0,16,373,0,1.0,0,0,0,0,1,2,2,3,0,1,4,10,124,1,1,1,0,0,1,1,0,1,13,1,0,1,0,0,1,0,0,1,0,0,0,0,0,0,0,0,0,0,0,0,0,0,0,0
gen_off_by_one_bug_017,data/ml/raw_snippets_generated/off_by_one/buggy/GenOffByOneBug017.java,java,OFF_BY_ONE_LOOP_BOUNDARY,0,pair_107,buggy,synthetic_generated,starts from .length instead of .length - 1,1,0,0,0,0,9,219,0,1.0,0,0,0,0,1,1,2,1,0,1,1,10,77,1,1,1,0,0,1,1,1,1,13,0,0,0,0,0,1,0,0,1,0,0,0,0,0,0,0,0,0,0,0,0,0,0,0,0
gen_off_by_one_fix_017,data/ml/raw_snippets_generated/off_by_one/fixed/GenOffByOneFix017.java,java,NO_ISSUE,1,pair_107,fixed,synthetic_generated,corrected with < length boundary,0,0,0,0,0,9,218,0,1.0,0,0,0,0,1,1,2,1,0,1,1,10,77,1,1,0,0,0,1,0,0,1,13,0,0,0,0,0,1,0,0,1,0,0,0,0,0,0,0,0,0,0,0,0,0,0,0,0
gen_array_index_bug_050,data/ml/raw_snippets_generated/array_length_index_misuse/buggy/GenArrayIndexBug050.java,java,ARRAY_LENGTH_INDEX_MISUSE,0,pair_480,buggy,synthetic_generated,accesses array[array.length] directly (out of bounds),0,0,1,0,0,5,135,0,1.0,0,0,0,0,1,1,0,0,0,1,0,9,46,0,0,0,0,0,0,0,0,0,0,0,0,0,0,0,1,1,1,1,0,0,0,0,0,0,0,0,0,0,0,0,0,0,0,0
gen_array_index_fix_050,data/ml/raw_snippets_generated/array_length_index_misuse/fixed/GenArrayIndexFix050.java,java,NO_ISSUE,1,pair_480,fixed,synthetic_generated,corrected with .length - 1 as last valid index,0,0,0,0,0,5,139,0,1.0,0,0,0,0,1,1,0,0,0,1,1,10,49,0,0,0,0,0,0,0,0,0,0,0,0,0,0,0,1,0,1,1,0,0,0,0,0,0,0,0,0,0,0,0,0,0,0,0
gen_off_by_one_bug_137,data/ml/raw_snippets_generated/off_by_one/buggy/GenOffByOneBug137.java,java,OFF_BY_ONE_LOOP_BOUNDARY,0,pair_227,buggy,synthetic_generated,starts from .length instead of .length - 1,1,0,0,0,0,9,248,0,1.0,0,0,0,0,1,1,2,1,0,1,1,10,99,1,1,1,0,0,1,1,1,1,17,0,0,0,0,0,2,0,0,2,0,0,0,0,0,0,0,0,0,0,0,0,0,0,0,0
gen_off_by_one_fix_137,data/ml/raw_snippets_generated/off_by_one/fixed/GenOffByOneFix137.java,java,NO_ISSUE,1,pair_227,fixed,synthetic_generated,corrected with < length boundary,0,0,0,0,0,9,247,0,1.0,0,0,0,0,1,1,2,1,0,1,1,10,99,1,1,0,0,0,1,0,0,1,17,0,0,0,0,0,2,0,0,2,0,0,0,0,0,0,0,0,0,0,0,0,0,0,0,0
gen_clean_tail_index_026,data/ml/raw_snippets_generated/clean/GenCleanTailIndex026.java,java,NO_ISSUE,1,,clean,synthetic_generated,clean snippet GenCleanTailIndex026,0,0,0,0,0,5,122,0,1.0,0,0,0,0,1,1,0,1,0,0,1,9,43,0,0,0,0,0,0,0,0,0,0,0,0,0,0,0,1,0,1,1,0,0,0,0,0,0,0,0,0,0,0,0,0,0,0,0
gen_off_by_one_bug_101,data/ml/raw_snippets_generated/off_by_one/buggy/GenOffByOneBug101.java,java,OFF_BY_ONE_LOOP_BOUNDARY,0,pair_191,buggy,synthetic_generated,starts from .length instead of .length - 1,1,0,0,0,0,7,182,0,1.0,0,0,0,0,1,1,1,0,0,0,1,11,71,1,1,1,0,0,1,1,1,1,20,0,0,0,0,0,1,0,0,1,0,0,0,0,0,0,0,0,0,0,0,0,0,0,0,0
gen_off_by_one_fix_101,data/ml/raw_snippets_generated/off_by_one/fixed/GenOffByOneFix101.java,java,NO_ISSUE,1,pair_191,fixed,synthetic_generated,corrected with < length boundary,0,0,0,0,0,7,181,0,1.0,0,0,0,0,1,1,1,0,0,0,1,11,71,1,1,0,0,0,1,0,0,1,20,0,0,0,0,0,1,0,0,1,0,0,0,0,0,0,0,0,0,0,0,0,0,0,0,0
gen_incorrect_cond_bug_025,data/ml/raw_snippets_generated/incorrect_conditional_operator/buggy/GenIncorrectConditionalBug025.java,java,INCORRECT_CONDITIONAL_OPERATOR,0,pair_285,buggy,synthetic_generated,uses assignment (=) instead of equality (==) in condition,0,1,0,0,0,43,967,0,1.0,0,0,0,0,1,5,3,4,0,5,1,11,285,1,1,0,0,0,1,0,0,1,13,1,1,0,1,0,1,0,0,1,1,3,2,0,0,1,0,12,0,0,0,0,0,0,0,0
gen_incorrect_cond_fix_025,data/ml/raw_snippets_generated/incorrect_conditional_operator/fixed/GenIncorrectConditionalFix025.java,java,NO_ISSUE,1,pair_285,fixed,synthetic_generated,uses == for comparison correctly,0,0,0,0,0,43,968,0,1.0,0,0,0,0,1,5,3,4,0,4,2,11,285,1,1,0,0,0,1,0,0,1,13,1,0,1,1,0,1,0,0,1,1,3,2,0,0,1,0,12,0,0,0,0,0,0,0,0
gen_missing_break_bug_016,data/ml/raw_snippets_generated/missing_break_in_switch/buggy/GenMissingBreakBug016.java,java,MISSING_BREAK_IN_SWITCH,0,pair_616,buggy,synthetic_generated,case falls through without break (unintentional),0,0,0,1,0,43,983,0,1.0,0,0,0,0,1,4,1,6,0,5,4,11,273,0,0,0,0,0,0,0,0,0,0,3,0,1,0,0,0,0,0,0,1,5,3,1,0,1,0,12,0,0,0,0,0,0,0,0
gen_missing_break_fix_016,data/ml/raw_snippets_generated/missing_break_in_switch/fixed/GenMissingBreakFix016.java,java,NO_ISSUE,1,pair_616,fixed,synthetic_generated,every case ends with break/return,0,0,0,0,0,44,1006,0,1.0,0,0,0,0,1,4,1,6,0,5,4,11,276,0,0,0,0,0,0,0,0,0,0,3,0,1,0,0,0,0,0,0,1,5,4,0,0,1,0,12,0,0,0,0,0,0,0,0
gen_incorrect_cond_bug_142,data/ml/raw_snippets_generated/incorrect_conditional_operator/buggy/GenIncorrectConditionalBug142.java,java,INCORRECT_CONDITIONAL_OPERATOR,0,pair_402,buggy,synthetic_generated,uses assignment (=) instead of equality (==) in condition,0,1,0,0,0,8,196,0,1.0,0,0,0,0,1,1,0,2,0,1,0,8,47,0,0,0,0,0,0,0,0,0,0,1,1,0,0,0,0,0,0,0,0,0,0,0,0,0,0,0,0,0,0,0,0,0,0,0
gen_incorrect_cond_fix_142,data/ml/raw_snippets_generated/incorrect_conditional_operator/fixed/GenIncorrectConditionalFix142.java,java,NO_ISSUE,1,pair_402,fixed,synthetic_generated,uses == for comparison correctly,0,0,0,0,0,8,197,0,1.0,0,0,0,0,1,1,0,2,0,0,1,8,47,0,0,0,0,0,0,0,0,0,0,1,0,1,0,0,0,0,0,0,0,0,0,0,0,0,0,0,0,0,0,0,0,0,0,0
gen_while_no_update_bug_096,data/ml/raw_snippets_generated/while_variable_not_updated/buggy/GenWhileNoUpdateBug096.java,java,WHILE_VARIABLE_NOT_UPDATED,0,pair_866,buggy,synthetic_generated,no condition variable changes inside the while body (infinite loop),0,0,0,0,1,23,511,0,1.0,0,0,0,0,1,3,3,3,1,2,5,12,173,1,1,0,0,0,1,0,0,1,29,1,0,0,0,0,3,0,0,1,0,0,0,0,0,0,0,0,0,0,0,0,0,0,1,9
gen_while_no_update_fix_096,data/ml/raw_snippets_generated/while_variable_not_updated/fixed/GenWhileNoUpdateFix096.java,java,NO_ISSUE,1,pair_866,fixed,synthetic_generated,condition variable updated inside the loop body,0,0,0,0,0,24,532,0,1.0,0,0,0,0,1,3,3,3,1,2,5,12,178,1,1,0,0,0,1,0,0,1,29,1,0,0,0,0,3,0,0,1,0,0,0,0,0,0,0,0,0,0,0,0,0,1,0,14
gen_clean_while_true_break_003,data/ml/raw_snippets_generated/clean/GenCleanWhileTrueBreak003.java,java,NO_ISSUE,1,,clean,synthetic_generated,clean snippet GenCleanWhileTrueBreak003,0,0,0,0,0,12,255,0,1.0,0,0,0,0,1,1,1,1,1,0,1,10,66,0,0,0,0,0,0,0,0,0,0,1,0,0,0,0,0,0,0,0,0,0,0,0,0,0,0,0,0,0,1,1,0,0,0,23
gen_while_no_update_bug_080,data/ml/raw_snippets_generated/while_variable_not_updated/buggy/GenWhileNoUpdateBug080.java,java,WHILE_VARIABLE_NOT_UPDATED,0,pair_850,buggy,synthetic_generated,no condition variable changes inside the while body (infinite loop),0,0,0,0,1,8,196,0,1.0,0,0,0,0,1,1,0,0,1,0,0,10,57,0,0,0,0,0,0,0,0,0,0,0,0,0,0,0,0,0,0,0,0,0,0,0,0,0,0,0,0,0,0,0,1,0,1,21
gen_while_no_update_fix_080,data/ml/raw_snippets_generated/while_variable_not_updated/fixed/GenWhileNoUpdateFix080.java,java,NO_ISSUE,1,pair_850,fixed,synthetic_generated,condition variable updated inside the loop body,0,0,0,0,0,9,231,0,1.0,0,0,0,0,1,1,0,0,1,1,1,10,66,0,0,0,0,0,0,0,0,0,0,0,0,0,0,0,0,0,0,0,0,0,0,0,0,0,0,0,0,0,0,0,1,1,0,30
gen_incorrect_cond_bug_106,data/ml/raw_snippets_generated/incorrect_conditional_operator/buggy/GenIncorrectConditionalBug106.java,java,INCORRECT_CONDITIONAL_OPERATOR,0,pair_366,buggy,synthetic_generated,uses assignment (=) instead of equality (==) in condition,0,1,0,0,0,8,191,0,1.0,0,0,0,0,1,1,0,2,0,1,0,9,49,0,0,0,0,0,0,0,0,0,0,1,1,0,1,0,0,0,0,0,0,0,0,0,0,0,0,0,0,0,0,0,0,0,0,0
gen_incorrect_cond_fix_106,data/ml/raw_snippets_generated/incorrect_conditional_operator/fixed/GenIncorrectConditionalFix106.java,java,NO_ISSUE,1,pair_366,fixed,synthetic_generated,uses == for comparison correctly,0,0,0,0,0,8,192,0,1.0,0,0,0,0,1,1,0,2,0,0,1,9,49,0,0,0,0,0,0,0,0,0,0,1,0,1,1,0,0,0,0,0,0,0,0,0,0,0,0,0,0,0,0,0,0,0,0,0
gen_array_index_bug_125,data/ml/raw_snippets_generated/array_length_index_misuse/buggy/GenArrayIndexBug125.java,java,ARRAY_LENGTH_INDEX_MISUSE,0,pair_555,buggy,synthetic_generated,accesses array[array.length] directly (out of bounds),0,0,1,0,0,5,132,0,1.0,0,0,0,0,1,1,0,0,0,0,0,10,48,0,0,0,0,0,0,0,0,0,0,0,0,0,0,0,1,1,1,1,0,0,0,0,0,0,0,0,0,0,0,0,0,0,0,0
gen_array_index_fix_125,data/ml/raw_snippets_generated/array_length_index_misuse/fixed/GenArrayIndexFix125.java,java,NO_ISSUE,1,pair_555,fixed,synthetic_generated,corrected with .length - 1 as last valid index,0,0,0,0,0,5,136,0,1.0,0,0,0,0,1,1,0,0,0,0,1,11,51,0,0,0,0,0,0,0,0,0,0,0,0,0,0,0,1,0,1,1,0,0,0,0,0,0,0,0,0,0,0,0,0,0,0,0
gen_while_no_update_bug_029,data/ml/raw_snippets_generated/while_variable_not_updated/buggy/GenWhileNoUpdateBug029.java,java,WHILE_VARIABLE_NOT_UPDATED,0,pair_799,buggy,synthetic_generated,no condition variable changes inside the while body (infinite loop),0,0,0,0,1,21,459,0,1.0,0,0,0,0,1,3,0,4,1,0,6,12,143,0,0,0,0,0,0,0,0,0,0,2,0,2,0,0,0,0,0,0,0,0,0,0,0,0,0,0,0,0,0,0,1,0,1,22
gen_while_no_update_fix_029,data/ml/raw_snippets_generated/while_variable_not_updated/fixed/GenWhileNoUpdateFix029.java,java,NO_ISSUE,1,pair_799,fixed,synthetic_generated,condition variable updated inside the loop body,0,0,0,0,0,22,480,0,1.0,0,0,0,0,1,3,0,4,1,0,6,12,148,0,0,0,0,0,0,0,0,0,0,2,0,2,0,0,0,0,0,0,0,0,0,0,0,0,0,0,0,0,0,0,1,1,0,27
gen_while_no_update_bug_138,data/ml/raw_snippets_generated/while_variable_not_updated/buggy/GenWhileNoUpdateBug138.java,java,WHILE_VARIABLE_NOT_UPDATED,0,pair_908,buggy,synthetic_generated,no condition variable changes inside the while body (infinite loop),0,0,0,0,1,17,375,0,1.0,0,0,0,0,1,2,1,1,2,1,1,10,108,0,0,0,0,0,0,0,0,0,0,0,0,0,0,0,0,0,0,0,0,0,0,0,0,0,0,0,0,0,0,0,1,1,1,21
gen_while_no_update_fix_138,data/ml/raw_snippets_generated/while_variable_not_updated/fixed/GenWhileNoUpdateFix138.java,java,NO_ISSUE,1,pair_908,fixed,synthetic_generated,condition variable updated inside the loop body,0,0,0,0,0,18,409,0,1.0,0,0,0,0,1,2,1,1,2,2,2,10,117,0,0,0,0,0,0,0,0,0,0,0,0,0,0,0,0,0,0,0,0,0,0,0,0,0,0,0,0,0,0,0,1,2,0,30
gen_incorrect_cond_bug_028,data/ml/raw_snippets_generated/incorrect_conditional_operator/buggy/GenIncorrectConditionalBug028.java,java,INCORRECT_CONDITIONAL_OPERATOR,0,pair_288,buggy,synthetic_generated,uses assignment (=) instead of equality (==) in condition,0,1,0,0,0,8,196,0,1.0,0,0,0,0,1,1,0,2,0,1,0,8,47,0,0,0,0,0,0,0,0,0,0,1,1,0,0,0,0,0,0,0,0,0,0,0,0,0,0,0,0,0,0,0,0,0,0,0
gen_incorrect_cond_fix_028,data/ml/raw_snippets_generated/incorrect_conditional_operator/fixed/GenIncorrectConditionalFix028.java,java,NO_ISSUE,1,pair_288,fixed,synthetic_generated,uses == for comparison correctly,0,0,0,0,0,8,197,0,1.0,0,0,0,0,1,1,0,2,0,0,1,8,47,0,0,0,0,0,0,0,0,0,0,1,0,1,0,0,0,0,0,0,0,0,0,0,0,0,0,0,0,0,0,0,0,0,0,0
gen_off_by_one_bug_104,data/ml/raw_snippets_generated/off_by_one/buggy/GenOffByOneBug104.java,java,OFF_BY_ONE_LOOP_BOUNDARY,0,pair_194,buggy,synthetic_generated,starts from .length instead of .length - 1,1,0,0,0,0,33,767,0,1.0,0,0,0,0,1,5,6,5,0,3,7,10,285,3,3,1,0,0,3,1,1,3,17,0,0,0,0,0,4,0,0,3,0,0,0,0,0,0,0,0,0,0,0,0,0,0,0,0
gen_off_by_one_fix_104,data/ml/raw_snippets_generated/off_by_one/fixed/GenOffByOneFix104.java,java,NO_ISSUE,1,pair_194,fixed,synthetic_generated,corrected with < length boundary,0,0,0,0,0,33,766,0,1.0,0,0,0,0,1,5,6,5,0,3,7,10,285,3,3,0,0,0,3,0,0,3,17,0,0,0,0,0,4,0,0,3,0,0,0,0,0,0,0,0,0,0,0,0,0,0,0,0
gen_while_no_update_bug_112,data/ml/raw_snippets_generated/while_variable_not_updated/buggy/GenWhileNoUpdateBug112.java,java,WHILE_VARIABLE_NOT_UPDATED,0,pair_882,buggy,synthetic_generated,no condition variable changes inside the while body (infinite loop),0,0,0,0,1,23,548,0,1.0,0,0,0,0,1,3,2,1,1,1,4,12,187,1,1,0,0,0,1,0,0,1,29,1,0,0,0,0,3,0,0,1,0,0,0,0,0,0,0,0,0,0,0,0,1,0,1,22
gen_while_no_update_fix_112,data/ml/raw_snippets_generated/while_variable_not_updated/fixed/GenWhileNoUpdateFix112.java,java,NO_ISSUE,1,pair_882,fixed,synthetic_generated,condition variable updated inside the loop body,0,0,0,0,0,24,569,0,1.0,0,0,0,0,1,3,2,1,1,1,4,12,192,1,1,0,0,0,1,0,0,1,29,1,0,0,0,0,3,0,0,1,0,0,0,0,0,0,0,0,0,0,0,0,1,1,0,27
gen_array_index_bug_045,data/ml/raw_snippets_generated/array_length_index_misuse/buggy/GenArrayIndexBug045.java,java,ARRAY_LENGTH_INDEX_MISUSE,0,pair_475,buggy,synthetic_generated,accesses array[array.length] directly (out of bounds),0,0,1,0,0,29,632,0,1.0,0,0,0,0,1,3,2,3,1,4,1,11,171,0,0,0,0,0,0,0,0,0,0,0,0,0,0,0,1,1,1,1,1,3,2,0,0,1,0,12,0,0,0,0,0,1,0,14
gen_array_index_fix_045,data/ml/raw_snippets_generated/array_length_index_misuse/fixed/GenArrayIndexFix045.java,java,NO_ISSUE,1,pair_475,fixed,synthetic_generated,corrected with .length - 1 as last valid index,0,0,0,0,0,29,636,0,1.0,0,0,0,0,1,3,2,3,1,4,2,11,174,0,0,0,0,0,0,0,0,0,0,0,0,0,0,0,1,0,1,1,1,3,2,0,0,1,0,12,0,0,0,0,0,1,0,14
gen_clean_generic_033,data/ml/raw_snippets_generated/clean/GenCleanGeneric033.java,java,NO_ISSUE,1,,clean,synthetic_generated,clean snippet GenCleanGeneric033,0,0,0,0,0,8,178,0,1.0,0,0,0,0,1,1,0,2,0,0,2,9,53,0,0,0,0,0,0,0,0,0,0,1,0,1,0,0,0,0,0,0,0,0,0,0,0,0,0,0,0,0,0,0,0,0,0,0
gen_missing_break_bug_089,data/ml/raw_snippets_generated/missing_break_in_switch/buggy/GenMissingBreakBug089.java,java,MISSING_BREAK_IN_SWITCH,0,pair_689,buggy,synthetic_generated,case falls through without break (unintentional),0,0,0,1,0,84,1878,0,1.0,0,0,0,0,1,7,6,7,0,14,3,11,503,1,1,0,0,0,1,0,0,1,13,1,0,1,0,0,1,0,0,1,4,13,8,1,0,4,0,12,0,0,0,0,0,0,0,0
gen_missing_break_fix_089,data/ml/raw_snippets_generated/missing_break_in_switch/fixed/GenMissingBreakFix089.java,java,NO_ISSUE,1,pair_689,fixed,synthetic_generated,every case ends with break/return,0,0,0,0,0,85,1901,0,1.0,0,0,0,0,1,7,6,7,0,14,3,11,506,1,1,0,0,0,1,0,0,1,13,1,0,1,0,0,1,0,0,1,4,13,9,0,0,4,0,12,0,0,0,0,0,0,0,0
gen_off_by_one_bug_153,data/ml/raw_snippets_generated/off_by_one/buggy/GenOffByOneBug153.java,java,OFF_BY_ONE_LOOP_BOUNDARY,0,pair_243,buggy,synthetic_generated,starts from .length instead of .length - 1,1,0,0,0,0,11,281,0,1.0,0,0,0,0,1,1,2,1,0,0,2,11,93,1,1,1,0,0,1,1,1,1,24,1,0,0,0,0,1,0,0,1,0,0,0,0,0,0,0,0,0,0,0,0,0,0,0,0
gen_off_by_one_fix_153,data/ml/raw_snippets_generated/off_by_one/fixed/GenOffByOneFix153.java,java,NO_ISSUE,1,pair_243,fixed,synthetic_generated,corrected with < length boundary,0,0,0,0,0,11,280,0,1.0,0,0,0,0,1,1,2,1,0,0,2,11,93,1,1,0,0,0,1,0,0,1,24,1,0,0,0,0,1,0,0,1,0,0,0,0,0,0,0,0,0,0,0,0,0,0,0,0
gen_off_by_one_bug_037,data/ml/raw_snippets_generated/off_by_one/buggy/GenOffByOneBug037.java,java,OFF_BY_ONE_LOOP_BOUNDARY,0,pair_127,buggy,synthetic_generated,starts from .length instead of .length - 1,1,0,0,0,0,34,775,0,1.0,0,0,0,0,1,4,3,7,1,2,6,10,257,1,1,1,0,0,1,1,1,1,17,3,0,1,0,0,2,0,0,2,0,0,0,0,0,0,0,0,0,0,0,0,0,1,0,14
gen_off_by_one_fix_037,data/ml/raw_snippets_generated/off_by_one/fixed/GenOffByOneFix037.java,java,NO_ISSUE,1,pair_127,fixed,synthetic_generated,corrected with < length boundary,0,0,0,0,0,34,774,0,1.0,0,0,0,0,1,4,3,7,1,2,6,10,257,1,1,0,0,0,1,0,0,1,17,3,0,1,0,0,2,0,0,2,0,0,0,0,0,0,0,0,0,0,0,0,0,1,0,14
gen_clean_generic_084,data/ml/raw_snippets_generated/clean/GenCleanGeneric084.java,java,NO_ISSUE,1,,clean,synthetic_generated,clean snippet GenCleanGeneric084,0,0,0,0,0,30,796,0,1.0,0,0,0,0,1,3,6,3,0,2,5,12,278,3,3,0,0,0,3,0,0,3,30,2,0,0,0,0,7,0,0,3,0,0,0,0,0,0,0,0,0,0,0,0,0,0,0,0
gen_missing_break_bug_002,data/ml/raw_snippets_generated/missing_break_in_switch/buggy/GenMissingBreakBug002.java,java,MISSING_BREAK_IN_SWITCH,0,pair_602,buggy,synthetic_generated,case falls through without break (unintentional),0,0,0,1,0,21,512,0,1.0,0,0,0,0,1,1,1,1,0,5,0,11,124,0,0,0,0,0,0,0,0,0,0,0,0,0,0,0,0,0,0,0,1,5,3,1,0,1,0,12,0,0,0,0,0,0,0,0
gen_missing_break_fix_002,data/ml/raw_snippets_generated/missing_break_in_switch/fixed/GenMissingBreakFix002.java,java,NO_ISSUE,1,pair_602,fixed,synthetic_generated,every case ends with break/return,0,0,0,0,0,22,535,0,1.0,0,0,0,0,1,1,1,1,0,5,0,11,127,0,0,0,0,0,0,0,0,0,0,0,0,0,0,0,0,0,0,0,1,5,4,0,0,1,0,12,0,0,0,0,0,0,0,0
gen_off_by_one_bug_148,data/ml/raw_snippets_generated/off_by_one/buggy/GenOffByOneBug148.java,java,OFF_BY_ONE_LOOP_BOUNDARY,0,pair_238,buggy,synthetic_generated,starts from .length instead of .length - 1,1,0,0,0,0,18,424,0,1.0,0,0,0,0,1,2,2,3,0,0,4,11,137,1,1,1,0,0,1,1,1,1,24,2,0,1,0,0,1,0,0,1,0,0,0,0,0,0,0,0,0,0,0,0,0,0,0,0
gen_off_by_one_fix_148,data/ml/raw_snippets_generated/off_by_one/fixed/GenOffByOneFix148.java,java,NO_ISSUE,1,pair_238,fixed,synthetic_generated,corrected with < length boundary,0,0,0,0,0,18,423,0,1.0,0,0,0,0,1,2,2,3,0,0,4,11,137,1,1,0,0,0,1,0,0,1,24,2,0,1,0,0,1,0,0,1,0,0,0,0,0,0,0,0,0,0,0,0,0,0,0,0
gen_while_no_update_bug_134,data/ml/raw_snippets_generated/while_variable_not_updated/buggy/GenWhileNoUpdateBug134.java,java,WHILE_VARIABLE_NOT_UPDATED,0,pair_904,buggy,synthetic_generated,no condition variable changes inside the while body (infinite loop),0,0,0,0,1,23,523,0,1.0,0,0,0,0,1,2,1,1,1,3,0,11,137,0,0,0,0,0,0,0,0,0,0,0,0,0,0,0,0,0,0,0,1,3,2,0,0,1,0,12,0,0,0,0,1,0,1,21
gen_while_no_update_fix_134,data/ml/raw_snippets_generated/while_variable_not_updated/fixed/GenWhileNoUpdateFix134.java,java,NO_ISSUE,1,pair_904,fixed,synthetic_generated,condition variable updated inside the loop body,0,0,0,0,0,24,556,0,1.0,0,0,0,0,1,2,1,1,1,4,1,11,146,0,0,0,0,0,0,0,0,0,0,0,0,0,0,0,0,0,0,0,1,3,2,0,0,1,0,12,0,0,0,0,1,1,0,30
gen_array_index_bug_056,data/ml/raw_snippets_generated/array_length_index_misuse/buggy/GenArrayIndexBug056.java,java,ARRAY_LENGTH_INDEX_MISUSE,0,pair_486,buggy,synthetic_generated,accesses array[array.length] directly (out of bounds),0,0,1,0,0,50,1214,0,1.0,0,0,0,0,1,8,5,6,1,1,9,11,404,2,2,0,0,0,2,0,0,2,30,0,0,0,0,0,3,1,1,2,0,0,0,0,0,0,0,0,0,0,0,0,0,1,0,14
gen_array_index_fix_056,data/ml/raw_snippets_generated/array_length_index_misuse/fixed/GenArrayIndexFix056.java,java,NO_ISSUE,1,pair_486,fixed,synthetic_generated,corrected with .length - 1 as last valid index,0,0,0,0,0,50,1218,0,1.0,0,0,0,0,1,8,5,6,1,1,10,11,407,2,2,0,0,0,2,0,0,2,30,0,0,0,0,0,3,0,1,2,0,0,0,0,0,0,0,0,0,0,0,0,0,1,0,14
gen_clean_scanner_loop_008,data/ml/raw_snippets_generated/clean/GenCleanScannerLoop008.java,java,NO_ISSUE,1,,clean,synthetic_generated,clean snippet GenCleanScannerLoop008,0,0,0,0,0,7,201,0,1.0,0,0,0,0,1,1,0,0,1,0,0,12,63,0,0,0,0,0,0,0,0,0,0,0,0,0,0,0,0,0,0,0,0,0,0,0,0,0,0,0,1,0,0,0,2,0,0,22
gen_missing_break_bug_164,data/ml/raw_snippets_generated/missing_break_in_switch/buggy/GenMissingBreakBug164.java,java,MISSING_BREAK_IN_SWITCH,0,pair_764,buggy,synthetic_generated,case falls through without break (unintentional),0,0,0,1,0,45,1093,0,1.0,0,0,0,0,1,4,4,3,1,6,2,11,312,1,1,0,0,0,1,0,0,1,30,0,0,0,0,0,1,0,0,1,1,5,3,1,0,1,0,12,0,0,0,0,0,1,0,14
gen_missing_break_fix_164,data/ml/raw_snippets_generated/missing_break_in_switch/fixed/GenMissingBreakFix164.java,java,NO_ISSUE,1,pair_764,fixed,synthetic_generated,every case ends with break/return,0,0,0,0,0,46,1116,0,1.0,0,0,0,0,1,4,4,3,1,6,2,11,315,1,1,0,0,0,1,0,0,1,30,0,0,0,0,0,1,0,0,1,1,5,4,0,0,1,0,12,0,0,0,0,0,1,0,14
gen_clean_generic_097,data/ml/raw_snippets_generated/clean/GenCleanGeneric097.java,java,NO_ISSUE,1,,clean,synthetic_generated,clean snippet GenCleanGeneric097,0,0,0,0,0,34,832,0,1.0,0,0,0,0,1,4,2,7,0,0,5,11,270,1,1,0,0,0,1,0,0,1,30,4,0,0,0,0,1,0,0,1,0,0,0,0,0,0,0,0,0,0,0,0,0,0,0,0
gen_array_index_bug_141,data/ml/raw_snippets_generated/array_length_index_misuse/buggy/GenArrayIndexBug141.java,java,ARRAY_LENGTH_INDEX_MISUSE,0,pair_571,buggy,synthetic_generated,accesses array[array.length] directly (out of bounds),0,0,1,0,0,41,927,0,1.0,0,0,0,0,1,5,5,5,3,3,4,11,286,1,1,0,0,0,1,0,0,1,30,0,0,0,0,0,2,1,1,2,0,0,0,0,0,0,0,0,0,0,0,0,0,3,0,14
gen_array_index_fix_141,data/ml/raw_snippets_generated/array_length_index_misuse/fixed/GenArrayIndexFix141.java,java,NO_ISSUE,1,pair_571,fixed,synthetic_generated,corrected with .length - 1 as last valid index,0,0,0,0,0,41,931,0,1.0,0,0,0,0,1,5,5,5,3,3,5,11,289,1,1,0,0,0,1,0,0,1,30,0,0,0,0,0,2,0,1,2,0,0,0,0,0,0,0,0,0,0,0,0,0,3,0,14
gen_incorrect_cond_bug_067,data/ml/raw_snippets_generated/incorrect_conditional_operator/buggy/GenIncorrectConditionalBug067.java,java,INCORRECT_CONDITIONAL_OPERATOR,0,pair_327,buggy,synthetic_generated,uses assignment (=) instead of equality (==) in condition,0,1,0,0,0,31,774,0,1.0,0,0,0,0,1,3,3,2,0,4,1,11,225,1,1,0,0,0,1,0,0,1,30,1,1,0,0,0,1,0,0,1,1,3,2,0,0,1,0,12,0,0,0,0,0,0,0,0
gen_incorrect_cond_fix_067,data/ml/raw_snippets_generated/incorrect_conditional_operator/fixed/GenIncorrectConditionalFix067.java,java,NO_ISSUE,1,pair_327,fixed,synthetic_generated,uses == for comparison correctly,0,0,0,0,0,31,775,0,1.0,0,0,0,0,1,3,3,2,0,3,2,11,225,1,1,0,0,0,1,0,0,1,30,1,0,1,0,0,1,0,0,1,1,3,2,0,0,1,0,12,0,0,0,0,0,0,0,0
gen_off_by_one_bug_070,data/ml/raw_snippets_generated/off_by_one/buggy/GenOffByOneBug070.java,java,OFF_BY_ONE_LOOP_BOUNDARY,0,pair_160,buggy,synthetic_generated,starts from .length instead of .length - 1,1,0,0,0,0,47,1049,0,1.0,0,0,0,0,1,5,5,7,0,5,7,12,331,2,2,1,0,0,2,1,1,2,29,3,0,0,0,0,4,0,0,1,1,3,2,0,0,1,0,12,0,0,0,0,0,0,0,0
gen_off_by_one_fix_070,data/ml/raw_snippets_generated/off_by_one/fixed/GenOffByOneFix070.java,java,NO_ISSUE,1,pair_160,fixed,synthetic_generated,corrected with < length boundary,0,0,0,0,0,47,1048,0,1.0,0,0,0,0,1,5,5,7,0,5,7,12,331,2,2,0,0,0,2,0,0,2,29,3,0,0,0,0,4,0,0,1,1,3,2,0,0,1,0,12,0,0,0,0,0,0,0,0
gen_incorrect_cond_bug_123,data/ml/raw_snippets_generated/incorrect_conditional_operator/buggy/GenIncorrectConditionalBug123.java,java,INCORRECT_CONDITIONAL_OPERATOR,0,pair_383,buggy,synthetic_generated,uses assignment (=) instead of equality (==) in condition,0,1,0,0,0,53,1164,0,1.0,0,0,0,0,1,5,3,5,1,8,1,11,304,0,0,0,0,0,0,0,0,0,0,1,1,0,1,0,0,0,0,0,2,6,4,0,0,2,0,12,0,0,0,0,0,1,0,14
gen_incorrect_cond_fix_123,data/ml/raw_snippets_generated/incorrect_conditional_operator/fixed/GenIncorrectConditionalFix123.java,java,NO_ISSUE,1,pair_383,fixed,synthetic_generated,uses == for comparison correctly,0,0,0,0,0,53,1165,0,1.0,0,0,0,0,1,5,3,5,1,7,2,11,304,0,0,0,0,0,0,0,0,0,0,1,0,1,1,0,0,0,0,0,2,6,4,0,0,2,0,12,0,0,0,0,0,1,0,14
gen_off_by_one_bug_150,data/ml/raw_snippets_generated/off_by_one/buggy/GenOffByOneBug150.java,java,OFF_BY_ONE_LOOP_BOUNDARY,0,pair_240,buggy,synthetic_generated,starts from .length instead of .length - 1,1,0,0,0,0,13,313,0,1.0,0,0,0,0,1,2,1,0,0,0,1,11,115,1,1,1,0,0,1,1,1,1,20,0,0,0,0,0,1,0,0,1,0,0,0,0,0,0,0,0,0,0,0,0,0,0,0,0
gen_off_by_one_fix_150,data/ml/raw_snippets_generated/off_by_one/fixed/GenOffByOneFix150.java,java,NO_ISSUE,1,pair_240,fixed,synthetic_generated,corrected with < length boundary,0,0,0,0,0,13,312,0,1.0,0,0,0,0,1,2,1,0,0,0,1,11,115,1,1,0,0,0,1,0,0,1,20,0,0,0,0,0,1,0,0,1,0,0,0,0,0,0,0,0,0,0,0,0,0,0,0,0
gen_clean_stacked_labels_013,data/ml/raw_snippets_generated/clean/GenCleanStackedLabels013.java,java,NO_ISSUE,1,,clean,synthetic_generated,clean snippet GenCleanStackedLabels013,0,0,0,0,0,62,1520,0,1.0,0,0,0,0,1,6,9,8,0,5,9,12,497,4,4,0,0,0,4,0,0,4,30,5,0,0,0,0,10,0,0,3,1,3,1,0,1,1,0,12,0,0,0,0,0,0,0,0
gen_incorrect_cond_bug_089,data/ml/raw_snippets_generated/incorrect_conditional_operator/buggy/GenIncorrectConditionalBug089.java,java,INCORRECT_CONDITIONAL_OPERATOR,0,pair_349,buggy,synthetic_generated,uses assignment (=) instead of equality (==) in condition,0,1,0,0,0,15,351,0,1.0,0,0,0,0,1,2,0,4,0,1,2,9,91,0,0,0,0,0,0,0,0,0,0,2,1,1,0,0,0,0,0,0,0,0,0,0,0,0,0,0,0,0,0,0,0,0,0,0
gen_incorrect_cond_fix_089,data/ml/raw_snippets_generated/incorrect_conditional_operator/fixed/GenIncorrectConditionalFix089.java,java,NO_ISSUE,1,pair_349,fixed,synthetic_generated,uses == for comparison correctly,0,0,0,0,0,15,352,0,1.0,0,0,0,0,1,2,0,4,0,0,3,9,91,0,0,0,0,0,0,0,0,0,0,2,0,2,0,0,0,0,0,0,0,0,0,0,0,0,0,0,0,0,0,0,0,0,0,0
gen_array_index_bug_071,data/ml/raw_snippets_generated/array_length_index_misuse/buggy/GenArrayIndexBug071.java,java,ARRAY_LENGTH_INDEX_MISUSE,0,pair_501,buggy,synthetic_generated,accesses array[array.length] directly (out of bounds),0,0,1,0,0,5,116,0,1.0,0,0,0,0,1,1,0,1,0,0,0,8,40,0,0,0,0,0,0,0,0,0,0,0,0,0,0,0,1,1,1,1,0,0,0,0,0,0,0,0,0,0,0,0,0,0,0,0
gen_array_index_fix_071,data/ml/raw_snippets_generated/array_length_index_misuse/fixed/GenArrayIndexFix071.java,java,NO_ISSUE,1,pair_501,fixed,synthetic_generated,corrected with .length - 1 as last valid index,0,0,0,0,0,5,120,0,1.0,0,0,0,0,1,1,0,1,0,0,1,9,43,0,0,0,0,0,0,0,0,0,0,0,0,0,0,0,1,0,1,1,0,0,0,0,0,0,0,0,0,0,0,0,0,0,0,0
gen_clean_generic_096,data/ml/raw_snippets_generated/clean/GenCleanGeneric096.java,java,NO_ISSUE,1,,clean,synthetic_generated,clean snippet GenCleanGeneric096,0,0,0,0,0,7,166,0,1.0,0,0,0,0,1,1,0,0,0,0,0,10,53,0,0,0,0,0,0,0,0,0,0,0,0,0,0,0,0,0,0,0,0,0,0,0,0,0,0,0,0,0,0,0,0,0,0,0
gen_array_index_bug_131,data/ml/raw_snippets_generated/array_length_index_misuse/buggy/GenArrayIndexBug131.java,java,ARRAY_LENGTH_INDEX_MISUSE,0,pair_561,buggy,synthetic_generated,accesses array[array.length] directly (out of bounds),0,0,1,0,0,41,1031,0,1.0,0,0,0,0,1,5,6,6,0,2,6,12,360,3,3,0,0,0,3,0,0,3,30,3,0,0,0,0,6,1,1,4,0,0,0,0,0,0,0,0,0,0,0,0,0,0,0,0
gen_array_index_fix_131,data/ml/raw_snippets_generated/array_length_index_misuse/fixed/GenArrayIndexFix131.java,java,NO_ISSUE,1,pair_561,fixed,synthetic_generated,corrected with .length - 1 as last valid index,0,0,0,0,0,41,1035,0,1.0,0,0,0,0,1,5,6,6,0,2,7,12,363,3,3,0,0,0,3,0,0,3,30,3,0,0,0,0,6,0,1,4,0,0,0,0,0,0,0,0,0,0,0,0,0,0,0,0
gen_while_no_update_bug_133,data/ml/raw_snippets_generated/while_variable_not_updated/buggy/GenWhileNoUpdateBug133.java,java,WHILE_VARIABLE_NOT_UPDATED,0,pair_903,buggy,synthetic_generated,no condition variable changes inside the while body (infinite loop),0,0,0,0,1,9,201,0,1.0,0,0,0,0,1,1,1,1,1,1,1,9,60,0,0,0,0,0,0,0,0,0,0,0,0,0,0,0,0,0,0,0,0,0,0,0,0,0,0,0,0,0,0,0,0,0,1,9
gen_while_no_update_fix_133,data/ml/raw_snippets_generated/while_variable_not_updated/fixed/GenWhileNoUpdateFix133.java,java,NO_ISSUE,1,pair_903,fixed,synthetic_generated,condition variable updated inside the loop body,0,0,0,0,0,10,222,0,1.0,0,0,0,0,1,1,1,1,1,1,1,9,65,0,0,0,0,0,0,0,0,0,0,0,0,0,0,0,0,0,0,0,0,0,0,0,0,0,0,0,0,0,0,0,0,1,0,14
gen_incorrect_cond_bug_165,data/ml/raw_snippets_generated/incorrect_conditional_operator/buggy/GenIncorrectConditionalBug165.java,java,INCORRECT_CONDITIONAL_OPERATOR,0,pair_425,buggy,synthetic_generated,uses assignment (=) instead of equality (==) in condition,0,1,0,0,0,7,178,0,1.0,0,0,0,0,1,1,0,0,0,1,0,11,52,0,0,0,0,0,0,0,0,0,0,1,1,0,0,0,0,0,0,0,0,0,0,0,0,0,0,0,0,0,0,0,0,0,0,0
gen_incorrect_cond_fix_165,data/ml/raw_snippets_generated/incorrect_conditional_operator/fixed/GenIncorrectConditionalFix165.java,java,NO_ISSUE,1,pair_425,fixed,synthetic_generated,uses == for comparison correctly,0,0,0,0,0,7,179,0,1.0,0,0,0,0,1,1,0,0,0,0,1,11,52,0,0,0,0,0,0,0,0,0,0,1,0,1,0,0,0,0,0,0,0,0,0,0,0,0,0,0,0,0,0,0,0,0,0,0
gen_while_no_update_bug_136,data/ml/raw_snippets_generated/while_variable_not_updated/buggy/GenWhileNoUpdateBug136.java,java,WHILE_VARIABLE_NOT_UPDATED,0,pair_906,buggy,synthetic_generated,no condition variable changes inside the while body (infinite loop),0,0,0,0,1,9,203,0,1.0,0,0,0,0,1,1,1,1,1,1,1,9,60,0,0,0,0,0,0,0,0,0,0,0,0,0,0,0,0,0,0,0,0,0,0,0,0,0,0,0,0,0,0,0,0,0,1,9
gen_while_no_update_fix_136,data/ml/raw_snippets_generated/while_variable_not_updated/fixed/GenWhileNoUpdateFix136.java,java,NO_ISSUE,1,pair_906,fixed,synthetic_generated,condition variable updated inside the loop body,0,0,0,0,0,10,224,0,1.0,0,0,0,0,1,1,1,1,1,1,1,9,65,0,0,0,0,0,0,0,0,0,0,0,0,0,0,0,0,0,0,0,0,0,0,0,0,0,0,0,0,0,0,0,0,1,0,14
gen_array_index_bug_135,data/ml/raw_snippets_generated/array_length_index_misuse/buggy/GenArrayIndexBug135.java,java,ARRAY_LENGTH_INDEX_MISUSE,0,pair_565,buggy,synthetic_generated,accesses array[array.length] directly (out of bounds),0,0,1,0,0,36,852,0,1.0,0,0,0,0,1,5,3,7,1,1,6,11,272,1,1,0,0,0,1,0,0,1,30,2,0,0,0,0,2,1,1,2,0,0,0,0,0,0,0,0,0,0,0,0,0,1,0,14
gen_array_index_fix_135,data/ml/raw_snippets_generated/array_length_index_misuse/fixed/GenArrayIndexFix135.java,java,NO_ISSUE,1,pair_565,fixed,synthetic_generated,corrected with .length - 1 as last valid index,0,0,0,0,0,36,856,0,1.0,0,0,0,0,1,5,3,7,1,1,7,11,275,1,1,0,0,0,1,0,0,1,30,2,0,0,0,0,2,0,1,2,0,0,0,0,0,0,0,0,0,0,0,0,0,1,0,14
gen_incorrect_cond_bug_145,data/ml/raw_snippets_generated/incorrect_conditional_operator/buggy/GenIncorrectConditionalBug145.java,java,INCORRECT_CONDITIONAL_OPERATOR,0,pair_405,buggy,synthetic_generated,uses assignment (=) instead of equality (==) in condition,0,1,0,0,0,7,178,0,1.0,0,0,0,0,1,1,0,0,0,1,0,11,52,0,0,0,0,0,0,0,0,0,0,1,1,0,0,0,0,0,0,0,0,0,0,0,0,0,0,0,0,0,0,0,0,0,0,0
gen_incorrect_cond_fix_145,data/ml/raw_snippets_generated/incorrect_conditional_operator/fixed/GenIncorrectConditionalFix145.java,java,NO_ISSUE,1,pair_405,fixed,synthetic_generated,uses == for comparison correctly,0,0,0,0,0,7,179,0,1.0,0,0,0,0,1,1,0,0,0,0,1,11,52,0,0,0,0,0,0,0,0,0,0,1,0,1,0,0,0,0,0,0,0,0,0,0,0,0,0,0,0,0,0,0,0,0,0,0
gen_off_by_one_bug_077,data/ml/raw_snippets_generated/off_by_one/buggy/GenOffByOneBug077.java,java,OFF_BY_ONE_LOOP_BOUNDARY,0,pair_167,buggy,synthetic_generated,starts from .length instead of .length - 1,1,0,0,0,0,19,455,0,1.0,0,0,0,0,1,2,4,2,0,1,3,11,161,2,2,1,0,0,2,1,1,2,24,1,0,0,0,0,2,0,0,2,0,0,0,0,0,0,0,0,0,0,0,0,0,0,0,0
gen_off_by_one_fix_077,data/ml/raw_snippets_generated/off_by_one/fixed/GenOffByOneFix077.java,java,NO_ISSUE,1,pair_167,fixed,synthetic_generated,corrected with < length boundary,0,0,0,0,0,19,454,0,1.0,0,0,0,0,1,2,4,2,0,1,3,11,161,2,2,0,0,0,2,0,0,2,24,1,0,0,0,0,2,0,0,2,0,0,0,0,0,0,0,0,0,0,0,0,0,0,0,0
gen_missing_break_bug_106,data/ml/raw_snippets_generated/missing_break_in_switch/buggy/GenMissingBreakBug106.java,java,MISSING_BREAK_IN_SWITCH,0,pair_706,buggy,synthetic_generated,case falls through without break (unintentional),0,0,0,1,0,37,939,0,1.0,0,0,0,0,1,3,3,3,0,6,3,11,259,1,1,0,0,0,1,0,0,1,30,0,0,0,0,0,1,0,0,1,1,6,4,1,0,1,0,12,0,0,0,0,0,0,0,0
gen_missing_break_fix_106,data/ml/raw_snippets_generated/missing_break_in_switch/fixed/GenMissingBreakFix106.java,java,NO_ISSUE,1,pair_706,fixed,synthetic_generated,every case ends with break/return,0,0,0,0,0,38,962,0,1.0,0,0,0,0,1,3,3,3,0,6,3,11,262,1,1,0,0,0,1,0,0,1,30,0,0,0,0,0,1,0,0,1,1,6,5,0,0,1,0,12,0,0,0,0,0,0,0,0
gen_off_by_one_bug_112,data/ml/raw_snippets_generated/off_by_one/buggy/GenOffByOneBug112.java,java,OFF_BY_ONE_LOOP_BOUNDARY,0,pair_202,buggy,synthetic_generated,starts from .length instead of .length - 1,1,0,0,0,0,16,387,0,1.0,0,0,0,0,1,2,2,3,0,1,3,10,143,1,1,1,0,0,1,1,1,1,17,1,0,1,0,0,2,0,0,2,0,0,0,0,0,0,0,0,0,0,0,0,0,0,0,0
gen_off_by_one_fix_112,data/ml/raw_snippets_generated/off_by_one/fixed/GenOffByOneFix112.java,java,NO_ISSUE,1,pair_202,fixed,synthetic_generated,corrected with < length boundary,0,0,0,0,0,16,386,0,1.0,0,0,0,0,1,2,2,3,0,1,3,10,143,1,1,0,0,0,1,0,0,1,17,1,0,1,0,0,2,0,0,2,0,0,0,0,0,0,0,0,0,0,0,0,0,0,0,0
gen_missing_break_bug_088,data/ml/raw_snippets_generated/missing_break_in_switch/buggy/GenMissingBreakBug088.java,java,MISSING_BREAK_IN_SWITCH,0,pair_688,buggy,synthetic_generated,case falls through without break (unintentional),0,0,0,1,0,61,1388,0,1.0,0,0,0,0,1,5,2,7,0,9,4,11,370,0,0,0,0,0,0,0,0,0,0,3,0,1,0,0,0,0,0,0,2,9,6,1,0,2,0,12,0,0,0,0,0,0,0,0
gen_missing_break_fix_088,data/ml/raw_snippets_generated/missing_break_in_switch/fixed/GenMissingBreakFix088.java,java,NO_ISSUE,1,pair_688,fixed,synthetic_generated,every case ends with break/return,0,0,0,0,0,62,1411,0,1.0,0,0,0,0,1,5,2,7,0,9,4,11,373,0,0,0,0,0,0,0,0,0,0,3,0,1,0,0,0,0,0,0,2,9,7,0,0,2,0,12,0,0,0,0,0,0,0,0
gen_clean_generic_029,data/ml/raw_snippets_generated/clean/GenCleanGeneric029.java,java,NO_ISSUE,1,,clean,synthetic_generated,clean snippet GenCleanGeneric029,0,0,0,0,0,17,445,0,1.0,0,0,0,0,1,2,2,3,0,0,3,11,146,1,1,0,0,0,1,0,0,1,30,1,0,1,0,0,1,0,0,1,0,0,0,0,0,0,0,0,0,0,0,0,0,0,0,0
gen_clean_verbose_boolean_026,data/ml/raw_snippets_generated/clean/GenCleanVerboseBoolean026.java,java,NO_ISSUE,1,,clean,synthetic_generated,clean snippet GenCleanVerboseBoolean026,0,0,0,0,0,56,1223,0,1.0,0,0,0,0,1,6,2,10,1,4,6,11,350,0,0,0,0,0,0,0,0,0,0,5,0,1,1,0,0,0,0,0,1,3,2,0,0,1,0,12,0,0,0,0,0,1,0,14
gen_incorrect_cond_bug_120,data/ml/raw_snippets_generated/incorrect_conditional_operator/buggy/GenIncorrectConditionalBug120.java,java,INCORRECT_CONDITIONAL_OPERATOR,0,pair_380,buggy,synthetic_generated,uses assignment (=) instead of equality (==) in condition,0,1,0,0,0,22,500,0,1.0,0,0,0,0,1,3,2,3,0,2,3,11,164,1,1,0,0,0,1,0,0,1,13,2,1,1,0,0,1,0,0,1,0,0,0,0,0,0,0,0,0,0,0,0,0,0,0,0
gen_incorrect_cond_fix_120,data/ml/raw_snippets_generated/incorrect_conditional_operator/fixed/GenIncorrectConditionalFix120.java,java,NO_ISSUE,1,pair_380,fixed,synthetic_generated,uses == for comparison correctly,0,0,0,0,0,22,501,0,1.0,0,0,0,0,1,3,2,3,0,1,4,11,164,1,1,0,0,0,1,0,0,1,13,2,0,2,0,0,1,0,0,1,0,0,0,0,0,0,0,0,0,0,0,0,0,0,0,0
gen_array_index_bug_069,data/ml/raw_snippets_generated/array_length_index_misuse/buggy/GenArrayIndexBug069.java,java,ARRAY_LENGTH_INDEX_MISUSE,0,pair_499,buggy,synthetic_generated,accesses array[array.length] directly (out of bounds),0,0,1,0,0,5,135,0,1.0,0,0,0,0,1,1,0,0,0,1,0,9,46,0,0,0,0,0,0,0,0,0,0,0,0,0,0,0,1,1,1,1,0,0,0,0,0,0,0,0,0,0,0,0,0,0,0,0
gen_array_index_fix_069,data/ml/raw_snippets_generated/array_length_index_misuse/fixed/GenArrayIndexFix069.java,java,NO_ISSUE,1,pair_499,fixed,synthetic_generated,corrected with .length - 1 as last valid index,0,0,0,0,0,5,139,0,1.0,0,0,0,0,1,1,0,0,0,1,1,10,49,0,0,0,0,0,0,0,0,0,0,0,0,0,0,0,1,0,1,1,0,0,0,0,0,0,0,0,0,0,0,0,0,0,0,0
gen_clean_boundary_minus_one_011,data/ml/raw_snippets_generated/clean/GenCleanBoundaryMinusOne011.java,java,NO_ISSUE,1,,clean,synthetic_generated,clean snippet GenCleanBoundaryMinusOne011,0,0,0,0,0,17,410,0,1.0,0,0,0,0,1,2,4,2,0,2,3,10,148,2,2,1,0,0,2,1,0,2,13,0,0,0,0,0,2,0,0,2,0,0,0,0,0,0,0,0,0,0,0,0,0,0,0,0
gen_incorrect_cond_bug_073,data/ml/raw_snippets_generated/incorrect_conditional_operator/buggy/GenIncorrectConditionalBug073.java,java,INCORRECT_CONDITIONAL_OPERATOR,0,pair_333,buggy,synthetic_generated,uses assignment (=) instead of equality (==) in condition,0,1,0,0,0,8,194,0,1.0,0,0,0,0,1,1,0,2,0,1,0,8,47,0,0,0,0,0,0,0,0,0,0,1,1,0,0,0,0,0,0,0,0,0,0,0,0,0,0,0,0,0,0,0,0,0,0,0
gen_incorrect_cond_fix_073,data/ml/raw_snippets_generated/incorrect_conditional_operator/fixed/GenIncorrectConditionalFix073.java,java,NO_ISSUE,1,pair_333,fixed,synthetic_generated,uses == for comparison correctly,0,0,0,0,0,8,195,0,1.0,0,0,0,0,1,1,0,2,0,0,1,8,47,0,0,0,0,0,0,0,0,0,0,1,0,1,0,0,0,0,0,0,0,0,0,0,0,0,0,0,0,0,0,0,0,0,0,0
gen_while_no_update_bug_163,data/ml/raw_snippets_generated/while_variable_not_updated/buggy/GenWhileNoUpdateBug163.java,java,WHILE_VARIABLE_NOT_UPDATED,0,pair_933,buggy,synthetic_generated,no condition variable changes inside the while body (infinite loop),0,0,0,0,1,37,907,0,1.0,0,0,0,0,1,4,5,6,1,2,6,12,304,2,2,0,0,0,2,0,0,2,30,3,0,0,0,0,4,0,0,2,0,0,0,0,0,0,0,0,0,0,0,0,0,0,1,9
gen_while_no_update_fix_163,data/ml/raw_snippets_generated/while_variable_not_updated/fixed/GenWhileNoUpdateFix163.java,java,NO_ISSUE,1,pair_933,fixed,synthetic_generated,condition variable updated inside the loop body,0,0,0,0,0,38,929,0,1.0,0,0,0,0,1,4,5,6,1,2,6,12,309,2,2,0,0,0,2,0,0,2,30,3,0,0,0,0,4,0,0,2,0,0,0,0,0,0,0,0,0,0,0,0,0,1,0,14
gen_missing_break_bug_160,data/ml/raw_snippets_generated/missing_break_in_switch/buggy/GenMissingBreakBug160.java,java,MISSING_BREAK_IN_SWITCH,0,pair_760,buggy,synthetic_generated,case falls through without break (unintentional),0,0,0,1,0,24,585,0,1.0,0,0,0,0,1,1,1,1,0,6,0,11,141,0,0,0,0,0,0,0,0,0,0,0,0,0,0,0,0,0,0,0,1,6,4,1,0,1,0,12,0,0,0,0,0,0,0,0
gen_missing_break_fix_160,data/ml/raw_snippets_generated/missing_break_in_switch/fixed/GenMissingBreakFix160.java,java,NO_ISSUE,1,pair_760,fixed,synthetic_generated,every case ends with break/return,0,0,0,0,0,25,608,0,1.0,0,0,0,0,1,1,1,1,0,6,0,11,144,0,0,0,0,0,0,0,0,0,0,0,0,0,0,0,0,0,0,0,1,6,5,0,0,1,0,12,0,0,0,0,0,0,0,0
gen_clean_generic_065,data/ml/raw_snippets_generated/clean/GenCleanGeneric065.java,java,NO_ISSUE,1,,clean,synthetic_generated,clean snippet GenCleanGeneric065,0,0,0,0,0,25,554,0,1.0,0,0,0,0,1,2,2,2,1,4,1,11,140,0,0,0,0,0,0,0,0,0,0,0,0,0,0,0,0,0,0,0,1,3,2,0,0,1,0,12,0,0,0,0,0,1,0,14
gen_clean_verbose_boolean_007,data/ml/raw_snippets_generated/clean/GenCleanVerboseBoolean007.java,java,NO_ISSUE,1,,clean,synthetic_generated,clean snippet GenCleanVerboseBoolean007,0,0,0,0,0,8,177,0,1.0,0,0,0,0,1,1,0,2,0,0,1,9,49,0,0,0,0,0,0,0,0,0,0,1,0,1,1,0,0,0,0,0,0,0,0,0,0,0,0,0,0,0,0,0,0,0,0,0
gen_while_no_update_bug_034,data/ml/raw_snippets_generated/while_variable_not_updated/buggy/GenWhileNoUpdateBug034.java,java,WHILE_VARIABLE_NOT_UPDATED,0,pair_804,buggy,synthetic_generated,no condition variable changes inside the while body (infinite loop),0,0,0,0,1,18,468,0,1.0,0,0,0,0,1,2,3,2,1,1,2,11,153,1,1,0,0,0,1,0,0,1,30,0,0,0,0,0,1,0,0,1,0,0,0,0,0,0,0,0,0,0,0,0,0,0,1,9
gen_while_no_update_fix_034,data/ml/raw_snippets_generated/while_variable_not_updated/fixed/GenWhileNoUpdateFix034.java,java,NO_ISSUE,1,pair_804,fixed,synthetic_generated,condition variable updated inside the loop body,0,0,0,0,0,19,489,0,1.0,0,0,0,0,1,2,3,2,1,1,2,11,158,1,1,0,0,0,1,0,0,1,30,0,0,0,0,0,1,0,0,1,0,0,0,0,0,0,0,0,0,0,0,0,0,1,0,14
gen_while_no_update_bug_169,data/ml/raw_snippets_generated/while_variable_not_updated/buggy/GenWhileNoUpdateBug169.java,java,WHILE_VARIABLE_NOT_UPDATED,0,pair_939,buggy,synthetic_generated,no condition variable changes inside the while body (infinite loop),0,0,0,0,1,7,173,0,1.0,0,0,0,0,1,1,0,0,1,0,2,12,55,0,0,0,0,0,0,0,0,0,0,0,0,0,0,0,0,0,0,0,0,0,0,0,0,0,0,0,0,0,0,0,1,0,1,22
gen_while_no_update_fix_169,data/ml/raw_snippets_generated/while_variable_not_updated/fixed/GenWhileNoUpdateFix169.java,java,NO_ISSUE,1,pair_939,fixed,synthetic_generated,condition variable updated inside the loop body,0,0,0,0,0,8,194,0,1.0,0,0,0,0,1,1,0,0,1,0,2,12,60,0,0,0,0,0,0,0,0,0,0,0,0,0,0,0,0,0,0,0,0,0,0,0,0,0,0,0,0,0,0,0,1,1,0,27
gen_clean_generic_055,data/ml/raw_snippets_generated/clean/GenCleanGeneric055.java,java,NO_ISSUE,1,,clean,synthetic_generated,clean snippet GenCleanGeneric055,0,0,0,0,0,87,1969,0,1.0,0,0,0,0,1,9,5,14,1,7,10,11,567,1,1,0,0,0,1,0,0,1,30,6,0,2,0,0,1,0,0,1,2,6,4,0,0,2,0,12,0,0,0,0,0,1,0,14
gen_missing_break_bug_152,data/ml/raw_snippets_generated/missing_break_in_switch/buggy/GenMissingBreakBug152.java,java,MISSING_BREAK_IN_SWITCH,0,pair_752,buggy,synthetic_generated,case falls through without break (unintentional),0,0,0,1,0,30,718,0,1.0,0,0,0,0,1,2,1,4,0,5,2,11,187,0,0,0,0,0,0,0,0,0,0,2,0,0,0,0,0,0,0,0,1,5,3,1,0,1,0,12,0,0,0,0,0,0,0,0
gen_missing_break_fix_152,data/ml/raw_snippets_generated/missing_break_in_switch/fixed/GenMissingBreakFix152.java,java,NO_ISSUE,1,pair_752,fixed,synthetic_generated,every case ends with break/return,0,0,0,0,0,31,741,0,1.0,0,0,0,0,1,2,1,4,0,5,2,11,190,0,0,0,0,0,0,0,0,0,0,2,0,0,0,0,0,0,0,0,1,5,4,0,0,1,0,12,0,0,0,0,0,0,0,0
gen_missing_break_bug_107,data/ml/raw_snippets_generated/missing_break_in_switch/buggy/GenMissingBreakBug107.java,java,MISSING_BREAK_IN_SWITCH,0,pair_707,buggy,synthetic_generated,case falls through without break (unintentional),0,0,0,1,0,24,586,0,1.0,0,0,0,0,1,1,1,1,0,6,0,11,141,0,0,0,0,0,0,0,0,0,0,0,0,0,0,0,0,0,0,0,1,6,4,1,0,1,0,12,0,0,0,0,0,0,0,0
gen_missing_break_fix_107,data/ml/raw_snippets_generated/missing_break_in_switch/fixed/GenMissingBreakFix107.java,java,NO_ISSUE,1,pair_707,fixed,synthetic_generated,every case ends with break/return,0,0,0,0,0,25,609,0,1.0,0,0,0,0,1,1,1,1,0,6,0,11,144,0,0,0,0,0,0,0,0,0,0,0,0,0,0,0,0,0,0,0,1,6,5,0,0,1,0,12,0,0,0,0,0,0,0,0
gen_off_by_one_bug_165,data/ml/raw_snippets_generated/off_by_one/buggy/GenOffByOneBug165.java,java,OFF_BY_ONE_LOOP_BOUNDARY,0,pair_255,buggy,synthetic_generated,starts from .length instead of .length - 1,1,0,0,0,0,11,281,0,1.0,0,0,0,0,1,1,2,1,0,0,2,11,93,1,1,1,0,0,1,1,1,1,24,1,0,0,0,0,1,0,0,1,0,0,0,0,0,0,0,0,0,0,0,0,0,0,0,0
gen_off_by_one_fix_165,data/ml/raw_snippets_generated/off_by_one/fixed/GenOffByOneFix165.java,java,NO_ISSUE,1,pair_255,fixed,synthetic_generated,corrected with < length boundary,0,0,0,0,0,11,280,0,1.0,0,0,0,0,1,1,2,1,0,0,2,11,93,1,1,0,0,0,1,0,0,1,24,1,0,0,0,0,1,0,0,1,0,0,0,0,0,0,0,0,0,0,0,0,0,0,0,0
gen_missing_break_bug_014,data/ml/raw_snippets_generated/missing_break_in_switch/buggy/GenMissingBreakBug014.java,java,MISSING_BREAK_IN_SWITCH,0,pair_614,buggy,synthetic_generated,case falls through without break (unintentional),0,0,0,1,0,24,589,0,1.0,0,0,0,0,1,1,1,1,0,6,0,11,141,0,0,0,0,0,0,0,0,0,0,0,0,0,0,0,0,0,0,0,1,6,4,1,0,1,0,12,0,0,0,0,0,0,0,0
gen_missing_break_fix_014,data/ml/raw_snippets_generated/missing_break_in_switch/fixed/GenMissingBreakFix014.java,java,NO_ISSUE,1,pair_614,fixed,synthetic_generated,every case ends with break/return,0,0,0,0,0,25,612,0,1.0,0,0,0,0,1,1,1,1,0,6,0,11,144,0,0,0,0,0,0,0,0,0,0,0,0,0,0,0,0,0,0,0,1,6,5,0,0,1,0,12,0,0,0,0,0,0,0,0
gen_clean_generic_070,data/ml/raw_snippets_generated/clean/GenCleanGeneric070.java,java,NO_ISSUE,1,,clean,synthetic_generated,clean snippet GenCleanGeneric070,0,0,0,0,0,20,486,0,1.0,0,0,0,0,1,2,2,4,0,1,4,12,160,1,1,0,0,0,1,0,0,1,29,3,0,0,0,0,3,0,0,1,0,0,0,0,0,0,0,0,0,0,0,0,0,0,0,0
gen_clean_fall_through_024,data/ml/raw_snippets_generated/clean/GenCleanFallThrough024.java,java,NO_ISSUE,1,,clean,synthetic_generated,clean snippet GenCleanFallThrough024,0,0,0,0,0,41,1036,0,1.0,0,0,0,0,1,4,3,4,1,2,4,12,284,1,1,0,0,0,1,0,0,1,13,1,0,1,0,0,1,0,0,1,1,4,1,2,0,1,2,19,0,0,0,0,0,1,0,14
gen_array_index_bug_044,data/ml/raw_snippets_generated/array_length_index_misuse/buggy/GenArrayIndexBug044.java,java,ARRAY_LENGTH_INDEX_MISUSE,0,pair_474,buggy,synthetic_generated,accesses array[array.length] directly (out of bounds),0,0,1,0,0,20,442,0,1.0,0,0,0,0,1,3,1,2,1,1,1,10,135,0,0,0,0,0,0,0,0,0,0,0,0,0,0,0,1,1,1,1,0,0,0,0,0,0,0,0,0,0,0,0,0,1,0,14
gen_array_index_fix_044,data/ml/raw_snippets_generated/array_length_index_misuse/fixed/GenArrayIndexFix044.java,java,NO_ISSUE,1,pair_474,fixed,synthetic_generated,corrected with .length - 1 as last valid index,0,0,0,0,0,20,446,0,1.0,0,0,0,0,1,3,1,2,1,1,2,10,138,0,0,0,0,0,0,0,0,0,0,0,0,0,0,0,1,0,1,1,0,0,0,0,0,0,0,0,0,0,0,0,0,1,0,14
gen_clean_verbose_boolean_008,data/ml/raw_snippets_generated/clean/GenCleanVerboseBoolean008.java,java,NO_ISSUE,1,,clean,synthetic_generated,clean snippet GenCleanVerboseBoolean008,0,0,0,0,0,27,601,0,1.0,0,0,0,0,1,3,2,6,0,1,5,12,198,1,1,0,0,0,1,0,0,1,29,4,0,1,1,0,3,0,0,1,0,0,0,0,0,0,0,0,0,0,0,0,0,0,0,0
gen_off_by_one_bug_141,data/ml/raw_snippets_generated/off_by_one/buggy/GenOffByOneBug141.java,java,OFF_BY_ONE_LOOP_BOUNDARY,0,pair_231,buggy,synthetic_generated,starts from .length instead of .length - 1,1,0,0,0,0,9,244,0,1.0,0,0,0,0,1,1,2,1,0,1,1,10,99,1,1,1,0,0,1,1,1,1,17,0,0,0,0,0,2,0,0,2,0,0,0,0,0,0,0,0,0,0,0,0,0,0,0,0
gen_off_by_one_fix_141,data/ml/raw_snippets_generated/off_by_one/fixed/GenOffByOneFix141.java,java,NO_ISSUE,1,pair_231,fixed,synthetic_generated,corrected with < length boundary,0,0,0,0,0,9,243,0,1.0,0,0,0,0,1,1,2,1,0,1,1,10,99,1,1,0,0,0,1,0,0,1,17,0,0,0,0,0,2,0,0,2,0,0,0,0,0,0,0,0,0,0,0,0,0,0,0,0
gen_while_no_update_bug_111,data/ml/raw_snippets_generated/while_variable_not_updated/buggy/GenWhileNoUpdateBug111.java,java,WHILE_VARIABLE_NOT_UPDATED,0,pair_881,buggy,synthetic_generated,no condition variable changes inside the while body (infinite loop),0,0,0,0,1,27,594,0,1.0,0,0,0,0,1,4,2,4,1,1,5,10,194,1,1,0,0,0,1,0,0,1,13,1,0,1,0,0,1,0,0,1,0,0,0,0,0,0,0,0,0,0,0,0,1,0,1,21
gen_while_no_update_fix_111,data/ml/raw_snippets_generated/while_variable_not_updated/fixed/GenWhileNoUpdateFix111.java,java,NO_ISSUE,1,pair_881,fixed,synthetic_generated,condition variable updated inside the loop body,0,0,0,0,0,28,627,0,1.0,0,0,0,0,1,4,2,4,1,2,6,10,203,1,1,0,0,0,1,0,0,1,13,1,0,1,0,0,1,0,0,1,0,0,0,0,0,0,0,0,0,0,0,0,1,1,0,30
gen_clean_generic_014,data/ml/raw_snippets_generated/clean/GenCleanGeneric014.java,java,NO_ISSUE,1,,clean,synthetic_generated,clean snippet GenCleanGeneric014,0,0,0,0,0,10,235,0,1.0,0,0,0,0,1,1,0,3,0,0,2,10,70,0,0,0,0,0,0,0,0,0,0,2,0,0,0,0,0,0,0,0,0,0,0,0,0,0,0,0,0,0,0,0,0,0,0,0
gen_while_no_update_bug_069,data/ml/raw_snippets_generated/while_variable_not_updated/buggy/GenWhileNoUpdateBug069.java,java,WHILE_VARIABLE_NOT_UPDATED,0,pair_839,buggy,synthetic_generated,no condition variable changes inside the while body (infinite loop),0,0,0,0,1,43,1006,0,1.0,0,0,0,0,1,5,4,7,1,2,10,12,336,2,2,0,0,0,2,0,0,2,29,5,0,1,0,0,6,0,0,1,0,0,0,0,0,0,0,0,0,0,0,0,1,0,1,22
gen_while_no_update_fix_069,data/ml/raw_snippets_generated/while_variable_not_updated/fixed/GenWhileNoUpdateFix069.java,java,NO_ISSUE,1,pair_839,fixed,synthetic_generated,condition variable updated inside the loop body,0,0,0,0,0,44,1030,0,1.0,0,0,0,0,1,5,4,7,1,2,10,12,341,2,2,0,0,0,2,0,0,2,29,5,0,1,0,0,6,0,0,1,0,0,0,0,0,0,0,0,0,0,0,0,1,1,0,27
gen_clean_scanner_loop_019,data/ml/raw_snippets_generated/clean/GenCleanScannerLoop019.java,java,NO_ISSUE,1,,clean,synthetic_generated,clean snippet GenCleanScannerLoop019,0,0,0,0,0,20,473,0,1.0,0,0,0,0,1,3,0,4,1,0,4,12,149,0,0,0,0,0,0,0,0,0,0,2,0,0,0,0,0,0,0,0,0,0,0,0,0,0,0,0,1,0,0,0,2,0,0,22
gen_clean_generic_109,data/ml/raw_snippets_generated/clean/GenCleanGeneric109.java,java,NO_ISSUE,1,,clean,synthetic_generated,clean snippet GenCleanGeneric109,0,0,0,0,0,10,219,0,1.0,0,0,0,0,1,1,1,1,1,1,1,9,60,0,0,0,0,0,0,0,0,0,0,0,0,0,0,0,0,0,0,0,0,0,0,0,0,0,0,0,0,0,0,0,0,1,0,14
gen_array_index_bug_150,data/ml/raw_snippets_generated/array_length_index_misuse/buggy/GenArrayIndexBug150.java,java,ARRAY_LENGTH_INDEX_MISUSE,0,pair_580,buggy,synthetic_generated,accesses array[array.length] directly (out of bounds),0,0,1,0,0,18,420,0,1.0,0,0,0,0,1,3,0,4,0,1,4,9,134,0,0,0,0,0,0,0,0,0,0,2,0,0,0,0,1,1,1,1,0,0,0,0,0,0,0,0,0,0,0,0,0,0,0,0
gen_array_index_fix_150,data/ml/raw_snippets_generated/array_length_index_misuse/fixed/GenArrayIndexFix150.java,java,NO_ISSUE,1,pair_580,fixed,synthetic_generated,corrected with .length - 1 as last valid index,0,0,0,0,0,18,424,0,1.0,0,0,0,0,1,3,0,4,0,1,5,10,137,0,0,0,0,0,0,0,0,0,0,2,0,0,0,0,1,0,1,1,0,0,0,0,0,0,0,0,0,0,0,0,0,0,0,0
gen_missing_break_bug_128,data/ml/raw_snippets_generated/missing_break_in_switch/buggy/GenMissingBreakBug128.java,java,MISSING_BREAK_IN_SWITCH,0,pair_728,buggy,synthetic_generated,case falls through without break (unintentional),0,0,0,1,0,55,1292,0,1.0,0,0,0,0,1,5,4,8,1,6,6,11,373,1,1,0,0,0,1,0,0,1,30,3,0,1,0,0,1,0,0,1,1,5,3,1,0,1,0,12,0,0,0,0,0,1,0,14
gen_missing_break_fix_128,data/ml/raw_snippets_generated/missing_break_in_switch/fixed/GenMissingBreakFix128.java,java,NO_ISSUE,1,pair_728,fixed,synthetic_generated,every case ends with break/return,0,0,0,0,0,56,1315,0,1.0,0,0,0,0,1,5,4,8,1,6,6,11,376,1,1,0,0,0,1,0,0,1,30,3,0,1,0,0,1,0,0,1,1,5,4,0,0,1,0,12,0,0,0,0,0,1,0,14
gen_missing_break_bug_015,data/ml/raw_snippets_generated/missing_break_in_switch/buggy/GenMissingBreakBug015.java,java,MISSING_BREAK_IN_SWITCH,0,pair_615,buggy,synthetic_generated,case falls through without break (unintentional),0,0,0,1,0,90,2161,0,1.0,0,0,0,0,1,9,10,11,0,10,11,12,659,4,4,0,0,0,4,0,0,4,30,3,0,2,0,0,6,0,0,3,2,8,5,1,0,2,0,12,0,0,0,0,0,0,0,0
gen_missing_break_fix_015,data/ml/raw_snippets_generated/missing_break_in_switch/fixed/GenMissingBreakFix015.java,java,NO_ISSUE,1,pair_615,fixed,synthetic_generated,every case ends with break/return,0,0,0,0,0,91,2184,0,1.0,0,0,0,0,1,9,10,11,0,10,11,12,662,4,4,0,0,0,4,0,0,4,30,3,0,2,0,0,6,0,0,3,2,8,6,0,0,2,0,12,0,0,0,0,0,0,0,0
gen_off_by_one_bug_028,data/ml/raw_snippets_generated/off_by_one/buggy/GenOffByOneBug028.java,java,OFF_BY_ONE_LOOP_BOUNDARY,0,pair_118,buggy,synthetic_generated,starts from .length instead of .length - 1,1,0,0,0,0,35,872,0,1.0,0,0,0,0,1,4,5,5,0,1,6,12,313,3,3,1,0,0,3,1,1,3,30,3,0,0,0,0,5,0,0,3,0,0,0,0,0,0,0,0,0,0,0,0,0,0,0,0
gen_off_by_one_fix_028,data/ml/raw_snippets_generated/off_by_one/fixed/GenOffByOneFix028.java,java,NO_ISSUE,1,pair_118,fixed,synthetic_generated,corrected with < length boundary,0,0,0,0,0,35,871,0,1.0,0,0,0,0,1,4,5,5,0,1,6,12,313,3,3,0,0,0,3,0,0,3,30,3,0,0,0,0,5,0,0,3,0,0,0,0,0,0,0,0,0,0,0,0,0,0,0,0
gen_incorrect_cond_bug_077,data/ml/raw_snippets_generated/incorrect_conditional_operator/buggy/GenIncorrectConditionalBug077.java,java,INCORRECT_CONDITIONAL_OPERATOR,0,pair_337,buggy,synthetic_generated,uses assignment (=) instead of equality (==) in condition,0,1,0,0,0,66,1565,0,1.0,0,0,0,0,1,8,6,15,0,3,12,12,508,3,3,0,0,0,3,0,0,3,30,8,1,0,0,0,5,0,0,3,0,0,0,0,0,0,0,0,0,0,0,0,0,0,0,0
gen_incorrect_cond_fix_077,data/ml/raw_snippets_generated/incorrect_conditional_operator/fixed/GenIncorrectConditionalFix077.java,java,NO_ISSUE,1,pair_337,fixed,synthetic_generated,uses == for comparison correctly,0,0,0,0,0,66,1566,0,1.0,0,0,0,0,1,8,6,15,0,2,13,12,508,3,3,0,0,0,3,0,0,3,30,8,0,1,0,0,5,0,0,3,0,0,0,0,0,0,0,0,0,0,0,0,0,0,0,0
gen_clean_boundary_minus_one_016,data/ml/raw_snippets_generated/clean/GenCleanBoundaryMinusOne016.java,java,NO_ISSUE,1,,clean,synthetic_generated,clean snippet GenCleanBoundaryMinusOne016,0,0,0,0,0,9,227,0,1.0,0,0,0,0,1,1,2,1,0,1,2,10,80,1,1,1,0,0,1,1,0,1,13,0,0,0,0,0,1,0,0,1,0,0,0,0,0,0,0,0,0,0,0,0,0,0,0,0
gen_clean_generic_049,data/ml/raw_snippets_generated/clean/GenCleanGeneric049.java,java,NO_ISSUE,1,,clean,synthetic_generated,clean snippet GenCleanGeneric049,0,0,0,0,0,10,302,0,1.0,0,0,0,0,1,1,2,1,0,0,1,11,102,1,1,0,0,0,1,0,0,1,30,0,0,0,0,0,1,0,0,1,0,0,0,0,0,0,0,0,0,0,0,0,0,0,0,0
gen_incorrect_cond_bug_024,data/ml/raw_snippets_generated/incorrect_conditional_operator/buggy/GenIncorrectConditionalBug024.java,java,INCORRECT_CONDITIONAL_OPERATOR,0,pair_284,buggy,synthetic_generated,uses assignment (=) instead of equality (==) in condition,0,1,0,0,0,8,196,0,1.0,0,0,0,0,1,1,0,2,0,1,0,8,47,0,0,0,0,0,0,0,0,0,0,1,1,0,0,0,0,0,0,0,0,0,0,0,0,0,0,0,0,0,0,0,0,0,0,0
gen_incorrect_cond_fix_024,data/ml/raw_snippets_generated/incorrect_conditional_operator/fixed/GenIncorrectConditionalFix024.java,java,NO_ISSUE,1,pair_284,fixed,synthetic_generated,uses == for comparison correctly,0,0,0,0,0,8,197,0,1.0,0,0,0,0,1,1,0,2,0,0,1,8,47,0,0,0,0,0,0,0,0,0,0,1,0,1,0,0,0,0,0,0,0,0,0,0,0,0,0,0,0,0,0,0,0,0,0,0
gen_while_no_update_bug_083,data/ml/raw_snippets_generated/while_variable_not_updated/buggy/GenWhileNoUpdateBug083.java,java,WHILE_VARIABLE_NOT_UPDATED,0,pair_853,buggy,synthetic_generated,no condition variable changes inside the while body (infinite loop),0,0,0,0,1,7,182,0,1.0,0,0,0,0,1,1,0,0,1,0,2,12,55,0,0,0,0,0,0,0,0,0,0,0,0,0,0,0,0,0,0,0,0,0,0,0,0,0,0,0,0,0,0,0,1,0,1,22
gen_while_no_update_fix_083,data/ml/raw_snippets_generated/while_variable_not_updated/fixed/GenWhileNoUpdateFix083.java,java,NO_ISSUE,1,pair_853,fixed,synthetic_generated,condition variable updated inside the loop body,0,0,0,0,0,8,206,0,1.0,0,0,0,0,1,1,0,0,1,0,2,12,60,0,0,0,0,0,0,0,0,0,0,0,0,0,0,0,0,0,0,0,0,0,0,0,0,0,0,0,0,0,0,0,1,1,0,27
gen_while_no_update_bug_009,data/ml/raw_snippets_generated/while_variable_not_updated/buggy/GenWhileNoUpdateBug009.java,java,WHILE_VARIABLE_NOT_UPDATED,0,pair_779,buggy,synthetic_generated,no condition variable changes inside the while body (infinite loop),0,0,0,0,1,17,415,0,1.0,0,0,0,0,1,2,2,1,1,1,4,12,143,1,1,0,0,0,1,0,0,1,29,1,0,0,0,0,3,0,0,1,0,0,0,0,0,0,0,0,0,0,0,0,1,0,1,22
gen_while_no_update_fix_009,data/ml/raw_snippets_generated/while_variable_not_updated/fixed/GenWhileNoUpdateFix009.java,java,NO_ISSUE,1,pair_779,fixed,synthetic_generated,condition variable updated inside the loop body,0,0,0,0,0,18,436,0,1.0,0,0,0,0,1,2,2,1,1,1,4,12,148,1,1,0,0,0,1,0,0,1,29,1,0,0,0,0,3,0,0,1,0,0,0,0,0,0,0,0,0,0,0,0,1,1,0,27
gen_incorrect_cond_bug_163,data/ml/raw_snippets_generated/incorrect_conditional_operator/buggy/GenIncorrectConditionalBug163.java,java,INCORRECT_CONDITIONAL_OPERATOR,0,pair_423,buggy,synthetic_generated,uses assignment (=) instead of equality (==) in condition,0,1,0,0,0,8,200,0,1.0,0,0,0,0,1,1,0,2,0,1,0,8,47,0,0,0,0,0,0,0,0,0,0,1,1,0,0,0,0,0,0,0,0,0,0,0,0,0,0,0,0,0,0,0,0,0,0,0
gen_incorrect_cond_fix_163,data/ml/raw_snippets_generated/incorrect_conditional_operator/fixed/GenIncorrectConditionalFix163.java,java,NO_ISSUE,1,pair_423,fixed,synthetic_generated,uses == for comparison correctly,0,0,0,0,0,8,201,0,1.0,0,0,0,0,1,1,0,2,0,0,1,8,47,0,0,0,0,0,0,0,0,0,0,1,0,1,0,0,0,0,0,0,0,0,0,0,0,0,0,0,0,0,0,0,0,0,0,0
gen_incorrect_cond_bug_053,data/ml/raw_snippets_generated/incorrect_conditional_operator/buggy/GenIncorrectConditionalBug053.java,java,INCORRECT_CONDITIONAL_OPERATOR,0,pair_313,buggy,synthetic_generated,uses assignment (=) instead of equality (==) in condition,0,1,0,0,0,23,520,0,1.0,0,0,0,0,1,2,1,3,0,4,0,11,129,0,0,0,0,0,0,0,0,0,0,1,1,0,1,0,0,0,0,0,1,3,2,0,0,1,0,12,0,0,0,0,0,0,0,0
gen_incorrect_cond_fix_053,data/ml/raw_snippets_generated/incorrect_conditional_operator/fixed/GenIncorrectConditionalFix053.java,java,NO_ISSUE,1,pair_313,fixed,synthetic_generated,uses == for comparison correctly,0,0,0,0,0,23,521,0,1.0,0,0,0,0,1,2,1,3,0,3,1,11,129,0,0,0,0,0,0,0,0,0,0,1,0,1,1,0,0,0,0,0,1,3,2,0,0,1,0,12,0,0,0,0,0,0,0,0
gen_incorrect_cond_bug_131,data/ml/raw_snippets_generated/incorrect_conditional_operator/buggy/GenIncorrectConditionalBug131.java,java,INCORRECT_CONDITIONAL_OPERATOR,0,pair_391,buggy,synthetic_generated,uses assignment (=) instead of equality (==) in condition,0,1,0,0,0,23,503,0,1.0,0,0,0,0,1,3,1,3,1,2,1,10,144,0,0,0,0,0,0,0,0,0,0,1,1,0,1,0,0,0,0,0,0,0,0,0,0,0,0,0,0,0,0,0,0,1,0,14
gen_incorrect_cond_fix_131,data/ml/raw_snippets_generated/incorrect_conditional_operator/fixed/GenIncorrectConditionalFix131.java,java,NO_ISSUE,1,pair_391,fixed,synthetic_generated,uses == for comparison correctly,0,0,0,0,0,23,504,0,1.0,0,0,0,0,1,3,1,3,1,1,2,10,144,0,0,0,0,0,0,0,0,0,0,1,0,1,1,0,0,0,0,0,0,0,0,0,0,0,0,0,0,0,0,0,0,1,0,14
gen_while_no_update_bug_102,data/ml/raw_snippets_generated/while_variable_not_updated/buggy/GenWhileNoUpdateBug102.java,java,WHILE_VARIABLE_NOT_UPDATED,0,pair_872,buggy,synthetic_generated,no condition variable changes inside the while body (infinite loop),0,0,0,0,1,71,1567,0,1.0,0,0,0,0,1,9,2,13,1,4,11,11,467,0,0,0,0,0,0,0,0,0,0,6,0,0,0,0,0,0,0,0,1,3,2,0,0,1,0,12,0,0,0,0,0,0,1,9
gen_while_no_update_fix_102,data/ml/raw_snippets_generated/while_variable_not_updated/fixed/GenWhileNoUpdateFix102.java,java,NO_ISSUE,1,pair_872,fixed,synthetic_generated,condition variable updated inside the loop body,0,0,0,0,0,72,1588,0,1.0,0,0,0,0,1,9,2,13,1,4,11,11,472,0,0,0,0,0,0,0,0,0,0,6,0,0,0,0,0,0,0,0,1,3,2,0,0,1,0,12,0,0,0,0,0,1,0,14
gen_off_by_one_bug_139,data/ml/raw_snippets_generated/off_by_one/buggy/GenOffByOneBug139.java,java,OFF_BY_ONE_LOOP_BOUNDARY,0,pair_229,buggy,synthetic_generated,starts from .length instead of .length - 1,1,0,0,0,0,7,185,0,1.0,0,0,0,0,1,1,1,0,0,0,1,11,71,1,1,1,0,0,1,1,1,1,20,0,0,0,0,0,1,0,0,1,0,0,0,0,0,0,0,0,0,0,0,0,0,0,0,0
gen_off_by_one_fix_139,data/ml/raw_snippets_generated/off_by_one/fixed/GenOffByOneFix139.java,java,NO_ISSUE,1,pair_229,fixed,synthetic_generated,corrected with < length boundary,0,0,0,0,0,7,184,0,1.0,0,0,0,0,1,1,1,0,0,0,1,11,71,1,1,0,0,0,1,0,0,1,20,0,0,0,0,0,1,0,0,1,0,0,0,0,0,0,0,0,0,0,0,0,0,0,0,0
gen_clean_boundary_minus_one_005,data/ml/raw_snippets_generated/clean/GenCleanBoundaryMinusOne005.java,java,NO_ISSUE,1,,clean,synthetic_generated,clean snippet GenCleanBoundaryMinusOne005,0,0,0,0,0,45,1020,0,1.0,0,0,0,0,1,4,4,3,0,7,2,11,284,1,1,1,0,0,1,1,0,1,13,0,0,0,0,0,1,0,0,1,2,6,4,0,0,2,0,12,0,0,0,0,0,0,0,0
gen_off_by_one_bug_169,data/ml/raw_snippets_generated/off_by_one/buggy/GenOffByOneBug169.java,java,OFF_BY_ONE_LOOP_BOUNDARY,0,pair_259,buggy,synthetic_generated,starts from .length instead of .length - 1,1,0,0,0,0,9,216,0,1.0,0,0,0,0,1,1,2,1,0,1,1,10,77,1,1,1,0,0,1,1,1,1,13,0,0,0,0,0,1,0,0,1,0,0,0,0,0,0,0,0,0,0,0,0,0,0,0,0
gen_off_by_one_fix_169,data/ml/raw_snippets_generated/off_by_one/fixed/GenOffByOneFix169.java,java,NO_ISSUE,1,pair_259,fixed,synthetic_generated,corrected with < length boundary,0,0,0,0,0,9,215,0,1.0,0,0,0,0,1,1,2,1,0,1,1,10,77,1,1,0,0,0,1,0,0,1,13,0,0,0,0,0,1,0,0,1,0,0,0,0,0,0,0,0,0,0,0,0,0,0,0,0
gen_off_by_one_bug_129,data/ml/raw_snippets_generated/off_by_one/buggy/GenOffByOneBug129.java,java,OFF_BY_ONE_LOOP_BOUNDARY,0,pair_219,buggy,synthetic_generated,starts from .length instead of .length - 1,1,0,0,0,0,13,326,0,1.0,0,0,0,0,1,2,2,2,0,1,3,10,124,1,1,1,0,0,1,1,1,1,17,0,0,0,0,0,2,0,0,2,0,0,0,0,0,0,0,0,0,0,0,0,0,0,0,0
gen_off_by_one_fix_129,data/ml/raw_snippets_generated/off_by_one/fixed/GenOffByOneFix129.java,java,NO_ISSUE,1,pair_219,fixed,synthetic_generated,corrected with < length boundary,0,0,0,0,0,13,325,0,1.0,0,0,0,0,1,2,2,2,0,1,3,10,124,1,1,0,0,0,1,0,0,1,17,0,0,0,0,0,2,0,0,2,0,0,0,0,0,0,0,0,0,0,0,0,0,0,0,0
gen_missing_break_bug_096,data/ml/raw_snippets_generated/missing_break_in_switch/buggy/GenMissingBreakBug096.java,java,MISSING_BREAK_IN_SWITCH,0,pair_696,buggy,synthetic_generated,case falls through without break (unintentional),0,0,0,1,0,52,1338,0,1.0,0,0,0,0,1,5,5,4,0,6,4,11,396,2,2,0,0,0,2,0,0,2,30,0,0,0,0,0,2,0,0,1,1,6,4,1,0,1,0,12,0,0,0,0,0,0,0,0
gen_missing_break_fix_096,data/ml/raw_snippets_generated/missing_break_in_switch/fixed/GenMissingBreakFix096.java,java,NO_ISSUE,1,pair_696,fixed,synthetic_generated,every case ends with break/return,0,0,0,0,0,53,1361,0,1.0,0,0,0,0,1,5,5,4,0,6,4,11,399,2,2,0,0,0,2,0,0,2,30,0,0,0,0,0,2,0,0,1,1,6,5,0,0,1,0,12,0,0,0,0,0,0,0,0
gen_off_by_one_bug_134,data/ml/raw_snippets_generated/off_by_one/buggy/GenOffByOneBug134.java,java,OFF_BY_ONE_LOOP_BOUNDARY,0,pair_224,buggy,synthetic_generated,starts from .length instead of .length - 1,1,0,0,0,0,21,488,0,1.0,0,0,0,0,1,3,3,1,0,1,2,11,183,2,2,1,0,0,2,1,1,2,20,0,0,0,0,0,2,0,0,2,0,0,0,0,0,0,0,0,0,0,0,0,0,0,0,0
gen_off_by_one_fix_134,data/ml/raw_snippets_generated/off_by_one/fixed/GenOffByOneFix134.java,java,NO_ISSUE,1,pair_224,fixed,synthetic_generated,corrected with < length boundary,0,0,0,0,0,21,487,0,1.0,0,0,0,0,1,3,3,1,0,1,2,11,183,2,2,0,0,0,2,0,0,2,20,0,0,0,0,0,2,0,0,2,0,0,0,0,0,0,0,0,0,0,0,0,0,0,0,0
gen_array_index_bug_143,data/ml/raw_snippets_generated/array_length_index_misuse/buggy/GenArrayIndexBug143.java,java,ARRAY_LENGTH_INDEX_MISUSE,0,pair_573,buggy,synthetic_generated,accesses array[array.length] directly (out of bounds),0,0,1,0,0,14,299,0,1.0,0,0,0,0,1,2,1,2,1,1,1,9,91,0,0,0,0,0,0,0,0,0,0,0,0,0,0,0,1,1,1,1,0,0,0,0,0,0,0,0,0,0,0,0,0,1,0,14
gen_array_index_fix_143,data/ml/raw_snippets_generated/array_length_index_misuse/fixed/GenArrayIndexFix143.java,java,NO_ISSUE,1,pair_573,fixed,synthetic_generated,corrected with .length - 1 as last valid index,0,0,0,0,0,14,303,0,1.0,0,0,0,0,1,2,1,2,1,1,2,9,94,0,0,0,0,0,0,0,0,0,0,0,0,0,0,0,1,0,1,1,0,0,0,0,0,0,0,0,0,0,0,0,0,1,0,14
gen_array_index_bug_064,data/ml/raw_snippets_generated/array_length_index_misuse/buggy/GenArrayIndexBug064.java,java,ARRAY_LENGTH_INDEX_MISUSE,0,pair_494,buggy,synthetic_generated,accesses array[array.length] directly (out of bounds),0,0,1,0,0,9,215,0,1.0,0,0,0,0,1,2,0,1,0,0,2,10,73,0,0,0,0,0,0,0,0,0,0,0,0,0,0,0,1,1,1,1,0,0,0,0,0,0,0,0,0,0,0,0,0,0,0,0
gen_array_index_fix_064,data/ml/raw_snippets_generated/array_length_index_misuse/fixed/GenArrayIndexFix064.java,java,NO_ISSUE,1,pair_494,fixed,synthetic_generated,corrected with .length - 1 as last valid index,0,0,0,0,0,9,219,0,1.0,0,0,0,0,1,2,0,1,0,0,3,11,76,0,0,0,0,0,0,0,0,0,0,0,0,0,0,0,1,0,1,1,0,0,0,0,0,0,0,0,0,0,0,0,0,0,0,0
gen_while_no_update_bug_003,data/ml/raw_snippets_generated/while_variable_not_updated/buggy/GenWhileNoUpdateBug003.java,java,WHILE_VARIABLE_NOT_UPDATED,0,pair_773,buggy,synthetic_generated,no condition variable changes inside the while body (infinite loop),0,0,0,0,1,14,316,0,1.0,0,0,0,0,1,2,0,2,1,0,4,12,99,0,0,0,0,0,0,0,0,0,0,1,0,1,0,0,0,0,0,0,0,0,0,0,0,0,0,0,0,0,0,0,1,0,1,22
gen_while_no_update_fix_003,data/ml/raw_snippets_generated/while_variable_not_updated/fixed/GenWhileNoUpdateFix003.java,java,NO_ISSUE,1,pair_773,fixed,synthetic_generated,condition variable updated inside the loop body,0,0,0,0,0,15,337,0,1.0,0,0,0,0,1,2,0,2,1,0,4,12,104,0,0,0,0,0,0,0,0,0,0,1,0,1,0,0,0,0,0,0,0,0,0,0,0,0,0,0,0,0,0,0,1,1,0,27
gen_while_no_update_bug_036,data/ml/raw_snippets_generated/while_variable_not_updated/buggy/GenWhileNoUpdateBug036.java,java,WHILE_VARIABLE_NOT_UPDATED,0,pair_806,buggy,synthetic_generated,no condition variable changes inside the while body (infinite loop),0,0,0,0,1,18,405,0,1.0,0,0,0,0,1,2,1,4,1,1,3,9,123,0,0,0,0,0,0,0,0,0,0,2,0,0,0,0,0,0,0,0,0,0,0,0,0,0,0,0,0,0,0,0,0,0,1,9
gen_while_no_update_fix_036,data/ml/raw_snippets_generated/while_variable_not_updated/fixed/GenWhileNoUpdateFix036.java,java,NO_ISSUE,1,pair_806,fixed,synthetic_generated,condition variable updated inside the loop body,0,0,0,0,0,19,426,0,1.0,0,0,0,0,1,2,1,4,1,1,3,9,128,0,0,0,0,0,0,0,0,0,0,2,0,0,0,0,0,0,0,0,0,0,0,0,0,0,0,0,0,0,0,0,0,1,0,14
gen_missing_break_bug_116,data/ml/raw_snippets_generated/missing_break_in_switch/buggy/GenMissingBreakBug116.java,java,MISSING_BREAK_IN_SWITCH,0,pair_716,buggy,synthetic_generated,case falls through without break (unintentional),0,0,0,1,0,68,1636,0,1.0,0,0,0,0,1,6,5,12,0,7,8,11,487,2,2,0,0,0,2,0,0,2,30,6,0,0,0,0,2,0,0,2,1,6,4,1,0,1,0,12,0,0,0,0,0,0,0,0
gen_missing_break_fix_116,data/ml/raw_snippets_generated/missing_break_in_switch/fixed/GenMissingBreakFix116.java,java,NO_ISSUE,1,pair_716,fixed,synthetic_generated,every case ends with break/return,0,0,0,0,0,69,1659,0,1.0,0,0,0,0,1,6,5,12,0,7,8,11,490,2,2,0,0,0,2,0,0,2,30,6,0,0,0,0,2,0,0,2,1,6,5,0,0,1,0,12,0,0,0,0,0,0,0,0
gen_array_index_bug_023,data/ml/raw_snippets_generated/array_length_index_misuse/buggy/GenArrayIndexBug023.java,java,ARRAY_LENGTH_INDEX_MISUSE,0,pair_453,buggy,synthetic_generated,accesses array[array.length] directly (out of bounds),0,0,1,0,0,5,119,0,1.0,0,0,0,0,1,1,0,1,0,0,0,8,40,0,0,0,0,0,0,0,0,0,0,0,0,0,0,0,1,1,1,1,0,0,0,0,0,0,0,0,0,0,0,0,0,0,0,0
gen_array_index_fix_023,data/ml/raw_snippets_generated/array_length_index_misuse/fixed/GenArrayIndexFix023.java,java,NO_ISSUE,1,pair_453,fixed,synthetic_generated,corrected with .length - 1 as last valid index,0,0,0,0,0,5,123,0,1.0,0,0,0,0,1,1,0,1,0,0,1,9,43,0,0,0,0,0,0,0,0,0,0,0,0,0,0,0,1,0,1,1,0,0,0,0,0,0,0,0,0,0,0,0,0,0,0,0
gen_clean_while_true_break_004,data/ml/raw_snippets_generated/clean/GenCleanWhileTrueBreak004.java,java,NO_ISSUE,1,,clean,synthetic_generated,clean snippet GenCleanWhileTrueBreak004,0,0,0,0,0,19,398,0,1.0,0,0,0,0,1,2,1,3,1,0,3,10,110,0,0,0,0,0,0,0,0,0,0,2,0,1,0,0,0,0,0,0,0,0,0,0,0,0,0,0,0,0,1,1,0,0,0,23
gen_array_index_bug_094,data/ml/raw_snippets_generated/array_length_index_misuse/buggy/GenArrayIndexBug094.java,java,ARRAY_LENGTH_INDEX_MISUSE,0,pair_524,buggy,synthetic_generated,accesses array[array.length] directly (out of bounds),0,0,1,0,0,9,196,0,1.0,0,0,0,0,1,2,0,2,0,0,2,8,65,0,0,0,0,0,0,0,0,0,0,0,0,0,0,0,1,1,1,1,0,0,0,0,0,0,0,0,0,0,0,0,0,0,0,0
gen_array_index_fix_094,data/ml/raw_snippets_generated/array_length_index_misuse/fixed/GenArrayIndexFix094.java,java,NO_ISSUE,1,pair_524,fixed,synthetic_generated,corrected with .length - 1 as last valid index,0,0,0,0,0,9,200,0,1.0,0,0,0,0,1,2,0,2,0,0,3,9,68,0,0,0,0,0,0,0,0,0,0,0,0,0,0,0,1,0,1,1,0,0,0,0,0,0,0,0,0,0,0,0,0,0,0,0
gen_clean_generic_001,data/ml/raw_snippets_generated/clean/GenCleanGeneric001.java,java,NO_ISSUE,1,,clean,synthetic_generated,clean snippet GenCleanGeneric001,0,0,0,0,0,19,419,0,1.0,0,0,0,0,1,2,1,4,1,1,3,9,123,0,0,0,0,0,0,0,0,0,0,2,0,0,0,0,0,0,0,0,0,0,0,0,0,0,0,0,0,0,0,0,0,1,0,14
gen_incorrect_cond_bug_027,data/ml/raw_snippets_generated/incorrect_conditional_operator/buggy/GenIncorrectConditionalBug027.java,java,INCORRECT_CONDITIONAL_OPERATOR,0,pair_287,buggy,synthetic_generated,uses assignment (=) instead of equality (==) in condition,0,1,0,0,0,8,200,0,1.0,0,0,0,0,1,1,0,2,0,1,0,8,47,0,0,0,0,0,0,0,0,0,0,1,1,0,0,0,0,0,0,0,0,0,0,0,0,0,0,0,0,0,0,0,0,0,0,0
gen_incorrect_cond_fix_027,data/ml/raw_snippets_generated/incorrect_conditional_operator/fixed/GenIncorrectConditionalFix027.java,java,NO_ISSUE,1,pair_287,fixed,synthetic_generated,uses == for comparison correctly,0,0,0,0,0,8,201,0,1.0,0,0,0,0,1,1,0,2,0,0,1,8,47,0,0,0,0,0,0,0,0,0,0,1,0,1,0,0,0,0,0,0,0,0,0,0,0,0,0,0,0,0,0,0,0,0,0,0
gen_off_by_one_bug_106,data/ml/raw_snippets_generated/off_by_one/buggy/GenOffByOneBug106.java,java,OFF_BY_ONE_LOOP_BOUNDARY,0,pair_196,buggy,synthetic_generated,starts from .length instead of .length - 1,1,0,0,0,0,40,879,0,1.0,0,0,0,0,1,4,4,3,2,5,3,11,253,1,1,1,0,0,1,1,1,1,20,0,0,0,0,0,1,0,0,1,1,3,2,0,0,1,0,12,0,0,0,0,0,2,0,14
gen_off_by_one_fix_106,data/ml/raw_snippets_generated/off_by_one/fixed/GenOffByOneFix106.java,java,NO_ISSUE,1,pair_196,fixed,synthetic_generated,corrected with < length boundary,0,0,0,0,0,40,878,0,1.0,0,0,0,0,1,4,4,3,2,5,3,11,253,1,1,0,0,0,1,0,0,1,20,0,0,0,0,0,1,0,0,1,1,3,2,0,0,1,0,12,0,0,0,0,0,2,0,14
gen_clean_fall_through_029,data/ml/raw_snippets_generated/clean/GenCleanFallThrough029.java,java,NO_ISSUE,1,,clean,synthetic_generated,clean snippet GenCleanFallThrough029,0,0,0,0,0,98,2404,0,1.0,0,0,0,0,1,9,8,10,0,8,9,12,699,3,3,0,0,0,3,0,0,3,30,5,0,1,0,0,7,0,0,3,3,10,5,2,0,3,2,19,0,0,0,0,0,0,0,0
gen_clean_while_true_break_014,data/ml/raw_snippets_generated/clean/GenCleanWhileTrueBreak014.java,java,NO_ISSUE,1,,clean,synthetic_generated,clean snippet GenCleanWhileTrueBreak014,0,0,0,0,0,41,900,0,1.0,0,0,0,0,1,5,4,4,2,2,6,12,274,1,1,0,0,0,1,0,0,1,29,2,0,0,0,0,3,0,0,1,0,0,0,0,0,0,0,0,0,0,1,1,0,1,0,23
gen_incorrect_cond_bug_082,data/ml/raw_snippets_generated/incorrect_conditional_operator/buggy/GenIncorrectConditionalBug082.java,java,INCORRECT_CONDITIONAL_OPERATOR,0,pair_342,buggy,synthetic_generated,uses assignment (=) instead of equality (==) in condition,0,1,0,0,0,20,450,0,1.0,0,0,0,0,1,3,0,4,0,1,4,11,138,0,0,0,0,0,0,0,0,0,0,3,1,0,0,0,0,0,0,0,0,0,0,0,0,0,0,0,0,0,0,0,0,0,0,0
gen_incorrect_cond_fix_082,data/ml/raw_snippets_generated/incorrect_conditional_operator/fixed/GenIncorrectConditionalFix082.java,java,NO_ISSUE,1,pair_342,fixed,synthetic_generated,uses == for comparison correctly,0,0,0,0,0,20,451,0,1.0,0,0,0,0,1,3,0,4,0,0,5,11,138,0,0,0,0,0,0,0,0,0,0,3,0,1,0,0,0,0,0,0,0,0,0,0,0,0,0,0,0,0,0,0,0,0,0,0
gen_while_no_update_bug_103,data/ml/raw_snippets_generated/while_variable_not_updated/buggy/GenWhileNoUpdateBug103.java,java,WHILE_VARIABLE_NOT_UPDATED,0,pair_873,buggy,synthetic_generated,no condition variable changes inside the while body (infinite loop),0,0,0,0,1,8,190,0,1.0,0,0,0,0,1,1,0,0,1,0,0,10,57,0,0,0,0,0,0,0,0,0,0,0,0,0,0,0,0,0,0,0,0,0,0,0,0,0,0,0,0,0,0,0,1,0,1,21
gen_while_no_update_fix_103,data/ml/raw_snippets_generated/while_variable_not_updated/fixed/GenWhileNoUpdateFix103.java,java,NO_ISSUE,1,pair_873,fixed,synthetic_generated,condition variable updated inside the loop body,0,0,0,0,0,9,222,0,1.0,0,0,0,0,1,1,0,0,1,1,1,10,66,0,0,0,0,0,0,0,0,0,0,0,0,0,0,0,0,0,0,0,0,0,0,0,0,0,0,0,0,0,0,0,1,1,0,30
gen_off_by_one_bug_124,data/ml/raw_snippets_generated/off_by_one/buggy/GenOffByOneBug124.java,java,OFF_BY_ONE_LOOP_BOUNDARY,0,pair_214,buggy,synthetic_generated,starts from .length instead of .length - 1,1,0,0,0,0,9,244,0,1.0,0,0,0,0,1,1,2,1,0,1,1,10,99,1,1,1,0,0,1,1,1,1,17,0,0,0,0,0,2,0,0,2,0,0,0,0,0,0,0,0,0,0,0,0,0,0,0,0
gen_off_by_one_fix_124,data/ml/raw_snippets_generated/off_by_one/fixed/GenOffByOneFix124.java,java,NO_ISSUE,1,pair_214,fixed,synthetic_generated,corrected with < length boundary,0,0,0,0,0,9,243,0,1.0,0,0,0,0,1,1,2,1,0,1,1,10,99,1,1,0,0,0,1,0,0,1,17,0,0,0,0,0,2,0,0,2,0,0,0,0,0,0,0,0,0,0,0,0,0,0,0,0
gen_incorrect_cond_bug_149,data/ml/raw_snippets_generated/incorrect_conditional_operator/buggy/GenIncorrectConditionalBug149.java,java,INCORRECT_CONDITIONAL_OPERATOR,0,pair_409,buggy,synthetic_generated,uses assignment (=) instead of equality (==) in condition,0,1,0,0,0,27,642,0,1.0,0,0,0,0,1,3,2,6,0,2,4,12,196,1,1,0,0,0,1,0,0,1,29,4,1,0,0,0,3,0,0,1,0,0,0,0,0,0,0,0,0,0,0,0,0,0,0,0
gen_incorrect_cond_fix_149,data/ml/raw_snippets_generated/incorrect_conditional_operator/fixed/GenIncorrectConditionalFix149.java,java,NO_ISSUE,1,pair_409,fixed,synthetic_generated,uses == for comparison correctly,0,0,0,0,0,27,643,0,1.0,0,0,0,0,1,3,2,6,0,1,5,12,196,1,1,0,0,0,1,0,0,1,29,4,0,1,0,0,3,0,0,1,0,0,0,0,0,0,0,0,0,0,0,0,0,0,0,0
gen_clean_tail_index_008,data/ml/raw_snippets_generated/clean/GenCleanTailIndex008.java,java,NO_ISSUE,1,,clean,synthetic_generated,clean snippet GenCleanTailIndex008,0,0,0,0,0,15,359,0,1.0,0,0,0,0,1,2,2,2,0,1,3,12,131,1,1,0,0,0,1,0,0,1,29,1,0,0,0,0,4,0,1,2,0,0,0,0,0,0,0,0,0,0,0,0,0,0,0,0
gen_off_by_one_bug_075,data/ml/raw_snippets_generated/off_by_one/buggy/GenOffByOneBug075.java,java,OFF_BY_ONE_LOOP_BOUNDARY,0,pair_165,buggy,synthetic_generated,starts from .length instead of .length - 1,1,0,0,0,0,26,603,0,1.0,0,0,0,0,1,4,2,6,0,1,7,10,210,1,1,1,0,0,1,1,1,1,17,2,0,0,0,0,2,0,0,2,0,0,0,0,0,0,0,0,0,0,0,0,0,0,0,0
gen_off_by_one_fix_075,data/ml/raw_snippets_generated/off_by_one/fixed/GenOffByOneFix075.java,java,NO_ISSUE,1,pair_165,fixed,synthetic_generated,corrected with < length boundary,0,0,0,0,0,26,602,0,1.0,0,0,0,0,1,4,2,6,0,1,7,10,210,1,1,0,0,0,1,0,0,1,17,2,0,0,0,0,2,0,0,2,0,0,0,0,0,0,0,0,0,0,0,0,0,0,0,0
gen_while_no_update_bug_097,data/ml/raw_snippets_generated/while_variable_not_updated/buggy/GenWhileNoUpdateBug097.java,java,WHILE_VARIABLE_NOT_UPDATED,0,pair_867,buggy,synthetic_generated,no condition variable changes inside the while body (infinite loop),0,0,0,0,1,17,459,0,1.0,0,0,0,0,1,2,2,1,1,0,1,11,150,1,1,0,0,0,1,0,0,1,30,0,0,0,0,0,1,0,0,1,0,0,0,0,0,0,0,0,0,0,0,0,1,0,1,21
gen_while_no_update_fix_097,data/ml/raw_snippets_generated/while_variable_not_updated/fixed/GenWhileNoUpdateFix097.java,java,NO_ISSUE,1,pair_867,fixed,synthetic_generated,condition variable updated inside the loop body,0,0,0,0,0,18,492,0,1.0,0,0,0,0,1,2,2,1,1,1,2,11,159,1,1,0,0,0,1,0,0,1,30,0,0,0,0,0,1,0,0,1,0,0,0,0,0,0,0,0,0,0,0,0,1,1,0,30
gen_off_by_one_bug_157,data/ml/raw_snippets_generated/off_by_one/buggy/GenOffByOneBug157.java,java,OFF_BY_ONE_LOOP_BOUNDARY,0,pair_247,buggy,synthetic_generated,starts from .length instead of .length - 1,1,0,0,0,0,24,623,0,1.0,0,0,0,0,1,3,4,3,0,0,5,11,211,2,2,1,0,0,2,1,1,2,30,1,0,0,0,0,2,0,0,2,0,0,0,0,0,0,0,0,0,0,0,0,0,0,0,0
gen_off_by_one_fix_157,data/ml/raw_snippets_generated/off_by_one/fixed/GenOffByOneFix157.java,java,NO_ISSUE,1,pair_247,fixed,synthetic_generated,corrected with < length boundary,0,0,0,0,0,24,622,0,1.0,0,0,0,0,1,3,4,3,0,0,5,11,211,2,2,0,0,0,2,0,0,2,30,1,0,0,0,0,2,0,0,2,0,0,0,0,0,0,0,0,0,0,0,0,0,0,0,0
gen_array_index_bug_042,data/ml/raw_snippets_generated/array_length_index_misuse/buggy/GenArrayIndexBug042.java,java,ARRAY_LENGTH_INDEX_MISUSE,0,pair_472,buggy,synthetic_generated,accesses array[array.length] directly (out of bounds),0,0,1,0,0,5,135,0,1.0,0,0,0,0,1,1,0,0,0,1,0,9,46,0,0,0,0,0,0,0,0,0,0,0,0,0,0,0,1,1,1,1,0,0,0,0,0,0,0,0,0,0,0,0,0,0,0,0
gen_array_index_fix_042,data/ml/raw_snippets_generated/array_length_index_misuse/fixed/GenArrayIndexFix042.java,java,NO_ISSUE,1,pair_472,fixed,synthetic_generated,corrected with .length - 1 as last valid index,0,0,0,0,0,5,139,0,1.0,0,0,0,0,1,1,0,0,0,1,1,10,49,0,0,0,0,0,0,0,0,0,0,0,0,0,0,0,1,0,1,1,0,0,0,0,0,0,0,0,0,0,0,0,0,0,0,0
gen_missing_break_bug_103,data/ml/raw_snippets_generated/missing_break_in_switch/buggy/GenMissingBreakBug103.java,java,MISSING_BREAK_IN_SWITCH,0,pair_703,buggy,synthetic_generated,case falls through without break (unintentional),0,0,0,1,0,30,715,0,1.0,0,0,0,0,1,2,1,4,0,5,2,11,187,0,0,0,0,0,0,0,0,0,0,2,0,0,0,0,0,0,0,0,1,5,3,1,0,1,0,12,0,0,0,0,0,0,0,0
gen_missing_break_fix_103,data/ml/raw_snippets_generated/missing_break_in_switch/fixed/GenMissingBreakFix103.java,java,NO_ISSUE,1,pair_703,fixed,synthetic_generated,every case ends with break/return,0,0,0,0,0,31,738,0,1.0,0,0,0,0,1,2,1,4,0,5,2,11,190,0,0,0,0,0,0,0,0,0,0,2,0,0,0,0,0,0,0,0,1,5,4,0,0,1,0,12,0,0,0,0,0,0,0,0
gen_clean_boundary_minus_one_032,data/ml/raw_snippets_generated/clean/GenCleanBoundaryMinusOne032.java,java,NO_ISSUE,1,,clean,synthetic_generated,clean snippet GenCleanBoundaryMinusOne032,0,0,0,0,0,48,1157,0,1.0,0,0,0,0,1,6,6,10,0,2,10,11,392,3,3,1,0,0,3,1,0,3,30,4,0,0,0,0,3,0,0,2,0,0,0,0,0,0,0,0,0,0,0,0,0,0,0,0
gen_missing_break_bug_032,data/ml/raw_snippets_generated/missing_break_in_switch/buggy/GenMissingBreakBug032.java,java,MISSING_BREAK_IN_SWITCH,0,pair_632,buggy,synthetic_generated,case falls through without break (unintentional),0,0,0,1,0,36,890,0,1.0,0,0,0,0,1,3,4,3,1,5,2,11,251,1,1,0,0,0,1,0,0,1,30,0,0,0,0,0,1,0,0,1,1,4,2,1,0,1,0,12,0,0,0,0,0,1,0,14
gen_missing_break_fix_032,data/ml/raw_snippets_generated/missing_break_in_switch/fixed/GenMissingBreakFix032.java,java,NO_ISSUE,1,pair_632,fixed,synthetic_generated,every case ends with break/return,0,0,0,0,0,37,913,0,1.0,0,0,0,0,1,3,4,3,1,5,2,11,254,1,1,0,0,0,1,0,0,1,30,0,0,0,0,0,1,0,0,1,1,4,3,0,0,1,0,12,0,0,0,0,0,1,0,14
gen_missing_break_bug_071,data/ml/raw_snippets_generated/missing_break_in_switch/buggy/GenMissingBreakBug071.java,java,MISSING_BREAK_IN_SWITCH,0,pair_671,buggy,synthetic_generated,case falls through without break (unintentional),0,0,0,1,0,30,780,0,1.0,0,0,0,0,1,2,3,2,0,5,1,11,217,1,1,0,0,0,1,0,0,1,30,0,0,0,0,0,1,0,0,1,1,5,3,1,0,1,0,12,0,0,0,0,0,0,0,0
gen_missing_break_fix_071,data/ml/raw_snippets_generated/missing_break_in_switch/fixed/GenMissingBreakFix071.java,java,NO_ISSUE,1,pair_671,fixed,synthetic_generated,every case ends with break/return,0,0,0,0,0,31,803,0,1.0,0,0,0,0,1,2,3,2,0,5,1,11,220,1,1,0,0,0,1,0,0,1,30,0,0,0,0,0,1,0,0,1,1,5,4,0,0,1,0,12,0,0,0,0,0,0,0,0
gen_missing_break_bug_057,data/ml/raw_snippets_generated/missing_break_in_switch/buggy/GenMissingBreakBug057.java,java,MISSING_BREAK_IN_SWITCH,0,pair_657,buggy,synthetic_generated,case falls through without break (unintentional),0,0,0,1,0,21,512,0,1.0,0,0,0,0,1,1,1,1,0,5,0,11,124,0,0,0,0,0,0,0,0,0,0,0,0,0,0,0,0,0,0,0,1,5,3,1,0,1,0,12,0,0,0,0,0,0,0,0
gen_missing_break_fix_057,data/ml/raw_snippets_generated/missing_break_in_switch/fixed/GenMissingBreakFix057.java,java,NO_ISSUE,1,pair_657,fixed,synthetic_generated,every case ends with break/return,0,0,0,0,0,22,535,0,1.0,0,0,0,0,1,1,1,1,0,5,0,11,127,0,0,0,0,0,0,0,0,0,0,0,0,0,0,0,0,0,0,0,1,5,4,0,0,1,0,12,0,0,0,0,0,0,0,0
gen_clean_generic_024,data/ml/raw_snippets_generated/clean/GenCleanGeneric024.java,java,NO_ISSUE,1,,clean,synthetic_generated,clean snippet GenCleanGeneric024,0,0,0,0,0,35,776,0,1.0,0,0,0,0,1,5,2,6,0,1,8,12,254,1,1,0,0,0,1,0,0,1,29,3,0,2,0,0,3,0,0,1,0,0,0,0,0,0,0,0,0,0,0,0,0,0,0,0
gen_clean_fall_through_008,data/ml/raw_snippets_generated/clean/GenCleanFallThrough008.java,java,NO_ISSUE,1,,clean,synthetic_generated,clean snippet GenCleanFallThrough008,0,0,0,0,0,26,793,0,1.0,0,0,0,0,1,2,2,1,0,0,1,12,214,1,1,0,0,0,1,0,0,1,30,0,0,0,0,0,1,0,0,1,1,4,1,2,0,1,2,19,0,0,0,0,0,0,0,0
gen_clean_fall_through_002,data/ml/raw_snippets_generated/clean/GenCleanFallThrough002.java,java,NO_ISSUE,1,,clean,synthetic_generated,clean snippet GenCleanFallThrough002,0,0,0,0,0,17,526,0,1.0,0,0,0,0,1,1,0,0,0,0,0,12,121,0,0,0,0,0,0,0,0,0,0,0,0,0,0,0,0,0,0,0,1,4,1,2,0,1,2,19,0,0,0,0,0,0,0,0
gen_clean_boundary_minus_one_017,data/ml/raw_snippets_generated/clean/GenCleanBoundaryMinusOne017.java,java,NO_ISSUE,1,,clean,synthetic_generated,clean snippet GenCleanBoundaryMinusOne017,0,0,0,0,0,32,722,0,1.0,0,0,0,0,1,4,5,3,1,3,4,10,243,2,2,1,0,0,2,1,0,2,13,0,0,0,0,0,2,0,0,2,0,0,0,0,0,0,0,0,0,0,0,0,0,1,0,14
gen_incorrect_cond_bug_074,data/ml/raw_snippets_generated/incorrect_conditional_operator/buggy/GenIncorrectConditionalBug074.java,java,INCORRECT_CONDITIONAL_OPERATOR,0,pair_334,buggy,synthetic_generated,uses assignment (=) instead of equality (==) in condition,0,1,0,0,0,28,634,0,1.0,0,0,0,0,1,4,2,4,0,2,6,12,209,1,1,0,0,0,1,0,0,1,29,3,1,1,0,0,3,0,0,1,0,0,0,0,0,0,0,0,0,0,0,0,0,0,0,0
gen_incorrect_cond_fix_074,data/ml/raw_snippets_generated/incorrect_conditional_operator/fixed/GenIncorrectConditionalFix074.java,java,NO_ISSUE,1,pair_334,fixed,synthetic_generated,uses == for comparison correctly,0,0,0,0,0,28,635,0,1.0,0,0,0,0,1,4,2,4,0,1,7,12,209,1,1,0,0,0,1,0,0,1,29,3,0,2,0,0,3,0,0,1,0,0,0,0,0,0,0,0,0,0,0,0,0,0,0,0
gen_clean_verbose_boolean_018,data/ml/raw_snippets_generated/clean/GenCleanVerboseBoolean018.java,java,NO_ISSUE,1,,clean,synthetic_generated,clean snippet GenCleanVerboseBoolean018,0,0,0,0,0,8,179,0,1.0,0,0,0,0,1,1,0,2,0,0,1,9,49,0,0,0,0,0,0,0,0,0,0,1,0,1,1,0,0,0,0,0,0,0,0,0,0,0,0,0,0,0,0,0,0,0,0,0
gen_array_index_bug_036,data/ml/raw_snippets_generated/array_length_index_misuse/buggy/GenArrayIndexBug036.java,java,ARRAY_LENGTH_INDEX_MISUSE,0,pair_466,buggy,synthetic_generated,accesses array[array.length] directly (out of bounds),0,0,1,0,0,5,135,0,1.0,0,0,0,0,1,1,0,0,0,0,0,10,48,0,0,0,0,0,0,0,0,0,0,0,0,0,0,0,1,1,1,1,0,0,0,0,0,0,0,0,0,0,0,0,0,0,0,0
gen_array_index_fix_036,data/ml/raw_snippets_generated/array_length_index_misuse/fixed/GenArrayIndexFix036.java,java,NO_ISSUE,1,pair_466,fixed,synthetic_generated,corrected with .length - 1 as last valid index,0,0,0,0,0,5,139,0,1.0,0,0,0,0,1,1,0,0,0,0,1,11,51,0,0,0,0,0,0,0,0,0,0,0,0,0,0,0,1,0,1,1,0,0,0,0,0,0,0,0,0,0,0,0,0,0,0,0
gen_while_no_update_bug_151,data/ml/raw_snippets_generated/while_variable_not_updated/buggy/GenWhileNoUpdateBug151.java,java,WHILE_VARIABLE_NOT_UPDATED,0,pair_921,buggy,synthetic_generated,no condition variable changes inside the while body (infinite loop),0,0,0,0,1,49,1080,0,1.0,0,0,0,0,1,6,4,7,1,5,9,12,322,1,1,0,0,0,1,0,0,1,29,2,0,1,0,0,3,0,0,1,1,3,2,0,0,1,0,12,0,0,0,0,0,0,1,9
gen_while_no_update_fix_151,data/ml/raw_snippets_generated/while_variable_not_updated/fixed/GenWhileNoUpdateFix151.java,java,NO_ISSUE,1,pair_921,fixed,synthetic_generated,condition variable updated inside the loop body,0,0,0,0,0,50,1101,0,1.0,0,0,0,0,1,6,4,7,1,5,9,12,327,1,1,0,0,0,1,0,0,1,29,2,0,1,0,0,3,0,0,1,1,3,2,0,0,1,0,12,0,0,0,0,0,1,0,14
gen_incorrect_cond_bug_054,data/ml/raw_snippets_generated/incorrect_conditional_operator/buggy/GenIncorrectConditionalBug054.java,java,INCORRECT_CONDITIONAL_OPERATOR,0,pair_314,buggy,synthetic_generated,uses assignment (=) instead of equality (==) in condition,0,1,0,0,0,27,641,0,1.0,0,0,0,0,1,3,2,6,0,2,4,12,196,1,1,0,0,0,1,0,0,1,29,4,1,0,0,0,3,0,0,1,0,0,0,0,0,0,0,0,0,0,0,0,0,0,0,0
gen_incorrect_cond_fix_054,data/ml/raw_snippets_generated/incorrect_conditional_operator/fixed/GenIncorrectConditionalFix054.java,java,NO_ISSUE,1,pair_314,fixed,synthetic_generated,uses == for comparison correctly,0,0,0,0,0,27,642,0,1.0,0,0,0,0,1,3,2,6,0,1,5,12,196,1,1,0,0,0,1,0,0,1,29,4,0,1,0,0,3,0,0,1,0,0,0,0,0,0,0,0,0,0,0,0,0,0,0,0
gen_clean_fall_through_030,data/ml/raw_snippets_generated/clean/GenCleanFallThrough030.java,java,NO_ISSUE,1,,clean,synthetic_generated,clean snippet GenCleanFallThrough030,0,0,0,0,0,62,1547,0,1.0,0,0,0,0,1,6,5,3,0,5,3,12,445,2,2,0,0,0,2,0,0,2,29,1,0,0,0,0,4,0,0,2,2,7,3,2,0,2,2,19,0,0,0,0,0,0,0,0
gen_array_index_bug_100,data/ml/raw_snippets_generated/array_length_index_misuse/buggy/GenArrayIndexBug100.java,java,ARRAY_LENGTH_INDEX_MISUSE,0,pair_530,buggy,synthetic_generated,accesses array[array.length] directly (out of bounds),0,0,1,0,0,57,1223,0,1.0,0,0,0,0,1,7,4,5,3,7,5,11,348,0,0,0,0,0,0,0,0,0,0,0,0,0,0,0,1,1,1,1,1,3,2,0,0,1,0,12,0,0,0,0,0,3,0,14
gen_array_index_fix_100,data/ml/raw_snippets_generated/array_length_index_misuse/fixed/GenArrayIndexFix100.java,java,NO_ISSUE,1,pair_530,fixed,synthetic_generated,corrected with .length - 1 as last valid index,0,0,0,0,0,57,1227,0,1.0,0,0,0,0,1,7,4,5,3,7,6,11,351,0,0,0,0,0,0,0,0,0,0,0,0,0,0,0,1,0,1,1,1,3,2,0,0,1,0,12,0,0,0,0,0,3,0,14
gen_incorrect_cond_bug_143,data/ml/raw_snippets_generated/incorrect_conditional_operator/buggy/GenIncorrectConditionalBug143.java,java,INCORRECT_CONDITIONAL_OPERATOR,0,pair_403,buggy,synthetic_generated,uses assignment (=) instead of equality (==) in condition,0,1,0,0,0,26,606,0,1.0,0,0,0,0,1,3,0,8,0,1,4,10,171,0,0,0,0,0,0,0,0,0,0,5,1,0,0,0,0,0,0,0,0,0,0,0,0,0,0,0,0,0,0,0,0,0,0,0
gen_incorrect_cond_fix_143,data/ml/raw_snippets_generated/incorrect_conditional_operator/fixed/GenIncorrectConditionalFix143.java,java,NO_ISSUE,1,pair_403,fixed,synthetic_generated,uses == for comparison correctly,0,0,0,0,0,26,607,0,1.0,0,0,0,0,1,3,0,8,0,0,5,10,171,0,0,0,0,0,0,0,0,0,0,5,0,1,0,0,0,0,0,0,0,0,0,0,0,0,0,0,0,0,0,0,0,0,0,0
gen_while_no_update_bug_031,data/ml/raw_snippets_generated/while_variable_not_updated/buggy/GenWhileNoUpdateBug031.java,java,WHILE_VARIABLE_NOT_UPDATED,0,pair_801,buggy,synthetic_generated,no condition variable changes inside the while body (infinite loop),0,0,0,0,1,8,196,0,1.0,0,0,0,0,1,1,0,0,1,0,0,10,57,0,0,0,0,0,0,0,0,0,0,0,0,0,0,0,0,0,0,0,0,0,0,0,0,0,0,0,0,0,0,0,1,0,1,21
gen_while_no_update_fix_031,data/ml/raw_snippets_generated/while_variable_not_updated/fixed/GenWhileNoUpdateFix031.java,java,NO_ISSUE,1,pair_801,fixed,synthetic_generated,condition variable updated inside the loop body,0,0,0,0,0,9,231,0,1.0,0,0,0,0,1,1,0,0,1,1,1,10,66,0,0,0,0,0,0,0,0,0,0,0,0,0,0,0,0,0,0,0,0,0,0,0,0,0,0,0,0,0,0,0,1,1,0,30
gen_clean_while_true_break_017,data/ml/raw_snippets_generated/clean/GenCleanWhileTrueBreak017.java,java,NO_ISSUE,1,,clean,synthetic_generated,clean snippet GenCleanWhileTrueBreak017,0,0,0,0,0,12,261,0,1.0,0,0,0,0,1,1,1,1,1,0,1,10,66,0,0,0,0,0,0,0,0,0,0,1,0,0,0,0,0,0,0,0,0,0,0,0,0,0,0,0,0,0,1,1,0,0,0,23
gen_while_no_update_bug_041,data/ml/raw_snippets_generated/while_variable_not_updated/buggy/GenWhileNoUpdateBug041.java,java,WHILE_VARIABLE_NOT_UPDATED,0,pair_811,buggy,synthetic_generated,no condition variable changes inside the while body (infinite loop),0,0,0,0,1,32,803,0,1.0,0,0,0,0,1,4,2,4,1,0,3,11,257,1,1,0,0,0,1,0,0,1,30,2,0,0,0,0,1,0,0,1,0,0,0,0,0,0,0,0,0,0,0,0,1,0,1,21
gen_while_no_update_fix_041,data/ml/raw_snippets_generated/while_variable_not_updated/fixed/GenWhileNoUpdateFix041.java,java,NO_ISSUE,1,pair_811,fixed,synthetic_generated,condition variable updated inside the loop body,0,0,0,0,0,33,838,0,1.0,0,0,0,0,1,4,2,4,1,1,4,11,266,1,1,0,0,0,1,0,0,1,30,2,0,0,0,0,1,0,0,1,0,0,0,0,0,0,0,0,0,0,0,0,1,1,0,30
gen_array_index_bug_142,data/ml/raw_snippets_generated/array_length_index_misuse/buggy/GenArrayIndexBug142.java,java,ARRAY_LENGTH_INDEX_MISUSE,0,pair_572,buggy,synthetic_generated,accesses array[array.length] directly (out of bounds),0,0,1,0,0,22,494,0,1.0,0,0,0,0,1,3,2,5,0,1,3,10,169,1,1,0,0,0,1,0,0,1,13,2,0,0,0,0,2,1,1,2,0,0,0,0,0,0,0,0,0,0,0,0,0,0,0,0
gen_array_index_fix_142,data/ml/raw_snippets_generated/array_length_index_misuse/fixed/GenArrayIndexFix142.java,java,NO_ISSUE,1,pair_572,fixed,synthetic_generated,corrected with .length - 1 as last valid index,0,0,0,0,0,22,498,0,1.0,0,0,0,0,1,3,2,5,0,1,4,10,172,1,1,0,0,0,1,0,0,1,13,2,0,0,0,0,2,0,1,2,0,0,0,0,0,0,0,0,0,0,0,0,0,0,0,0
gen_clean_boundary_minus_one_025,data/ml/raw_snippets_generated/clean/GenCleanBoundaryMinusOne025.java,java,NO_ISSUE,1,,clean,synthetic_generated,clean snippet GenCleanBoundaryMinusOne025,0,0,0,0,0,25,571,0,1.0,0,0,0,0,1,3,2,6,0,1,6,10,185,1,1,1,0,0,1,1,0,1,13,3,0,1,0,0,1,0,0,1,0,0,0,0,0,0,0,0,0,0,0,0,0,0,0,0
gen_array_index_bug_006,data/ml/raw_snippets_generated/array_length_index_misuse/buggy/GenArrayIndexBug006.java,java,ARRAY_LENGTH_INDEX_MISUSE,0,pair_436,buggy,synthetic_generated,accesses array[array.length] directly (out of bounds),0,0,1,0,0,5,138,0,1.0,0,0,0,0,1,1,0,0,0,0,0,10,48,0,0,0,0,0,0,0,0,0,0,0,0,0,0,0,1,1,1,1,0,0,0,0,0,0,0,0,0,0,0,0,0,0,0,0
gen_array_index_fix_006,data/ml/raw_snippets_generated/array_length_index_misuse/fixed/GenArrayIndexFix006.java,java,NO_ISSUE,1,pair_436,fixed,synthetic_generated,corrected with .length - 1 as last valid index,0,0,0,0,0,5,142,0,1.0,0,0,0,0,1,1,0,0,0,0,1,11,51,0,0,0,0,0,0,0,0,0,0,0,0,0,0,0,1,0,1,1,0,0,0,0,0,0,0,0,0,0,0,0,0,0,0,0
gen_while_no_update_bug_168,data/ml/raw_snippets_generated/while_variable_not_updated/buggy/GenWhileNoUpdateBug168.java,java,WHILE_VARIABLE_NOT_UPDATED,0,pair_938,buggy,synthetic_generated,no condition variable changes inside the while body (infinite loop),0,0,0,0,1,28,678,0,1.0,0,0,0,0,1,4,2,4,1,0,5,11,219,1,1,0,0,0,1,0,0,1,30,1,0,1,0,0,1,0,0,1,0,0,0,0,0,0,0,0,0,0,0,0,1,0,1,21
gen_while_no_update_fix_168,data/ml/raw_snippets_generated/while_variable_not_updated/fixed/GenWhileNoUpdateFix168.java,java,NO_ISSUE,1,pair_938,fixed,synthetic_generated,condition variable updated inside the loop body,0,0,0,0,0,29,710,0,1.0,0,0,0,0,1,4,2,4,1,1,6,11,228,1,1,0,0,0,1,0,0,1,30,1,0,1,0,0,1,0,0,1,0,0,0,0,0,0,0,0,0,0,0,0,1,1,0,30
gen_off_by_one_bug_045,data/ml/raw_snippets_generated/off_by_one/buggy/GenOffByOneBug045.java,java,OFF_BY_ONE_LOOP_BOUNDARY,0,pair_135,buggy,synthetic_generated,starts from .length instead of .length - 1,1,0,0,0,0,9,244,0,1.0,0,0,0,0,1,1,2,1,0,1,1,10,99,1,1,1,0,0,1,1,1,1,17,0,0,0,0,0,2,0,0,2,0,0,0,0,0,0,0,0,0,0,0,0,0,0,0,0
gen_off_by_one_fix_045,data/ml/raw_snippets_generated/off_by_one/fixed/GenOffByOneFix045.java,java,NO_ISSUE,1,pair_135,fixed,synthetic_generated,corrected with < length boundary,0,0,0,0,0,9,243,0,1.0,0,0,0,0,1,1,2,1,0,1,1,10,99,1,1,0,0,0,1,0,0,1,17,0,0,0,0,0,2,0,0,2,0,0,0,0,0,0,0,0,0,0,0,0,0,0,0,0
gen_array_index_bug_084,data/ml/raw_snippets_generated/array_length_index_misuse/buggy/GenArrayIndexBug084.java,java,ARRAY_LENGTH_INDEX_MISUSE,0,pair_514,buggy,synthetic_generated,accesses array[array.length] directly (out of bounds),0,0,1,0,0,49,1077,0,1.0,0,0,0,0,1,6,4,4,1,5,2,11,327,1,1,0,0,0,1,0,0,1,13,0,0,0,0,0,2,1,1,2,1,3,2,0,0,1,0,12,0,0,0,0,0,1,0,14
gen_array_index_fix_084,data/ml/raw_snippets_generated/array_length_index_misuse/fixed/GenArrayIndexFix084.java,java,NO_ISSUE,1,pair_514,fixed,synthetic_generated,corrected with .length - 1 as last valid index,0,0,0,0,0,49,1081,0,1.0,0,0,0,0,1,6,4,4,1,5,3,11,330,1,1,0,0,0,1,0,0,1,13,0,0,0,0,0,2,0,1,2,1,3,2,0,0,1,0,12,0,0,0,0,0,1,0,14
gen_array_index_bug_152,data/ml/raw_snippets_generated/array_length_index_misuse/buggy/GenArrayIndexBug152.java,java,ARRAY_LENGTH_INDEX_MISUSE,0,pair_582,buggy,synthetic_generated,accesses array[array.length] directly (out of bounds),0,0,1,0,0,18,474,0,1.0,0,0,0,0,1,3,2,2,0,1,3,11,164,1,1,0,0,0,1,0,0,1,30,0,0,0,0,0,2,1,1,2,0,0,0,0,0,0,0,0,0,0,0,0,0,0,0,0
gen_array_index_fix_152,data/ml/raw_snippets_generated/array_length_index_misuse/fixed/GenArrayIndexFix152.java,java,NO_ISSUE,1,pair_582,fixed,synthetic_generated,corrected with .length - 1 as last valid index,0,0,0,0,0,18,478,0,1.0,0,0,0,0,1,3,2,2,0,1,4,11,167,1,1,0,0,0,1,0,0,1,30,0,0,0,0,0,2,0,1,2,0,0,0,0,0,0,0,0,0,0,0,0,0,0,0,0
gen_missing_break_bug_053,data/ml/raw_snippets_generated/missing_break_in_switch/buggy/GenMissingBreakBug053.java,java,MISSING_BREAK_IN_SWITCH,0,pair_653,buggy,synthetic_generated,case falls through without break (unintentional),0,0,0,1,0,24,591,0,1.0,0,0,0,0,1,1,1,1,0,6,0,11,141,0,0,0,0,0,0,0,0,0,0,0,0,0,0,0,0,0,0,0,1,6,4,1,0,1,0,12,0,0,0,0,0,0,0,0
gen_missing_break_fix_053,data/ml/raw_snippets_generated/missing_break_in_switch/fixed/GenMissingBreakFix053.java,java,NO_ISSUE,1,pair_653,fixed,synthetic_generated,every case ends with break/return,0,0,0,0,0,25,614,0,1.0,0,0,0,0,1,1,1,1,0,6,0,11,144,0,0,0,0,0,0,0,0,0,0,0,0,0,0,0,0,0,0,0,1,6,5,0,0,1,0,12,0,0,0,0,0,0,0,0
gen_missing_break_bug_075,data/ml/raw_snippets_generated/missing_break_in_switch/buggy/GenMissingBreakBug075.java,java,MISSING_BREAK_IN_SWITCH,0,pair_675,buggy,synthetic_generated,case falls through without break (unintentional),0,0,0,1,0,33,759,0,1.0,0,0,0,0,1,3,3,4,0,5,3,11,219,1,1,0,0,0,1,0,0,1,13,1,0,1,0,0,1,0,0,1,1,4,2,1,0,1,0,12,0,0,0,0,0,0,0,0
gen_missing_break_fix_075,data/ml/raw_snippets_generated/missing_break_in_switch/fixed/GenMissingBreakFix075.java,java,NO_ISSUE,1,pair_675,fixed,synthetic_generated,every case ends with break/return,0,0,0,0,0,34,782,0,1.0,0,0,0,0,1,3,3,4,0,5,3,11,222,1,1,0,0,0,1,0,0,1,13,1,0,1,0,0,1,0,0,1,1,4,3,0,0,1,0,12,0,0,0,0,0,0,0,0
gen_off_by_one_bug_076,data/ml/raw_snippets_generated/off_by_one/buggy/GenOffByOneBug076.java,java,OFF_BY_ONE_LOOP_BOUNDARY,0,pair_166,buggy,synthetic_generated,starts from .length instead of .length - 1,1,0,0,0,0,42,968,0,1.0,0,0,0,0,1,4,3,8,0,4,5,11,303,1,1,1,0,0,1,1,1,1,17,4,0,0,0,0,2,0,0,2,1,3,2,0,0,1,0,12,0,0,0,0,0,0,0,0
gen_off_by_one_fix_076,data/ml/raw_snippets_generated/off_by_one/fixed/GenOffByOneFix076.java,java,NO_ISSUE,1,pair_166,fixed,synthetic_generated,corrected with < length boundary,0,0,0,0,0,42,967,0,1.0,0,0,0,0,1,4,3,8,0,4,5,11,303,1,1,0,0,0,1,0,0,1,17,4,0,0,0,0,2,0,0,2,1,3,2,0,0,1,0,12,0,0,0,0,0,0,0,0
gen_incorrect_cond_bug_107,data/ml/raw_snippets_generated/incorrect_conditional_operator/buggy/GenIncorrectConditionalBug107.java,java,INCORRECT_CONDITIONAL_OPERATOR,0,pair_367,buggy,synthetic_generated,uses assignment (=) instead of equality (==) in condition,0,1,0,0,0,79,1800,0,1.0,0,0,0,0,1,9,7,11,1,9,9,11,513,2,2,0,0,0,2,0,0,2,30,2,1,1,0,0,2,0,0,2,2,6,4,0,0,2,0,12,0,0,0,0,0,1,0,14
gen_incorrect_cond_fix_107,data/ml/raw_snippets_generated/incorrect_conditional_operator/fixed/GenIncorrectConditionalFix107.java,java,NO_ISSUE,1,pair_367,fixed,synthetic_generated,uses == for comparison correctly,0,0,0,0,0,79,1801,0,1.0,0,0,0,0,1,9,7,11,1,8,10,11,513,2,2,0,0,0,2,0,0,2,30,2,0,2,0,0,2,0,0,2,2,6,4,0,0,2,0,12,0,0,0,0,0,1,0,14
gen_incorrect_cond_bug_164,data/ml/raw_snippets_generated/incorrect_conditional_operator/buggy/GenIncorrectConditionalBug164.java,java,INCORRECT_CONDITIONAL_OPERATOR,0,pair_424,buggy,synthetic_generated,uses assignment (=) instead of equality (==) in condition,0,1,0,0,0,7,177,0,1.0,0,0,0,0,1,1,0,0,0,1,0,11,52,0,0,0,0,0,0,0,0,0,0,1,1,0,0,0,0,0,0,0,0,0,0,0,0,0,0,0,0,0,0,0,0,0,0,0
gen_incorrect_cond_fix_164,data/ml/raw_snippets_generated/incorrect_conditional_operator/fixed/GenIncorrectConditionalFix164.java,java,NO_ISSUE,1,pair_424,fixed,synthetic_generated,uses == for comparison correctly,0,0,0,0,0,7,178,0,1.0,0,0,0,0,1,1,0,0,0,0,1,11,52,0,0,0,0,0,0,0,0,0,0,1,0,1,0,0,0,0,0,0,0,0,0,0,0,0,0,0,0,0,0,0,0,0,0,0
gen_missing_break_bug_036,data/ml/raw_snippets_generated/missing_break_in_switch/buggy/GenMissingBreakBug036.java,java,MISSING_BREAK_IN_SWITCH,0,pair_636,buggy,synthetic_generated,case falls through without break (unintentional),0,0,0,1,0,24,594,0,1.0,0,0,0,0,1,1,1,1,0,6,0,11,141,0,0,0,0,0,0,0,0,0,0,0,0,0,0,0,0,0,0,0,1,6,4,1,0,1,0,12,0,0,0,0,0,0,0,0
gen_missing_break_fix_036,data/ml/raw_snippets_generated/missing_break_in_switch/fixed/GenMissingBreakFix036.java,java,NO_ISSUE,1,pair_636,fixed,synthetic_generated,every case ends with break/return,0,0,0,0,0,25,617,0,1.0,0,0,0,0,1,1,1,1,0,6,0,11,144,0,0,0,0,0,0,0,0,0,0,0,0,0,0,0,0,0,0,0,1,6,5,0,0,1,0,12,0,0,0,0,0,0,0,0
gen_incorrect_cond_bug_038,data/ml/raw_snippets_generated/incorrect_conditional_operator/buggy/GenIncorrectConditionalBug038.java,java,INCORRECT_CONDITIONAL_OPERATOR,0,pair_298,buggy,synthetic_generated,uses assignment (=) instead of equality (==) in condition,0,1,0,0,0,34,834,0,1.0,0,0,0,0,1,5,4,4,0,2,7,12,283,2,2,0,0,0,2,0,0,2,30,2,1,0,0,0,4,0,0,2,0,0,0,0,0,0,0,0,0,0,0,0,0,0,0,0
gen_incorrect_cond_fix_038,data/ml/raw_snippets_generated/incorrect_conditional_operator/fixed/GenIncorrectConditionalFix038.java,java,NO_ISSUE,1,pair_298,fixed,synthetic_generated,uses == for comparison correctly,0,0,0,0,0,34,835,0,1.0,0,0,0,0,1,5,4,4,0,1,8,12,283,2,2,0,0,0,2,0,0,2,30,2,0,1,0,0,4,0,0,2,0,0,0,0,0,0,0,0,0,0,0,0,0,0,0,0
gen_off_by_one_bug_097,data/ml/raw_snippets_generated/off_by_one/buggy/GenOffByOneBug097.java,java,OFF_BY_ONE_LOOP_BOUNDARY,0,pair_187,buggy,synthetic_generated,starts from .length instead of .length - 1,1,0,0,0,0,20,433,0,1.0,0,0,0,0,1,3,2,4,0,1,5,10,146,1,1,1,0,0,1,1,1,1,13,1,0,1,0,0,1,0,0,1,0,0,0,0,0,0,0,0,0,0,0,0,0,0,0,0
gen_off_by_one_fix_097,data/ml/raw_snippets_generated/off_by_one/fixed/GenOffByOneFix097.java,java,NO_ISSUE,1,pair_187,fixed,synthetic_generated,corrected with < length boundary,0,0,0,0,0,20,432,0,1.0,0,0,0,0,1,3,2,4,0,1,5,10,146,1,1,0,0,0,1,0,0,1,13,1,0,1,0,0,1,0,0,1,0,0,0,0,0,0,0,0,0,0,0,0,0,0,0,0
gen_clean_scanner_loop_010,data/ml/raw_snippets_generated/clean/GenCleanScannerLoop010.java,java,NO_ISSUE,1,,clean,synthetic_generated,clean snippet GenCleanScannerLoop010,0,0,0,0,0,22,538,0,1.0,0,0,0,0,1,3,0,3,1,0,2,12,170,0,0,0,0,0,0,0,0,0,0,2,0,0,0,0,0,0,0,0,0,0,0,0,0,0,0,0,1,0,0,0,2,0,0,22
gen_clean_generic_108,data/ml/raw_snippets_generated/clean/GenCleanGeneric108.java,java,NO_ISSUE,1,,clean,synthetic_generated,clean snippet GenCleanGeneric108,0,0,0,0,0,24,540,0,1.0,0,0,0,0,1,3,3,2,1,2,2,10,172,1,1,0,0,0,1,0,0,1,13,0,0,0,0,0,1,0,0,1,0,0,0,0,0,0,0,0,0,0,0,0,0,1,0,14
gen_while_no_update_bug_159,data/ml/raw_snippets_generated/while_variable_not_updated/buggy/GenWhileNoUpdateBug159.java,java,WHILE_VARIABLE_NOT_UPDATED,0,pair_929,buggy,synthetic_generated,no condition variable changes inside the while body (infinite loop),0,0,0,0,1,23,499,0,1.0,0,0,0,0,1,3,1,3,2,1,5,12,150,0,0,0,0,0,0,0,0,0,0,1,0,1,0,0,0,0,0,0,0,0,0,0,0,0,0,0,0,0,0,0,1,1,1,22
gen_while_no_update_fix_159,data/ml/raw_snippets_generated/while_variable_not_updated/fixed/GenWhileNoUpdateFix159.java,java,NO_ISSUE,1,pair_929,fixed,synthetic_generated,condition variable updated inside the loop body,0,0,0,0,0,24,521,0,1.0,0,0,0,0,1,3,1,3,2,1,5,12,155,0,0,0,0,0,0,0,0,0,0,1,0,1,0,0,0,0,0,0,0,0,0,0,0,0,0,0,0,0,0,0,1,2,0,27
gen_incorrect_cond_bug_032,data/ml/raw_snippets_generated/incorrect_conditional_operator/buggy/GenIncorrectConditionalBug032.java,java,INCORRECT_CONDITIONAL_OPERATOR,0,pair_292,buggy,synthetic_generated,uses assignment (=) instead of equality (==) in condition,0,1,0,0,0,33,758,0,1.0,0,0,0,0,1,4,4,6,0,3,5,12,247,2,2,0,0,0,2,0,0,2,29,3,1,1,0,0,4,0,0,2,0,0,0,0,0,0,0,0,0,0,0,0,0,0,0,0
gen_incorrect_cond_fix_032,data/ml/raw_snippets_generated/incorrect_conditional_operator/fixed/GenIncorrectConditionalFix032.java,java,NO_ISSUE,1,pair_292,fixed,synthetic_generated,uses == for comparison correctly,0,0,0,0,0,33,759,0,1.0,0,0,0,0,1,4,4,6,0,2,6,12,247,2,2,0,0,0,2,0,0,2,29,3,0,2,0,0,4,0,0,2,0,0,0,0,0,0,0,0,0,0,0,0,0,0,0,0
gen_clean_generic_118,data/ml/raw_snippets_generated/clean/GenCleanGeneric118.java,java,NO_ISSUE,1,,clean,synthetic_generated,clean snippet GenCleanGeneric118,0,0,0,0,0,5,113,0,1.0,0,0,0,0,1,1,0,1,0,0,2,8,34,0,0,0,0,0,0,0,0,0,0,0,0,0,0,0,0,0,0,0,0,0,0,0,0,0,0,0,0,0,0,0,0,0,0,0
gen_clean_verbose_boolean_006,data/ml/raw_snippets_generated/clean/GenCleanVerboseBoolean006.java,java,NO_ISSUE,1,,clean,synthetic_generated,clean snippet GenCleanVerboseBoolean006,0,0,0,0,0,23,508,0,1.0,0,0,0,0,1,2,1,3,0,3,1,11,129,0,0,0,0,0,0,0,0,0,0,1,0,1,1,0,0,0,0,0,1,3,2,0,0,1,0,12,0,0,0,0,0,0,0,0
gen_missing_break_bug_097,data/ml/raw_snippets_generated/missing_break_in_switch/buggy/GenMissingBreakBug097.java,java,MISSING_BREAK_IN_SWITCH,0,pair_697,buggy,synthetic_generated,case falls through without break (unintentional),0,0,0,1,0,21,509,0,1.0,0,0,0,0,1,1,1,1,0,5,0,11,124,0,0,0,0,0,0,0,0,0,0,0,0,0,0,0,0,0,0,0,1,5,3,1,0,1,0,12,0,0,0,0,0,0,0,0
gen_missing_break_fix_097,data/ml/raw_snippets_generated/missing_break_in_switch/fixed/GenMissingBreakFix097.java,java,NO_ISSUE,1,pair_697,fixed,synthetic_generated,every case ends with break/return,0,0,0,0,0,22,532,0,1.0,0,0,0,0,1,1,1,1,0,5,0,11,127,0,0,0,0,0,0,0,0,0,0,0,0,0,0,0,0,0,0,0,1,5,4,0,0,1,0,12,0,0,0,0,0,0,0,0
gen_clean_tail_index_009,data/ml/raw_snippets_generated/clean/GenCleanTailIndex009.java,java,NO_ISSUE,1,,clean,synthetic_generated,clean snippet GenCleanTailIndex009,0,0,0,0,0,14,302,0,1.0,0,0,0,0,1,2,1,2,1,1,2,9,94,0,0,0,0,0,0,0,0,0,0,0,0,0,0,0,1,0,1,1,0,0,0,0,0,0,0,0,0,0,0,0,0,1,0,14
gen_incorrect_cond_bug_002,data/ml/raw_snippets_generated/incorrect_conditional_operator/buggy/GenIncorrectConditionalBug002.java,java,INCORRECT_CONDITIONAL_OPERATOR,0,pair_262,buggy,synthetic_generated,uses assignment (=) instead of equality (==) in condition,0,1,0,0,0,29,658,0,1.0,0,0,0,0,1,4,2,5,0,2,3,10,203,1,1,0,0,0,1,0,0,1,13,2,1,1,0,0,1,0,0,1,0,0,0,0,0,0,0,0,0,0,0,0,0,0,0,0
gen_incorrect_cond_fix_002,data/ml/raw_snippets_generated/incorrect_conditional_operator/fixed/GenIncorrectConditionalFix002.java,java,NO_ISSUE,1,pair_262,fixed,synthetic_generated,uses == for comparison correctly,0,0,0,0,0,29,659,0,1.0,0,0,0,0,1,4,2,5,0,1,4,10,203,1,1,0,0,0,1,0,0,1,13,2,0,2,0,0,1,0,0,1,0,0,0,0,0,0,0,0,0,0,0,0,0,0,0,0
gen_off_by_one_bug_044,data/ml/raw_snippets_generated/off_by_one/buggy/GenOffByOneBug044.java,java,OFF_BY_ONE_LOOP_BOUNDARY,0,pair_134,buggy,synthetic_generated,starts from .length instead of .length - 1,1,0,0,0,0,35,773,0,1.0,0,0,0,0,1,4,5,6,1,3,5,10,257,2,2,1,0,0,2,1,1,2,13,2,0,0,0,0,2,0,0,2,0,0,0,0,0,0,0,0,0,0,0,0,0,1,0,14
gen_off_by_one_fix_044,data/ml/raw_snippets_generated/off_by_one/fixed/GenOffByOneFix044.java,java,NO_ISSUE,1,pair_134,fixed,synthetic_generated,corrected with < length boundary,0,0,0,0,0,35,772,0,1.0,0,0,0,0,1,4,5,6,1,3,5,10,257,2,2,0,0,0,2,0,0,2,13,2,0,0,0,0,2,0,0,2,0,0,0,0,0,0,0,0,0,0,0,0,0,1,0,14
gen_clean_stacked_labels_012,data/ml/raw_snippets_generated/clean/GenCleanStackedLabels012.java,java,NO_ISSUE,1,,clean,synthetic_generated,clean snippet GenCleanStackedLabels012,0,0,0,0,0,62,1440,0,1.0,0,0,0,0,1,5,5,7,0,8,3,11,391,1,1,0,0,0,1,0,0,1,30,2,0,0,0,0,1,0,0,1,3,9,5,0,1,3,0,12,0,0,0,0,0,0,0,0
gen_missing_break_bug_166,data/ml/raw_snippets_generated/missing_break_in_switch/buggy/GenMissingBreakBug166.java,java,MISSING_BREAK_IN_SWITCH,0,pair_766,buggy,synthetic_generated,case falls through without break (unintentional),0,0,0,1,0,21,510,0,1.0,0,0,0,0,1,1,1,1,0,5,0,11,124,0,0,0,0,0,0,0,0,0,0,0,0,0,0,0,0,0,0,0,1,5,3,1,0,1,0,12,0,0,0,0,0,0,0,0
gen_missing_break_fix_166,data/ml/raw_snippets_generated/missing_break_in_switch/fixed/GenMissingBreakFix166.java,java,NO_ISSUE,1,pair_766,fixed,synthetic_generated,every case ends with break/return,0,0,0,0,0,22,533,0,1.0,0,0,0,0,1,1,1,1,0,5,0,11,127,0,0,0,0,0,0,0,0,0,0,0,0,0,0,0,0,0,0,0,1,5,4,0,0,1,0,12,0,0,0,0,0,0,0,0
gen_off_by_one_bug_081,data/ml/raw_snippets_generated/off_by_one/buggy/GenOffByOneBug081.java,java,OFF_BY_ONE_LOOP_BOUNDARY,0,pair_171,buggy,synthetic_generated,starts from .length instead of .length - 1,1,0,0,0,0,23,586,0,1.0,0,0,0,0,1,3,3,3,0,0,4,11,208,2,2,1,0,0,2,1,1,2,30,1,0,1,0,0,2,0,0,2,0,0,0,0,0,0,0,0,0,0,0,0,0,0,0,0
gen_off_by_one_fix_081,data/ml/raw_snippets_generated/off_by_one/fixed/GenOffByOneFix081.java,java,NO_ISSUE,1,pair_171,fixed,synthetic_generated,corrected with < length boundary,0,0,0,0,0,23,585,0,1.0,0,0,0,0,1,3,3,3,0,0,4,11,208,2,2,0,0,0,2,0,0,2,30,1,0,1,0,0,2,0,0,2,0,0,0,0,0,0,0,0,0,0,0,0,0,0,0,0
gen_while_no_update_bug_038,data/ml/raw_snippets_generated/while_variable_not_updated/buggy/GenWhileNoUpdateBug038.java,java,WHILE_VARIABLE_NOT_UPDATED,0,pair_808,buggy,synthetic_generated,no condition variable changes inside the while body (infinite loop),0,0,0,0,1,9,201,0,1.0,0,0,0,0,1,1,1,1,1,1,1,9,60,0,0,0,0,0,0,0,0,0,0,0,0,0,0,0,0,0,0,0,0,0,0,0,0,0,0,0,0,0,0,0,0,0,1,9
gen_while_no_update_fix_038,data/ml/raw_snippets_generated/while_variable_not_updated/fixed/GenWhileNoUpdateFix038.java,java,NO_ISSUE,1,pair_808,fixed,synthetic_generated,condition variable updated inside the loop body,0,0,0,0,0,10,222,0,1.0,0,0,0,0,1,1,1,1,1,1,1,9,65,0,0,0,0,0,0,0,0,0,0,0,0,0,0,0,0,0,0,0,0,0,0,0,0,0,0,0,0,0,0,0,0,1,0,14
gen_missing_break_bug_056,data/ml/raw_snippets_generated/missing_break_in_switch/buggy/GenMissingBreakBug056.java,java,MISSING_BREAK_IN_SWITCH,0,pair_656,buggy,synthetic_generated,case falls through without break (unintentional),0,0,0,1,0,24,586,0,1.0,0,0,0,0,1,1,1,1,0,6,0,11,141,0,0,0,0,0,0,0,0,0,0,0,0,0,0,0,0,0,0,0,1,6,4,1,0,1,0,12,0,0,0,0,0,0,0,0
gen_missing_break_fix_056,data/ml/raw_snippets_generated/missing_break_in_switch/fixed/GenMissingBreakFix056.java,java,NO_ISSUE,1,pair_656,fixed,synthetic_generated,every case ends with break/return,0,0,0,0,0,25,609,0,1.0,0,0,0,0,1,1,1,1,0,6,0,11,144,0,0,0,0,0,0,0,0,0,0,0,0,0,0,0,0,0,0,0,1,6,5,0,0,1,0,12,0,0,0,0,0,0,0,0
gen_clean_generic_119,data/ml/raw_snippets_generated/clean/GenCleanGeneric119.java,java,NO_ISSUE,1,,clean,synthetic_generated,clean snippet GenCleanGeneric119,0,0,0,0,0,29,623,0,1.0,0,0,0,0,1,3,2,3,1,4,3,11,165,0,0,0,0,0,0,0,0,0,0,0,0,0,0,0,0,0,0,0,1,3,2,0,0,1,0,12,0,0,0,0,0,1,0,14
gen_while_no_update_bug_039,data/ml/raw_snippets_generated/while_variable_not_updated/buggy/GenWhileNoUpdateBug039.java,java,WHILE_VARIABLE_NOT_UPDATED,0,pair_809,buggy,synthetic_generated,no condition variable changes inside the while body (infinite loop),0,0,0,0,1,49,1102,0,1.0,0,0,0,0,1,5,3,7,1,4,6,12,330,1,1,0,0,0,1,0,0,1,29,4,0,1,0,0,3,0,0,1,1,3,2,0,0,1,0,12,0,0,0,0,1,0,1,21
gen_while_no_update_fix_039,data/ml/raw_snippets_generated/while_variable_not_updated/fixed/GenWhileNoUpdateFix039.java,java,NO_ISSUE,1,pair_809,fixed,synthetic_generated,condition variable updated inside the loop body,0,0,0,0,0,50,1136,0,1.0,0,0,0,0,1,5,3,7,1,5,7,12,339,1,1,0,0,0,1,0,0,1,29,4,0,1,0,0,3,0,0,1,1,3,2,0,0,1,0,12,0,0,0,0,1,1,0,30
gen_array_index_bug_124,data/ml/raw_snippets_generated/array_length_index_misuse/buggy/GenArrayIndexBug124.java,java,ARRAY_LENGTH_INDEX_MISUSE,0,pair_554,buggy,synthetic_generated,accesses array[array.length] directly (out of bounds),0,0,1,0,0,33,819,0,1.0,0,0,0,0,1,5,2,5,0,1,5,11,271,1,1,0,0,0,1,0,0,1,30,2,0,0,0,0,2,1,1,2,0,0,0,0,0,0,0,0,0,0,0,0,0,0,0,0
gen_array_index_fix_124,data/ml/raw_snippets_generated/array_length_index_misuse/fixed/GenArrayIndexFix124.java,java,NO_ISSUE,1,pair_554,fixed,synthetic_generated,corrected with .length - 1 as last valid index,0,0,0,0,0,33,823,0,1.0,0,0,0,0,1,5,2,5,0,1,6,11,274,1,1,0,0,0,1,0,0,1,30,2,0,0,0,0,2,0,1,2,0,0,0,0,0,0,0,0,0,0,0,0,0,0,0,0
gen_missing_break_bug_005,data/ml/raw_snippets_generated/missing_break_in_switch/buggy/GenMissingBreakBug005.java,java,MISSING_BREAK_IN_SWITCH,0,pair_605,buggy,synthetic_generated,case falls through without break (unintentional),0,0,0,1,0,24,585,0,1.0,0,0,0,0,1,1,1,1,0,6,0,11,141,0,0,0,0,0,0,0,0,0,0,0,0,0,0,0,0,0,0,0,1,6,4,1,0,1,0,12,0,0,0,0,0,0,0,0
gen_missing_break_fix_005,data/ml/raw_snippets_generated/missing_break_in_switch/fixed/GenMissingBreakFix005.java,java,NO_ISSUE,1,pair_605,fixed,synthetic_generated,every case ends with break/return,0,0,0,0,0,25,608,0,1.0,0,0,0,0,1,1,1,1,0,6,0,11,144,0,0,0,0,0,0,0,0,0,0,0,0,0,0,0,0,0,0,0,1,6,5,0,0,1,0,12,0,0,0,0,0,0,0,0
gen_array_index_bug_156,data/ml/raw_snippets_generated/array_length_index_misuse/buggy/GenArrayIndexBug156.java,java,ARRAY_LENGTH_INDEX_MISUSE,0,pair_586,buggy,synthetic_generated,accesses array[array.length] directly (out of bounds),0,0,1,0,0,11,271,0,1.0,0,0,0,0,1,2,0,0,0,1,0,10,90,0,0,0,0,0,0,0,0,0,0,0,0,0,0,0,1,1,1,1,0,0,0,0,0,0,0,0,0,0,0,0,0,0,0,0
gen_array_index_fix_156,data/ml/raw_snippets_generated/array_length_index_misuse/fixed/GenArrayIndexFix156.java,java,NO_ISSUE,1,pair_586,fixed,synthetic_generated,corrected with .length - 1 as last valid index,0,0,0,0,0,11,275,0,1.0,0,0,0,0,1,2,0,0,0,1,1,10,93,0,0,0,0,0,0,0,0,0,0,0,0,0,0,0,1,0,1,1,0,0,0,0,0,0,0,0,0,0,0,0,0,0,0,0
gen_clean_boundary_minus_one_022,data/ml/raw_snippets_generated/clean/GenCleanBoundaryMinusOne022.java,java,NO_ISSUE,1,,clean,synthetic_generated,clean snippet GenCleanBoundaryMinusOne022,0,0,0,0,0,15,360,0,1.0,0,0,0,0,1,2,2,1,0,1,2,10,124,1,1,1,0,0,1,1,0,1,13,0,0,0,0,0,1,0,0,1,0,0,0,0,0,0,0,0,0,0,0,0,0,0,0,0
gen_clean_generic_061,data/ml/raw_snippets_generated/clean/GenCleanGeneric061.java,java,NO_ISSUE,1,,clean,synthetic_generated,clean snippet GenCleanGeneric061,0,0,0,0,0,10,239,0,1.0,0,0,0,0,1,1,0,3,0,0,2,9,72,0,0,0,0,0,0,0,0,0,0,2,0,0,0,0,0,0,0,0,0,0,0,0,0,0,0,0,0,0,0,0,0,0,0,0
gen_array_index_bug_010,data/ml/raw_snippets_generated/array_length_index_misuse/buggy/GenArrayIndexBug010.java,java,ARRAY_LENGTH_INDEX_MISUSE,0,pair_440,buggy,synthetic_generated,accesses array[array.length] directly (out of bounds),0,0,1,0,0,5,119,0,1.0,0,0,0,0,1,1,0,1,0,0,0,8,40,0,0,0,0,0,0,0,0,0,0,0,0,0,0,0,1,1,1,1,0,0,0,0,0,0,0,0,0,0,0,0,0,0,0,0
gen_array_index_fix_010,data/ml/raw_snippets_generated/array_length_index_misuse/fixed/GenArrayIndexFix010.java,java,NO_ISSUE,1,pair_440,fixed,synthetic_generated,corrected with .length - 1 as last valid index,0,0,0,0,0,5,123,0,1.0,0,0,0,0,1,1,0,1,0,0,1,9,43,0,0,0,0,0,0,0,0,0,0,0,0,0,0,0,1,0,1,1,0,0,0,0,0,0,0,0,0,0,0,0,0,0,0,0
gen_clean_generic_052,data/ml/raw_snippets_generated/clean/GenCleanGeneric052.java,java,NO_ISSUE,1,,clean,synthetic_generated,clean snippet GenCleanGeneric052,0,0,0,0,0,19,482,0,1.0,0,0,0,0,1,2,3,2,1,1,2,11,153,1,1,0,0,0,1,0,0,1,30,0,0,0,0,0,1,0,0,1,0,0,0,0,0,0,0,0,0,0,0,0,0,1,0,14
gen_array_index_bug_133,data/ml/raw_snippets_generated/array_length_index_misuse/buggy/GenArrayIndexBug133.java,java,ARRAY_LENGTH_INDEX_MISUSE,0,pair_563,buggy,synthetic_generated,accesses array[array.length] directly (out of bounds),0,0,1,0,0,15,327,0,1.0,0,0,0,0,1,3,0,2,0,0,2,10,109,0,0,0,0,0,0,0,0,0,0,0,0,0,0,0,1,1,1,1,0,0,0,0,0,0,0,0,0,0,0,0,0,0,0,0
gen_array_index_fix_133,data/ml/raw_snippets_generated/array_length_index_misuse/fixed/GenArrayIndexFix133.java,java,NO_ISSUE,1,pair_563,fixed,synthetic_generated,corrected with .length - 1 as last valid index,0,0,0,0,0,15,331,0,1.0,0,0,0,0,1,3,0,2,0,0,3,10,112,0,0,0,0,0,0,0,0,0,0,0,0,0,0,0,1,0,1,1,0,0,0,0,0,0,0,0,0,0,0,0,0,0,0,0
gen_array_index_bug_115,data/ml/raw_snippets_generated/array_length_index_misuse/buggy/GenArrayIndexBug115.java,java,ARRAY_LENGTH_INDEX_MISUSE,0,pair_545,buggy,synthetic_generated,accesses array[array.length] directly (out of bounds),0,0,1,0,0,23,566,0,1.0,0,0,0,0,1,3,3,3,1,1,2,11,184,1,1,0,0,0,1,0,0,1,30,0,0,0,0,0,2,1,1,2,0,0,0,0,0,0,0,0,0,0,0,0,0,1,0,14
gen_array_index_fix_115,data/ml/raw_snippets_generated/array_length_index_misuse/fixed/GenArrayIndexFix115.java,java,NO_ISSUE,1,pair_545,fixed,synthetic_generated,corrected with .length - 1 as last valid index,0,0,0,0,0,23,570,0,1.0,0,0,0,0,1,3,3,3,1,1,3,11,187,1,1,0,0,0,1,0,0,1,30,0,0,0,0,0,2,0,1,2,0,0,0,0,0,0,0,0,0,0,0,0,0,1,0,14
gen_off_by_one_bug_113,data/ml/raw_snippets_generated/off_by_one/buggy/GenOffByOneBug113.java,java,OFF_BY_ONE_LOOP_BOUNDARY,0,pair_203,buggy,synthetic_generated,starts from .length instead of .length - 1,1,0,0,0,0,38,822,0,1.0,0,0,0,0,1,5,4,8,0,2,8,10,277,2,2,1,0,0,2,1,1,2,13,3,0,3,0,0,2,0,0,2,0,0,0,0,0,0,0,0,0,0,0,0,0,0,0,0
gen_off_by_one_fix_113,data/ml/raw_snippets_generated/off_by_one/fixed/GenOffByOneFix113.java,java,NO_ISSUE,1,pair_203,fixed,synthetic_generated,corrected with < length boundary,0,0,0,0,0,38,821,0,1.0,0,0,0,0,1,5,4,8,0,2,8,10,277,2,2,0,0,0,2,0,0,2,13,3,0,3,0,0,2,0,0,2,0,0,0,0,0,0,0,0,0,0,0,0,0,0,0,0
gen_array_index_bug_132,data/ml/raw_snippets_generated/array_length_index_misuse/buggy/GenArrayIndexBug132.java,java,ARRAY_LENGTH_INDEX_MISUSE,0,pair_562,buggy,synthetic_generated,accesses array[array.length] directly (out of bounds),0,0,1,0,0,14,333,0,1.0,0,0,0,0,1,2,0,3,0,0,2,10,111,0,0,0,0,0,0,0,0,0,0,2,0,0,0,0,1,1,1,1,0,0,0,0,0,0,0,0,0,0,0,0,0,0,0,0
gen_array_index_fix_132,data/ml/raw_snippets_generated/array_length_index_misuse/fixed/GenArrayIndexFix132.java,java,NO_ISSUE,1,pair_562,fixed,synthetic_generated,corrected with .length - 1 as last valid index,0,0,0,0,0,14,337,0,1.0,0,0,0,0,1,2,0,3,0,0,3,11,114,0,0,0,0,0,0,0,0,0,0,2,0,0,0,0,1,0,1,1,0,0,0,0,0,0,0,0,0,0,0,0,0,0,0,0
gen_clean_generic_098,data/ml/raw_snippets_generated/clean/GenCleanGeneric098.java,java,NO_ISSUE,1,,clean,synthetic_generated,clean snippet GenCleanGeneric098,0,0,0,0,0,41,965,0,1.0,0,0,0,0,1,5,7,4,1,3,4,11,333,3,3,0,0,0,3,0,0,3,30,0,0,0,0,0,3,0,0,3,0,0,0,0,0,0,0,0,0,0,0,0,0,1,0,14
gen_incorrect_cond_bug_114,data/ml/raw_snippets_generated/incorrect_conditional_operator/buggy/GenIncorrectConditionalBug114.java,java,INCORRECT_CONDITIONAL_OPERATOR,0,pair_374,buggy,synthetic_generated,uses assignment (=) instead of equality (==) in condition,0,1,0,0,0,8,200,0,1.0,0,0,0,0,1,1,0,2,0,1,0,8,47,0,0,0,0,0,0,0,0,0,0,1,1,0,0,0,0,0,0,0,0,0,0,0,0,0,0,0,0,0,0,0,0,0,0,0
gen_incorrect_cond_fix_114,data/ml/raw_snippets_generated/incorrect_conditional_operator/fixed/GenIncorrectConditionalFix114.java,java,NO_ISSUE,1,pair_374,fixed,synthetic_generated,uses == for comparison correctly,0,0,0,0,0,8,201,0,1.0,0,0,0,0,1,1,0,2,0,0,1,8,47,0,0,0,0,0,0,0,0,0,0,1,0,1,0,0,0,0,0,0,0,0,0,0,0,0,0,0,0,0,0,0,0,0,0,0
gen_while_no_update_bug_077,data/ml/raw_snippets_generated/while_variable_not_updated/buggy/GenWhileNoUpdateBug077.java,java,WHILE_VARIABLE_NOT_UPDATED,0,pair_847,buggy,synthetic_generated,no condition variable changes inside the while body (infinite loop),0,0,0,0,1,7,173,0,1.0,0,0,0,0,1,1,0,0,1,0,2,12,55,0,0,0,0,0,0,0,0,0,0,0,0,0,0,0,0,0,0,0,0,0,0,0,0,0,0,0,0,0,0,0,1,0,1,22
gen_while_no_update_fix_077,data/ml/raw_snippets_generated/while_variable_not_updated/fixed/GenWhileNoUpdateFix077.java,java,NO_ISSUE,1,pair_847,fixed,synthetic_generated,condition variable updated inside the loop body,0,0,0,0,0,8,194,0,1.0,0,0,0,0,1,1,0,0,1,0,2,12,60,0,0,0,0,0,0,0,0,0,0,0,0,0,0,0,0,0,0,0,0,0,0,0,0,0,0,0,0,0,0,0,1,1,0,27
gen_while_no_update_bug_167,data/ml/raw_snippets_generated/while_variable_not_updated/buggy/GenWhileNoUpdateBug167.java,java,WHILE_VARIABLE_NOT_UPDATED,0,pair_937,buggy,synthetic_generated,no condition variable changes inside the while body (infinite loop),0,0,0,0,1,9,201,0,1.0,0,0,0,0,1,1,1,1,1,1,1,9,60,0,0,0,0,0,0,0,0,0,0,0,0,0,0,0,0,0,0,0,0,0,0,0,0,0,0,0,0,0,0,0,0,0,1,9
gen_while_no_update_fix_167,data/ml/raw_snippets_generated/while_variable_not_updated/fixed/GenWhileNoUpdateFix167.java,java,NO_ISSUE,1,pair_937,fixed,synthetic_generated,condition variable updated inside the loop body,0,0,0,0,0,10,222,0,1.0,0,0,0,0,1,1,1,1,1,1,1,9,65,0,0,0,0,0,0,0,0,0,0,0,0,0,0,0,0,0,0,0,0,0,0,0,0,0,0,0,0,0,0,0,0,1,0,14
gen_clean_stacked_labels_005,data/ml/raw_snippets_generated/clean/GenCleanStackedLabels005.java,java,NO_ISSUE,1,,clean,synthetic_generated,clean snippet GenCleanStackedLabels005,0,0,0,0,0,14,316,0,1.0,0,0,0,0,1,1,1,1,0,2,0,11,77,0,0,0,0,0,0,0,0,0,0,0,0,0,0,0,0,0,0,0,1,3,1,0,1,1,0,12,0,0,0,0,0,0,0,0
gen_clean_generic_104,data/ml/raw_snippets_generated/clean/GenCleanGeneric104.java,java,NO_ISSUE,1,,clean,synthetic_generated,clean snippet GenCleanGeneric104,0,0,0,0,0,45,1153,0,1.0,0,0,0,0,1,5,6,9,0,1,7,11,387,3,3,0,0,0,3,0,0,3,30,4,0,0,0,0,3,0,0,2,0,0,0,0,0,0,0,0,0,0,0,0,0,0,0,0
gen_missing_break_bug_170,data/ml/raw_snippets_generated/missing_break_in_switch/buggy/GenMissingBreakBug170.java,java,MISSING_BREAK_IN_SWITCH,0,pair_770,buggy,synthetic_generated,case falls through without break (unintentional),0,0,0,1,0,59,1384,0,1.0,0,0,0,0,1,5,5,9,0,7,8,12,422,2,2,0,0,0,2,0,0,2,29,6,0,0,0,0,6,0,0,2,1,5,3,1,0,1,0,12,0,0,0,0,0,0,0,0
gen_missing_break_fix_170,data/ml/raw_snippets_generated/missing_break_in_switch/fixed/GenMissingBreakFix170.java,java,NO_ISSUE,1,pair_770,fixed,synthetic_generated,every case ends with break/return,0,0,0,0,0,60,1407,0,1.0,0,0,0,0,1,5,5,9,0,7,8,12,425,2,2,0,0,0,2,0,0,2,29,6,0,0,0,0,6,0,0,2,1,5,4,0,0,1,0,12,0,0,0,0,0,0,0,0
gen_array_index_bug_089,data/ml/raw_snippets_generated/array_length_index_misuse/buggy/GenArrayIndexBug089.java,java,ARRAY_LENGTH_INDEX_MISUSE,0,pair_519,buggy,synthetic_generated,accesses array[array.length] directly (out of bounds),0,0,1,0,0,5,116,0,1.0,0,0,0,0,1,1,0,1,0,0,0,8,40,0,0,0,0,0,0,0,0,0,0,0,0,0,0,0,1,1,1,1,0,0,0,0,0,0,0,0,0,0,0,0,0,0,0,0
gen_array_index_fix_089,data/ml/raw_snippets_generated/array_length_index_misuse/fixed/GenArrayIndexFix089.java,java,NO_ISSUE,1,pair_519,fixed,synthetic_generated,corrected with .length - 1 as last valid index,0,0,0,0,0,5,120,0,1.0,0,0,0,0,1,1,0,1,0,0,1,9,43,0,0,0,0,0,0,0,0,0,0,0,0,0,0,0,1,0,1,1,0,0,0,0,0,0,0,0,0,0,0,0,0,0,0,0
gen_while_no_update_bug_050,data/ml/raw_snippets_generated/while_variable_not_updated/buggy/GenWhileNoUpdateBug050.java,java,WHILE_VARIABLE_NOT_UPDATED,0,pair_820,buggy,synthetic_generated,no condition variable changes inside the while body (infinite loop),0,0,0,0,1,16,357,0,1.0,0,0,0,0,1,2,1,1,2,1,3,12,106,0,0,0,0,0,0,0,0,0,0,0,0,0,0,0,0,0,0,0,0,0,0,0,0,0,0,0,0,0,0,0,1,1,1,22
gen_while_no_update_fix_050,data/ml/raw_snippets_generated/while_variable_not_updated/fixed/GenWhileNoUpdateFix050.java,java,NO_ISSUE,1,pair_820,fixed,synthetic_generated,condition variable updated inside the loop body,0,0,0,0,0,17,378,0,1.0,0,0,0,0,1,2,1,1,2,1,3,12,111,0,0,0,0,0,0,0,0,0,0,0,0,0,0,0,0,0,0,0,0,0,0,0,0,0,0,0,0,0,0,0,1,2,0,27
gen_clean_boundary_minus_one_013,data/ml/raw_snippets_generated/clean/GenCleanBoundaryMinusOne013.java,java,NO_ISSUE,1,,clean,synthetic_generated,clean snippet GenCleanBoundaryMinusOne013,0,0,0,0,0,9,230,0,1.0,0,0,0,0,1,1,2,1,0,1,2,10,80,1,1,1,0,0,1,1,0,1,13,0,0,0,0,0,1,0,0,1,0,0,0,0,0,0,0,0,0,0,0,0,0,0,0,0
gen_clean_generic_069,data/ml/raw_snippets_generated/clean/GenCleanGeneric069.java,java,NO_ISSUE,1,,clean,synthetic_generated,clean snippet GenCleanGeneric069,0,0,0,0,0,9,212,0,1.0,0,0,0,0,1,1,2,1,0,1,1,10,77,1,1,0,0,0,1,0,0,1,13,0,0,0,0,0,1,0,0,1,0,0,0,0,0,0,0,0,0,0,0,0,0,0,0,0
gen_missing_break_bug_064,data/ml/raw_snippets_generated/missing_break_in_switch/buggy/GenMissingBreakBug064.java,java,MISSING_BREAK_IN_SWITCH,0,pair_664,buggy,synthetic_generated,case falls through without break (unintentional),0,0,0,1,0,66,1489,0,1.0,0,0,0,0,1,6,4,10,0,8,8,12,424,1,1,0,0,0,1,0,0,1,29,5,0,2,0,0,3,0,0,1,2,7,4,1,0,2,0,12,0,0,0,0,0,0,0,0
gen_missing_break_fix_064,data/ml/raw_snippets_generated/missing_break_in_switch/fixed/GenMissingBreakFix064.java,java,NO_ISSUE,1,pair_664,fixed,synthetic_generated,every case ends with break/return,0,0,0,0,0,67,1512,0,1.0,0,0,0,0,1,6,4,10,0,8,8,12,427,1,1,0,0,0,1,0,0,1,29,5,0,2,0,0,3,0,0,1,2,7,5,0,0,2,0,12,0,0,0,0,0,0,0,0
gen_clean_generic_064,data/ml/raw_snippets_generated/clean/GenCleanGeneric064.java,java,NO_ISSUE,1,,clean,synthetic_generated,clean snippet GenCleanGeneric064,0,0,0,0,0,24,541,0,1.0,0,0,0,0,1,2,3,2,0,4,1,11,157,1,1,0,0,0,1,0,0,1,13,0,0,0,0,0,1,0,0,1,1,3,2,0,0,1,0,12,0,0,0,0,0,0,0,0
gen_incorrect_cond_bug_009,data/ml/raw_snippets_generated/incorrect_conditional_operator/buggy/GenIncorrectConditionalBug009.java,java,INCORRECT_CONDITIONAL_OPERATOR,0,pair_269,buggy,synthetic_generated,uses assignment (=) instead of equality (==) in condition,0,1,0,0,0,35,764,0,1.0,0,0,0,0,1,5,0,10,0,1,8,10,221,0,0,0,0,0,0,0,0,0,0,5,1,2,0,0,0,0,0,0,0,0,0,0,0,0,0,0,0,0,0,0,0,0,0,0
gen_incorrect_cond_fix_009,data/ml/raw_snippets_generated/incorrect_conditional_operator/fixed/GenIncorrectConditionalFix009.java,java,NO_ISSUE,1,pair_269,fixed,synthetic_generated,uses == for comparison correctly,0,0,0,0,0,35,765,0,1.0,0,0,0,0,1,5,0,10,0,0,9,10,221,0,0,0,0,0,0,0,0,0,0,5,0,3,0,0,0,0,0,0,0,0,0,0,0,0,0,0,0,0,0,0,0,0,0,0
gen_clean_generic_039,data/ml/raw_snippets_generated/clean/GenCleanGeneric039.java,java,NO_ISSUE,1,,clean,synthetic_generated,clean snippet GenCleanGeneric039,0,0,0,0,0,10,302,0,1.0,0,0,0,0,1,1,2,1,0,0,1,11,102,1,1,0,0,0,1,0,0,1,30,0,0,0,0,0,1,0,0,1,0,0,0,0,0,0,0,0,0,0,0,0,0,0,0,0
gen_clean_verbose_boolean_002,data/ml/raw_snippets_generated/clean/GenCleanVerboseBoolean002.java,java,NO_ISSUE,1,,clean,synthetic_generated,clean snippet GenCleanVerboseBoolean002,0,0,0,0,0,31,671,0,1.0,0,0,0,0,1,4,3,5,1,2,6,12,213,1,1,0,0,0,1,0,0,1,29,2,0,1,1,0,3,0,0,1,0,0,0,0,0,0,0,0,0,0,0,0,0,1,0,14
gen_incorrect_cond_bug_161,data/ml/raw_snippets_generated/incorrect_conditional_operator/buggy/GenIncorrectConditionalBug161.java,java,INCORRECT_CONDITIONAL_OPERATOR,0,pair_421,buggy,synthetic_generated,uses assignment (=) instead of equality (==) in condition,0,1,0,0,0,50,1206,0,1.0,0,0,0,0,1,5,3,10,0,4,5,11,346,1,1,0,0,0,1,0,0,1,30,5,1,0,0,0,1,0,0,1,1,3,2,0,0,1,0,12,0,0,0,0,0,0,0,0
gen_incorrect_cond_fix_161,data/ml/raw_snippets_generated/incorrect_conditional_operator/fixed/GenIncorrectConditionalFix161.java,java,NO_ISSUE,1,pair_421,fixed,synthetic_generated,uses == for comparison correctly,0,0,0,0,0,50,1207,0,1.0,0,0,0,0,1,5,3,10,0,3,6,11,346,1,1,0,0,0,1,0,0,1,30,5,0,1,0,0,1,0,0,1,1,3,2,0,0,1,0,12,0,0,0,0,0,0,0,0
gen_off_by_one_bug_074,data/ml/raw_snippets_generated/off_by_one/buggy/GenOffByOneBug074.java,java,OFF_BY_ONE_LOOP_BOUNDARY,0,pair_164,buggy,synthetic_generated,starts from .length instead of .length - 1,1,0,0,0,0,24,563,0,1.0,0,0,0,0,1,3,3,4,0,1,4,11,202,2,2,1,0,0,2,1,1,2,20,2,0,0,0,0,2,0,0,2,0,0,0,0,0,0,0,0,0,0,0,0,0,0,0,0
gen_off_by_one_fix_074,data/ml/raw_snippets_generated/off_by_one/fixed/GenOffByOneFix074.java,java,NO_ISSUE,1,pair_164,fixed,synthetic_generated,corrected with < length boundary,0,0,0,0,0,24,562,0,1.0,0,0,0,0,1,3,3,4,0,1,4,11,202,2,2,0,0,0,2,0,0,2,20,2,0,0,0,0,2,0,0,2,0,0,0,0,0,0,0,0,0,0,0,0,0,0,0,0
gen_off_by_one_bug_065,data/ml/raw_snippets_generated/off_by_one/buggy/GenOffByOneBug065.java,java,OFF_BY_ONE_LOOP_BOUNDARY,0,pair_155,buggy,synthetic_generated,starts from .length instead of .length - 1,1,0,0,0,0,13,300,0,1.0,0,0,0,0,1,2,2,2,0,1,3,10,102,1,1,1,0,0,1,1,1,1,13,0,0,0,0,0,1,0,0,1,0,0,0,0,0,0,0,0,0,0,0,0,0,0,0,0
gen_off_by_one_fix_065,data/ml/raw_snippets_generated/off_by_one/fixed/GenOffByOneFix065.java,java,NO_ISSUE,1,pair_155,fixed,synthetic_generated,corrected with < length boundary,0,0,0,0,0,13,299,0,1.0,0,0,0,0,1,2,2,2,0,1,3,10,102,1,1,0,0,0,1,0,0,1,13,0,0,0,0,0,1,0,0,1,0,0,0,0,0,0,0,0,0,0,0,0,0,0,0,0
gen_clean_tail_index_012,data/ml/raw_snippets_generated/clean/GenCleanTailIndex012.java,java,NO_ISSUE,1,,clean,synthetic_generated,clean snippet GenCleanTailIndex012,0,0,0,0,0,57,1264,0,1.0,0,0,0,0,1,5,3,6,0,9,3,11,327,0,0,0,0,0,0,0,0,0,0,1,0,1,0,0,1,0,1,1,3,9,6,0,0,3,0,12,0,0,0,0,0,0,0,0
gen_clean_generic_063,data/ml/raw_snippets_generated/clean/GenCleanGeneric063.java,java,NO_ISSUE,1,,clean,synthetic_generated,clean snippet GenCleanGeneric063,0,0,0,0,0,20,539,0,1.0,0,0,0,0,1,2,4,2,0,1,3,12,190,2,2,0,0,0,2,0,0,2,30,1,0,0,0,0,4,0,0,2,0,0,0,0,0,0,0,0,0,0,0,0,0,0,0,0
gen_off_by_one_bug_121,data/ml/raw_snippets_generated/off_by_one/buggy/GenOffByOneBug121.java,java,OFF_BY_ONE_LOOP_BOUNDARY,0,pair_211,buggy,synthetic_generated,starts from .length instead of .length - 1,1,0,0,0,0,31,702,0,1.0,0,0,0,0,1,4,3,6,1,2,6,10,236,1,1,1,0,0,1,1,1,1,17,2,0,0,0,0,2,0,0,2,0,0,0,0,0,0,0,0,0,0,0,0,0,1,0,14
gen_off_by_one_fix_121,data/ml/raw_snippets_generated/off_by_one/fixed/GenOffByOneFix121.java,java,NO_ISSUE,1,pair_211,fixed,synthetic_generated,corrected with < length boundary,0,0,0,0,0,31,701,0,1.0,0,0,0,0,1,4,3,6,1,2,6,10,236,1,1,0,0,0,1,0,0,1,17,2,0,0,0,0,2,0,0,2,0,0,0,0,0,0,0,0,0,0,0,0,0,1,0,14
gen_missing_break_bug_163,data/ml/raw_snippets_generated/missing_break_in_switch/buggy/GenMissingBreakBug163.java,java,MISSING_BREAK_IN_SWITCH,0,pair_763,buggy,synthetic_generated,case falls through without break (unintentional),0,0,0,1,0,25,575,0,1.0,0,0,0,0,1,2,1,3,0,4,2,11,151,0,0,0,0,0,0,0,0,0,0,1,0,1,0,0,0,0,0,0,1,4,2,1,0,1,0,12,0,0,0,0,0,0,0,0
gen_missing_break_fix_163,data/ml/raw_snippets_generated/missing_break_in_switch/fixed/GenMissingBreakFix163.java,java,NO_ISSUE,1,pair_763,fixed,synthetic_generated,every case ends with break/return,0,0,0,0,0,26,598,0,1.0,0,0,0,0,1,2,1,3,0,4,2,11,154,0,0,0,0,0,0,0,0,0,0,1,0,1,0,0,0,0,0,0,1,4,3,0,0,1,0,12,0,0,0,0,0,0,0,0
gen_off_by_one_bug_048,data/ml/raw_snippets_generated/off_by_one/buggy/GenOffByOneBug048.java,java,OFF_BY_ONE_LOOP_BOUNDARY,0,pair_138,buggy,synthetic_generated,starts from .length instead of .length - 1,1,0,0,0,0,16,371,0,1.0,0,0,0,0,1,2,1,3,0,0,3,11,132,1,1,1,0,0,1,1,1,1,20,2,0,0,0,0,1,0,0,1,0,0,0,0,0,0,0,0,0,0,0,0,0,0,0,0
gen_off_by_one_fix_048,data/ml/raw_snippets_generated/off_by_one/fixed/GenOffByOneFix048.java,java,NO_ISSUE,1,pair_138,fixed,synthetic_generated,corrected with < length boundary,0,0,0,0,0,16,370,0,1.0,0,0,0,0,1,2,1,3,0,0,3,11,132,1,1,0,0,0,1,0,0,1,20,2,0,0,0,0,1,0,0,1,0,0,0,0,0,0,0,0,0,0,0,0,0,0,0,0
gen_while_no_update_bug_147,data/ml/raw_snippets_generated/while_variable_not_updated/buggy/GenWhileNoUpdateBug147.java,java,WHILE_VARIABLE_NOT_UPDATED,0,pair_917,buggy,synthetic_generated,no condition variable changes inside the while body (infinite loop),0,0,0,0,1,9,204,0,1.0,0,0,0,0,1,1,1,1,1,1,1,9,60,0,0,0,0,0,0,0,0,0,0,0,0,0,0,0,0,0,0,0,0,0,0,0,0,0,0,0,0,0,0,0,0,0,1,9
gen_while_no_update_fix_147,data/ml/raw_snippets_generated/while_variable_not_updated/fixed/GenWhileNoUpdateFix147.java,java,NO_ISSUE,1,pair_917,fixed,synthetic_generated,condition variable updated inside the loop body,0,0,0,0,0,10,226,0,1.0,0,0,0,0,1,1,1,1,1,1,1,9,65,0,0,0,0,0,0,0,0,0,0,0,0,0,0,0,0,0,0,0,0,0,0,0,0,0,0,0,0,0,0,0,0,1,0,14
gen_while_no_update_bug_105,data/ml/raw_snippets_generated/while_variable_not_updated/buggy/GenWhileNoUpdateBug105.java,java,WHILE_VARIABLE_NOT_UPDATED,0,pair_875,buggy,synthetic_generated,no condition variable changes inside the while body (infinite loop),0,0,0,0,1,7,173,0,1.0,0,0,0,0,1,1,0,0,1,0,2,12,55,0,0,0,0,0,0,0,0,0,0,0,0,0,0,0,0,0,0,0,0,0,0,0,0,0,0,0,0,0,0,0,1,0,1,22
gen_while_no_update_fix_105,data/ml/raw_snippets_generated/while_variable_not_updated/fixed/GenWhileNoUpdateFix105.java,java,NO_ISSUE,1,pair_875,fixed,synthetic_generated,condition variable updated inside the loop body,0,0,0,0,0,8,194,0,1.0,0,0,0,0,1,1,0,0,1,0,2,12,60,0,0,0,0,0,0,0,0,0,0,0,0,0,0,0,0,0,0,0,0,0,0,0,0,0,0,0,0,0,0,0,1,1,0,27
gen_off_by_one_bug_010,data/ml/raw_snippets_generated/off_by_one/buggy/GenOffByOneBug010.java,java,OFF_BY_ONE_LOOP_BOUNDARY,0,pair_100,buggy,synthetic_generated,starts from .length instead of .length - 1,1,0,0,0,0,27,590,0,1.0,0,0,0,0,1,3,3,5,1,2,4,10,189,1,1,1,0,0,1,1,1,1,13,2,0,0,0,0,1,0,0,1,0,0,0,0,0,0,0,0,0,0,0,0,0,1,0,14
gen_off_by_one_fix_010,data/ml/raw_snippets_generated/off_by_one/fixed/GenOffByOneFix010.java,java,NO_ISSUE,1,pair_100,fixed,synthetic_generated,corrected with < length boundary,0,0,0,0,0,27,589,0,1.0,0,0,0,0,1,3,3,5,1,2,4,10,189,1,1,0,0,0,1,0,0,1,13,2,0,0,0,0,1,0,0,1,0,0,0,0,0,0,0,0,0,0,0,0,0,1,0,14
gen_array_index_bug_110,data/ml/raw_snippets_generated/array_length_index_misuse/buggy/GenArrayIndexBug110.java,java,ARRAY_LENGTH_INDEX_MISUSE,0,pair_540,buggy,synthetic_generated,accesses array[array.length] directly (out of bounds),0,0,1,0,0,5,119,0,1.0,0,0,0,0,1,1,0,1,0,0,0,8,40,0,0,0,0,0,0,0,0,0,0,0,0,0,0,0,1,1,1,1,0,0,0,0,0,0,0,0,0,0,0,0,0,0,0,0
gen_array_index_fix_110,data/ml/raw_snippets_generated/array_length_index_misuse/fixed/GenArrayIndexFix110.java,java,NO_ISSUE,1,pair_540,fixed,synthetic_generated,corrected with .length - 1 as last valid index,0,0,0,0,0,5,123,0,1.0,0,0,0,0,1,1,0,1,0,0,1,9,43,0,0,0,0,0,0,0,0,0,0,0,0,0,0,0,1,0,1,1,0,0,0,0,0,0,0,0,0,0,0,0,0,0,0,0
gen_while_no_update_bug_155,data/ml/raw_snippets_generated/while_variable_not_updated/buggy/GenWhileNoUpdateBug155.java,java,WHILE_VARIABLE_NOT_UPDATED,0,pair_925,buggy,synthetic_generated,no condition variable changes inside the while body (infinite loop),0,0,0,0,1,17,394,0,1.0,0,0,0,0,1,2,0,3,1,0,2,10,120,0,0,0,0,0,0,0,0,0,0,2,0,0,0,0,0,0,0,0,0,0,0,0,0,0,0,0,0,0,0,0,1,0,1,21
gen_while_no_update_fix_155,data/ml/raw_snippets_generated/while_variable_not_updated/fixed/GenWhileNoUpdateFix155.java,java,NO_ISSUE,1,pair_925,fixed,synthetic_generated,condition variable updated inside the loop body,0,0,0,0,0,18,426,0,1.0,0,0,0,0,1,2,0,3,1,1,3,10,129,0,0,0,0,0,0,0,0,0,0,2,0,0,0,0,0,0,0,0,0,0,0,0,0,0,0,0,0,0,0,0,1,1,0,30
gen_missing_break_bug_072,data/ml/raw_snippets_generated/missing_break_in_switch/buggy/GenMissingBreakBug072.java,java,MISSING_BREAK_IN_SWITCH,0,pair_672,buggy,synthetic_generated,case falls through without break (unintentional),0,0,0,1,0,65,1513,0,1.0,0,0,0,0,1,7,5,12,0,5,10,11,461,2,2,0,0,0,2,0,0,2,30,5,0,3,0,0,2,0,0,2,1,4,2,1,0,1,0,12,0,0,0,0,0,0,0,0
gen_missing_break_fix_072,data/ml/raw_snippets_generated/missing_break_in_switch/fixed/GenMissingBreakFix072.java,java,NO_ISSUE,1,pair_672,fixed,synthetic_generated,every case ends with break/return,0,0,0,0,0,66,1536,0,1.0,0,0,0,0,1,7,5,12,0,5,10,11,464,2,2,0,0,0,2,0,0,2,30,5,0,3,0,0,2,0,0,2,1,4,3,0,0,1,0,12,0,0,0,0,0,0,0,0
gen_array_index_bug_139,data/ml/raw_snippets_generated/array_length_index_misuse/buggy/GenArrayIndexBug139.java,java,ARRAY_LENGTH_INDEX_MISUSE,0,pair_569,buggy,synthetic_generated,accesses array[array.length] directly (out of bounds),0,0,1,0,0,29,687,0,1.0,0,0,0,0,1,4,4,2,0,2,3,12,248,2,2,0,0,0,2,0,0,2,29,1,0,0,0,0,5,1,1,3,0,0,0,0,0,0,0,0,0,0,0,0,0,0,0,0
gen_array_index_fix_139,data/ml/raw_snippets_generated/array_length_index_misuse/fixed/GenArrayIndexFix139.java,java,NO_ISSUE,1,pair_569,fixed,synthetic_generated,corrected with .length - 1 as last valid index,0,0,0,0,0,29,691,0,1.0,0,0,0,0,1,4,4,2,0,2,4,12,251,2,2,0,0,0,2,0,0,2,29,1,0,0,0,0,5,0,1,3,0,0,0,0,0,0,0,0,0,0,0,0,0,0,0,0
gen_while_no_update_bug_012,data/ml/raw_snippets_generated/while_variable_not_updated/buggy/GenWhileNoUpdateBug012.java,java,WHILE_VARIABLE_NOT_UPDATED,0,pair_782,buggy,synthetic_generated,no condition variable changes inside the while body (infinite loop),0,0,0,0,1,19,433,0,1.0,0,0,0,0,1,2,3,2,1,2,3,12,148,1,1,0,0,0,1,0,0,1,29,1,0,0,0,0,3,0,0,1,0,0,0,0,0,0,0,0,0,0,0,0,0,0,1,9
gen_while_no_update_fix_012,data/ml/raw_snippets_generated/while_variable_not_updated/fixed/GenWhileNoUpdateFix012.java,java,NO_ISSUE,1,pair_782,fixed,synthetic_generated,condition variable updated inside the loop body,0,0,0,0,0,20,454,0,1.0,0,0,0,0,1,2,3,2,1,2,3,12,153,1,1,0,0,0,1,0,0,1,29,1,0,0,0,0,3,0,0,1,0,0,0,0,0,0,0,0,0,0,0,0,0,1,0,14
gen_off_by_one_bug_131,data/ml/raw_snippets_generated/off_by_one/buggy/GenOffByOneBug131.java,java,OFF_BY_ONE_LOOP_BOUNDARY,0,pair_221,buggy,synthetic_generated,starts from .length instead of .length - 1,1,0,0,0,0,17,390,0,1.0,0,0,0,0,1,2,4,2,0,2,2,10,145,2,2,1,0,0,2,1,1,2,13,0,0,0,0,0,2,0,0,2,0,0,0,0,0,0,0,0,0,0,0,0,0,0,0,0
gen_off_by_one_fix_131,data/ml/raw_snippets_generated/off_by_one/fixed/GenOffByOneFix131.java,java,NO_ISSUE,1,pair_221,fixed,synthetic_generated,corrected with < length boundary,0,0,0,0,0,17,389,0,1.0,0,0,0,0,1,2,4,2,0,2,2,10,145,2,2,0,0,0,2,0,0,2,13,0,0,0,0,0,2,0,0,2,0,0,0,0,0,0,0,0,0,0,0,0,0,0,0,0
gen_clean_generic_015,data/ml/raw_snippets_generated/clean/GenCleanGeneric015.java,java,NO_ISSUE,1,,clean,synthetic_generated,clean snippet GenCleanGeneric015,0,0,0,0,0,20,440,0,1.0,0,0,0,0,1,3,0,2,0,0,2,10,141,0,0,0,0,0,0,0,0,0,0,1,0,1,0,0,0,0,0,0,0,0,0,0,0,0,0,0,0,0,0,0,0,0,0,0
gen_off_by_one_bug_086,data/ml/raw_snippets_generated/off_by_one/buggy/GenOffByOneBug086.java,java,OFF_BY_ONE_LOOP_BOUNDARY,0,pair_176,buggy,synthetic_generated,starts from .length instead of .length - 1,1,0,0,0,0,75,1676,0,1.0,0,0,0,0,1,8,8,10,1,7,10,12,535,3,3,1,0,0,3,1,1,3,29,5,0,1,0,0,7,0,0,2,1,3,2,0,0,1,0,12,0,0,0,0,0,1,0,14
gen_off_by_one_fix_086,data/ml/raw_snippets_generated/off_by_one/fixed/GenOffByOneFix086.java,java,NO_ISSUE,1,pair_176,fixed,synthetic_generated,corrected with < length boundary,0,0,0,0,0,75,1675,0,1.0,0,0,0,0,1,8,8,10,1,7,10,12,535,3,3,0,0,0,3,0,0,3,29,5,0,1,0,0,7,0,0,2,1,3,2,0,0,1,0,12,0,0,0,0,0,1,0,14
gen_clean_generic_032,data/ml/raw_snippets_generated/clean/GenCleanGeneric032.java,java,NO_ISSUE,1,,clean,synthetic_generated,clean snippet GenCleanGeneric032,0,0,0,0,0,22,500,0,1.0,0,0,0,0,1,2,1,1,0,3,0,11,133,0,0,0,0,0,0,0,0,0,0,0,0,0,0,0,0,0,0,0,1,3,2,0,0,1,0,12,0,0,0,0,0,0,0,0
gen_clean_generic_010,data/ml/raw_snippets_generated/clean/GenCleanGeneric010.java,java,NO_ISSUE,1,,clean,synthetic_generated,clean snippet GenCleanGeneric010,0,0,0,0,0,24,520,0,1.0,0,0,0,0,1,4,0,3,0,0,4,10,166,0,0,0,0,0,0,0,0,0,0,1,0,1,0,0,0,0,0,0,0,0,0,0,0,0,0,0,0,0,0,0,0,0,0,0
gen_clean_scanner_loop_020,data/ml/raw_snippets_generated/clean/GenCleanScannerLoop020.java,java,NO_ISSUE,1,,clean,synthetic_generated,clean snippet GenCleanScannerLoop020,0,0,0,0,0,7,201,0,1.0,0,0,0,0,1,1,0,0,1,0,0,12,63,0,0,0,0,0,0,0,0,0,0,0,0,0,0,0,0,0,0,0,0,0,0,0,0,0,0,0,1,0,0,0,2,0,0,22
gen_off_by_one_bug_015,data/ml/raw_snippets_generated/off_by_one/buggy/GenOffByOneBug015.java,java,OFF_BY_ONE_LOOP_BOUNDARY,0,pair_105,buggy,synthetic_generated,starts from .length instead of .length - 1,1,0,0,0,0,9,244,0,1.0,0,0,0,0,1,1,2,1,0,1,1,10,99,1,1,1,0,0,1,1,1,1,17,0,0,0,0,0,2,0,0,2,0,0,0,0,0,0,0,0,0,0,0,0,0,0,0,0
gen_off_by_one_fix_015,data/ml/raw_snippets_generated/off_by_one/fixed/GenOffByOneFix015.java,java,NO_ISSUE,1,pair_105,fixed,synthetic_generated,corrected with < length boundary,0,0,0,0,0,9,243,0,1.0,0,0,0,0,1,1,2,1,0,1,1,10,99,1,1,0,0,0,1,0,0,1,17,0,0,0,0,0,2,0,0,2,0,0,0,0,0,0,0,0,0,0,0,0,0,0,0,0
gen_array_index_bug_122,data/ml/raw_snippets_generated/array_length_index_misuse/buggy/GenArrayIndexBug122.java,java,ARRAY_LENGTH_INDEX_MISUSE,0,pair_552,buggy,synthetic_generated,accesses array[array.length] directly (out of bounds),0,0,1,0,0,5,122,0,1.0,0,0,0,0,1,1,0,1,0,0,0,8,40,0,0,0,0,0,0,0,0,0,0,0,0,0,0,0,1,1,1,1,0,0,0,0,0,0,0,0,0,0,0,0,0,0,0,0
gen_array_index_fix_122,data/ml/raw_snippets_generated/array_length_index_misuse/fixed/GenArrayIndexFix122.java,java,NO_ISSUE,1,pair_552,fixed,synthetic_generated,corrected with .length - 1 as last valid index,0,0,0,0,0,5,126,0,1.0,0,0,0,0,1,1,0,1,0,0,1,9,43,0,0,0,0,0,0,0,0,0,0,0,0,0,0,0,1,0,1,1,0,0,0,0,0,0,0,0,0,0,0,0,0,0,0,0
gen_clean_generic_114,data/ml/raw_snippets_generated/clean/GenCleanGeneric114.java,java,NO_ISSUE,1,,clean,synthetic_generated,clean snippet GenCleanGeneric114,0,0,0,0,0,11,282,0,1.0,0,0,0,0,1,1,2,1,0,1,2,12,97,1,1,0,0,0,1,0,0,1,29,1,0,0,0,0,3,0,0,1,0,0,0,0,0,0,0,0,0,0,0,0,0,0,0,0
gen_missing_break_bug_093,data/ml/raw_snippets_generated/missing_break_in_switch/buggy/GenMissingBreakBug093.java,java,MISSING_BREAK_IN_SWITCH,0,pair_693,buggy,synthetic_generated,case falls through without break (unintentional),0,0,0,1,0,18,438,0,1.0,0,0,0,0,1,1,1,1,0,4,0,11,107,0,0,0,0,0,0,0,0,0,0,0,0,0,0,0,0,0,0,0,1,4,2,1,0,1,0,12,0,0,0,0,0,0,0,0
gen_missing_break_fix_093,data/ml/raw_snippets_generated/missing_break_in_switch/fixed/GenMissingBreakFix093.java,java,NO_ISSUE,1,pair_693,fixed,synthetic_generated,every case ends with break/return,0,0,0,0,0,19,461,0,1.0,0,0,0,0,1,1,1,1,0,4,0,11,110,0,0,0,0,0,0,0,0,0,0,0,0,0,0,0,0,0,0,0,1,4,3,0,0,1,0,12,0,0,0,0,0,0,0,0
gen_clean_generic_041,data/ml/raw_snippets_generated/clean/GenCleanGeneric041.java,java,NO_ISSUE,1,,clean,synthetic_generated,clean snippet GenCleanGeneric041,0,0,0,0,0,12,258,0,1.0,0,0,0,0,1,2,0,3,0,0,4,9,78,0,0,0,0,0,0,0,0,0,0,1,0,1,0,0,0,0,0,0,0,0,0,0,0,0,0,0,0,0,0,0,0,0,0,0
gen_array_index_bug_022,data/ml/raw_snippets_generated/array_length_index_misuse/buggy/GenArrayIndexBug022.java,java,ARRAY_LENGTH_INDEX_MISUSE,0,pair_452,buggy,synthetic_generated,accesses array[array.length] directly (out of bounds),0,0,1,0,0,11,252,0,1.0,0,0,0,0,1,2,0,1,0,0,0,10,84,0,0,0,0,0,0,0,0,0,0,0,0,0,0,0,1,1,1,1,0,0,0,0,0,0,0,0,0,0,0,0,0,0,0,0
gen_array_index_fix_022,data/ml/raw_snippets_generated/array_length_index_misuse/fixed/GenArrayIndexFix022.java,java,NO_ISSUE,1,pair_452,fixed,synthetic_generated,corrected with .length - 1 as last valid index,0,0,0,0,0,11,256,0,1.0,0,0,0,0,1,2,0,1,0,0,1,10,87,0,0,0,0,0,0,0,0,0,0,0,0,0,0,0,1,0,1,1,0,0,0,0,0,0,0,0,0,0,0,0,0,0,0,0
gen_while_no_update_bug_118,data/ml/raw_snippets_generated/while_variable_not_updated/buggy/GenWhileNoUpdateBug118.java,java,WHILE_VARIABLE_NOT_UPDATED,0,pair_888,buggy,synthetic_generated,no condition variable changes inside the while body (infinite loop),0,0,0,0,1,34,752,0,1.0,0,0,0,0,1,4,1,9,1,1,7,9,230,0,0,0,0,0,0,0,0,0,0,5,0,1,0,0,0,0,0,0,0,0,0,0,0,0,0,0,0,0,0,0,0,0,1,9
gen_while_no_update_fix_118,data/ml/raw_snippets_generated/while_variable_not_updated/fixed/GenWhileNoUpdateFix118.java,java,NO_ISSUE,1,pair_888,fixed,synthetic_generated,condition variable updated inside the loop body,0,0,0,0,0,35,773,0,1.0,0,0,0,0,1,4,1,9,1,1,7,9,235,0,0,0,0,0,0,0,0,0,0,5,0,1,0,0,0,0,0,0,0,0,0,0,0,0,0,0,0,0,0,0,0,1,0,14
gen_clean_generic_002,data/ml/raw_snippets_generated/clean/GenCleanGeneric002.java,java,NO_ISSUE,1,,clean,synthetic_generated,clean snippet GenCleanGeneric002,0,0,0,0,0,58,1333,0,1.0,0,0,0,0,1,6,5,7,2,5,5,11,391,1,1,0,0,0,1,0,0,1,30,2,0,0,0,0,1,0,0,1,1,3,2,0,0,1,0,12,0,0,0,0,0,2,0,14
gen_clean_while_true_break_015,data/ml/raw_snippets_generated/clean/GenCleanWhileTrueBreak015.java,java,NO_ISSUE,1,,clean,synthetic_generated,clean snippet GenCleanWhileTrueBreak015,0,0,0,0,0,42,896,0,1.0,0,0,0,0,1,5,4,7,2,2,7,10,273,1,1,0,0,0,1,0,0,1,13,3,0,0,0,0,1,0,0,1,0,0,0,0,0,0,0,0,0,0,1,1,0,1,0,23
gen_array_index_bug_099,data/ml/raw_snippets_generated/array_length_index_misuse/buggy/GenArrayIndexBug099.java,java,ARRAY_LENGTH_INDEX_MISUSE,0,pair_529,buggy,synthetic_generated,accesses array[array.length] directly (out of bounds),0,0,1,0,0,51,1126,0,1.0,0,0,0,0,1,5,3,5,1,8,3,11,301,0,0,0,0,0,0,0,0,0,0,1,0,1,0,0,1,1,1,1,2,6,4,0,0,2,0,12,0,0,0,0,0,1,0,14
gen_array_index_fix_099,data/ml/raw_snippets_generated/array_length_index_misuse/fixed/GenArrayIndexFix099.java,java,NO_ISSUE,1,pair_529,fixed,synthetic_generated,corrected with .length - 1 as last valid index,0,0,0,0,0,51,1130,0,1.0,0,0,0,0,1,5,3,5,1,8,4,11,304,0,0,0,0,0,0,0,0,0,0,1,0,1,0,0,1,0,1,1,2,6,4,0,0,2,0,12,0,0,0,0,0,1,0,14
gen_clean_generic_078,data/ml/raw_snippets_generated/clean/GenCleanGeneric078.java,java,NO_ISSUE,1,,clean,synthetic_generated,clean snippet GenCleanGeneric078,0,0,0,0,0,5,113,0,1.0,0,0,0,0,1,1,0,1,0,0,2,8,34,0,0,0,0,0,0,0,0,0,0,0,0,0,0,0,0,0,0,0,0,0,0,0,0,0,0,0,0,0,0,0,0,0,0,0
gen_clean_generic_027,data/ml/raw_snippets_generated/clean/GenCleanGeneric027.java,java,NO_ISSUE,1,,clean,synthetic_generated,clean snippet GenCleanGeneric027,0,0,0,0,0,34,838,0,1.0,0,0,0,0,1,3,3,5,0,3,3,11,245,1,1,0,0,0,1,0,0,1,30,2,0,0,0,0,1,0,0,1,1,3,2,0,0,1,0,12,0,0,0,0,0,0,0,0
gen_clean_generic_113,data/ml/raw_snippets_generated/clean/GenCleanGeneric113.java,java,NO_ISSUE,1,,clean,synthetic_generated,clean snippet GenCleanGeneric113,0,0,0,0,0,10,235,0,1.0,0,0,0,0,1,1,0,3,0,0,2,10,70,0,0,0,0,0,0,0,0,0,0,2,0,0,0,0,0,0,0,0,0,0,0,0,0,0,0,0,0,0,0,0,0,0,0,0
gen_clean_tail_index_007,data/ml/raw_snippets_generated/clean/GenCleanTailIndex007.java,java,NO_ISSUE,1,,clean,synthetic_generated,clean snippet GenCleanTailIndex007,0,0,0,0,0,23,656,0,1.0,0,0,0,0,1,3,4,3,0,0,3,11,229,2,2,0,0,0,2,0,0,2,30,0,0,0,0,0,3,0,1,2,0,0,0,0,0,0,0,0,0,0,0,0,0,0,0,0
gen_array_index_bug_093,data/ml/raw_snippets_generated/array_length_index_misuse/buggy/GenArrayIndexBug093.java,java,ARRAY_LENGTH_INDEX_MISUSE,0,pair_523,buggy,synthetic_generated,accesses array[array.length] directly (out of bounds),0,0,1,0,0,5,119,0,1.0,0,0,0,0,1,1,0,1,0,0,0,8,40,0,0,0,0,0,0,0,0,0,0,0,0,0,0,0,1,1,1,1,0,0,0,0,0,0,0,0,0,0,0,0,0,0,0,0
gen_array_index_fix_093,data/ml/raw_snippets_generated/array_length_index_misuse/fixed/GenArrayIndexFix093.java,java,NO_ISSUE,1,pair_523,fixed,synthetic_generated,corrected with .length - 1 as last valid index,0,0,0,0,0,5,123,0,1.0,0,0,0,0,1,1,0,1,0,0,1,9,43,0,0,0,0,0,0,0,0,0,0,0,0,0,0,0,1,0,1,1,0,0,0,0,0,0,0,0,0,0,0,0,0,0,0,0
gen_array_index_bug_107,data/ml/raw_snippets_generated/array_length_index_misuse/buggy/GenArrayIndexBug107.java,java,ARRAY_LENGTH_INDEX_MISUSE,0,pair_537,buggy,synthetic_generated,accesses array[array.length] directly (out of bounds),0,0,1,0,0,44,953,0,1.0,0,0,0,0,1,6,3,8,1,2,6,10,310,1,1,0,0,0,1,0,0,1,13,3,0,1,0,0,2,1,1,2,0,0,0,0,0,0,0,0,0,0,0,0,0,1,0,14
gen_array_index_fix_107,data/ml/raw_snippets_generated/array_length_index_misuse/fixed/GenArrayIndexFix107.java,java,NO_ISSUE,1,pair_537,fixed,synthetic_generated,corrected with .length - 1 as last valid index,0,0,0,0,0,44,957,0,1.0,0,0,0,0,1,6,3,8,1,2,7,10,313,1,1,0,0,0,1,0,0,1,13,3,0,1,0,0,2,0,1,2,0,0,0,0,0,0,0,0,0,0,0,0,0,1,0,14
gen_clean_generic_057,data/ml/raw_snippets_generated/clean/GenCleanGeneric057.java,java,NO_ISSUE,1,,clean,synthetic_generated,clean snippet GenCleanGeneric057,0,0,0,0,0,49,1048,0,1.0,0,0,0,0,1,5,5,6,2,6,5,11,303,1,1,0,0,0,1,0,0,1,13,1,0,1,0,0,1,0,0,1,1,3,2,0,0,1,0,12,0,0,0,0,0,2,0,14
gen_clean_generic_045,data/ml/raw_snippets_generated/clean/GenCleanGeneric045.java,java,NO_ISSUE,1,,clean,synthetic_generated,clean snippet GenCleanGeneric045,0,0,0,0,0,22,494,0,1.0,0,0,0,0,1,3,2,3,0,1,3,10,165,1,1,0,0,0,1,0,0,1,13,1,0,1,0,0,1,0,0,1,0,0,0,0,0,0,0,0,0,0,0,0,0,0,0,0
gen_incorrect_cond_bug_037,data/ml/raw_snippets_generated/incorrect_conditional_operator/buggy/GenIncorrectConditionalBug037.java,java,INCORRECT_CONDITIONAL_OPERATOR,0,pair_297,buggy,synthetic_generated,uses assignment (=) instead of equality (==) in condition,0,1,0,0,0,60,1468,0,1.0,0,0,0,0,1,6,6,7,0,7,4,11,418,2,2,0,0,0,2,0,0,2,30,1,1,0,0,0,2,0,0,1,2,6,4,0,0,2,0,12,0,0,0,0,0,0,0,0
gen_incorrect_cond_fix_037,data/ml/raw_snippets_generated/incorrect_conditional_operator/fixed/GenIncorrectConditionalFix037.java,java,NO_ISSUE,1,pair_297,fixed,synthetic_generated,uses == for comparison correctly,0,0,0,0,0,60,1469,0,1.0,0,0,0,0,1,6,6,7,0,6,5,11,418,2,2,0,0,0,2,0,0,2,30,1,0,1,0,0,2,0,0,1,2,6,4,0,0,2,0,12,0,0,0,0,0,0,0,0
gen_array_index_bug_144,data/ml/raw_snippets_generated/array_length_index_misuse/buggy/GenArrayIndexBug144.java,java,ARRAY_LENGTH_INDEX_MISUSE,0,pair_574,buggy,synthetic_generated,accesses array[array.length] directly (out of bounds),0,0,1,0,0,5,135,0,1.0,0,0,0,0,1,1,0,0,0,1,0,9,46,0,0,0,0,0,0,0,0,0,0,0,0,0,0,0,1,1,1,1,0,0,0,0,0,0,0,0,0,0,0,0,0,0,0,0
gen_array_index_fix_144,data/ml/raw_snippets_generated/array_length_index_misuse/fixed/GenArrayIndexFix144.java,java,NO_ISSUE,1,pair_574,fixed,synthetic_generated,corrected with .length - 1 as last valid index,0,0,0,0,0,5,139,0,1.0,0,0,0,0,1,1,0,0,0,1,1,10,49,0,0,0,0,0,0,0,0,0,0,0,0,0,0,0,1,0,1,1,0,0,0,0,0,0,0,0,0,0,0,0,0,0,0,0
gen_missing_break_bug_039,data/ml/raw_snippets_generated/missing_break_in_switch/buggy/GenMissingBreakBug039.java,java,MISSING_BREAK_IN_SWITCH,0,pair_639,buggy,synthetic_generated,case falls through without break (unintentional),0,0,0,1,0,24,590,0,1.0,0,0,0,0,1,1,1,1,0,6,0,11,141,0,0,0,0,0,0,0,0,0,0,0,0,0,0,0,0,0,0,0,1,6,4,1,0,1,0,12,0,0,0,0,0,0,0,0
gen_missing_break_fix_039,data/ml/raw_snippets_generated/missing_break_in_switch/fixed/GenMissingBreakFix039.java,java,NO_ISSUE,1,pair_639,fixed,synthetic_generated,every case ends with break/return,0,0,0,0,0,25,613,0,1.0,0,0,0,0,1,1,1,1,0,6,0,11,144,0,0,0,0,0,0,0,0,0,0,0,0,0,0,0,0,0,0,0,1,6,5,0,0,1,0,12,0,0,0,0,0,0,0,0
gen_off_by_one_bug_014,data/ml/raw_snippets_generated/off_by_one/buggy/GenOffByOneBug014.java,java,OFF_BY_ONE_LOOP_BOUNDARY,0,pair_104,buggy,synthetic_generated,starts from .length instead of .length - 1,1,0,0,0,0,44,1113,0,1.0,0,0,0,0,1,5,9,5,1,3,5,11,382,4,4,1,0,0,4,1,1,4,30,0,0,0,0,0,4,0,0,3,0,0,0,0,0,0,0,0,0,0,0,0,0,1,0,14
gen_off_by_one_fix_014,data/ml/raw_snippets_generated/off_by_one/fixed/GenOffByOneFix014.java,java,NO_ISSUE,1,pair_104,fixed,synthetic_generated,corrected with < length boundary,0,0,0,0,0,44,1112,0,1.0,0,0,0,0,1,5,9,5,1,3,5,11,382,4,4,0,0,0,4,0,0,4,30,0,0,0,0,0,4,0,0,3,0,0,0,0,0,0,0,0,0,0,0,0,0,1,0,14
gen_array_index_bug_009,data/ml/raw_snippets_generated/array_length_index_misuse/buggy/GenArrayIndexBug009.java,java,ARRAY_LENGTH_INDEX_MISUSE,0,pair_439,buggy,synthetic_generated,accesses array[array.length] directly (out of bounds),0,0,1,0,0,5,135,0,1.0,0,0,0,0,1,1,0,0,0,1,0,9,46,0,0,0,0,0,0,0,0,0,0,0,0,0,0,0,1,1,1,1,0,0,0,0,0,0,0,0,0,0,0,0,0,0,0,0
gen_array_index_fix_009,data/ml/raw_snippets_generated/array_length_index_misuse/fixed/GenArrayIndexFix009.java,java,NO_ISSUE,1,pair_439,fixed,synthetic_generated,corrected with .length - 1 as last valid index,0,0,0,0,0,5,139,0,1.0,0,0,0,0,1,1,0,0,0,1,1,10,49,0,0,0,0,0,0,0,0,0,0,0,0,0,0,0,1,0,1,1,0,0,0,0,0,0,0,0,0,0,0,0,0,0,0,0
gen_missing_break_bug_060,data/ml/raw_snippets_generated/missing_break_in_switch/buggy/GenMissingBreakBug060.java,java,MISSING_BREAK_IN_SWITCH,0,pair_660,buggy,synthetic_generated,case falls through without break (unintentional),0,0,0,1,0,24,591,0,1.0,0,0,0,0,1,1,1,1,0,6,0,11,141,0,0,0,0,0,0,0,0,0,0,0,0,0,0,0,0,0,0,0,1,6,4,1,0,1,0,12,0,0,0,0,0,0,0,0
gen_missing_break_fix_060,data/ml/raw_snippets_generated/missing_break_in_switch/fixed/GenMissingBreakFix060.java,java,NO_ISSUE,1,pair_660,fixed,synthetic_generated,every case ends with break/return,0,0,0,0,0,25,614,0,1.0,0,0,0,0,1,1,1,1,0,6,0,11,144,0,0,0,0,0,0,0,0,0,0,0,0,0,0,0,0,0,0,0,1,6,5,0,0,1,0,12,0,0,0,0,0,0,0,0
gen_missing_break_bug_124,data/ml/raw_snippets_generated/missing_break_in_switch/buggy/GenMissingBreakBug124.java,java,MISSING_BREAK_IN_SWITCH,0,pair_724,buggy,synthetic_generated,case falls through without break (unintentional),0,0,0,1,0,48,1191,0,1.0,0,0,0,0,1,3,4,3,0,9,1,11,314,1,1,0,0,0,1,0,0,1,30,0,0,0,0,0,1,0,0,1,2,9,6,1,0,2,0,12,0,0,0,0,0,0,0,0
gen_missing_break_fix_124,data/ml/raw_snippets_generated/missing_break_in_switch/fixed/GenMissingBreakFix124.java,java,NO_ISSUE,1,pair_724,fixed,synthetic_generated,every case ends with break/return,0,0,0,0,0,49,1214,0,1.0,0,0,0,0,1,3,4,3,0,9,1,11,317,1,1,0,0,0,1,0,0,1,30,0,0,0,0,0,1,0,0,1,2,9,7,0,0,2,0,12,0,0,0,0,0,0,0,0
gen_clean_scanner_loop_003,data/ml/raw_snippets_generated/clean/GenCleanScannerLoop003.java,java,NO_ISSUE,1,,clean,synthetic_generated,clean snippet GenCleanScannerLoop003,0,0,0,0,0,21,514,0,1.0,0,0,0,0,1,3,2,1,1,1,1,12,175,1,1,0,0,0,1,0,0,1,13,0,0,0,0,0,1,0,0,1,0,0,0,0,0,0,0,0,1,0,0,0,2,0,0,22
gen_array_index_bug_060,data/ml/raw_snippets_generated/array_length_index_misuse/buggy/GenArrayIndexBug060.java,java,ARRAY_LENGTH_INDEX_MISUSE,0,pair_490,buggy,synthetic_generated,accesses array[array.length] directly (out of bounds),0,0,1,0,0,5,138,0,1.0,0,0,0,0,1,1,0,0,0,0,0,10,48,0,0,0,0,0,0,0,0,0,0,0,0,0,0,0,1,1,1,1,0,0,0,0,0,0,0,0,0,0,0,0,0,0,0,0
gen_array_index_fix_060,data/ml/raw_snippets_generated/array_length_index_misuse/fixed/GenArrayIndexFix060.java,java,NO_ISSUE,1,pair_490,fixed,synthetic_generated,corrected with .length - 1 as last valid index,0,0,0,0,0,5,142,0,1.0,0,0,0,0,1,1,0,0,0,0,1,11,51,0,0,0,0,0,0,0,0,0,0,0,0,0,0,0,1,0,1,1,0,0,0,0,0,0,0,0,0,0,0,0,0,0,0,0
gen_while_no_update_bug_150,data/ml/raw_snippets_generated/while_variable_not_updated/buggy/GenWhileNoUpdateBug150.java,java,WHILE_VARIABLE_NOT_UPDATED,0,pair_920,buggy,synthetic_generated,no condition variable changes inside the while body (infinite loop),0,0,0,0,1,52,1260,0,1.0,0,0,0,0,1,6,6,9,1,2,10,12,426,3,3,0,0,0,3,0,0,3,30,5,0,0,0,0,5,0,0,3,0,0,0,0,0,0,0,0,0,0,0,0,1,0,1,22
gen_while_no_update_fix_150,data/ml/raw_snippets_generated/while_variable_not_updated/fixed/GenWhileNoUpdateFix150.java,java,NO_ISSUE,1,pair_920,fixed,synthetic_generated,condition variable updated inside the loop body,0,0,0,0,0,53,1281,0,1.0,0,0,0,0,1,6,6,9,1,2,10,12,431,3,3,0,0,0,3,0,0,3,30,5,0,0,0,0,5,0,0,3,0,0,0,0,0,0,0,0,0,0,0,0,1,1,0,27
gen_array_index_bug_087,data/ml/raw_snippets_generated/array_length_index_misuse/buggy/GenArrayIndexBug087.java,java,ARRAY_LENGTH_INDEX_MISUSE,0,pair_517,buggy,synthetic_generated,accesses array[array.length] directly (out of bounds),0,0,1,0,0,5,135,0,1.0,0,0,0,0,1,1,0,0,0,1,0,9,46,0,0,0,0,0,0,0,0,0,0,0,0,0,0,0,1,1,1,1,0,0,0,0,0,0,0,0,0,0,0,0,0,0,0,0
gen_array_index_fix_087,data/ml/raw_snippets_generated/array_length_index_misuse/fixed/GenArrayIndexFix087.java,java,NO_ISSUE,1,pair_517,fixed,synthetic_generated,corrected with .length - 1 as last valid index,0,0,0,0,0,5,139,0,1.0,0,0,0,0,1,1,0,0,0,1,1,10,49,0,0,0,0,0,0,0,0,0,0,0,0,0,0,0,1,0,1,1,0,0,0,0,0,0,0,0,0,0,0,0,0,0,0,0
gen_array_index_bug_043,data/ml/raw_snippets_generated/array_length_index_misuse/buggy/GenArrayIndexBug043.java,java,ARRAY_LENGTH_INDEX_MISUSE,0,pair_473,buggy,synthetic_generated,accesses array[array.length] directly (out of bounds),0,0,1,0,0,28,628,0,1.0,0,0,0,0,1,4,3,2,1,3,2,10,209,1,1,0,0,0,1,0,0,1,13,0,0,0,0,0,2,1,1,2,0,0,0,0,0,0,0,0,0,0,0,0,0,1,0,14
gen_array_index_fix_043,data/ml/raw_snippets_generated/array_length_index_misuse/fixed/GenArrayIndexFix043.java,java,NO_ISSUE,1,pair_473,fixed,synthetic_generated,corrected with .length - 1 as last valid index,0,0,0,0,0,28,632,0,1.0,0,0,0,0,1,4,3,2,1,3,3,10,212,1,1,0,0,0,1,0,0,1,13,0,0,0,0,0,2,0,1,2,0,0,0,0,0,0,0,0,0,0,0,0,0,1,0,14
gen_incorrect_cond_bug_105,data/ml/raw_snippets_generated/incorrect_conditional_operator/buggy/GenIncorrectConditionalBug105.java,java,INCORRECT_CONDITIONAL_OPERATOR,0,pair_365,buggy,synthetic_generated,uses assignment (=) instead of equality (==) in condition,0,1,0,0,0,17,387,0,1.0,0,0,0,0,1,3,0,1,0,1,2,11,121,0,0,0,0,0,0,0,0,0,0,1,1,0,0,0,0,0,0,0,0,0,0,0,0,0,0,0,0,0,0,0,0,0,0,0
gen_incorrect_cond_fix_105,data/ml/raw_snippets_generated/incorrect_conditional_operator/fixed/GenIncorrectConditionalFix105.java,java,NO_ISSUE,1,pair_365,fixed,synthetic_generated,uses == for comparison correctly,0,0,0,0,0,17,388,0,1.0,0,0,0,0,1,3,0,1,0,0,3,11,121,0,0,0,0,0,0,0,0,0,0,1,0,1,0,0,0,0,0,0,0,0,0,0,0,0,0,0,0,0,0,0,0,0,0,0
gen_while_no_update_bug_116,data/ml/raw_snippets_generated/while_variable_not_updated/buggy/GenWhileNoUpdateBug116.java,java,WHILE_VARIABLE_NOT_UPDATED,0,pair_886,buggy,synthetic_generated,no condition variable changes inside the while body (infinite loop),0,0,0,0,1,9,203,0,1.0,0,0,0,0,1,1,1,1,1,1,1,9,60,0,0,0,0,0,0,0,0,0,0,0,0,0,0,0,0,0,0,0,0,0,0,0,0,0,0,0,0,0,0,0,0,0,1,9
gen_while_no_update_fix_116,data/ml/raw_snippets_generated/while_variable_not_updated/fixed/GenWhileNoUpdateFix116.java,java,NO_ISSUE,1,pair_886,fixed,synthetic_generated,condition variable updated inside the loop body,0,0,0,0,0,10,224,0,1.0,0,0,0,0,1,1,1,1,1,1,1,9,65,0,0,0,0,0,0,0,0,0,0,0,0,0,0,0,0,0,0,0,0,0,0,0,0,0,0,0,0,0,0,0,0,1,0,14
gen_off_by_one_bug_083,data/ml/raw_snippets_generated/off_by_one/buggy/GenOffByOneBug083.java,java,OFF_BY_ONE_LOOP_BOUNDARY,0,pair_173,buggy,synthetic_generated,starts from .length instead of .length - 1,1,0,0,0,0,9,216,0,1.0,0,0,0,0,1,1,2,1,0,1,1,10,77,1,1,1,0,0,1,1,1,1,13,0,0,0,0,0,1,0,0,1,0,0,0,0,0,0,0,0,0,0,0,0,0,0,0,0
gen_off_by_one_fix_083,data/ml/raw_snippets_generated/off_by_one/fixed/GenOffByOneFix083.java,java,NO_ISSUE,1,pair_173,fixed,synthetic_generated,corrected with < length boundary,0,0,0,0,0,9,215,0,1.0,0,0,0,0,1,1,2,1,0,1,1,10,77,1,1,0,0,0,1,0,0,1,13,0,0,0,0,0,1,0,0,1,0,0,0,0,0,0,0,0,0,0,0,0,0,0,0,0
gen_incorrect_cond_bug_041,data/ml/raw_snippets_generated/incorrect_conditional_operator/buggy/GenIncorrectConditionalBug041.java,java,INCORRECT_CONDITIONAL_OPERATOR,0,pair_301,buggy,synthetic_generated,uses assignment (=) instead of equality (==) in condition,0,1,0,0,0,7,183,0,1.0,0,0,0,0,1,1,0,0,0,1,0,11,52,0,0,0,0,0,0,0,0,0,0,1,1,0,0,0,0,0,0,0,0,0,0,0,0,0,0,0,0,0,0,0,0,0,0,0
gen_incorrect_cond_fix_041,data/ml/raw_snippets_generated/incorrect_conditional_operator/fixed/GenIncorrectConditionalFix041.java,java,NO_ISSUE,1,pair_301,fixed,synthetic_generated,uses == for comparison correctly,0,0,0,0,0,7,184,0,1.0,0,0,0,0,1,1,0,0,0,0,1,11,52,0,0,0,0,0,0,0,0,0,0,1,0,1,0,0,0,0,0,0,0,0,0,0,0,0,0,0,0,0,0,0,0,0,0,0
gen_incorrect_cond_bug_132,data/ml/raw_snippets_generated/incorrect_conditional_operator/buggy/GenIncorrectConditionalBug132.java,java,INCORRECT_CONDITIONAL_OPERATOR,0,pair_392,buggy,synthetic_generated,uses assignment (=) instead of equality (==) in condition,0,1,0,0,0,8,198,0,1.0,0,0,0,0,1,1,0,2,0,1,0,8,47,0,0,0,0,0,0,0,0,0,0,1,1,0,0,0,0,0,0,0,0,0,0,0,0,0,0,0,0,0,0,0,0,0,0,0
gen_incorrect_cond_fix_132,data/ml/raw_snippets_generated/incorrect_conditional_operator/fixed/GenIncorrectConditionalFix132.java,java,NO_ISSUE,1,pair_392,fixed,synthetic_generated,uses == for comparison correctly,0,0,0,0,0,8,199,0,1.0,0,0,0,0,1,1,0,2,0,0,1,8,47,0,0,0,0,0,0,0,0,0,0,1,0,1,0,0,0,0,0,0,0,0,0,0,0,0,0,0,0,0,0,0,0,0,0,0
gen_missing_break_bug_027,data/ml/raw_snippets_generated/missing_break_in_switch/buggy/GenMissingBreakBug027.java,java,MISSING_BREAK_IN_SWITCH,0,pair_627,buggy,synthetic_generated,case falls through without break (unintentional),0,0,0,1,0,39,910,0,1.0,0,0,0,0,1,3,3,4,0,7,3,11,253,1,1,0,0,0,1,0,0,1,13,1,0,1,0,0,1,0,0,1,1,6,4,1,0,1,0,12,0,0,0,0,0,0,0,0
gen_missing_break_fix_027,data/ml/raw_snippets_generated/missing_break_in_switch/fixed/GenMissingBreakFix027.java,java,NO_ISSUE,1,pair_627,fixed,synthetic_generated,every case ends with break/return,0,0,0,0,0,40,933,0,1.0,0,0,0,0,1,3,3,4,0,7,3,11,256,1,1,0,0,0,1,0,0,1,13,1,0,1,0,0,1,0,0,1,1,6,5,0,0,1,0,12,0,0,0,0,0,0,0,0
gen_array_index_bug_112,data/ml/raw_snippets_generated/array_length_index_misuse/buggy/GenArrayIndexBug112.java,java,ARRAY_LENGTH_INDEX_MISUSE,0,pair_542,buggy,synthetic_generated,accesses array[array.length] directly (out of bounds),0,0,1,0,0,23,526,0,1.0,0,0,0,0,1,3,1,4,1,1,3,10,162,0,0,0,0,0,0,0,0,0,0,2,0,0,0,0,1,1,1,1,0,0,0,0,0,0,0,0,0,0,0,0,0,1,0,14
gen_array_index_fix_112,data/ml/raw_snippets_generated/array_length_index_misuse/fixed/GenArrayIndexFix112.java,java,NO_ISSUE,1,pair_542,fixed,synthetic_generated,corrected with .length - 1 as last valid index,0,0,0,0,0,23,530,0,1.0,0,0,0,0,1,3,1,4,1,1,4,11,165,0,0,0,0,0,0,0,0,0,0,2,0,0,0,0,1,0,1,1,0,0,0,0,0,0,0,0,0,0,0,0,0,1,0,14
gen_incorrect_cond_bug_170,data/ml/raw_snippets_generated/incorrect_conditional_operator/buggy/GenIncorrectConditionalBug170.java,java,INCORRECT_CONDITIONAL_OPERATOR,0,pair_430,buggy,synthetic_generated,uses assignment (=) instead of equality (==) in condition,0,1,0,0,0,22,496,0,1.0,0,0,0,0,1,3,2,3,0,2,3,11,164,1,1,0,0,0,1,0,0,1,13,2,1,1,0,0,1,0,0,1,0,0,0,0,0,0,0,0,0,0,0,0,0,0,0,0
gen_incorrect_cond_fix_170,data/ml/raw_snippets_generated/incorrect_conditional_operator/fixed/GenIncorrectConditionalFix170.java,java,NO_ISSUE,1,pair_430,fixed,synthetic_generated,uses == for comparison correctly,0,0,0,0,0,22,497,0,1.0,0,0,0,0,1,3,2,3,0,1,4,11,164,1,1,0,0,0,1,0,0,1,13,2,0,2,0,0,1,0,0,1,0,0,0,0,0,0,0,0,0,0,0,0,0,0,0,0
gen_missing_break_bug_144,data/ml/raw_snippets_generated/missing_break_in_switch/buggy/GenMissingBreakBug144.java,java,MISSING_BREAK_IN_SWITCH,0,pair_744,buggy,synthetic_generated,case falls through without break (unintentional),0,0,0,1,0,28,679,0,1.0,0,0,0,0,1,2,3,2,0,5,2,12,195,1,1,0,0,0,1,0,0,1,29,1,0,0,0,0,3,0,0,1,1,4,2,1,0,1,0,12,0,0,0,0,0,0,0,0
gen_missing_break_fix_144,data/ml/raw_snippets_generated/missing_break_in_switch/fixed/GenMissingBreakFix144.java,java,NO_ISSUE,1,pair_744,fixed,synthetic_generated,every case ends with break/return,0,0,0,0,0,29,702,0,1.0,0,0,0,0,1,2,3,2,0,5,2,12,198,1,1,0,0,0,1,0,0,1,29,1,0,0,0,0,3,0,0,1,1,4,3,0,0,1,0,12,0,0,0,0,0,0,0,0
gen_missing_break_bug_149,data/ml/raw_snippets_generated/missing_break_in_switch/buggy/GenMissingBreakBug149.java,java,MISSING_BREAK_IN_SWITCH,0,pair_749,buggy,synthetic_generated,case falls through without break (unintentional),0,0,0,1,0,24,590,0,1.0,0,0,0,0,1,1,1,1,0,6,0,11,141,0,0,0,0,0,0,0,0,0,0,0,0,0,0,0,0,0,0,0,1,6,4,1,0,1,0,12,0,0,0,0,0,0,0,0
gen_missing_break_fix_149,data/ml/raw_snippets_generated/missing_break_in_switch/fixed/GenMissingBreakFix149.java,java,NO_ISSUE,1,pair_749,fixed,synthetic_generated,every case ends with break/return,0,0,0,0,0,25,613,0,1.0,0,0,0,0,1,1,1,1,0,6,0,11,144,0,0,0,0,0,0,0,0,0,0,0,0,0,0,0,0,0,0,0,1,6,5,0,0,1,0,12,0,0,0,0,0,0,0,0
gen_incorrect_cond_bug_130,data/ml/raw_snippets_generated/incorrect_conditional_operator/buggy/GenIncorrectConditionalBug130.java,java,INCORRECT_CONDITIONAL_OPERATOR,0,pair_390,buggy,synthetic_generated,uses assignment (=) instead of equality (==) in condition,0,1,0,0,0,8,204,0,1.0,0,0,0,0,1,1,0,2,0,1,0,8,47,0,0,0,0,0,0,0,0,0,0,1,1,0,0,0,0,0,0,0,0,0,0,0,0,0,0,0,0,0,0,0,0,0,0,0
gen_incorrect_cond_fix_130,data/ml/raw_snippets_generated/incorrect_conditional_operator/fixed/GenIncorrectConditionalFix130.java,java,NO_ISSUE,1,pair_390,fixed,synthetic_generated,uses == for comparison correctly,0,0,0,0,0,8,205,0,1.0,0,0,0,0,1,1,0,2,0,0,1,8,47,0,0,0,0,0,0,0,0,0,0,1,0,1,0,0,0,0,0,0,0,0,0,0,0,0,0,0,0,0,0,0,0,0,0,0
gen_incorrect_cond_bug_013,data/ml/raw_snippets_generated/incorrect_conditional_operator/buggy/GenIncorrectConditionalBug013.java,java,INCORRECT_CONDITIONAL_OPERATOR,0,pair_273,buggy,synthetic_generated,uses assignment (=) instead of equality (==) in condition,0,1,0,0,0,7,176,0,1.0,0,0,0,0,1,1,0,0,0,1,0,11,52,0,0,0,0,0,0,0,0,0,0,1,1,0,0,0,0,0,0,0,0,0,0,0,0,0,0,0,0,0,0,0,0,0,0,0
gen_incorrect_cond_fix_013,data/ml/raw_snippets_generated/incorrect_conditional_operator/fixed/GenIncorrectConditionalFix013.java,java,NO_ISSUE,1,pair_273,fixed,synthetic_generated,uses == for comparison correctly,0,0,0,0,0,7,177,0,1.0,0,0,0,0,1,1,0,0,0,0,1,11,52,0,0,0,0,0,0,0,0,0,0,1,0,1,0,0,0,0,0,0,0,0,0,0,0,0,0,0,0,0,0,0,0,0,0,0
gen_clean_verbose_boolean_017,data/ml/raw_snippets_generated/clean/GenCleanVerboseBoolean017.java,java,NO_ISSUE,1,,clean,synthetic_generated,clean snippet GenCleanVerboseBoolean017,0,0,0,0,0,61,1401,0,1.0,0,0,0,0,1,9,4,11,0,1,11,11,455,2,2,0,0,0,2,0,0,2,30,4,0,2,1,0,2,0,0,2,0,0,0,0,0,0,0,0,0,0,0,0,0,0,0,0
gen_array_index_bug_074,data/ml/raw_snippets_generated/array_length_index_misuse/buggy/GenArrayIndexBug074.java,java,ARRAY_LENGTH_INDEX_MISUSE,0,pair_504,buggy,synthetic_generated,accesses array[array.length] directly (out of bounds),0,0,1,0,0,44,968,0,1.0,0,0,0,0,1,6,2,5,2,3,4,10,299,0,0,0,0,0,0,0,0,0,0,2,0,0,0,0,1,1,1,1,0,0,0,0,0,0,0,0,0,0,0,0,0,2,0,14
gen_array_index_fix_074,data/ml/raw_snippets_generated/array_length_index_misuse/fixed/GenArrayIndexFix074.java,java,NO_ISSUE,1,pair_504,fixed,synthetic_generated,corrected with .length - 1 as last valid index,0,0,0,0,0,44,972,0,1.0,0,0,0,0,1,6,2,5,2,3,5,10,302,0,0,0,0,0,0,0,0,0,0,2,0,0,0,0,1,0,1,1,0,0,0,0,0,0,0,0,0,0,0,0,0,2,0,14
gen_incorrect_cond_bug_085,data/ml/raw_snippets_generated/incorrect_conditional_operator/buggy/GenIncorrectConditionalBug085.java,java,INCORRECT_CONDITIONAL_OPERATOR,0,pair_345,buggy,synthetic_generated,uses assignment (=) instead of equality (==) in condition,0,1,0,0,0,26,622,0,1.0,0,0,0,0,1,3,4,4,0,3,3,12,203,2,2,0,0,0,2,0,0,2,29,2,1,0,0,0,4,0,0,2,0,0,0,0,0,0,0,0,0,0,0,0,0,0,0,0
gen_incorrect_cond_fix_085,data/ml/raw_snippets_generated/incorrect_conditional_operator/fixed/GenIncorrectConditionalFix085.java,java,NO_ISSUE,1,pair_345,fixed,synthetic_generated,uses == for comparison correctly,0,0,0,0,0,26,623,0,1.0,0,0,0,0,1,3,4,4,0,2,4,12,203,2,2,0,0,0,2,0,0,2,29,2,0,1,0,0,4,0,0,2,0,0,0,0,0,0,0,0,0,0,0,0,0,0,0,0
gen_off_by_one_bug_151,data/ml/raw_snippets_generated/off_by_one/buggy/GenOffByOneBug151.java,java,OFF_BY_ONE_LOOP_BOUNDARY,0,pair_241,buggy,synthetic_generated,starts from .length instead of .length - 1,1,0,0,0,0,36,847,0,1.0,0,0,0,0,1,3,5,3,0,4,4,12,261,2,2,1,0,0,2,1,1,2,29,2,0,0,0,0,4,0,0,2,1,3,2,0,0,1,0,12,0,0,0,0,0,0,0,0
gen_off_by_one_fix_151,data/ml/raw_snippets_generated/off_by_one/fixed/GenOffByOneFix151.java,java,NO_ISSUE,1,pair_241,fixed,synthetic_generated,corrected with < length boundary,0,0,0,0,0,36,846,0,1.0,0,0,0,0,1,3,5,3,0,4,4,12,261,2,2,0,0,0,2,0,0,2,29,2,0,0,0,0,4,0,0,2,1,3,2,0,0,1,0,12,0,0,0,0,0,0,0,0
gen_incorrect_cond_bug_012,data/ml/raw_snippets_generated/incorrect_conditional_operator/buggy/GenIncorrectConditionalBug012.java,java,INCORRECT_CONDITIONAL_OPERATOR,0,pair_272,buggy,synthetic_generated,uses assignment (=) instead of equality (==) in condition,0,1,0,0,0,48,1077,0,1.0,0,0,0,0,1,6,2,12,0,2,10,12,328,1,1,0,0,0,1,0,0,1,29,7,1,3,0,0,3,0,0,1,0,0,0,0,0,0,0,0,0,0,0,0,0,0,0,0
gen_incorrect_cond_fix_012,data/ml/raw_snippets_generated/incorrect_conditional_operator/fixed/GenIncorrectConditionalFix012.java,java,NO_ISSUE,1,pair_272,fixed,synthetic_generated,uses == for comparison correctly,0,0,0,0,0,48,1078,0,1.0,0,0,0,0,1,6,2,12,0,1,11,12,328,1,1,0,0,0,1,0,0,1,29,7,0,4,0,0,3,0,0,1,0,0,0,0,0,0,0,0,0,0,0,0,0,0,0,0
gen_missing_break_bug_095,data/ml/raw_snippets_generated/missing_break_in_switch/buggy/GenMissingBreakBug095.java,java,MISSING_BREAK_IN_SWITCH,0,pair_695,buggy,synthetic_generated,case falls through without break (unintentional),0,0,0,1,0,30,719,0,1.0,0,0,0,0,1,2,1,1,0,6,0,11,185,0,0,0,0,0,0,0,0,0,0,0,0,0,0,0,0,0,0,0,1,6,4,1,0,1,0,12,0,0,0,0,0,0,0,0
gen_missing_break_fix_095,data/ml/raw_snippets_generated/missing_break_in_switch/fixed/GenMissingBreakFix095.java,java,NO_ISSUE,1,pair_695,fixed,synthetic_generated,every case ends with break/return,0,0,0,0,0,31,742,0,1.0,0,0,0,0,1,2,1,1,0,6,0,11,188,0,0,0,0,0,0,0,0,0,0,0,0,0,0,0,0,0,0,0,1,6,5,0,0,1,0,12,0,0,0,0,0,0,0,0
gen_missing_break_bug_153,data/ml/raw_snippets_generated/missing_break_in_switch/buggy/GenMissingBreakBug153.java,java,MISSING_BREAK_IN_SWITCH,0,pair_753,buggy,synthetic_generated,case falls through without break (unintentional),0,0,0,1,0,79,1788,0,1.0,0,0,0,0,1,9,5,12,0,6,12,12,562,2,2,0,0,0,2,0,0,2,29,7,0,1,0,0,6,0,0,2,1,4,2,1,0,1,0,12,0,0,0,0,0,0,0,0
gen_missing_break_fix_153,data/ml/raw_snippets_generated/missing_break_in_switch/fixed/GenMissingBreakFix153.java,java,NO_ISSUE,1,pair_753,fixed,synthetic_generated,every case ends with break/return,0,0,0,0,0,80,1811,0,1.0,0,0,0,0,1,9,5,12,0,6,12,12,565,2,2,0,0,0,2,0,0,2,29,7,0,1,0,0,6,0,0,2,1,4,3,0,0,1,0,12,0,0,0,0,0,0,0,0
gen_array_index_bug_051,data/ml/raw_snippets_generated/array_length_index_misuse/buggy/GenArrayIndexBug051.java,java,ARRAY_LENGTH_INDEX_MISUSE,0,pair_481,buggy,synthetic_generated,accesses array[array.length] directly (out of bounds),0,0,1,0,0,24,526,0,1.0,0,0,0,0,1,3,1,3,0,3,2,11,145,0,0,0,0,0,0,0,0,0,0,0,0,0,0,0,1,1,1,1,1,3,2,0,0,1,0,12,0,0,0,0,0,0,0,0
gen_array_index_fix_051,data/ml/raw_snippets_generated/array_length_index_misuse/fixed/GenArrayIndexFix051.java,java,NO_ISSUE,1,pair_481,fixed,synthetic_generated,corrected with .length - 1 as last valid index,0,0,0,0,0,24,530,0,1.0,0,0,0,0,1,3,1,3,0,3,3,11,148,0,0,0,0,0,0,0,0,0,0,0,0,0,0,0,1,0,1,1,1,3,2,0,0,1,0,12,0,0,0,0,0,0,0,0
gen_array_index_bug_128,data/ml/raw_snippets_generated/array_length_index_misuse/buggy/GenArrayIndexBug128.java,java,ARRAY_LENGTH_INDEX_MISUSE,0,pair_558,buggy,synthetic_generated,accesses array[array.length] directly (out of bounds),0,0,1,0,0,43,1066,0,1.0,0,0,0,0,1,5,7,4,1,4,6,12,366,3,3,0,0,0,3,0,0,3,30,2,0,0,0,0,8,1,1,4,0,0,0,0,0,0,0,0,0,0,0,0,0,1,0,14
gen_array_index_fix_128,data/ml/raw_snippets_generated/array_length_index_misuse/fixed/GenArrayIndexFix128.java,java,NO_ISSUE,1,pair_558,fixed,synthetic_generated,corrected with .length - 1 as last valid index,0,0,0,0,0,43,1070,0,1.0,0,0,0,0,1,5,7,4,1,4,7,12,369,3,3,0,0,0,3,0,0,3,30,2,0,0,0,0,8,0,1,4,0,0,0,0,0,0,0,0,0,0,0,0,0,1,0,14
gen_incorrect_cond_bug_061,data/ml/raw_snippets_generated/incorrect_conditional_operator/buggy/GenIncorrectConditionalBug061.java,java,INCORRECT_CONDITIONAL_OPERATOR,0,pair_321,buggy,synthetic_generated,uses assignment (=) instead of equality (==) in condition,0,1,0,0,0,26,594,0,1.0,0,0,0,0,1,3,0,8,0,1,4,9,175,0,0,0,0,0,0,0,0,0,0,5,1,0,1,0,0,0,0,0,0,0,0,0,0,0,0,0,0,0,0,0,0,0,0,0
gen_incorrect_cond_fix_061,data/ml/raw_snippets_generated/incorrect_conditional_operator/fixed/GenIncorrectConditionalFix061.java,java,NO_ISSUE,1,pair_321,fixed,synthetic_generated,uses == for comparison correctly,0,0,0,0,0,26,595,0,1.0,0,0,0,0,1,3,0,8,0,0,5,9,175,0,0,0,0,0,0,0,0,0,0,5,0,1,1,0,0,0,0,0,0,0,0,0,0,0,0,0,0,0,0,0,0,0,0,0
gen_array_index_bug_048,data/ml/raw_snippets_generated/array_length_index_misuse/buggy/GenArrayIndexBug048.java,java,ARRAY_LENGTH_INDEX_MISUSE,0,pair_478,buggy,synthetic_generated,accesses array[array.length] directly (out of bounds),0,0,1,0,0,20,454,0,1.0,0,0,0,0,1,3,0,4,0,0,2,10,147,0,0,0,0,0,0,0,0,0,0,2,0,0,0,0,1,1,1,1,0,0,0,0,0,0,0,0,0,0,0,0,0,0,0,0
gen_array_index_fix_048,data/ml/raw_snippets_generated/array_length_index_misuse/fixed/GenArrayIndexFix048.java,java,NO_ISSUE,1,pair_478,fixed,synthetic_generated,corrected with .length - 1 as last valid index,0,0,0,0,0,20,458,0,1.0,0,0,0,0,1,3,0,4,0,0,3,10,150,0,0,0,0,0,0,0,0,0,0,2,0,0,0,0,1,0,1,1,0,0,0,0,0,0,0,0,0,0,0,0,0,0,0,0
gen_off_by_one_bug_059,data/ml/raw_snippets_generated/off_by_one/buggy/GenOffByOneBug059.java,java,OFF_BY_ONE_LOOP_BOUNDARY,0,pair_149,buggy,synthetic_generated,starts from .length instead of .length - 1,1,0,0,0,0,17,427,0,1.0,0,0,0,0,1,2,4,2,0,2,2,10,167,2,2,1,0,0,2,1,1,2,17,0,0,0,0,0,3,0,0,3,0,0,0,0,0,0,0,0,0,0,0,0,0,0,0,0
gen_off_by_one_fix_059,data/ml/raw_snippets_generated/off_by_one/fixed/GenOffByOneFix059.java,java,NO_ISSUE,1,pair_149,fixed,synthetic_generated,corrected with < length boundary,0,0,0,0,0,17,426,0,1.0,0,0,0,0,1,2,4,2,0,2,2,10,167,2,2,0,0,0,2,0,0,2,17,0,0,0,0,0,3,0,0,3,0,0,0,0,0,0,0,0,0,0,0,0,0,0,0,0
gen_incorrect_cond_bug_065,data/ml/raw_snippets_generated/incorrect_conditional_operator/buggy/GenIncorrectConditionalBug065.java,java,INCORRECT_CONDITIONAL_OPERATOR,0,pair_325,buggy,synthetic_generated,uses assignment (=) instead of equality (==) in condition,0,1,0,0,0,8,196,0,1.0,0,0,0,0,1,1,0,2,0,1,0,8,47,0,0,0,0,0,0,0,0,0,0,1,1,0,0,0,0,0,0,0,0,0,0,0,0,0,0,0,0,0,0,0,0,0,0,0
gen_incorrect_cond_fix_065,data/ml/raw_snippets_generated/incorrect_conditional_operator/fixed/GenIncorrectConditionalFix065.java,java,NO_ISSUE,1,pair_325,fixed,synthetic_generated,uses == for comparison correctly,0,0,0,0,0,8,197,0,1.0,0,0,0,0,1,1,0,2,0,0,1,8,47,0,0,0,0,0,0,0,0,0,0,1,0,1,0,0,0,0,0,0,0,0,0,0,0,0,0,0,0,0,0,0,0,0,0,0
gen_while_no_update_bug_106,data/ml/raw_snippets_generated/while_variable_not_updated/buggy/GenWhileNoUpdateBug106.java,java,WHILE_VARIABLE_NOT_UPDATED,0,pair_876,buggy,synthetic_generated,no condition variable changes inside the while body (infinite loop),0,0,0,0,1,25,574,0,1.0,0,0,0,0,1,3,0,6,1,0,6,12,179,0,0,0,0,0,0,0,0,0,0,4,0,0,0,0,0,0,0,0,0,0,0,0,0,0,0,0,0,0,0,0,1,0,1,22
gen_while_no_update_fix_106,data/ml/raw_snippets_generated/while_variable_not_updated/fixed/GenWhileNoUpdateFix106.java,java,NO_ISSUE,1,pair_876,fixed,synthetic_generated,condition variable updated inside the loop body,0,0,0,0,0,26,595,0,1.0,0,0,0,0,1,3,0,6,1,0,6,12,184,0,0,0,0,0,0,0,0,0,0,4,0,0,0,0,0,0,0,0,0,0,0,0,0,0,0,0,0,0,0,0,1,1,0,27
gen_missing_break_bug_048,data/ml/raw_snippets_generated/missing_break_in_switch/buggy/GenMissingBreakBug048.java,java,MISSING_BREAK_IN_SWITCH,0,pair_648,buggy,synthetic_generated,case falls through without break (unintentional),0,0,0,1,0,24,594,0,1.0,0,0,0,0,1,1,1,1,0,6,0,11,141,0,0,0,0,0,0,0,0,0,0,0,0,0,0,0,0,0,0,0,1,6,4,1,0,1,0,12,0,0,0,0,0,0,0,0
gen_missing_break_fix_048,data/ml/raw_snippets_generated/missing_break_in_switch/fixed/GenMissingBreakFix048.java,java,NO_ISSUE,1,pair_648,fixed,synthetic_generated,every case ends with break/return,0,0,0,0,0,25,617,0,1.0,0,0,0,0,1,1,1,1,0,6,0,11,144,0,0,0,0,0,0,0,0,0,0,0,0,0,0,0,0,0,0,0,1,6,5,0,0,1,0,12,0,0,0,0,0,0,0,0
gen_clean_scanner_loop_017,data/ml/raw_snippets_generated/clean/GenCleanScannerLoop017.java,java,NO_ISSUE,1,,clean,synthetic_generated,clean snippet GenCleanScannerLoop017,0,0,0,0,0,25,608,0,1.0,0,0,0,0,1,3,0,6,1,0,4,12,187,0,0,0,0,0,0,0,0,0,0,4,0,0,0,0,0,0,0,0,0,0,0,0,0,0,0,0,1,0,0,0,2,0,0,22
gen_array_index_bug_151,data/ml/raw_snippets_generated/array_length_index_misuse/buggy/GenArrayIndexBug151.java,java,ARRAY_LENGTH_INDEX_MISUSE,0,pair_581,buggy,synthetic_generated,accesses array[array.length] directly (out of bounds),0,0,1,0,0,20,462,0,1.0,0,0,0,0,1,3,0,3,0,0,2,10,153,0,0,0,0,0,0,0,0,0,0,2,0,0,0,0,1,1,1,1,0,0,0,0,0,0,0,0,0,0,0,0,0,0,0,0
gen_array_index_fix_151,data/ml/raw_snippets_generated/array_length_index_misuse/fixed/GenArrayIndexFix151.java,java,NO_ISSUE,1,pair_581,fixed,synthetic_generated,corrected with .length - 1 as last valid index,0,0,0,0,0,20,466,0,1.0,0,0,0,0,1,3,0,3,0,0,3,11,156,0,0,0,0,0,0,0,0,0,0,2,0,0,0,0,1,0,1,1,0,0,0,0,0,0,0,0,0,0,0,0,0,0,0,0
gen_while_no_update_bug_145,data/ml/raw_snippets_generated/while_variable_not_updated/buggy/GenWhileNoUpdateBug145.java,java,WHILE_VARIABLE_NOT_UPDATED,0,pair_915,buggy,synthetic_generated,no condition variable changes inside the while body (infinite loop),0,0,0,0,1,9,204,0,1.0,0,0,0,0,1,1,1,1,1,1,1,9,60,0,0,0,0,0,0,0,0,0,0,0,0,0,0,0,0,0,0,0,0,0,0,0,0,0,0,0,0,0,0,0,0,0,1,9
gen_while_no_update_fix_145,data/ml/raw_snippets_generated/while_variable_not_updated/fixed/GenWhileNoUpdateFix145.java,java,NO_ISSUE,1,pair_915,fixed,synthetic_generated,condition variable updated inside the loop body,0,0,0,0,0,10,226,0,1.0,0,0,0,0,1,1,1,1,1,1,1,9,65,0,0,0,0,0,0,0,0,0,0,0,0,0,0,0,0,0,0,0,0,0,0,0,0,0,0,0,0,0,0,0,0,1,0,14
gen_clean_boundary_minus_one_037,data/ml/raw_snippets_generated/clean/GenCleanBoundaryMinusOne037.java,java,NO_ISSUE,1,,clean,synthetic_generated,clean snippet GenCleanBoundaryMinusOne037,0,0,0,0,0,19,472,0,1.0,0,0,0,0,1,2,4,2,0,2,4,12,168,2,2,1,0,0,2,1,0,2,29,1,0,0,0,0,4,0,0,2,0,0,0,0,0,0,0,0,0,0,0,0,0,0,0,0
gen_clean_generic_037,data/ml/raw_snippets_generated/clean/GenCleanGeneric037.java,java,NO_ISSUE,1,,clean,synthetic_generated,clean snippet GenCleanGeneric037,0,0,0,0,0,45,1050,0,1.0,0,0,0,0,1,5,6,9,0,3,8,12,359,3,3,0,0,0,3,0,0,3,29,5,0,0,0,0,5,0,0,2,0,0,0,0,0,0,0,0,0,0,0,0,0,0,0,0
gen_off_by_one_bug_073,data/ml/raw_snippets_generated/off_by_one/buggy/GenOffByOneBug073.java,java,OFF_BY_ONE_LOOP_BOUNDARY,0,pair_163,buggy,synthetic_generated,starts from .length instead of .length - 1,1,0,0,0,0,25,650,0,1.0,0,0,0,0,1,3,3,4,0,0,4,11,227,2,2,1,0,0,2,1,1,2,30,2,0,0,0,0,2,0,0,2,0,0,0,0,0,0,0,0,0,0,0,0,0,0,0,0
gen_off_by_one_fix_073,data/ml/raw_snippets_generated/off_by_one/fixed/GenOffByOneFix073.java,java,NO_ISSUE,1,pair_163,fixed,synthetic_generated,corrected with < length boundary,0,0,0,0,0,25,649,0,1.0,0,0,0,0,1,3,3,4,0,0,4,11,227,2,2,0,0,0,2,0,0,2,30,2,0,0,0,0,2,0,0,2,0,0,0,0,0,0,0,0,0,0,0,0,0,0,0,0
gen_clean_scanner_loop_009,data/ml/raw_snippets_generated/clean/GenCleanScannerLoop009.java,java,NO_ISSUE,1,,clean,synthetic_generated,clean snippet GenCleanScannerLoop009,0,0,0,0,0,7,201,0,1.0,0,0,0,0,1,1,0,0,1,0,0,12,63,0,0,0,0,0,0,0,0,0,0,0,0,0,0,0,0,0,0,0,0,0,0,0,0,0,0,0,1,0,0,0,2,0,0,22
gen_missing_break_bug_049,data/ml/raw_snippets_generated/missing_break_in_switch/buggy/GenMissingBreakBug049.java,java,MISSING_BREAK_IN_SWITCH,0,pair_649,buggy,synthetic_generated,case falls through without break (unintentional),0,0,0,1,0,42,955,0,1.0,0,0,0,0,1,3,3,3,1,8,1,11,238,0,0,0,0,0,0,0,0,0,0,0,0,0,0,0,0,0,0,0,2,7,4,1,0,2,0,12,0,0,0,0,0,1,0,14
gen_missing_break_fix_049,data/ml/raw_snippets_generated/missing_break_in_switch/fixed/GenMissingBreakFix049.java,java,NO_ISSUE,1,pair_649,fixed,synthetic_generated,every case ends with break/return,0,0,0,0,0,43,978,0,1.0,0,0,0,0,1,3,3,3,1,8,1,11,241,0,0,0,0,0,0,0,0,0,0,0,0,0,0,0,0,0,0,0,2,7,5,0,0,2,0,12,0,0,0,0,0,1,0,14
gen_clean_generic_066,data/ml/raw_snippets_generated/clean/GenCleanGeneric066.java,java,NO_ISSUE,1,,clean,synthetic_generated,clean snippet GenCleanGeneric066,0,0,0,0,0,27,586,0,1.0,0,0,0,0,1,3,3,5,1,2,4,10,189,1,1,0,0,0,1,0,0,1,13,2,0,0,0,0,1,0,0,1,0,0,0,0,0,0,0,0,0,0,0,0,0,1,0,14
gen_while_no_update_bug_076,data/ml/raw_snippets_generated/while_variable_not_updated/buggy/GenWhileNoUpdateBug076.java,java,WHILE_VARIABLE_NOT_UPDATED,0,pair_846,buggy,synthetic_generated,no condition variable changes inside the while body (infinite loop),0,0,0,0,1,28,641,0,1.0,0,0,0,0,1,3,3,5,1,2,5,12,209,1,1,0,0,0,1,0,0,1,29,3,0,0,0,0,3,0,0,1,0,0,0,0,0,0,0,0,0,0,0,0,0,0,1,9
gen_while_no_update_fix_076,data/ml/raw_snippets_generated/while_variable_not_updated/fixed/GenWhileNoUpdateFix076.java,java,NO_ISSUE,1,pair_846,fixed,synthetic_generated,condition variable updated inside the loop body,0,0,0,0,0,29,663,0,1.0,0,0,0,0,1,3,3,5,1,2,5,12,214,1,1,0,0,0,1,0,0,1,29,3,0,0,0,0,3,0,0,1,0,0,0,0,0,0,0,0,0,0,0,0,0,1,0,14
gen_incorrect_cond_bug_070,data/ml/raw_snippets_generated/incorrect_conditional_operator/buggy/GenIncorrectConditionalBug070.java,java,INCORRECT_CONDITIONAL_OPERATOR,0,pair_330,buggy,synthetic_generated,uses assignment (=) instead of equality (==) in condition,0,1,0,0,0,7,180,0,1.0,0,0,0,0,1,1,0,0,0,1,0,11,52,0,0,0,0,0,0,0,0,0,0,1,1,0,0,0,0,0,0,0,0,0,0,0,0,0,0,0,0,0,0,0,0,0,0,0
gen_incorrect_cond_fix_070,data/ml/raw_snippets_generated/incorrect_conditional_operator/fixed/GenIncorrectConditionalFix070.java,java,NO_ISSUE,1,pair_330,fixed,synthetic_generated,uses == for comparison correctly,0,0,0,0,0,7,181,0,1.0,0,0,0,0,1,1,0,0,0,0,1,11,52,0,0,0,0,0,0,0,0,0,0,1,0,1,0,0,0,0,0,0,0,0,0,0,0,0,0,0,0,0,0,0,0,0,0,0
gen_while_no_update_bug_115,data/ml/raw_snippets_generated/while_variable_not_updated/buggy/GenWhileNoUpdateBug115.java,java,WHILE_VARIABLE_NOT_UPDATED,0,pair_885,buggy,synthetic_generated,no condition variable changes inside the while body (infinite loop),0,0,0,0,1,7,176,0,1.0,0,0,0,0,1,1,0,0,1,0,2,12,55,0,0,0,0,0,0,0,0,0,0,0,0,0,0,0,0,0,0,0,0,0,0,0,0,0,0,0,0,0,0,0,1,0,1,22
gen_while_no_update_fix_115,data/ml/raw_snippets_generated/while_variable_not_updated/fixed/GenWhileNoUpdateFix115.java,java,NO_ISSUE,1,pair_885,fixed,synthetic_generated,condition variable updated inside the loop body,0,0,0,0,0,8,198,0,1.0,0,0,0,0,1,1,0,0,1,0,2,12,60,0,0,0,0,0,0,0,0,0,0,0,0,0,0,0,0,0,0,0,0,0,0,0,0,0,0,0,0,0,0,0,1,1,0,27
gen_array_index_bug_098,data/ml/raw_snippets_generated/array_length_index_misuse/buggy/GenArrayIndexBug098.java,java,ARRAY_LENGTH_INDEX_MISUSE,0,pair_528,buggy,synthetic_generated,accesses array[array.length] directly (out of bounds),0,0,1,0,0,40,974,0,1.0,0,0,0,0,1,5,4,8,0,1,7,12,326,2,2,0,0,0,2,0,0,2,30,4,0,1,0,0,5,1,1,3,0,0,0,0,0,0,0,0,0,0,0,0,0,0,0,0
gen_array_index_fix_098,data/ml/raw_snippets_generated/array_length_index_misuse/fixed/GenArrayIndexFix098.java,java,NO_ISSUE,1,pair_528,fixed,synthetic_generated,corrected with .length - 1 as last valid index,0,0,0,0,0,40,978,0,1.0,0,0,0,0,1,5,4,8,0,1,8,12,329,2,2,0,0,0,2,0,0,2,30,4,0,1,0,0,5,0,1,3,0,0,0,0,0,0,0,0,0,0,0,0,0,0,0,0
gen_missing_break_bug_046,data/ml/raw_snippets_generated/missing_break_in_switch/buggy/GenMissingBreakBug046.java,java,MISSING_BREAK_IN_SWITCH,0,pair_646,buggy,synthetic_generated,case falls through without break (unintentional),0,0,0,1,0,31,757,0,1.0,0,0,0,0,1,2,3,2,0,6,2,12,212,1,1,0,0,0,1,0,0,1,29,1,0,0,0,0,3,0,0,1,1,5,3,1,0,1,0,12,0,0,0,0,0,0,0,0
gen_missing_break_fix_046,data/ml/raw_snippets_generated/missing_break_in_switch/fixed/GenMissingBreakFix046.java,java,NO_ISSUE,1,pair_646,fixed,synthetic_generated,every case ends with break/return,0,0,0,0,0,32,780,0,1.0,0,0,0,0,1,2,3,2,0,6,2,12,215,1,1,0,0,0,1,0,0,1,29,1,0,0,0,0,3,0,0,1,1,5,4,0,0,1,0,12,0,0,0,0,0,0,0,0
gen_clean_generic_017,data/ml/raw_snippets_generated/clean/GenCleanGeneric017.java,java,NO_ISSUE,1,,clean,synthetic_generated,clean snippet GenCleanGeneric017,0,0,0,0,0,75,1698,0,1.0,0,0,0,0,1,8,9,11,2,7,9,11,525,3,3,0,0,0,3,0,0,3,30,3,0,1,0,0,3,0,0,3,1,3,2,0,0,1,0,12,0,0,0,0,0,2,0,14
gen_clean_generic_036,data/ml/raw_snippets_generated/clean/GenCleanGeneric036.java,java,NO_ISSUE,1,,clean,synthetic_generated,clean snippet GenCleanGeneric036,0,0,0,0,0,5,113,0,1.0,0,0,0,0,1,1,0,1,0,0,2,8,34,0,0,0,0,0,0,0,0,0,0,0,0,0,0,0,0,0,0,0,0,0,0,0,0,0,0,0,0,0,0,0,0,0,0,0
gen_array_index_bug_072,data/ml/raw_snippets_generated/array_length_index_misuse/buggy/GenArrayIndexBug072.java,java,ARRAY_LENGTH_INDEX_MISUSE,0,pair_502,buggy,synthetic_generated,accesses array[array.length] directly (out of bounds),0,0,1,0,0,24,641,0,1.0,0,0,0,0,1,3,4,2,0,2,3,12,227,2,2,0,0,0,2,0,0,2,30,1,0,0,0,0,5,1,1,3,0,0,0,0,0,0,0,0,0,0,0,0,0,0,0,0
gen_array_index_fix_072,data/ml/raw_snippets_generated/array_length_index_misuse/fixed/GenArrayIndexFix072.java,java,NO_ISSUE,1,pair_502,fixed,synthetic_generated,corrected with .length - 1 as last valid index,0,0,0,0,0,24,645,0,1.0,0,0,0,0,1,3,4,2,0,2,4,12,230,2,2,0,0,0,2,0,0,2,30,1,0,0,0,0,5,0,1,3,0,0,0,0,0,0,0,0,0,0,0,0,0,0,0,0
gen_clean_generic_019,data/ml/raw_snippets_generated/clean/GenCleanGeneric019.java,java,NO_ISSUE,1,,clean,synthetic_generated,clean snippet GenCleanGeneric019,0,0,0,0,0,14,299,0,1.0,0,0,0,0,1,2,1,2,1,1,3,9,85,0,0,0,0,0,0,0,0,0,0,0,0,0,0,0,0,0,0,0,0,0,0,0,0,0,0,0,0,0,0,0,0,1,0,14
gen_incorrect_cond_bug_059,data/ml/raw_snippets_generated/incorrect_conditional_operator/buggy/GenIncorrectConditionalBug059.java,java,INCORRECT_CONDITIONAL_OPERATOR,0,pair_319,buggy,synthetic_generated,uses assignment (=) instead of equality (==) in condition,0,1,0,0,0,8,204,0,1.0,0,0,0,0,1,1,0,2,0,1,0,8,47,0,0,0,0,0,0,0,0,0,0,1,1,0,0,0,0,0,0,0,0,0,0,0,0,0,0,0,0,0,0,0,0,0,0,0
gen_incorrect_cond_fix_059,data/ml/raw_snippets_generated/incorrect_conditional_operator/fixed/GenIncorrectConditionalFix059.java,java,NO_ISSUE,1,pair_319,fixed,synthetic_generated,uses == for comparison correctly,0,0,0,0,0,8,205,0,1.0,0,0,0,0,1,1,0,2,0,0,1,8,47,0,0,0,0,0,0,0,0,0,0,1,0,1,0,0,0,0,0,0,0,0,0,0,0,0,0,0,0,0,0,0,0,0,0,0
gen_while_no_update_bug_070,data/ml/raw_snippets_generated/while_variable_not_updated/buggy/GenWhileNoUpdateBug070.java,java,WHILE_VARIABLE_NOT_UPDATED,0,pair_840,buggy,synthetic_generated,no condition variable changes inside the while body (infinite loop),0,0,0,0,1,21,470,0,1.0,0,0,0,0,1,3,1,1,1,1,1,10,148,0,0,0,0,0,0,0,0,0,0,0,0,0,0,0,0,0,0,0,0,0,0,0,0,0,0,0,0,0,0,0,0,0,1,9
gen_while_no_update_fix_070,data/ml/raw_snippets_generated/while_variable_not_updated/fixed/GenWhileNoUpdateFix070.java,java,NO_ISSUE,1,pair_840,fixed,synthetic_generated,condition variable updated inside the loop body,0,0,0,0,0,22,492,0,1.0,0,0,0,0,1,3,1,1,1,1,1,10,153,0,0,0,0,0,0,0,0,0,0,0,0,0,0,0,0,0,0,0,0,0,0,0,0,0,0,0,0,0,0,0,0,1,0,14
gen_clean_stacked_labels_020,data/ml/raw_snippets_generated/clean/GenCleanStackedLabels020.java,java,NO_ISSUE,1,,clean,synthetic_generated,clean snippet GenCleanStackedLabels020,0,0,0,0,0,23,578,0,1.0,0,0,0,0,1,2,3,2,0,2,1,11,170,1,1,0,0,0,1,0,0,1,30,0,0,0,0,0,1,0,0,1,1,3,1,0,1,1,0,12,0,0,0,0,0,0,0,0
gen_clean_generic_009,data/ml/raw_snippets_generated/clean/GenCleanGeneric009.java,java,NO_ISSUE,1,,clean,synthetic_generated,clean snippet GenCleanGeneric009,0,0,0,0,0,39,871,0,1.0,0,0,0,0,1,3,4,3,0,7,1,11,237,1,1,0,0,0,1,0,0,1,13,0,0,0,0,0,1,0,0,1,2,6,4,0,0,2,0,12,0,0,0,0,0,0,0,0
gen_clean_verbose_boolean_015,data/ml/raw_snippets_generated/clean/GenCleanVerboseBoolean015.java,java,NO_ISSUE,1,,clean,synthetic_generated,clean snippet GenCleanVerboseBoolean015,0,0,0,0,0,26,648,0,1.0,0,0,0,0,1,3,2,6,0,0,4,11,205,1,1,0,0,0,1,0,0,1,30,3,0,1,1,0,1,0,0,1,0,0,0,0,0,0,0,0,0,0,0,0,0,0,0,0
gen_clean_generic_077,data/ml/raw_snippets_generated/clean/GenCleanGeneric077.java,java,NO_ISSUE,1,,clean,synthetic_generated,clean snippet GenCleanGeneric077,0,0,0,0,0,57,1351,0,1.0,0,0,0,0,1,7,6,13,0,2,11,11,452,3,3,0,0,0,3,0,0,3,30,6,0,0,0,0,3,0,0,3,0,0,0,0,0,0,0,0,0,0,0,0,0,0,0,0
gen_clean_scanner_loop_007,data/ml/raw_snippets_generated/clean/GenCleanScannerLoop007.java,java,NO_ISSUE,1,,clean,synthetic_generated,clean snippet GenCleanScannerLoop007,0,0,0,0,0,17,433,0,1.0,0,0,0,0,1,2,2,1,1,1,2,12,151,1,1,0,0,0,1,0,0,1,29,1,0,0,0,0,3,0,0,1,0,0,0,0,0,0,0,0,1,0,0,0,2,0,0,22
gen_incorrect_cond_bug_023,data/ml/raw_snippets_generated/incorrect_conditional_operator/buggy/GenIncorrectConditionalBug023.java,java,INCORRECT_CONDITIONAL_OPERATOR,0,pair_283,buggy,synthetic_generated,uses assignment (=) instead of equality (==) in condition,0,1,0,0,0,16,356,0,1.0,0,0,0,0,1,2,1,1,1,2,1,11,103,0,0,0,0,0,0,0,0,0,0,1,1,0,0,0,0,0,0,0,0,0,0,0,0,0,0,0,0,0,0,0,0,1,0,14
gen_incorrect_cond_fix_023,data/ml/raw_snippets_generated/incorrect_conditional_operator/fixed/GenIncorrectConditionalFix023.java,java,NO_ISSUE,1,pair_283,fixed,synthetic_generated,uses == for comparison correctly,0,0,0,0,0,16,357,0,1.0,0,0,0,0,1,2,1,1,1,1,2,11,103,0,0,0,0,0,0,0,0,0,0,1,0,1,0,0,0,0,0,0,0,0,0,0,0,0,0,0,0,0,0,0,0,1,0,14
gen_clean_verbose_boolean_025,data/ml/raw_snippets_generated/clean/GenCleanVerboseBoolean025.java,java,NO_ISSUE,1,,clean,synthetic_generated,clean snippet GenCleanVerboseBoolean025,0,0,0,0,0,8,175,0,1.0,0,0,0,0,1,1,0,2,0,0,1,9,49,0,0,0,0,0,0,0,0,0,0,1,0,1,1,0,0,0,0,0,0,0,0,0,0,0,0,0,0,0,0,0,0,0,0,0
gen_missing_break_bug_154,data/ml/raw_snippets_generated/missing_break_in_switch/buggy/GenMissingBreakBug154.java,java,MISSING_BREAK_IN_SWITCH,0,pair_754,buggy,synthetic_generated,case falls through without break (unintentional),0,0,0,1,0,30,777,0,1.0,0,0,0,0,1,2,3,2,0,5,1,11,217,1,1,0,0,0,1,0,0,1,30,0,0,0,0,0,1,0,0,1,1,5,3,1,0,1,0,12,0,0,0,0,0,0,0,0
gen_missing_break_fix_154,data/ml/raw_snippets_generated/missing_break_in_switch/fixed/GenMissingBreakFix154.java,java,NO_ISSUE,1,pair_754,fixed,synthetic_generated,every case ends with break/return,0,0,0,0,0,31,800,0,1.0,0,0,0,0,1,2,3,2,0,5,1,11,220,1,1,0,0,0,1,0,0,1,30,0,0,0,0,0,1,0,0,1,1,5,4,0,0,1,0,12,0,0,0,0,0,0,0,0
gen_while_no_update_bug_107,data/ml/raw_snippets_generated/while_variable_not_updated/buggy/GenWhileNoUpdateBug107.java,java,WHILE_VARIABLE_NOT_UPDATED,0,pair_877,buggy,synthetic_generated,no condition variable changes inside the while body (infinite loop),0,0,0,0,1,8,194,0,1.0,0,0,0,0,1,1,0,0,1,0,0,10,57,0,0,0,0,0,0,0,0,0,0,0,0,0,0,0,0,0,0,0,0,0,0,0,0,0,0,0,0,0,0,0,1,0,1,21
gen_while_no_update_fix_107,data/ml/raw_snippets_generated/while_variable_not_updated/fixed/GenWhileNoUpdateFix107.java,java,NO_ISSUE,1,pair_877,fixed,synthetic_generated,condition variable updated inside the loop body,0,0,0,0,0,9,228,0,1.0,0,0,0,0,1,1,0,0,1,1,1,10,66,0,0,0,0,0,0,0,0,0,0,0,0,0,0,0,0,0,0,0,0,0,0,0,0,0,0,0,0,0,0,0,1,1,0,30
gen_incorrect_cond_bug_072,data/ml/raw_snippets_generated/incorrect_conditional_operator/buggy/GenIncorrectConditionalBug072.java,java,INCORRECT_CONDITIONAL_OPERATOR,0,pair_332,buggy,synthetic_generated,uses assignment (=) instead of equality (==) in condition,0,1,0,0,0,49,1082,0,1.0,0,0,0,0,1,5,4,7,1,6,5,12,312,1,1,0,0,0,1,0,0,1,29,3,1,1,1,0,3,0,0,1,1,3,2,0,0,1,0,12,0,0,0,0,0,1,0,14
gen_incorrect_cond_fix_072,data/ml/raw_snippets_generated/incorrect_conditional_operator/fixed/GenIncorrectConditionalFix072.java,java,NO_ISSUE,1,pair_332,fixed,synthetic_generated,uses == for comparison correctly,0,0,0,0,0,49,1083,0,1.0,0,0,0,0,1,5,4,7,1,5,6,12,312,1,1,0,0,0,1,0,0,1,29,3,0,2,1,0,3,0,0,1,1,3,2,0,0,1,0,12,0,0,0,0,0,1,0,14
gen_clean_verbose_boolean_019,data/ml/raw_snippets_generated/clean/GenCleanVerboseBoolean019.java,java,NO_ISSUE,1,,clean,synthetic_generated,clean snippet GenCleanVerboseBoolean019,0,0,0,0,0,70,1512,0,1.0,0,0,0,0,1,8,2,14,1,4,10,11,436,0,0,0,0,0,0,0,0,0,0,7,0,3,1,0,0,0,0,0,1,3,2,0,0,1,0,12,0,0,0,0,0,1,0,14
gen_missing_break_bug_127,data/ml/raw_snippets_generated/missing_break_in_switch/buggy/GenMissingBreakBug127.java,java,MISSING_BREAK_IN_SWITCH,0,pair_727,buggy,synthetic_generated,case falls through without break (unintentional),0,0,0,1,0,51,1163,0,1.0,0,0,0,0,1,5,6,4,1,7,4,12,358,2,2,0,0,0,2,0,0,2,29,1,0,0,0,0,4,0,0,2,1,4,2,1,0,1,0,12,0,0,0,0,0,1,0,14
gen_missing_break_fix_127,data/ml/raw_snippets_generated/missing_break_in_switch/fixed/GenMissingBreakFix127.java,java,NO_ISSUE,1,pair_727,fixed,synthetic_generated,every case ends with break/return,0,0,0,0,0,52,1186,0,1.0,0,0,0,0,1,5,6,4,1,7,4,12,361,2,2,0,0,0,2,0,0,2,29,1,0,0,0,0,4,0,0,2,1,4,3,0,0,1,0,12,0,0,0,0,0,1,0,14
gen_array_index_bug_080,data/ml/raw_snippets_generated/array_length_index_misuse/buggy/GenArrayIndexBug080.java,java,ARRAY_LENGTH_INDEX_MISUSE,0,pair_510,buggy,synthetic_generated,accesses array[array.length] directly (out of bounds),0,0,1,0,0,5,135,0,1.0,0,0,0,0,1,1,0,0,0,0,0,10,48,0,0,0,0,0,0,0,0,0,0,0,0,0,0,0,1,1,1,1,0,0,0,0,0,0,0,0,0,0,0,0,0,0,0,0
gen_array_index_fix_080,data/ml/raw_snippets_generated/array_length_index_misuse/fixed/GenArrayIndexFix080.java,java,NO_ISSUE,1,pair_510,fixed,synthetic_generated,corrected with .length - 1 as last valid index,0,0,0,0,0,5,139,0,1.0,0,0,0,0,1,1,0,0,0,0,1,11,51,0,0,0,0,0,0,0,0,0,0,0,0,0,0,0,1,0,1,1,0,0,0,0,0,0,0,0,0,0,0,0,0,0,0,0
gen_array_index_bug_058,data/ml/raw_snippets_generated/array_length_index_misuse/buggy/GenArrayIndexBug058.java,java,ARRAY_LENGTH_INDEX_MISUSE,0,pair_488,buggy,synthetic_generated,accesses array[array.length] directly (out of bounds),0,0,1,0,0,29,681,0,1.0,0,0,0,0,1,4,4,4,0,2,6,12,241,2,2,0,0,0,2,0,0,2,29,2,0,0,0,0,7,1,1,3,0,0,0,0,0,0,0,0,0,0,0,0,0,0,0,0
gen_array_index_fix_058,data/ml/raw_snippets_generated/array_length_index_misuse/fixed/GenArrayIndexFix058.java,java,NO_ISSUE,1,pair_488,fixed,synthetic_generated,corrected with .length - 1 as last valid index,0,0,0,0,0,29,685,0,1.0,0,0,0,0,1,4,4,4,0,2,7,12,244,2,2,0,0,0,2,0,0,2,29,2,0,0,0,0,7,0,1,3,0,0,0,0,0,0,0,0,0,0,0,0,0,0,0,0
gen_incorrect_cond_bug_157,data/ml/raw_snippets_generated/incorrect_conditional_operator/buggy/GenIncorrectConditionalBug157.java,java,INCORRECT_CONDITIONAL_OPERATOR,0,pair_417,buggy,synthetic_generated,uses assignment (=) instead of equality (==) in condition,0,1,0,0,0,8,192,0,1.0,0,0,0,0,1,1,0,2,0,1,0,9,49,0,0,0,0,0,0,0,0,0,0,1,1,0,1,0,0,0,0,0,0,0,0,0,0,0,0,0,0,0,0,0,0,0,0,0
gen_incorrect_cond_fix_157,data/ml/raw_snippets_generated/incorrect_conditional_operator/fixed/GenIncorrectConditionalFix157.java,java,NO_ISSUE,1,pair_417,fixed,synthetic_generated,uses == for comparison correctly,0,0,0,0,0,8,193,0,1.0,0,0,0,0,1,1,0,2,0,0,1,9,49,0,0,0,0,0,0,0,0,0,0,1,0,1,1,0,0,0,0,0,0,0,0,0,0,0,0,0,0,0,0,0,0,0,0,0
gen_incorrect_cond_bug_050,data/ml/raw_snippets_generated/incorrect_conditional_operator/buggy/GenIncorrectConditionalBug050.java,java,INCORRECT_CONDITIONAL_OPERATOR,0,pair_310,buggy,synthetic_generated,uses assignment (=) instead of equality (==) in condition,0,1,0,0,0,8,206,0,1.0,0,0,0,0,1,1,0,2,0,1,0,8,47,0,0,0,0,0,0,0,0,0,0,1,1,0,0,0,0,0,0,0,0,0,0,0,0,0,0,0,0,0,0,0,0,0,0,0
gen_incorrect_cond_fix_050,data/ml/raw_snippets_generated/incorrect_conditional_operator/fixed/GenIncorrectConditionalFix050.java,java,NO_ISSUE,1,pair_310,fixed,synthetic_generated,uses == for comparison correctly,0,0,0,0,0,8,207,0,1.0,0,0,0,0,1,1,0,2,0,0,1,8,47,0,0,0,0,0,0,0,0,0,0,1,0,1,0,0,0,0,0,0,0,0,0,0,0,0,0,0,0,0,0,0,0,0,0,0
gen_clean_scanner_loop_018,data/ml/raw_snippets_generated/clean/GenCleanScannerLoop018.java,java,NO_ISSUE,1,,clean,synthetic_generated,clean snippet GenCleanScannerLoop018,0,0,0,0,0,7,201,0,1.0,0,0,0,0,1,1,0,0,1,0,0,12,63,0,0,0,0,0,0,0,0,0,0,0,0,0,0,0,0,0,0,0,0,0,0,0,0,0,0,0,1,0,0,0,2,0,0,22
gen_while_no_update_bug_152,data/ml/raw_snippets_generated/while_variable_not_updated/buggy/GenWhileNoUpdateBug152.java,java,WHILE_VARIABLE_NOT_UPDATED,0,pair_922,buggy,synthetic_generated,no condition variable changes inside the while body (infinite loop),0,0,0,0,1,8,199,0,1.0,0,0,0,0,1,1,0,0,1,0,0,10,57,0,0,0,0,0,0,0,0,0,0,0,0,0,0,0,0,0,0,0,0,0,0,0,0,0,0,0,0,0,0,0,1,0,1,21
gen_while_no_update_fix_152,data/ml/raw_snippets_generated/while_variable_not_updated/fixed/GenWhileNoUpdateFix152.java,java,NO_ISSUE,1,pair_922,fixed,synthetic_generated,condition variable updated inside the loop body,0,0,0,0,0,9,234,0,1.0,0,0,0,0,1,1,0,0,1,1,1,10,66,0,0,0,0,0,0,0,0,0,0,0,0,0,0,0,0,0,0,0,0,0,0,0,0,0,0,0,0,0,0,0,1,1,0,30
gen_clean_boundary_minus_one_035,data/ml/raw_snippets_generated/clean/GenCleanBoundaryMinusOne035.java,java,NO_ISSUE,1,,clean,synthetic_generated,clean snippet GenCleanBoundaryMinusOne035,0,0,0,0,0,9,227,0,1.0,0,0,0,0,1,1,2,1,0,1,2,10,80,1,1,1,0,0,1,1,0,1,13,0,0,0,0,0,1,0,0,1,0,0,0,0,0,0,0,0,0,0,0,0,0,0,0,0
gen_off_by_one_bug_154,data/ml/raw_snippets_generated/off_by_one/buggy/GenOffByOneBug154.java,java,OFF_BY_ONE_LOOP_BOUNDARY,0,pair_244,buggy,synthetic_generated,starts from .length instead of .length - 1,1,0,0,0,0,43,1057,0,1.0,0,0,0,0,1,5,6,6,0,1,6,11,359,3,3,1,0,0,3,1,1,3,30,3,0,0,0,0,3,0,0,3,0,0,0,0,0,0,0,0,0,0,0,0,0,0,0,0
gen_off_by_one_fix_154,data/ml/raw_snippets_generated/off_by_one/fixed/GenOffByOneFix154.java,java,NO_ISSUE,1,pair_244,fixed,synthetic_generated,corrected with < length boundary,0,0,0,0,0,43,1056,0,1.0,0,0,0,0,1,5,6,6,0,1,6,11,359,3,3,0,0,0,3,0,0,3,30,3,0,0,0,0,3,0,0,3,0,0,0,0,0,0,0,0,0,0,0,0,0,0,0,0
gen_array_index_bug_163,data/ml/raw_snippets_generated/array_length_index_misuse/buggy/GenArrayIndexBug163.java,java,ARRAY_LENGTH_INDEX_MISUSE,0,pair_593,buggy,synthetic_generated,accesses array[array.length] directly (out of bounds),0,0,1,0,0,45,1015,0,1.0,0,0,0,0,1,5,5,6,0,5,5,12,320,2,2,0,0,0,2,0,0,2,29,2,0,1,0,0,5,1,1,3,1,3,2,0,0,1,0,12,0,0,0,0,0,0,0,0
gen_array_index_fix_163,data/ml/raw_snippets_generated/array_length_index_misuse/fixed/GenArrayIndexFix163.java,java,NO_ISSUE,1,pair_593,fixed,synthetic_generated,corrected with .length - 1 as last valid index,0,0,0,0,0,45,1019,0,1.0,0,0,0,0,1,5,5,6,0,5,6,12,323,2,2,0,0,0,2,0,0,2,29,2,0,1,0,0,5,0,1,3,1,3,2,0,0,1,0,12,0,0,0,0,0,0,0,0
gen_incorrect_cond_bug_036,data/ml/raw_snippets_generated/incorrect_conditional_operator/buggy/GenIncorrectConditionalBug036.java,java,INCORRECT_CONDITIONAL_OPERATOR,0,pair_296,buggy,synthetic_generated,uses assignment (=) instead of equality (==) in condition,0,1,0,0,0,25,574,0,1.0,0,0,0,0,1,3,2,5,0,2,4,12,181,1,1,0,0,0,1,0,0,1,29,3,1,1,1,0,3,0,0,1,0,0,0,0,0,0,0,0,0,0,0,0,0,0,0,0
gen_incorrect_cond_fix_036,data/ml/raw_snippets_generated/incorrect_conditional_operator/fixed/GenIncorrectConditionalFix036.java,java,NO_ISSUE,1,pair_296,fixed,synthetic_generated,uses == for comparison correctly,0,0,0,0,0,25,575,0,1.0,0,0,0,0,1,3,2,5,0,1,5,12,181,1,1,0,0,0,1,0,0,1,29,3,0,2,1,0,3,0,0,1,0,0,0,0,0,0,0,0,0,0,0,0,0,0,0,0
gen_while_no_update_bug_051,data/ml/raw_snippets_generated/while_variable_not_updated/buggy/GenWhileNoUpdateBug051.java,java,WHILE_VARIABLE_NOT_UPDATED,0,pair_821,buggy,synthetic_generated,no condition variable changes inside the while body (infinite loop),0,0,0,0,1,16,365,0,1.0,0,0,0,0,1,2,1,1,2,1,3,12,106,0,0,0,0,0,0,0,0,0,0,0,0,0,0,0,0,0,0,0,0,0,0,0,0,0,0,0,0,0,0,0,1,1,1,22
gen_while_no_update_fix_051,data/ml/raw_snippets_generated/while_variable_not_updated/fixed/GenWhileNoUpdateFix051.java,java,NO_ISSUE,1,pair_821,fixed,synthetic_generated,condition variable updated inside the loop body,0,0,0,0,0,17,386,0,1.0,0,0,0,0,1,2,1,1,2,1,3,12,111,0,0,0,0,0,0,0,0,0,0,0,0,0,0,0,0,0,0,0,0,0,0,0,0,0,0,0,0,0,0,0,1,2,0,27
gen_missing_break_bug_029,data/ml/raw_snippets_generated/missing_break_in_switch/buggy/GenMissingBreakBug029.java,java,MISSING_BREAK_IN_SWITCH,0,pair_629,buggy,synthetic_generated,case falls through without break (unintentional),0,0,0,1,0,21,510,0,1.0,0,0,0,0,1,1,1,1,0,5,0,11,124,0,0,0,0,0,0,0,0,0,0,0,0,0,0,0,0,0,0,0,1,5,3,1,0,1,0,12,0,0,0,0,0,0,0,0
gen_missing_break_fix_029,data/ml/raw_snippets_generated/missing_break_in_switch/fixed/GenMissingBreakFix029.java,java,NO_ISSUE,1,pair_629,fixed,synthetic_generated,every case ends with break/return,0,0,0,0,0,22,533,0,1.0,0,0,0,0,1,1,1,1,0,5,0,11,127,0,0,0,0,0,0,0,0,0,0,0,0,0,0,0,0,0,0,0,1,5,4,0,0,1,0,12,0,0,0,0,0,0,0,0
gen_off_by_one_bug_055,data/ml/raw_snippets_generated/off_by_one/buggy/GenOffByOneBug055.java,java,OFF_BY_ONE_LOOP_BOUNDARY,0,pair_145,buggy,synthetic_generated,starts from .length instead of .length - 1,1,0,0,0,0,16,377,0,1.0,0,0,0,0,1,2,1,3,0,0,3,11,132,1,1,1,0,0,1,1,1,1,20,2,0,0,0,0,1,0,0,1,0,0,0,0,0,0,0,0,0,0,0,0,0,0,0,0
gen_off_by_one_fix_055,data/ml/raw_snippets_generated/off_by_one/fixed/GenOffByOneFix055.java,java,NO_ISSUE,1,pair_145,fixed,synthetic_generated,corrected with < length boundary,0,0,0,0,0,16,376,0,1.0,0,0,0,0,1,2,1,3,0,0,3,11,132,1,1,0,0,0,1,0,0,1,20,2,0,0,0,0,1,0,0,1,0,0,0,0,0,0,0,0,0,0,0,0,0,0,0,0
gen_while_no_update_bug_054,data/ml/raw_snippets_generated/while_variable_not_updated/buggy/GenWhileNoUpdateBug054.java,java,WHILE_VARIABLE_NOT_UPDATED,0,pair_824,buggy,synthetic_generated,no condition variable changes inside the while body (infinite loop),0,0,0,0,1,9,201,0,1.0,0,0,0,0,1,1,1,1,1,1,1,9,60,0,0,0,0,0,0,0,0,0,0,0,0,0,0,0,0,0,0,0,0,0,0,0,0,0,0,0,0,0,0,0,0,0,1,9
gen_while_no_update_fix_054,data/ml/raw_snippets_generated/while_variable_not_updated/fixed/GenWhileNoUpdateFix054.java,java,NO_ISSUE,1,pair_824,fixed,synthetic_generated,condition variable updated inside the loop body,0,0,0,0,0,10,222,0,1.0,0,0,0,0,1,1,1,1,1,1,1,9,65,0,0,0,0,0,0,0,0,0,0,0,0,0,0,0,0,0,0,0,0,0,0,0,0,0,0,0,0,0,0,0,0,1,0,14
gen_array_index_bug_024,data/ml/raw_snippets_generated/array_length_index_misuse/buggy/GenArrayIndexBug024.java,java,ARRAY_LENGTH_INDEX_MISUSE,0,pair_454,buggy,synthetic_generated,accesses array[array.length] directly (out of bounds),0,0,1,0,0,22,585,0,1.0,0,0,0,0,1,3,4,2,0,2,2,11,207,2,2,0,0,0,2,0,0,2,30,0,0,0,0,0,3,1,1,3,0,0,0,0,0,0,0,0,0,0,0,0,0,0,0,0
gen_array_index_fix_024,data/ml/raw_snippets_generated/array_length_index_misuse/fixed/GenArrayIndexFix024.java,java,NO_ISSUE,1,pair_454,fixed,synthetic_generated,corrected with .length - 1 as last valid index,0,0,0,0,0,22,589,0,1.0,0,0,0,0,1,3,4,2,0,2,3,11,210,2,2,0,0,0,2,0,0,2,30,0,0,0,0,0,3,0,1,3,0,0,0,0,0,0,0,0,0,0,0,0,0,0,0,0
gen_clean_generic_023,data/ml/raw_snippets_generated/clean/GenCleanGeneric023.java,java,NO_ISSUE,1,,clean,synthetic_generated,clean snippet GenCleanGeneric023,0,0,0,0,0,26,600,0,1.0,0,0,0,0,1,3,4,4,0,2,5,12,209,2,2,0,0,0,2,0,0,2,29,2,0,1,0,0,4,0,0,2,0,0,0,0,0,0,0,0,0,0,0,0,0,0,0,0
gen_missing_break_bug_134,data/ml/raw_snippets_generated/missing_break_in_switch/buggy/GenMissingBreakBug134.java,java,MISSING_BREAK_IN_SWITCH,0,pair_734,buggy,synthetic_generated,case falls through without break (unintentional),0,0,0,1,0,33,753,0,1.0,0,0,0,0,1,3,2,2,1,5,1,11,202,0,0,0,0,0,0,0,0,0,0,0,0,0,0,0,0,0,0,0,1,4,2,1,0,1,0,12,0,0,0,0,0,1,0,14
gen_missing_break_fix_134,data/ml/raw_snippets_generated/missing_break_in_switch/fixed/GenMissingBreakFix134.java,java,NO_ISSUE,1,pair_734,fixed,synthetic_generated,every case ends with break/return,0,0,0,0,0,34,776,0,1.0,0,0,0,0,1,3,2,2,1,5,1,11,205,0,0,0,0,0,0,0,0,0,0,0,0,0,0,0,0,0,0,0,1,4,3,0,0,1,0,12,0,0,0,0,0,1,0,14
gen_array_index_bug_017,data/ml/raw_snippets_generated/array_length_index_misuse/buggy/GenArrayIndexBug017.java,java,ARRAY_LENGTH_INDEX_MISUSE,0,pair_447,buggy,synthetic_generated,accesses array[array.length] directly (out of bounds),0,0,1,0,0,5,122,0,1.0,0,0,0,0,1,1,0,1,0,0,0,8,40,0,0,0,0,0,0,0,0,0,0,0,0,0,0,0,1,1,1,1,0,0,0,0,0,0,0,0,0,0,0,0,0,0,0,0
gen_array_index_fix_017,data/ml/raw_snippets_generated/array_length_index_misuse/fixed/GenArrayIndexFix017.java,java,NO_ISSUE,1,pair_447,fixed,synthetic_generated,corrected with .length - 1 as last valid index,0,0,0,0,0,5,126,0,1.0,0,0,0,0,1,1,0,1,0,0,1,9,43,0,0,0,0,0,0,0,0,0,0,0,0,0,0,0,1,0,1,1,0,0,0,0,0,0,0,0,0,0,0,0,0,0,0,0
gen_clean_stacked_labels_006,data/ml/raw_snippets_generated/clean/GenCleanStackedLabels006.java,java,NO_ISSUE,1,,clean,synthetic_generated,clean snippet GenCleanStackedLabels006,0,0,0,0,0,62,1378,0,1.0,0,0,0,0,1,6,4,10,0,6,8,12,396,1,1,0,0,0,1,0,0,1,29,5,0,2,0,0,3,0,0,1,2,6,3,0,1,2,0,12,0,0,0,0,0,0,0,0
gen_while_no_update_bug_131,data/ml/raw_snippets_generated/while_variable_not_updated/buggy/GenWhileNoUpdateBug131.java,java,WHILE_VARIABLE_NOT_UPDATED,0,pair_901,buggy,synthetic_generated,no condition variable changes inside the while body (infinite loop),0,0,0,0,1,7,173,0,1.0,0,0,0,0,1,1,0,0,1,0,2,12,55,0,0,0,0,0,0,0,0,0,0,0,0,0,0,0,0,0,0,0,0,0,0,0,0,0,0,0,0,0,0,0,1,0,1,22
gen_while_no_update_fix_131,data/ml/raw_snippets_generated/while_variable_not_updated/fixed/GenWhileNoUpdateFix131.java,java,NO_ISSUE,1,pair_901,fixed,synthetic_generated,condition variable updated inside the loop body,0,0,0,0,0,8,194,0,1.0,0,0,0,0,1,1,0,0,1,0,2,12,60,0,0,0,0,0,0,0,0,0,0,0,0,0,0,0,0,0,0,0,0,0,0,0,0,0,0,0,0,0,0,0,1,1,0,27
gen_while_no_update_bug_017,data/ml/raw_snippets_generated/while_variable_not_updated/buggy/GenWhileNoUpdateBug017.java,java,WHILE_VARIABLE_NOT_UPDATED,0,pair_787,buggy,synthetic_generated,no condition variable changes inside the while body (infinite loop),0,0,0,0,1,9,203,0,1.0,0,0,0,0,1,1,1,1,1,1,1,9,60,0,0,0,0,0,0,0,0,0,0,0,0,0,0,0,0,0,0,0,0,0,0,0,0,0,0,0,0,0,0,0,0,0,1,9
gen_while_no_update_fix_017,data/ml/raw_snippets_generated/while_variable_not_updated/fixed/GenWhileNoUpdateFix017.java,java,NO_ISSUE,1,pair_787,fixed,synthetic_generated,condition variable updated inside the loop body,0,0,0,0,0,10,224,0,1.0,0,0,0,0,1,1,1,1,1,1,1,9,65,0,0,0,0,0,0,0,0,0,0,0,0,0,0,0,0,0,0,0,0,0,0,0,0,0,0,0,0,0,0,0,0,1,0,14
gen_off_by_one_bug_043,data/ml/raw_snippets_generated/off_by_one/buggy/GenOffByOneBug043.java,java,OFF_BY_ONE_LOOP_BOUNDARY,0,pair_133,buggy,synthetic_generated,starts from .length instead of .length - 1,1,0,0,0,0,23,525,0,1.0,0,0,0,0,1,3,4,3,0,2,5,12,190,2,2,1,0,0,2,1,1,2,29,1,0,0,0,0,4,0,0,2,0,0,0,0,0,0,0,0,0,0,0,0,0,0,0,0
gen_off_by_one_fix_043,data/ml/raw_snippets_generated/off_by_one/fixed/GenOffByOneFix043.java,java,NO_ISSUE,1,pair_133,fixed,synthetic_generated,corrected with < length boundary,0,0,0,0,0,23,524,0,1.0,0,0,0,0,1,3,4,3,0,2,5,12,190,2,2,0,0,0,2,0,0,2,29,1,0,0,0,0,4,0,0,2,0,0,0,0,0,0,0,0,0,0,0,0,0,0,0,0
gen_missing_break_bug_155,data/ml/raw_snippets_generated/missing_break_in_switch/buggy/GenMissingBreakBug155.java,java,MISSING_BREAK_IN_SWITCH,0,pair_755,buggy,synthetic_generated,case falls through without break (unintentional),0,0,0,1,0,18,437,0,1.0,0,0,0,0,1,1,1,1,0,4,0,11,107,0,0,0,0,0,0,0,0,0,0,0,0,0,0,0,0,0,0,0,1,4,2,1,0,1,0,12,0,0,0,0,0,0,0,0
gen_missing_break_fix_155,data/ml/raw_snippets_generated/missing_break_in_switch/fixed/GenMissingBreakFix155.java,java,NO_ISSUE,1,pair_755,fixed,synthetic_generated,every case ends with break/return,0,0,0,0,0,19,460,0,1.0,0,0,0,0,1,1,1,1,0,4,0,11,110,0,0,0,0,0,0,0,0,0,0,0,0,0,0,0,0,0,0,0,1,4,3,0,0,1,0,12,0,0,0,0,0,0,0,0
gen_clean_generic_031,data/ml/raw_snippets_generated/clean/GenCleanGeneric031.java,java,NO_ISSUE,1,,clean,synthetic_generated,clean snippet GenCleanGeneric031,0,0,0,0,0,25,567,0,1.0,0,0,0,0,1,2,1,4,0,3,2,11,150,0,0,0,0,0,0,0,0,0,0,2,0,0,0,0,0,0,0,0,1,3,2,0,0,1,0,12,0,0,0,0,0,0,0,0
gen_clean_boundary_minus_one_004,data/ml/raw_snippets_generated/clean/GenCleanBoundaryMinusOne004.java,java,NO_ISSUE,1,,clean,synthetic_generated,clean snippet GenCleanBoundaryMinusOne004,0,0,0,0,0,24,556,0,1.0,0,0,0,0,1,3,4,4,0,2,5,10,192,2,2,1,0,0,2,1,0,2,13,1,0,1,0,0,2,0,0,2,0,0,0,0,0,0,0,0,0,0,0,0,0,0,0,0
gen_incorrect_cond_bug_047,data/ml/raw_snippets_generated/incorrect_conditional_operator/buggy/GenIncorrectConditionalBug047.java,java,INCORRECT_CONDITIONAL_OPERATOR,0,pair_307,buggy,synthetic_generated,uses assignment (=) instead of equality (==) in condition,0,1,0,0,0,16,368,0,1.0,0,0,0,0,1,2,2,3,0,2,1,10,117,1,1,0,0,0,1,0,0,1,13,1,1,0,1,0,1,0,0,1,0,0,0,0,0,0,0,0,0,0,0,0,0,0,0,0
gen_incorrect_cond_fix_047,data/ml/raw_snippets_generated/incorrect_conditional_operator/fixed/GenIncorrectConditionalFix047.java,java,NO_ISSUE,1,pair_307,fixed,synthetic_generated,uses == for comparison correctly,0,0,0,0,0,16,369,0,1.0,0,0,0,0,1,2,2,3,0,1,2,10,117,1,1,0,0,0,1,0,0,1,13,1,0,1,1,0,1,0,0,1,0,0,0,0,0,0,0,0,0,0,0,0,0,0,0,0
gen_clean_stacked_labels_018,data/ml/raw_snippets_generated/clean/GenCleanStackedLabels018.java,java,NO_ISSUE,1,,clean,synthetic_generated,clean snippet GenCleanStackedLabels018,0,0,0,0,0,38,840,0,1.0,0,0,0,0,1,3,2,5,0,5,2,11,218,0,0,0,0,0,0,0,0,0,0,2,0,0,0,0,0,0,0,0,2,6,3,0,1,2,0,12,0,0,0,0,0,0,0,0
gen_missing_break_bug_112,data/ml/raw_snippets_generated/missing_break_in_switch/buggy/GenMissingBreakBug112.java,java,MISSING_BREAK_IN_SWITCH,0,pair_712,buggy,synthetic_generated,case falls through without break (unintentional),0,0,0,1,0,54,1249,0,1.0,0,0,0,0,1,3,3,3,0,12,0,11,301,0,0,0,0,0,0,0,0,0,0,0,0,0,0,0,0,0,0,0,3,12,8,1,0,3,0,12,0,0,0,0,0,0,0,0
gen_missing_break_fix_112,data/ml/raw_snippets_generated/missing_break_in_switch/fixed/GenMissingBreakFix112.java,java,NO_ISSUE,1,pair_712,fixed,synthetic_generated,every case ends with break/return,0,0,0,0,0,55,1272,0,1.0,0,0,0,0,1,3,3,3,0,12,0,11,304,0,0,0,0,0,0,0,0,0,0,0,0,0,0,0,0,0,0,0,3,12,9,0,0,3,0,12,0,0,0,0,0,0,0,0
gen_array_index_bug_083,data/ml/raw_snippets_generated/array_length_index_misuse/buggy/GenArrayIndexBug083.java,java,ARRAY_LENGTH_INDEX_MISUSE,0,pair_513,buggy,synthetic_generated,accesses array[array.length] directly (out of bounds),0,0,1,0,0,5,135,0,1.0,0,0,0,0,1,1,0,0,0,1,0,9,46,0,0,0,0,0,0,0,0,0,0,0,0,0,0,0,1,1,1,1,0,0,0,0,0,0,0,0,0,0,0,0,0,0,0,0
gen_array_index_fix_083,data/ml/raw_snippets_generated/array_length_index_misuse/fixed/GenArrayIndexFix083.java,java,NO_ISSUE,1,pair_513,fixed,synthetic_generated,corrected with .length - 1 as last valid index,0,0,0,0,0,5,139,0,1.0,0,0,0,0,1,1,0,0,0,1,1,10,49,0,0,0,0,0,0,0,0,0,0,0,0,0,0,0,1,0,1,1,0,0,0,0,0,0,0,0,0,0,0,0,0,0,0,0
gen_clean_generic_092,data/ml/raw_snippets_generated/clean/GenCleanGeneric092.java,java,NO_ISSUE,1,,clean,synthetic_generated,clean snippet GenCleanGeneric092,0,0,0,0,0,11,282,0,1.0,0,0,0,0,1,1,2,1,0,1,2,12,97,1,1,0,0,0,1,0,0,1,29,1,0,0,0,0,3,0,0,1,0,0,0,0,0,0,0,0,0,0,0,0,0,0,0,0
gen_while_no_update_bug_129,data/ml/raw_snippets_generated/while_variable_not_updated/buggy/GenWhileNoUpdateBug129.java,java,WHILE_VARIABLE_NOT_UPDATED,0,pair_899,buggy,synthetic_generated,no condition variable changes inside the while body (infinite loop),0,0,0,0,1,8,188,0,1.0,0,0,0,0,1,1,0,0,1,0,0,10,57,0,0,0,0,0,0,0,0,0,0,0,0,0,0,0,0,0,0,0,0,0,0,0,0,0,0,0,0,0,0,0,1,0,1,21
gen_while_no_update_fix_129,data/ml/raw_snippets_generated/while_variable_not_updated/fixed/GenWhileNoUpdateFix129.java,java,NO_ISSUE,1,pair_899,fixed,synthetic_generated,condition variable updated inside the loop body,0,0,0,0,0,9,219,0,1.0,0,0,0,0,1,1,0,0,1,1,1,10,66,0,0,0,0,0,0,0,0,0,0,0,0,0,0,0,0,0,0,0,0,0,0,0,0,0,0,0,0,0,0,0,1,1,0,30
gen_while_no_update_bug_093,data/ml/raw_snippets_generated/while_variable_not_updated/buggy/GenWhileNoUpdateBug093.java,java,WHILE_VARIABLE_NOT_UPDATED,0,pair_863,buggy,synthetic_generated,no condition variable changes inside the while body (infinite loop),0,0,0,0,1,40,853,0,1.0,0,0,0,0,1,6,4,5,2,3,7,10,273,1,1,0,0,0,1,0,0,1,13,0,0,0,0,0,1,0,0,1,0,0,0,0,0,0,0,0,0,0,0,0,0,1,1,14
gen_while_no_update_fix_093,data/ml/raw_snippets_generated/while_variable_not_updated/fixed/GenWhileNoUpdateFix093.java,java,NO_ISSUE,1,pair_863,fixed,synthetic_generated,condition variable updated inside the loop body,0,0,0,0,0,41,874,0,1.0,0,0,0,0,1,6,4,5,2,3,7,10,278,1,1,0,0,0,1,0,0,1,13,0,0,0,0,0,1,0,0,1,0,0,0,0,0,0,0,0,0,0,0,0,0,2,0,14
gen_clean_scanner_loop_013,data/ml/raw_snippets_generated/clean/GenCleanScannerLoop013.java,java,NO_ISSUE,1,,clean,synthetic_generated,clean snippet GenCleanScannerLoop013,0,0,0,0,0,7,201,0,1.0,0,0,0,0,1,1,0,0,1,0,0,12,63,0,0,0,0,0,0,0,0,0,0,0,0,0,0,0,0,0,0,0,0,0,0,0,0,0,0,0,1,0,0,0,2,0,0,22
gen_clean_generic_026,data/ml/raw_snippets_generated/clean/GenCleanGeneric026.java,java,NO_ISSUE,1,,clean,synthetic_generated,clean snippet GenCleanGeneric026,0,0,0,0,0,10,302,0,1.0,0,0,0,0,1,1,2,1,0,0,1,11,102,1,1,0,0,0,1,0,0,1,30,0,0,0,0,0,1,0,0,1,0,0,0,0,0,0,0,0,0,0,0,0,0,0,0,0
gen_incorrect_cond_bug_111,data/ml/raw_snippets_generated/incorrect_conditional_operator/buggy/GenIncorrectConditionalBug111.java,java,INCORRECT_CONDITIONAL_OPERATOR,0,pair_371,buggy,synthetic_generated,uses assignment (=) instead of equality (==) in condition,0,1,0,0,0,17,369,0,1.0,0,0,0,0,1,2,1,3,1,2,1,9,100,0,0,0,0,0,0,0,0,0,0,1,1,0,1,0,0,0,0,0,0,0,0,0,0,0,0,0,0,0,0,0,0,1,0,14
gen_incorrect_cond_fix_111,data/ml/raw_snippets_generated/incorrect_conditional_operator/fixed/GenIncorrectConditionalFix111.java,java,NO_ISSUE,1,pair_371,fixed,synthetic_generated,uses == for comparison correctly,0,0,0,0,0,17,370,0,1.0,0,0,0,0,1,2,1,3,1,1,2,9,100,0,0,0,0,0,0,0,0,0,0,1,0,1,1,0,0,0,0,0,0,0,0,0,0,0,0,0,0,0,0,0,0,1,0,14
gen_incorrect_cond_bug_144,data/ml/raw_snippets_generated/incorrect_conditional_operator/buggy/GenIncorrectConditionalBug144.java,java,INCORRECT_CONDITIONAL_OPERATOR,0,pair_404,buggy,synthetic_generated,uses assignment (=) instead of equality (==) in condition,0,1,0,0,0,54,1270,0,1.0,0,0,0,0,1,5,4,7,0,7,3,11,344,1,1,0,0,0,1,0,0,1,30,2,1,1,0,0,1,0,0,1,2,6,4,0,0,2,0,12,0,0,0,0,0,0,0,0
gen_incorrect_cond_fix_144,data/ml/raw_snippets_generated/incorrect_conditional_operator/fixed/GenIncorrectConditionalFix144.java,java,NO_ISSUE,1,pair_404,fixed,synthetic_generated,uses == for comparison correctly,0,0,0,0,0,54,1271,0,1.0,0,0,0,0,1,5,4,7,0,6,4,11,344,1,1,0,0,0,1,0,0,1,30,2,0,2,0,0,1,0,0,1,2,6,4,0,0,2,0,12,0,0,0,0,0,0,0,0
gen_array_index_bug_129,data/ml/raw_snippets_generated/array_length_index_misuse/buggy/GenArrayIndexBug129.java,java,ARRAY_LENGTH_INDEX_MISUSE,0,pair_559,buggy,synthetic_generated,accesses array[array.length] directly (out of bounds),0,0,1,0,0,12,265,0,1.0,0,0,0,0,1,2,0,3,0,0,2,9,84,0,0,0,0,0,0,0,0,0,0,1,0,1,0,0,1,1,1,1,0,0,0,0,0,0,0,0,0,0,0,0,0,0,0,0
gen_array_index_fix_129,data/ml/raw_snippets_generated/array_length_index_misuse/fixed/GenArrayIndexFix129.java,java,NO_ISSUE,1,pair_559,fixed,synthetic_generated,corrected with .length - 1 as last valid index,0,0,0,0,0,12,269,0,1.0,0,0,0,0,1,2,0,3,0,0,3,9,87,0,0,0,0,0,0,0,0,0,0,1,0,1,0,0,1,0,1,1,0,0,0,0,0,0,0,0,0,0,0,0,0,0,0,0
gen_clean_fall_through_017,data/ml/raw_snippets_generated/clean/GenCleanFallThrough017.java,java,NO_ISSUE,1,,clean,synthetic_generated,clean snippet GenCleanFallThrough017,0,0,0,0,0,25,709,0,1.0,0,0,0,0,1,2,2,1,0,1,1,12,189,1,1,0,0,0,1,0,0,1,13,0,0,0,0,0,1,0,0,1,1,4,1,2,0,1,2,19,0,0,0,0,0,0,0,0
gen_array_index_bug_155,data/ml/raw_snippets_generated/array_length_index_misuse/buggy/GenArrayIndexBug155.java,java,ARRAY_LENGTH_INDEX_MISUSE,0,pair_585,buggy,synthetic_generated,accesses array[array.length] directly (out of bounds),0,0,1,0,0,18,397,0,1.0,0,0,0,0,1,3,0,3,0,0,2,10,128,0,0,0,0,0,0,0,0,0,0,1,0,1,0,0,1,1,1,1,0,0,0,0,0,0,0,0,0,0,0,0,0,0,0,0
gen_array_index_fix_155,data/ml/raw_snippets_generated/array_length_index_misuse/fixed/GenArrayIndexFix155.java,java,NO_ISSUE,1,pair_585,fixed,synthetic_generated,corrected with .length - 1 as last valid index,0,0,0,0,0,18,401,0,1.0,0,0,0,0,1,3,0,3,0,0,3,10,131,0,0,0,0,0,0,0,0,0,0,1,0,1,0,0,1,0,1,1,0,0,0,0,0,0,0,0,0,0,0,0,0,0,0,0
gen_missing_break_bug_052,data/ml/raw_snippets_generated/missing_break_in_switch/buggy/GenMissingBreakBug052.java,java,MISSING_BREAK_IN_SWITCH,0,pair_652,buggy,synthetic_generated,case falls through without break (unintentional),0,0,0,1,0,24,588,0,1.0,0,0,0,0,1,1,1,1,0,6,0,11,141,0,0,0,0,0,0,0,0,0,0,0,0,0,0,0,0,0,0,0,1,6,4,1,0,1,0,12,0,0,0,0,0,0,0,0
gen_missing_break_fix_052,data/ml/raw_snippets_generated/missing_break_in_switch/fixed/GenMissingBreakFix052.java,java,NO_ISSUE,1,pair_652,fixed,synthetic_generated,every case ends with break/return,0,0,0,0,0,25,611,0,1.0,0,0,0,0,1,1,1,1,0,6,0,11,144,0,0,0,0,0,0,0,0,0,0,0,0,0,0,0,0,0,0,0,1,6,5,0,0,1,0,12,0,0,0,0,0,0,0,0
gen_while_no_update_bug_063,data/ml/raw_snippets_generated/while_variable_not_updated/buggy/GenWhileNoUpdateBug063.java,java,WHILE_VARIABLE_NOT_UPDATED,0,pair_833,buggy,synthetic_generated,no condition variable changes inside the while body (infinite loop),0,0,0,0,1,36,807,0,1.0,0,0,0,0,1,5,0,7,1,0,6,10,252,0,0,0,0,0,0,0,0,0,0,4,0,0,0,0,0,0,0,0,0,0,0,0,0,0,0,0,0,0,0,0,1,0,1,21
gen_while_no_update_fix_063,data/ml/raw_snippets_generated/while_variable_not_updated/fixed/GenWhileNoUpdateFix063.java,java,NO_ISSUE,1,pair_833,fixed,synthetic_generated,condition variable updated inside the loop body,0,0,0,0,0,37,839,0,1.0,0,0,0,0,1,5,0,7,1,1,7,10,261,0,0,0,0,0,0,0,0,0,0,4,0,0,0,0,0,0,0,0,0,0,0,0,0,0,0,0,0,0,0,0,1,1,0,30
gen_clean_generic_011,data/ml/raw_snippets_generated/clean/GenCleanGeneric011.java,java,NO_ISSUE,1,,clean,synthetic_generated,clean snippet GenCleanGeneric011,0,0,0,0,0,25,543,0,1.0,0,0,0,0,1,2,2,2,1,4,1,11,140,0,0,0,0,0,0,0,0,0,0,0,0,0,0,0,0,0,0,0,1,3,2,0,0,1,0,12,0,0,0,0,0,1,0,14
gen_missing_break_bug_040,data/ml/raw_snippets_generated/missing_break_in_switch/buggy/GenMissingBreakBug040.java,java,MISSING_BREAK_IN_SWITCH,0,pair_640,buggy,synthetic_generated,case falls through without break (unintentional),0,0,0,1,0,21,507,0,1.0,0,0,0,0,1,1,1,1,0,5,0,11,124,0,0,0,0,0,0,0,0,0,0,0,0,0,0,0,0,0,0,0,1,5,3,1,0,1,0,12,0,0,0,0,0,0,0,0
gen_missing_break_fix_040,data/ml/raw_snippets_generated/missing_break_in_switch/fixed/GenMissingBreakFix040.java,java,NO_ISSUE,1,pair_640,fixed,synthetic_generated,every case ends with break/return,0,0,0,0,0,22,530,0,1.0,0,0,0,0,1,1,1,1,0,5,0,11,127,0,0,0,0,0,0,0,0,0,0,0,0,0,0,0,0,0,0,0,1,5,4,0,0,1,0,12,0,0,0,0,0,0,0,0
gen_incorrect_cond_bug_004,data/ml/raw_snippets_generated/incorrect_conditional_operator/buggy/GenIncorrectConditionalBug004.java,java,INCORRECT_CONDITIONAL_OPERATOR,0,pair_264,buggy,synthetic_generated,uses assignment (=) instead of equality (==) in condition,0,1,0,0,0,27,628,0,1.0,0,0,0,0,1,3,2,6,0,2,4,12,200,1,1,0,0,0,1,0,0,1,29,4,1,0,1,0,3,0,0,1,0,0,0,0,0,0,0,0,0,0,0,0,0,0,0,0
gen_incorrect_cond_fix_004,data/ml/raw_snippets_generated/incorrect_conditional_operator/fixed/GenIncorrectConditionalFix004.java,java,NO_ISSUE,1,pair_264,fixed,synthetic_generated,uses == for comparison correctly,0,0,0,0,0,27,629,0,1.0,0,0,0,0,1,3,2,6,0,1,5,12,200,1,1,0,0,0,1,0,0,1,29,4,0,1,1,0,3,0,0,1,0,0,0,0,0,0,0,0,0,0,0,0,0,0,0,0
gen_missing_break_bug_030,data/ml/raw_snippets_generated/missing_break_in_switch/buggy/GenMissingBreakBug030.java,java,MISSING_BREAK_IN_SWITCH,0,pair_630,buggy,synthetic_generated,case falls through without break (unintentional),0,0,0,1,0,21,506,0,1.0,0,0,0,0,1,1,1,1,0,5,0,11,124,0,0,0,0,0,0,0,0,0,0,0,0,0,0,0,0,0,0,0,1,5,3,1,0,1,0,12,0,0,0,0,0,0,0,0
gen_missing_break_fix_030,data/ml/raw_snippets_generated/missing_break_in_switch/fixed/GenMissingBreakFix030.java,java,NO_ISSUE,1,pair_630,fixed,synthetic_generated,every case ends with break/return,0,0,0,0,0,22,529,0,1.0,0,0,0,0,1,1,1,1,0,5,0,11,127,0,0,0,0,0,0,0,0,0,0,0,0,0,0,0,0,0,0,0,1,5,4,0,0,1,0,12,0,0,0,0,0,0,0,0
gen_clean_verbose_boolean_030,data/ml/raw_snippets_generated/clean/GenCleanVerboseBoolean030.java,java,NO_ISSUE,1,,clean,synthetic_generated,clean snippet GenCleanVerboseBoolean030,0,0,0,0,0,23,490,0,1.0,0,0,0,0,1,3,1,3,1,1,2,10,144,0,0,0,0,0,0,0,0,0,0,1,0,1,1,0,0,0,0,0,0,0,0,0,0,0,0,0,0,0,0,0,0,1,0,14
gen_while_no_update_bug_045,data/ml/raw_snippets_generated/while_variable_not_updated/buggy/GenWhileNoUpdateBug045.java,java,WHILE_VARIABLE_NOT_UPDATED,0,pair_815,buggy,synthetic_generated,no condition variable changes inside the while body (infinite loop),0,0,0,0,1,8,194,0,1.0,0,0,0,0,1,1,0,0,1,0,0,10,57,0,0,0,0,0,0,0,0,0,0,0,0,0,0,0,0,0,0,0,0,0,0,0,0,0,0,0,0,0,0,0,1,0,1,21
gen_while_no_update_fix_045,data/ml/raw_snippets_generated/while_variable_not_updated/fixed/GenWhileNoUpdateFix045.java,java,NO_ISSUE,1,pair_815,fixed,synthetic_generated,condition variable updated inside the loop body,0,0,0,0,0,9,228,0,1.0,0,0,0,0,1,1,0,0,1,1,1,10,66,0,0,0,0,0,0,0,0,0,0,0,0,0,0,0,0,0,0,0,0,0,0,0,0,0,0,0,0,0,0,0,1,1,0,30
gen_clean_generic_040,data/ml/raw_snippets_generated/clean/GenCleanGeneric040.java,java,NO_ISSUE,1,,clean,synthetic_generated,clean snippet GenCleanGeneric040,0,0,0,0,0,23,584,0,1.0,0,0,0,0,1,3,2,5,0,0,5,11,190,1,1,0,0,0,1,0,0,1,30,2,0,0,0,0,1,0,0,1,0,0,0,0,0,0,0,0,0,0,0,0,0,0,0,0
gen_clean_tail_index_003,data/ml/raw_snippets_generated/clean/GenCleanTailIndex003.java,java,NO_ISSUE,1,,clean,synthetic_generated,clean snippet GenCleanTailIndex003,0,0,0,0,0,49,1076,0,1.0,0,0,0,0,1,6,4,9,2,3,9,12,338,1,1,0,0,0,1,0,0,1,29,4,0,1,0,0,4,0,1,2,0,0,0,0,0,0,0,0,0,0,0,0,0,2,0,14
gen_incorrect_cond_bug_138,data/ml/raw_snippets_generated/incorrect_conditional_operator/buggy/GenIncorrectConditionalBug138.java,java,INCORRECT_CONDITIONAL_OPERATOR,0,pair_398,buggy,synthetic_generated,uses assignment (=) instead of equality (==) in condition,0,1,0,0,0,8,188,0,1.0,0,0,0,0,1,1,0,2,0,1,0,9,49,0,0,0,0,0,0,0,0,0,0,1,1,0,1,0,0,0,0,0,0,0,0,0,0,0,0,0,0,0,0,0,0,0,0,0
gen_incorrect_cond_fix_138,data/ml/raw_snippets_generated/incorrect_conditional_operator/fixed/GenIncorrectConditionalFix138.java,java,NO_ISSUE,1,pair_398,fixed,synthetic_generated,uses == for comparison correctly,0,0,0,0,0,8,189,0,1.0,0,0,0,0,1,1,0,2,0,0,1,9,49,0,0,0,0,0,0,0,0,0,0,1,0,1,1,0,0,0,0,0,0,0,0,0,0,0,0,0,0,0,0,0,0,0,0,0
gen_incorrect_cond_bug_060,data/ml/raw_snippets_generated/incorrect_conditional_operator/buggy/GenIncorrectConditionalBug060.java,java,INCORRECT_CONDITIONAL_OPERATOR,0,pair_320,buggy,synthetic_generated,uses assignment (=) instead of equality (==) in condition,0,1,0,0,0,8,188,0,1.0,0,0,0,0,1,1,0,2,0,1,0,9,49,0,0,0,0,0,0,0,0,0,0,1,1,0,1,0,0,0,0,0,0,0,0,0,0,0,0,0,0,0,0,0,0,0,0,0
gen_incorrect_cond_fix_060,data/ml/raw_snippets_generated/incorrect_conditional_operator/fixed/GenIncorrectConditionalFix060.java,java,NO_ISSUE,1,pair_320,fixed,synthetic_generated,uses == for comparison correctly,0,0,0,0,0,8,189,0,1.0,0,0,0,0,1,1,0,2,0,0,1,9,49,0,0,0,0,0,0,0,0,0,0,1,0,1,1,0,0,0,0,0,0,0,0,0,0,0,0,0,0,0,0,0,0,0,0,0
gen_while_no_update_bug_153,data/ml/raw_snippets_generated/while_variable_not_updated/buggy/GenWhileNoUpdateBug153.java,java,WHILE_VARIABLE_NOT_UPDATED,0,pair_923,buggy,synthetic_generated,no condition variable changes inside the while body (infinite loop),0,0,0,0,1,15,350,0,1.0,0,0,0,0,1,2,2,1,1,1,3,12,123,1,1,0,0,0,1,0,0,1,13,0,0,0,0,0,1,0,0,1,0,0,0,0,0,0,0,0,0,0,0,0,1,0,1,22
gen_while_no_update_fix_153,data/ml/raw_snippets_generated/while_variable_not_updated/fixed/GenWhileNoUpdateFix153.java,java,NO_ISSUE,1,pair_923,fixed,synthetic_generated,condition variable updated inside the loop body,0,0,0,0,0,16,371,0,1.0,0,0,0,0,1,2,2,1,1,1,3,12,128,1,1,0,0,0,1,0,0,1,13,0,0,0,0,0,1,0,0,1,0,0,0,0,0,0,0,0,0,0,0,0,1,1,0,27
gen_clean_generic_116,data/ml/raw_snippets_generated/clean/GenCleanGeneric116.java,java,NO_ISSUE,1,,clean,synthetic_generated,clean snippet GenCleanGeneric116,0,0,0,0,0,9,215,0,1.0,0,0,0,0,1,1,2,1,0,1,1,10,77,1,1,0,0,0,1,0,0,1,13,0,0,0,0,0,1,0,0,1,0,0,0,0,0,0,0,0,0,0,0,0,0,0,0,0
gen_missing_break_bug_023,data/ml/raw_snippets_generated/missing_break_in_switch/buggy/GenMissingBreakBug023.java,java,MISSING_BREAK_IN_SWITCH,0,pair_623,buggy,synthetic_generated,case falls through without break (unintentional),0,0,0,1,0,30,691,0,1.0,0,0,0,0,1,2,2,2,1,6,1,11,175,0,0,0,0,0,0,0,0,0,0,0,0,0,0,0,0,0,0,0,1,5,3,1,0,1,0,12,0,0,0,0,0,1,0,14
gen_missing_break_fix_023,data/ml/raw_snippets_generated/missing_break_in_switch/fixed/GenMissingBreakFix023.java,java,NO_ISSUE,1,pair_623,fixed,synthetic_generated,every case ends with break/return,0,0,0,0,0,31,714,0,1.0,0,0,0,0,1,2,2,2,1,6,1,11,178,0,0,0,0,0,0,0,0,0,0,0,0,0,0,0,0,0,0,0,1,5,4,0,0,1,0,12,0,0,0,0,0,1,0,14
gen_while_no_update_bug_068,data/ml/raw_snippets_generated/while_variable_not_updated/buggy/GenWhileNoUpdateBug068.java,java,WHILE_VARIABLE_NOT_UPDATED,0,pair_838,buggy,synthetic_generated,no condition variable changes inside the while body (infinite loop),0,0,0,0,1,23,514,0,1.0,0,0,0,0,1,3,2,3,1,1,3,10,169,1,1,0,0,0,1,0,0,1,13,1,0,1,0,0,1,0,0,1,0,0,0,0,0,0,0,0,0,0,0,0,1,0,1,21
gen_while_no_update_fix_068,data/ml/raw_snippets_generated/while_variable_not_updated/fixed/GenWhileNoUpdateFix068.java,java,NO_ISSUE,1,pair_838,fixed,synthetic_generated,condition variable updated inside the loop body,0,0,0,0,0,24,545,0,1.0,0,0,0,0,1,3,2,3,1,2,4,10,178,1,1,0,0,0,1,0,0,1,13,1,0,1,0,0,1,0,0,1,0,0,0,0,0,0,0,0,0,0,0,0,1,1,0,30
gen_array_index_bug_075,data/ml/raw_snippets_generated/array_length_index_misuse/buggy/GenArrayIndexBug075.java,java,ARRAY_LENGTH_INDEX_MISUSE,0,pair_505,buggy,synthetic_generated,accesses array[array.length] directly (out of bounds),0,0,1,0,0,14,402,0,1.0,0,0,0,0,1,2,2,1,0,0,1,11,141,1,1,0,0,0,1,0,0,1,30,0,0,0,0,0,2,1,1,2,0,0,0,0,0,0,0,0,0,0,0,0,0,0,0,0
gen_array_index_fix_075,data/ml/raw_snippets_generated/array_length_index_misuse/fixed/GenArrayIndexFix075.java,java,NO_ISSUE,1,pair_505,fixed,synthetic_generated,corrected with .length - 1 as last valid index,0,0,0,0,0,14,406,0,1.0,0,0,0,0,1,2,2,1,0,0,2,11,144,1,1,0,0,0,1,0,0,1,30,0,0,0,0,0,2,0,1,2,0,0,0,0,0,0,0,0,0,0,0,0,0,0,0,0
gen_incorrect_cond_bug_039,data/ml/raw_snippets_generated/incorrect_conditional_operator/buggy/GenIncorrectConditionalBug039.java,java,INCORRECT_CONDITIONAL_OPERATOR,0,pair_299,buggy,synthetic_generated,uses assignment (=) instead of equality (==) in condition,0,1,0,0,0,21,492,0,1.0,0,0,0,0,1,3,2,1,0,2,1,11,164,1,1,0,0,0,1,0,0,1,13,1,1,0,0,0,1,0,0,1,0,0,0,0,0,0,0,0,0,0,0,0,0,0,0,0
gen_incorrect_cond_fix_039,data/ml/raw_snippets_generated/incorrect_conditional_operator/fixed/GenIncorrectConditionalFix039.java,java,NO_ISSUE,1,pair_299,fixed,synthetic_generated,uses == for comparison correctly,0,0,0,0,0,21,493,0,1.0,0,0,0,0,1,3,2,1,0,1,2,11,164,1,1,0,0,0,1,0,0,1,13,1,0,1,0,0,1,0,0,1,0,0,0,0,0,0,0,0,0,0,0,0,0,0,0,0
gen_clean_tail_index_017,data/ml/raw_snippets_generated/clean/GenCleanTailIndex017.java,java,NO_ISSUE,1,,clean,synthetic_generated,clean snippet GenCleanTailIndex017,0,0,0,0,0,5,122,0,1.0,0,0,0,0,1,1,0,1,0,0,1,9,43,0,0,0,0,0,0,0,0,0,0,0,0,0,0,0,1,0,1,1,0,0,0,0,0,0,0,0,0,0,0,0,0,0,0,0
gen_off_by_one_bug_039,data/ml/raw_snippets_generated/off_by_one/buggy/GenOffByOneBug039.java,java,OFF_BY_ONE_LOOP_BOUNDARY,0,pair_129,buggy,synthetic_generated,starts from .length instead of .length - 1,1,0,0,0,0,11,278,0,1.0,0,0,0,0,1,1,2,1,0,0,2,11,93,1,1,1,0,0,1,1,1,1,24,1,0,0,0,0,1,0,0,1,0,0,0,0,0,0,0,0,0,0,0,0,0,0,0,0
gen_off_by_one_fix_039,data/ml/raw_snippets_generated/off_by_one/fixed/GenOffByOneFix039.java,java,NO_ISSUE,1,pair_129,fixed,synthetic_generated,corrected with < length boundary,0,0,0,0,0,11,277,0,1.0,0,0,0,0,1,1,2,1,0,0,2,11,93,1,1,0,0,0,1,0,0,1,24,1,0,0,0,0,1,0,0,1,0,0,0,0,0,0,0,0,0,0,0,0,0,0,0,0
gen_array_index_bug_008,data/ml/raw_snippets_generated/array_length_index_misuse/buggy/GenArrayIndexBug008.java,java,ARRAY_LENGTH_INDEX_MISUSE,0,pair_438,buggy,synthetic_generated,accesses array[array.length] directly (out of bounds),0,0,1,0,0,24,549,0,1.0,0,0,0,0,1,3,3,2,1,2,3,12,187,1,1,0,0,0,1,0,0,1,29,1,0,0,0,0,4,1,1,1,0,0,0,0,0,0,0,0,0,0,0,0,0,1,0,14
gen_array_index_fix_008,data/ml/raw_snippets_generated/array_length_index_misuse/fixed/GenArrayIndexFix008.java,java,NO_ISSUE,1,pair_438,fixed,synthetic_generated,corrected with .length - 1 as last valid index,0,0,0,0,0,24,553,0,1.0,0,0,0,0,1,3,3,2,1,2,4,12,190,1,1,0,0,0,1,0,0,1,29,1,0,0,0,0,4,0,1,1,0,0,0,0,0,0,0,0,0,0,0,0,0,1,0,14
gen_clean_boundary_minus_one_015,data/ml/raw_snippets_generated/clean/GenCleanBoundaryMinusOne015.java,java,NO_ISSUE,1,,clean,synthetic_generated,clean snippet GenCleanBoundaryMinusOne015,0,0,0,0,0,31,758,0,1.0,0,0,0,0,1,4,5,4,1,2,6,11,249,2,2,1,0,0,2,1,0,2,30,0,0,0,0,0,2,0,0,2,0,0,0,0,0,0,0,0,0,0,0,0,0,1,0,14
gen_missing_break_bug_065,data/ml/raw_snippets_generated/missing_break_in_switch/buggy/GenMissingBreakBug065.java,java,MISSING_BREAK_IN_SWITCH,0,pair_665,buggy,synthetic_generated,case falls through without break (unintentional),0,0,0,1,0,40,914,0,1.0,0,0,0,0,1,3,2,3,0,8,2,11,229,0,0,0,0,0,0,0,0,0,0,0,0,0,0,0,0,0,0,0,2,8,5,1,0,2,0,12,0,0,0,0,0,0,0,0
gen_missing_break_fix_065,data/ml/raw_snippets_generated/missing_break_in_switch/fixed/GenMissingBreakFix065.java,java,NO_ISSUE,1,pair_665,fixed,synthetic_generated,every case ends with break/return,0,0,0,0,0,41,937,0,1.0,0,0,0,0,1,3,2,3,0,8,2,11,232,0,0,0,0,0,0,0,0,0,0,0,0,0,0,0,0,0,0,0,2,8,6,0,0,2,0,12,0,0,0,0,0,0,0,0
gen_array_index_bug_061,data/ml/raw_snippets_generated/array_length_index_misuse/buggy/GenArrayIndexBug061.java,java,ARRAY_LENGTH_INDEX_MISUSE,0,pair_491,buggy,synthetic_generated,accesses array[array.length] directly (out of bounds),0,0,1,0,0,5,113,0,1.0,0,0,0,0,1,1,0,1,0,0,0,8,40,0,0,0,0,0,0,0,0,0,0,0,0,0,0,0,1,1,1,1,0,0,0,0,0,0,0,0,0,0,0,0,0,0,0,0
gen_array_index_fix_061,data/ml/raw_snippets_generated/array_length_index_misuse/fixed/GenArrayIndexFix061.java,java,NO_ISSUE,1,pair_491,fixed,synthetic_generated,corrected with .length - 1 as last valid index,0,0,0,0,0,5,117,0,1.0,0,0,0,0,1,1,0,1,0,0,1,9,43,0,0,0,0,0,0,0,0,0,0,0,0,0,0,0,1,0,1,1,0,0,0,0,0,0,0,0,0,0,0,0,0,0,0,0
gen_off_by_one_bug_035,data/ml/raw_snippets_generated/off_by_one/buggy/GenOffByOneBug035.java,java,OFF_BY_ONE_LOOP_BOUNDARY,0,pair_125,buggy,synthetic_generated,starts from .length instead of .length - 1,1,0,0,0,0,73,1677,0,1.0,0,0,0,0,1,9,8,13,2,4,14,12,558,3,3,1,0,0,3,1,1,3,30,5,0,2,0,0,6,0,0,4,0,0,0,0,0,0,0,0,0,0,0,0,0,2,0,14
gen_off_by_one_fix_035,data/ml/raw_snippets_generated/off_by_one/fixed/GenOffByOneFix035.java,java,NO_ISSUE,1,pair_125,fixed,synthetic_generated,corrected with < length boundary,0,0,0,0,0,73,1676,0,1.0,0,0,0,0,1,9,8,13,2,4,14,12,558,3,3,0,0,0,3,0,0,3,30,5,0,2,0,0,6,0,0,4,0,0,0,0,0,0,0,0,0,0,0,0,0,2,0,14
gen_off_by_one_bug_005,data/ml/raw_snippets_generated/off_by_one/buggy/GenOffByOneBug005.java,java,OFF_BY_ONE_LOOP_BOUNDARY,0,pair_095,buggy,synthetic_generated,starts from .length instead of .length - 1,1,0,0,0,0,45,1070,0,1.0,0,0,0,0,1,6,6,7,0,2,7,11,368,3,3,1,0,0,3,1,1,3,30,2,0,0,0,0,3,0,0,3,0,0,0,0,0,0,0,0,0,0,0,0,0,0,0,0
gen_off_by_one_fix_005,data/ml/raw_snippets_generated/off_by_one/fixed/GenOffByOneFix005.java,java,NO_ISSUE,1,pair_095,fixed,synthetic_generated,corrected with < length boundary,0,0,0,0,0,45,1069,0,1.0,0,0,0,0,1,6,6,7,0,2,7,11,368,3,3,0,0,0,3,0,0,3,30,2,0,0,0,0,3,0,0,3,0,0,0,0,0,0,0,0,0,0,0,0,0,0,0,0
gen_array_index_bug_015,data/ml/raw_snippets_generated/array_length_index_misuse/buggy/GenArrayIndexBug015.java,java,ARRAY_LENGTH_INDEX_MISUSE,0,pair_445,buggy,synthetic_generated,accesses array[array.length] directly (out of bounds),0,0,1,0,0,29,654,0,1.0,0,0,0,0,1,3,2,2,1,5,1,11,177,0,0,0,0,0,0,0,0,0,0,0,0,0,0,0,1,1,1,1,1,3,2,0,0,1,0,12,0,0,0,0,0,1,0,14
gen_array_index_fix_015,data/ml/raw_snippets_generated/array_length_index_misuse/fixed/GenArrayIndexFix015.java,java,NO_ISSUE,1,pair_445,fixed,synthetic_generated,corrected with .length - 1 as last valid index,0,0,0,0,0,29,658,0,1.0,0,0,0,0,1,3,2,2,1,5,2,11,180,0,0,0,0,0,0,0,0,0,0,0,0,0,0,0,1,0,1,1,1,3,2,0,0,1,0,12,0,0,0,0,0,1,0,14
gen_off_by_one_bug_103,data/ml/raw_snippets_generated/off_by_one/buggy/GenOffByOneBug103.java,java,OFF_BY_ONE_LOOP_BOUNDARY,0,pair_193,buggy,synthetic_generated,starts from .length instead of .length - 1,1,0,0,0,0,9,219,0,1.0,0,0,0,0,1,1,2,1,0,1,1,10,77,1,1,1,0,0,1,1,1,1,13,0,0,0,0,0,1,0,0,1,0,0,0,0,0,0,0,0,0,0,0,0,0,0,0,0
gen_off_by_one_fix_103,data/ml/raw_snippets_generated/off_by_one/fixed/GenOffByOneFix103.java,java,NO_ISSUE,1,pair_193,fixed,synthetic_generated,corrected with < length boundary,0,0,0,0,0,9,218,0,1.0,0,0,0,0,1,1,2,1,0,1,1,10,77,1,1,0,0,0,1,0,0,1,13,0,0,0,0,0,1,0,0,1,0,0,0,0,0,0,0,0,0,0,0,0,0,0,0,0
gen_incorrect_cond_bug_003,data/ml/raw_snippets_generated/incorrect_conditional_operator/buggy/GenIncorrectConditionalBug003.java,java,INCORRECT_CONDITIONAL_OPERATOR,0,pair_263,buggy,synthetic_generated,uses assignment (=) instead of equality (==) in condition,0,1,0,0,0,8,193,0,1.0,0,0,0,0,1,1,0,2,0,1,0,9,49,0,0,0,0,0,0,0,0,0,0,1,1,0,1,0,0,0,0,0,0,0,0,0,0,0,0,0,0,0,0,0,0,0,0,0
gen_incorrect_cond_fix_003,data/ml/raw_snippets_generated/incorrect_conditional_operator/fixed/GenIncorrectConditionalFix003.java,java,NO_ISSUE,1,pair_263,fixed,synthetic_generated,uses == for comparison correctly,0,0,0,0,0,8,194,0,1.0,0,0,0,0,1,1,0,2,0,0,1,9,49,0,0,0,0,0,0,0,0,0,0,1,0,1,1,0,0,0,0,0,0,0,0,0,0,0,0,0,0,0,0,0,0,0,0,0
gen_while_no_update_bug_142,data/ml/raw_snippets_generated/while_variable_not_updated/buggy/GenWhileNoUpdateBug142.java,java,WHILE_VARIABLE_NOT_UPDATED,0,pair_912,buggy,synthetic_generated,no condition variable changes inside the while body (infinite loop),0,0,0,0,1,8,190,0,1.0,0,0,0,0,1,1,0,0,1,0,0,10,57,0,0,0,0,0,0,0,0,0,0,0,0,0,0,0,0,0,0,0,0,0,0,0,0,0,0,0,0,0,0,0,1,0,1,21
gen_while_no_update_fix_142,data/ml/raw_snippets_generated/while_variable_not_updated/fixed/GenWhileNoUpdateFix142.java,java,NO_ISSUE,1,pair_912,fixed,synthetic_generated,condition variable updated inside the loop body,0,0,0,0,0,9,222,0,1.0,0,0,0,0,1,1,0,0,1,1,1,10,66,0,0,0,0,0,0,0,0,0,0,0,0,0,0,0,0,0,0,0,0,0,0,0,0,0,0,0,0,0,0,0,1,1,0,30
gen_off_by_one_bug_120,data/ml/raw_snippets_generated/off_by_one/buggy/GenOffByOneBug120.java,java,OFF_BY_ONE_LOOP_BOUNDARY,0,pair_210,buggy,synthetic_generated,starts from .length instead of .length - 1,1,0,0,0,0,16,377,0,1.0,0,0,0,0,1,2,1,3,0,0,3,11,132,1,1,1,0,0,1,1,1,1,20,2,0,0,0,0,1,0,0,1,0,0,0,0,0,0,0,0,0,0,0,0,0,0,0,0
gen_off_by_one_fix_120,data/ml/raw_snippets_generated/off_by_one/fixed/GenOffByOneFix120.java,java,NO_ISSUE,1,pair_210,fixed,synthetic_generated,corrected with < length boundary,0,0,0,0,0,16,376,0,1.0,0,0,0,0,1,2,1,3,0,0,3,11,132,1,1,0,0,0,1,0,0,1,20,2,0,0,0,0,1,0,0,1,0,0,0,0,0,0,0,0,0,0,0,0,0,0,0,0
gen_while_no_update_bug_046,data/ml/raw_snippets_generated/while_variable_not_updated/buggy/GenWhileNoUpdateBug046.java,java,WHILE_VARIABLE_NOT_UPDATED,0,pair_816,buggy,synthetic_generated,no condition variable changes inside the while body (infinite loop),0,0,0,0,1,19,448,0,1.0,0,0,0,0,1,2,3,2,1,2,3,12,148,1,1,0,0,0,1,0,0,1,29,1,0,0,0,0,3,0,0,1,0,0,0,0,0,0,0,0,0,0,0,0,0,0,1,9
gen_while_no_update_fix_046,data/ml/raw_snippets_generated/while_variable_not_updated/fixed/GenWhileNoUpdateFix046.java,java,NO_ISSUE,1,pair_816,fixed,synthetic_generated,condition variable updated inside the loop body,0,0,0,0,0,20,470,0,1.0,0,0,0,0,1,2,3,2,1,2,3,12,153,1,1,0,0,0,1,0,0,1,29,1,0,0,0,0,3,0,0,1,0,0,0,0,0,0,0,0,0,0,0,0,0,1,0,14
gen_while_no_update_bug_132,data/ml/raw_snippets_generated/while_variable_not_updated/buggy/GenWhileNoUpdateBug132.java,java,WHILE_VARIABLE_NOT_UPDATED,0,pair_902,buggy,synthetic_generated,no condition variable changes inside the while body (infinite loop),0,0,0,0,1,9,201,0,1.0,0,0,0,0,1,1,1,1,1,1,1,9,60,0,0,0,0,0,0,0,0,0,0,0,0,0,0,0,0,0,0,0,0,0,0,0,0,0,0,0,0,0,0,0,0,0,1,9
gen_while_no_update_fix_132,data/ml/raw_snippets_generated/while_variable_not_updated/fixed/GenWhileNoUpdateFix132.java,java,NO_ISSUE,1,pair_902,fixed,synthetic_generated,condition variable updated inside the loop body,0,0,0,0,0,10,222,0,1.0,0,0,0,0,1,1,1,1,1,1,1,9,65,0,0,0,0,0,0,0,0,0,0,0,0,0,0,0,0,0,0,0,0,0,0,0,0,0,0,0,0,0,0,0,0,1,0,14
gen_off_by_one_bug_067,data/ml/raw_snippets_generated/off_by_one/buggy/GenOffByOneBug067.java,java,OFF_BY_ONE_LOOP_BOUNDARY,0,pair_157,buggy,synthetic_generated,starts from .length instead of .length - 1,1,0,0,0,0,20,461,0,1.0,0,0,0,0,1,2,3,2,1,1,3,11,144,1,1,1,0,0,1,1,1,1,24,1,0,0,0,0,1,0,0,1,0,0,0,0,0,0,0,0,0,0,0,0,0,1,0,14
gen_off_by_one_fix_067,data/ml/raw_snippets_generated/off_by_one/fixed/GenOffByOneFix067.java,java,NO_ISSUE,1,pair_157,fixed,synthetic_generated,corrected with < length boundary,0,0,0,0,0,20,460,0,1.0,0,0,0,0,1,2,3,2,1,1,3,11,144,1,1,0,0,0,1,0,0,1,24,1,0,0,0,0,1,0,0,1,0,0,0,0,0,0,0,0,0,0,0,0,0,1,0,14
gen_incorrect_cond_bug_078,data/ml/raw_snippets_generated/incorrect_conditional_operator/buggy/GenIncorrectConditionalBug078.java,java,INCORRECT_CONDITIONAL_OPERATOR,0,pair_338,buggy,synthetic_generated,uses assignment (=) instead of equality (==) in condition,0,1,0,0,0,17,467,0,1.0,0,0,0,0,1,2,2,3,0,1,1,11,140,1,1,0,0,0,1,0,0,1,30,1,1,0,0,0,1,0,0,1,0,0,0,0,0,0,0,0,0,0,0,0,0,0,0,0
gen_incorrect_cond_fix_078,data/ml/raw_snippets_generated/incorrect_conditional_operator/fixed/GenIncorrectConditionalFix078.java,java,NO_ISSUE,1,pair_338,fixed,synthetic_generated,uses == for comparison correctly,0,0,0,0,0,17,468,0,1.0,0,0,0,0,1,2,2,3,0,0,2,11,140,1,1,0,0,0,1,0,0,1,30,1,0,1,0,0,1,0,0,1,0,0,0,0,0,0,0,0,0,0,0,0,0,0,0,0
gen_off_by_one_bug_096,data/ml/raw_snippets_generated/off_by_one/buggy/GenOffByOneBug096.java,java,OFF_BY_ONE_LOOP_BOUNDARY,0,pair_186,buggy,synthetic_generated,starts from .length instead of .length - 1,1,0,0,0,0,26,596,0,1.0,0,0,0,0,1,3,5,3,1,3,3,10,218,2,2,1,0,0,2,1,1,2,17,0,0,0,0,0,3,0,0,3,0,0,0,0,0,0,0,0,0,0,0,0,0,1,0,14
gen_off_by_one_fix_096,data/ml/raw_snippets_generated/off_by_one/fixed/GenOffByOneFix096.java,java,NO_ISSUE,1,pair_186,fixed,synthetic_generated,corrected with < length boundary,0,0,0,0,0,26,595,0,1.0,0,0,0,0,1,3,5,3,1,3,3,10,218,2,2,0,0,0,2,0,0,2,17,0,0,0,0,0,3,0,0,3,0,0,0,0,0,0,0,0,0,0,0,0,0,1,0,14
gen_incorrect_cond_bug_063,data/ml/raw_snippets_generated/incorrect_conditional_operator/buggy/GenIncorrectConditionalBug063.java,java,INCORRECT_CONDITIONAL_OPERATOR,0,pair_323,buggy,synthetic_generated,uses assignment (=) instead of equality (==) in condition,0,1,0,0,0,52,1230,0,1.0,0,0,0,0,1,6,5,11,1,3,7,11,383,2,2,0,0,0,2,0,0,2,30,5,1,0,0,0,2,0,0,2,0,0,0,0,0,0,0,0,0,0,0,0,0,1,0,14
gen_incorrect_cond_fix_063,data/ml/raw_snippets_generated/incorrect_conditional_operator/fixed/GenIncorrectConditionalFix063.java,java,NO_ISSUE,1,pair_323,fixed,synthetic_generated,uses == for comparison correctly,0,0,0,0,0,52,1231,0,1.0,0,0,0,0,1,6,5,11,1,2,8,11,383,2,2,0,0,0,2,0,0,2,30,5,0,1,0,0,2,0,0,2,0,0,0,0,0,0,0,0,0,0,0,0,0,1,0,14
gen_clean_verbose_boolean_004,data/ml/raw_snippets_generated/clean/GenCleanVerboseBoolean004.java,java,NO_ISSUE,1,,clean,synthetic_generated,clean snippet GenCleanVerboseBoolean004,0,0,0,0,0,54,1207,0,1.0,0,0,0,0,1,6,7,9,1,4,9,12,405,3,3,0,0,0,3,0,0,3,29,5,0,1,1,0,7,0,0,2,0,0,0,0,0,0,0,0,0,0,0,0,0,1,0,14
gen_off_by_one_bug_062,data/ml/raw_snippets_generated/off_by_one/buggy/GenOffByOneBug062.java,java,OFF_BY_ONE_LOOP_BOUNDARY,0,pair_152,buggy,synthetic_generated,starts from .length instead of .length - 1,1,0,0,0,0,27,632,0,1.0,0,0,0,0,1,3,6,3,0,2,4,11,229,3,3,1,0,0,3,1,1,3,24,1,0,0,0,0,3,0,0,3,0,0,0,0,0,0,0,0,0,0,0,0,0,0,0,0
gen_off_by_one_fix_062,data/ml/raw_snippets_generated/off_by_one/fixed/GenOffByOneFix062.java,java,NO_ISSUE,1,pair_152,fixed,synthetic_generated,corrected with < length boundary,0,0,0,0,0,27,631,0,1.0,0,0,0,0,1,3,6,3,0,2,4,11,229,3,3,0,0,0,3,0,0,3,24,1,0,0,0,0,3,0,0,3,0,0,0,0,0,0,0,0,0,0,0,0,0,0,0,0
gen_incorrect_cond_bug_008,data/ml/raw_snippets_generated/incorrect_conditional_operator/buggy/GenIncorrectConditionalBug008.java,java,INCORRECT_CONDITIONAL_OPERATOR,0,pair_268,buggy,synthetic_generated,uses assignment (=) instead of equality (==) in condition,0,1,0,0,0,17,388,0,1.0,0,0,0,0,1,2,0,5,0,1,2,10,108,0,0,0,0,0,0,0,0,0,0,3,1,0,0,0,0,0,0,0,0,0,0,0,0,0,0,0,0,0,0,0,0,0,0,0
gen_incorrect_cond_fix_008,data/ml/raw_snippets_generated/incorrect_conditional_operator/fixed/GenIncorrectConditionalFix008.java,java,NO_ISSUE,1,pair_268,fixed,synthetic_generated,uses == for comparison correctly,0,0,0,0,0,17,389,0,1.0,0,0,0,0,1,2,0,5,0,0,3,10,108,0,0,0,0,0,0,0,0,0,0,3,0,1,0,0,0,0,0,0,0,0,0,0,0,0,0,0,0,0,0,0,0,0,0,0
gen_missing_break_bug_006,data/ml/raw_snippets_generated/missing_break_in_switch/buggy/GenMissingBreakBug006.java,java,MISSING_BREAK_IN_SWITCH,0,pair_606,buggy,synthetic_generated,case falls through without break (unintentional),0,0,0,1,0,21,514,0,1.0,0,0,0,0,1,1,1,1,0,5,0,11,124,0,0,0,0,0,0,0,0,0,0,0,0,0,0,0,0,0,0,0,1,5,3,1,0,1,0,12,0,0,0,0,0,0,0,0
gen_missing_break_fix_006,data/ml/raw_snippets_generated/missing_break_in_switch/fixed/GenMissingBreakFix006.java,java,NO_ISSUE,1,pair_606,fixed,synthetic_generated,every case ends with break/return,0,0,0,0,0,22,537,0,1.0,0,0,0,0,1,1,1,1,0,5,0,11,127,0,0,0,0,0,0,0,0,0,0,0,0,0,0,0,0,0,0,0,1,5,4,0,0,1,0,12,0,0,0,0,0,0,0,0
gen_clean_generic_020,data/ml/raw_snippets_generated/clean/GenCleanGeneric020.java,java,NO_ISSUE,1,,clean,synthetic_generated,clean snippet GenCleanGeneric020,0,0,0,0,0,10,215,0,1.0,0,0,0,0,1,1,1,1,1,1,1,9,60,0,0,0,0,0,0,0,0,0,0,0,0,0,0,0,0,0,0,0,0,0,0,0,0,0,0,0,0,0,0,0,0,1,0,14
gen_off_by_one_bug_054,data/ml/raw_snippets_generated/off_by_one/buggy/GenOffByOneBug054.java,java,OFF_BY_ONE_LOOP_BOUNDARY,0,pair_144,buggy,synthetic_generated,starts from .length instead of .length - 1,1,0,0,0,0,9,216,0,1.0,0,0,0,0,1,1,2,1,0,1,1,10,77,1,1,1,0,0,1,1,1,1,13,0,0,0,0,0,1,0,0,1,0,0,0,0,0,0,0,0,0,0,0,0,0,0,0,0
gen_off_by_one_fix_054,data/ml/raw_snippets_generated/off_by_one/fixed/GenOffByOneFix054.java,java,NO_ISSUE,1,pair_144,fixed,synthetic_generated,corrected with < length boundary,0,0,0,0,0,9,215,0,1.0,0,0,0,0,1,1,2,1,0,1,1,10,77,1,1,0,0,0,1,0,0,1,13,0,0,0,0,0,1,0,0,1,0,0,0,0,0,0,0,0,0,0,0,0,0,0,0,0
gen_array_index_bug_059,data/ml/raw_snippets_generated/array_length_index_misuse/buggy/GenArrayIndexBug059.java,java,ARRAY_LENGTH_INDEX_MISUSE,0,pair_489,buggy,synthetic_generated,accesses array[array.length] directly (out of bounds),0,0,1,0,0,46,1117,0,1.0,0,0,0,0,1,6,4,9,0,2,9,12,378,2,2,0,0,0,2,0,0,2,30,5,0,0,0,0,5,1,1,3,0,0,0,0,0,0,0,0,0,0,0,0,0,0,0,0
gen_array_index_fix_059,data/ml/raw_snippets_generated/array_length_index_misuse/fixed/GenArrayIndexFix059.java,java,NO_ISSUE,1,pair_489,fixed,synthetic_generated,corrected with .length - 1 as last valid index,0,0,0,0,0,46,1121,0,1.0,0,0,0,0,1,6,4,9,0,2,10,12,381,2,2,0,0,0,2,0,0,2,30,5,0,0,0,0,5,0,1,3,0,0,0,0,0,0,0,0,0,0,0,0,0,0,0,0
gen_while_no_update_bug_028,data/ml/raw_snippets_generated/while_variable_not_updated/buggy/GenWhileNoUpdateBug028.java,java,WHILE_VARIABLE_NOT_UPDATED,0,pair_798,buggy,synthetic_generated,no condition variable changes inside the while body (infinite loop),0,0,0,0,1,44,1022,0,1.0,0,0,0,0,1,5,2,10,1,1,10,12,328,1,1,0,0,0,1,0,0,1,29,7,0,0,0,0,3,0,0,1,0,0,0,0,0,0,0,0,0,0,0,0,1,0,1,22
gen_while_no_update_fix_028,data/ml/raw_snippets_generated/while_variable_not_updated/fixed/GenWhileNoUpdateFix028.java,java,NO_ISSUE,1,pair_798,fixed,synthetic_generated,condition variable updated inside the loop body,0,0,0,0,0,45,1044,0,1.0,0,0,0,0,1,5,2,10,1,1,10,12,333,1,1,0,0,0,1,0,0,1,29,7,0,0,0,0,3,0,0,1,0,0,0,0,0,0,0,0,0,0,0,0,1,1,0,27
gen_while_no_update_bug_160,data/ml/raw_snippets_generated/while_variable_not_updated/buggy/GenWhileNoUpdateBug160.java,java,WHILE_VARIABLE_NOT_UPDATED,0,pair_930,buggy,synthetic_generated,no condition variable changes inside the while body (infinite loop),0,0,0,0,1,27,587,0,1.0,0,0,0,0,1,3,2,5,2,2,4,9,174,0,0,0,0,0,0,0,0,0,0,2,0,0,0,0,0,0,0,0,0,0,0,0,0,0,0,0,0,0,0,0,0,1,1,14
gen_while_no_update_fix_160,data/ml/raw_snippets_generated/while_variable_not_updated/fixed/GenWhileNoUpdateFix160.java,java,NO_ISSUE,1,pair_930,fixed,synthetic_generated,condition variable updated inside the loop body,0,0,0,0,0,28,608,0,1.0,0,0,0,0,1,3,2,5,2,2,4,9,179,0,0,0,0,0,0,0,0,0,0,2,0,0,0,0,0,0,0,0,0,0,0,0,0,0,0,0,0,0,0,0,0,2,0,14
gen_array_index_bug_085,data/ml/raw_snippets_generated/array_length_index_misuse/buggy/GenArrayIndexBug085.java,java,ARRAY_LENGTH_INDEX_MISUSE,0,pair_515,buggy,synthetic_generated,accesses array[array.length] directly (out of bounds),0,0,1,0,0,42,939,0,1.0,0,0,0,0,1,5,5,4,0,5,2,11,300,2,2,0,0,0,2,0,0,2,13,0,0,0,0,0,3,1,1,3,1,3,2,0,0,1,0,12,0,0,0,0,0,0,0,0
gen_array_index_fix_085,data/ml/raw_snippets_generated/array_length_index_misuse/fixed/GenArrayIndexFix085.java,java,NO_ISSUE,1,pair_515,fixed,synthetic_generated,corrected with .length - 1 as last valid index,0,0,0,0,0,42,943,0,1.0,0,0,0,0,1,5,5,4,0,5,3,11,303,2,2,0,0,0,2,0,0,2,13,0,0,0,0,0,3,0,1,3,1,3,2,0,0,1,0,12,0,0,0,0,0,0,0,0
gen_missing_break_bug_062,data/ml/raw_snippets_generated/missing_break_in_switch/buggy/GenMissingBreakBug062.java,java,MISSING_BREAK_IN_SWITCH,0,pair_662,buggy,synthetic_generated,case falls through without break (unintentional),0,0,0,1,0,34,762,0,1.0,0,0,0,0,1,3,2,4,1,5,3,11,202,0,0,0,0,0,0,0,0,0,0,1,0,1,0,0,0,0,0,0,1,4,2,1,0,1,0,12,0,0,0,0,0,1,0,14
gen_missing_break_fix_062,data/ml/raw_snippets_generated/missing_break_in_switch/fixed/GenMissingBreakFix062.java,java,NO_ISSUE,1,pair_662,fixed,synthetic_generated,every case ends with break/return,0,0,0,0,0,35,785,0,1.0,0,0,0,0,1,3,2,4,1,5,3,11,205,0,0,0,0,0,0,0,0,0,0,1,0,1,0,0,0,0,0,0,1,4,3,0,0,1,0,12,0,0,0,0,0,1,0,14
gen_clean_generic_099,data/ml/raw_snippets_generated/clean/GenCleanGeneric099.java,java,NO_ISSUE,1,,clean,synthetic_generated,clean snippet GenCleanGeneric099,0,0,0,0,0,22,501,0,1.0,0,0,0,0,1,3,0,3,0,0,2,10,158,0,0,0,0,0,0,0,0,0,0,2,0,0,0,0,0,0,0,0,0,0,0,0,0,0,0,0,0,0,0,0,0,0,0,0
gen_off_by_one_bug_122,data/ml/raw_snippets_generated/off_by_one/buggy/GenOffByOneBug122.java,java,OFF_BY_ONE_LOOP_BOUNDARY,0,pair_212,buggy,synthetic_generated,starts from .length instead of .length - 1,1,0,0,0,0,7,182,0,1.0,0,0,0,0,1,1,1,0,0,0,1,11,71,1,1,1,0,0,1,1,1,1,20,0,0,0,0,0,1,0,0,1,0,0,0,0,0,0,0,0,0,0,0,0,0,0,0,0
gen_off_by_one_fix_122,data/ml/raw_snippets_generated/off_by_one/fixed/GenOffByOneFix122.java,java,NO_ISSUE,1,pair_212,fixed,synthetic_generated,corrected with < length boundary,0,0,0,0,0,7,181,0,1.0,0,0,0,0,1,1,1,0,0,0,1,11,71,1,1,0,0,0,1,0,0,1,20,0,0,0,0,0,1,0,0,1,0,0,0,0,0,0,0,0,0,0,0,0,0,0,0,0
gen_array_index_bug_029,data/ml/raw_snippets_generated/array_length_index_misuse/buggy/GenArrayIndexBug029.java,java,ARRAY_LENGTH_INDEX_MISUSE,0,pair_459,buggy,synthetic_generated,accesses array[array.length] directly (out of bounds),0,0,1,0,0,13,312,0,1.0,0,0,0,0,1,2,2,1,0,1,1,10,116,1,1,0,0,0,1,0,0,1,13,0,0,0,0,0,2,1,1,2,0,0,0,0,0,0,0,0,0,0,0,0,0,0,0,0
gen_array_index_fix_029,data/ml/raw_snippets_generated/array_length_index_misuse/fixed/GenArrayIndexFix029.java,java,NO_ISSUE,1,pair_459,fixed,synthetic_generated,corrected with .length - 1 as last valid index,0,0,0,0,0,13,316,0,1.0,0,0,0,0,1,2,2,1,0,1,2,11,119,1,1,0,0,0,1,0,0,1,13,0,0,0,0,0,2,0,1,2,0,0,0,0,0,0,0,0,0,0,0,0,0,0,0,0
gen_while_no_update_bug_156,data/ml/raw_snippets_generated/while_variable_not_updated/buggy/GenWhileNoUpdateBug156.java,java,WHILE_VARIABLE_NOT_UPDATED,0,pair_926,buggy,synthetic_generated,no condition variable changes inside the while body (infinite loop),0,0,0,0,1,26,586,0,1.0,0,0,0,0,1,3,3,4,1,2,5,12,192,1,1,0,0,0,1,0,0,1,29,2,0,1,0,0,3,0,0,1,0,0,0,0,0,0,0,0,0,0,0,0,0,0,1,9
gen_while_no_update_fix_156,data/ml/raw_snippets_generated/while_variable_not_updated/fixed/GenWhileNoUpdateFix156.java,java,NO_ISSUE,1,pair_926,fixed,synthetic_generated,condition variable updated inside the loop body,0,0,0,0,0,27,607,0,1.0,0,0,0,0,1,3,3,4,1,2,5,12,197,1,1,0,0,0,1,0,0,1,29,2,0,1,0,0,3,0,0,1,0,0,0,0,0,0,0,0,0,0,0,0,0,1,0,14
gen_while_no_update_bug_037,data/ml/raw_snippets_generated/while_variable_not_updated/buggy/GenWhileNoUpdateBug037.java,java,WHILE_VARIABLE_NOT_UPDATED,0,pair_807,buggy,synthetic_generated,no condition variable changes inside the while body (infinite loop),0,0,0,0,1,52,1177,0,1.0,0,0,0,0,1,6,5,9,2,3,10,12,388,2,2,0,0,0,2,0,0,2,29,5,0,0,0,0,4,0,0,2,0,0,0,0,0,0,0,0,0,0,0,0,1,1,1,22
gen_while_no_update_fix_037,data/ml/raw_snippets_generated/while_variable_not_updated/fixed/GenWhileNoUpdateFix037.java,java,NO_ISSUE,1,pair_807,fixed,synthetic_generated,condition variable updated inside the loop body,0,0,0,0,0,53,1198,0,1.0,0,0,0,0,1,6,5,9,2,3,10,12,393,2,2,0,0,0,2,0,0,2,29,5,0,0,0,0,4,0,0,2,0,0,0,0,0,0,0,0,0,0,0,0,1,2,0,27
gen_missing_break_bug_148,data/ml/raw_snippets_generated/missing_break_in_switch/buggy/GenMissingBreakBug148.java,java,MISSING_BREAK_IN_SWITCH,0,pair_748,buggy,synthetic_generated,case falls through without break (unintentional),0,0,0,1,0,54,1319,0,1.0,0,0,0,0,1,5,5,6,0,7,7,12,391,2,2,0,0,0,2,0,0,2,30,2,0,1,0,0,4,0,0,2,1,6,4,1,0,1,0,12,0,0,0,0,0,0,0,0
gen_missing_break_fix_148,data/ml/raw_snippets_generated/missing_break_in_switch/fixed/GenMissingBreakFix148.java,java,NO_ISSUE,1,pair_748,fixed,synthetic_generated,every case ends with break/return,0,0,0,0,0,55,1342,0,1.0,0,0,0,0,1,5,5,6,0,7,7,12,394,2,2,0,0,0,2,0,0,2,30,2,0,1,0,0,4,0,0,2,1,6,5,0,0,1,0,12,0,0,0,0,0,0,0,0
gen_off_by_one_bug_161,data/ml/raw_snippets_generated/off_by_one/buggy/GenOffByOneBug161.java,java,OFF_BY_ONE_LOOP_BOUNDARY,0,pair_251,buggy,synthetic_generated,starts from .length instead of .length - 1,1,0,0,0,0,11,275,0,1.0,0,0,0,0,1,1,2,1,0,0,2,11,93,1,1,1,0,0,1,1,1,1,24,1,0,0,0,0,1,0,0,1,0,0,0,0,0,0,0,0,0,0,0,0,0,0,0,0
gen_off_by_one_fix_161,data/ml/raw_snippets_generated/off_by_one/fixed/GenOffByOneFix161.java,java,NO_ISSUE,1,pair_251,fixed,synthetic_generated,corrected with < length boundary,0,0,0,0,0,11,274,0,1.0,0,0,0,0,1,1,2,1,0,0,2,11,93,1,1,0,0,0,1,0,0,1,24,1,0,0,0,0,1,0,0,1,0,0,0,0,0,0,0,0,0,0,0,0,0,0,0,0
gen_while_no_update_bug_088,data/ml/raw_snippets_generated/while_variable_not_updated/buggy/GenWhileNoUpdateBug088.java,java,WHILE_VARIABLE_NOT_UPDATED,0,pair_858,buggy,synthetic_generated,no condition variable changes inside the while body (infinite loop),0,0,0,0,1,23,522,0,1.0,0,0,0,0,1,2,1,1,1,3,0,11,137,0,0,0,0,0,0,0,0,0,0,0,0,0,0,0,0,0,0,0,1,3,2,0,0,1,0,12,0,0,0,0,1,0,1,21
gen_while_no_update_fix_088,data/ml/raw_snippets_generated/while_variable_not_updated/fixed/GenWhileNoUpdateFix088.java,java,NO_ISSUE,1,pair_858,fixed,synthetic_generated,condition variable updated inside the loop body,0,0,0,0,0,24,554,0,1.0,0,0,0,0,1,2,1,1,1,4,1,11,146,0,0,0,0,0,0,0,0,0,0,0,0,0,0,0,0,0,0,0,1,3,2,0,0,1,0,12,0,0,0,0,1,1,0,30
gen_off_by_one_bug_003,data/ml/raw_snippets_generated/off_by_one/buggy/GenOffByOneBug003.java,java,OFF_BY_ONE_LOOP_BOUNDARY,0,pair_093,buggy,synthetic_generated,starts from .length instead of .length - 1,1,0,0,0,0,9,216,0,1.0,0,0,0,0,1,1,2,1,0,1,1,10,77,1,1,1,0,0,1,1,1,1,13,0,0,0,0,0,1,0,0,1,0,0,0,0,0,0,0,0,0,0,0,0,0,0,0,0
gen_off_by_one_fix_003,data/ml/raw_snippets_generated/off_by_one/fixed/GenOffByOneFix003.java,java,NO_ISSUE,1,pair_093,fixed,synthetic_generated,corrected with < length boundary,0,0,0,0,0,9,215,0,1.0,0,0,0,0,1,1,2,1,0,1,1,10,77,1,1,0,0,0,1,0,0,1,13,0,0,0,0,0,1,0,0,1,0,0,0,0,0,0,0,0,0,0,0,0,0,0,0,0
gen_clean_boundary_minus_one_033,data/ml/raw_snippets_generated/clean/GenCleanBoundaryMinusOne033.java,java,NO_ISSUE,1,,clean,synthetic_generated,clean snippet GenCleanBoundaryMinusOne033,0,0,0,0,0,63,1488,0,1.0,0,0,0,0,1,5,7,5,0,10,3,11,413,2,2,1,0,0,2,1,0,2,30,0,0,0,0,0,2,0,0,2,3,9,6,0,0,3,0,12,0,0,0,0,0,0,0,0
gen_missing_break_bug_118,data/ml/raw_snippets_generated/missing_break_in_switch/buggy/GenMissingBreakBug118.java,java,MISSING_BREAK_IN_SWITCH,0,pair_718,buggy,synthetic_generated,case falls through without break (unintentional),0,0,0,1,0,37,864,0,1.0,0,0,0,0,1,3,1,3,0,6,2,11,229,0,0,0,0,0,0,0,0,0,0,1,0,1,0,0,0,0,0,0,1,6,4,1,0,1,0,12,0,0,0,0,0,0,0,0
gen_missing_break_fix_118,data/ml/raw_snippets_generated/missing_break_in_switch/fixed/GenMissingBreakFix118.java,java,NO_ISSUE,1,pair_718,fixed,synthetic_generated,every case ends with break/return,0,0,0,0,0,38,887,0,1.0,0,0,0,0,1,3,1,3,0,6,2,11,232,0,0,0,0,0,0,0,0,0,0,1,0,1,0,0,0,0,0,0,1,6,5,0,0,1,0,12,0,0,0,0,0,0,0,0
gen_array_index_bug_119,data/ml/raw_snippets_generated/array_length_index_misuse/buggy/GenArrayIndexBug119.java,java,ARRAY_LENGTH_INDEX_MISUSE,0,pair_549,buggy,synthetic_generated,accesses array[array.length] directly (out of bounds),0,0,1,0,0,29,661,0,1.0,0,0,0,0,1,3,1,4,0,4,2,11,187,0,0,0,0,0,0,0,0,0,0,2,0,0,0,0,1,1,1,1,1,3,2,0,0,1,0,12,0,0,0,0,0,0,0,0
gen_array_index_fix_119,data/ml/raw_snippets_generated/array_length_index_misuse/fixed/GenArrayIndexFix119.java,java,NO_ISSUE,1,pair_549,fixed,synthetic_generated,corrected with .length - 1 as last valid index,0,0,0,0,0,29,665,0,1.0,0,0,0,0,1,3,1,4,0,4,3,11,190,0,0,0,0,0,0,0,0,0,0,2,0,0,0,0,1,0,1,1,1,3,2,0,0,1,0,12,0,0,0,0,0,0,0,0
gen_clean_boundary_minus_one_023,data/ml/raw_snippets_generated/clean/GenCleanBoundaryMinusOne023.java,java,NO_ISSUE,1,,clean,synthetic_generated,clean snippet GenCleanBoundaryMinusOne023,0,0,0,0,0,9,230,0,1.0,0,0,0,0,1,1,2,1,0,1,2,10,80,1,1,1,0,0,1,1,0,1,13,0,0,0,0,0,1,0,0,1,0,0,0,0,0,0,0,0,0,0,0,0,0,0,0,0
gen_clean_generic_079,data/ml/raw_snippets_generated/clean/GenCleanGeneric079.java,java,NO_ISSUE,1,,clean,synthetic_generated,clean snippet GenCleanGeneric079,0,0,0,0,0,30,686,0,1.0,0,0,0,0,1,3,3,3,0,4,4,12,202,1,1,0,0,0,1,0,0,1,29,1,0,0,0,0,3,0,0,1,1,3,2,0,0,1,0,12,0,0,0,0,0,0,0,0
gen_incorrect_cond_bug_084,data/ml/raw_snippets_generated/incorrect_conditional_operator/buggy/GenIncorrectConditionalBug084.java,java,INCORRECT_CONDITIONAL_OPERATOR,0,pair_344,buggy,synthetic_generated,uses assignment (=) instead of equality (==) in condition,0,1,0,0,0,7,176,0,1.0,0,0,0,0,1,1,0,0,0,1,0,11,52,0,0,0,0,0,0,0,0,0,0,1,1,0,0,0,0,0,0,0,0,0,0,0,0,0,0,0,0,0,0,0,0,0,0,0
gen_incorrect_cond_fix_084,data/ml/raw_snippets_generated/incorrect_conditional_operator/fixed/GenIncorrectConditionalFix084.java,java,NO_ISSUE,1,pair_344,fixed,synthetic_generated,uses == for comparison correctly,0,0,0,0,0,7,177,0,1.0,0,0,0,0,1,1,0,0,0,0,1,11,52,0,0,0,0,0,0,0,0,0,0,1,0,1,0,0,0,0,0,0,0,0,0,0,0,0,0,0,0,0,0,0,0,0,0,0
gen_missing_break_bug_034,data/ml/raw_snippets_generated/missing_break_in_switch/buggy/GenMissingBreakBug034.java,java,MISSING_BREAK_IN_SWITCH,0,pair_634,buggy,synthetic_generated,case falls through without break (unintentional),0,0,0,1,0,24,589,0,1.0,0,0,0,0,1,1,1,1,0,6,0,11,141,0,0,0,0,0,0,0,0,0,0,0,0,0,0,0,0,0,0,0,1,6,4,1,0,1,0,12,0,0,0,0,0,0,0,0
gen_missing_break_fix_034,data/ml/raw_snippets_generated/missing_break_in_switch/fixed/GenMissingBreakFix034.java,java,NO_ISSUE,1,pair_634,fixed,synthetic_generated,every case ends with break/return,0,0,0,0,0,25,612,0,1.0,0,0,0,0,1,1,1,1,0,6,0,11,144,0,0,0,0,0,0,0,0,0,0,0,0,0,0,0,0,0,0,0,1,6,5,0,0,1,0,12,0,0,0,0,0,0,0,0
gen_clean_fall_through_023,data/ml/raw_snippets_generated/clean/GenCleanFallThrough023.java,java,NO_ISSUE,1,,clean,synthetic_generated,clean snippet GenCleanFallThrough023,0,0,0,0,0,61,1581,0,1.0,0,0,0,0,1,6,5,4,0,4,5,12,451,2,2,0,0,0,2,0,0,2,30,1,0,0,0,0,4,0,0,2,2,7,3,2,0,2,2,19,0,0,0,0,0,0,0,0
gen_missing_break_bug_008,data/ml/raw_snippets_generated/missing_break_in_switch/buggy/GenMissingBreakBug008.java,java,MISSING_BREAK_IN_SWITCH,0,pair_608,buggy,synthetic_generated,case falls through without break (unintentional),0,0,0,1,0,58,1382,0,1.0,0,0,0,0,1,6,7,8,0,6,8,12,442,3,3,0,0,0,3,0,0,3,30,3,0,0,0,0,5,0,0,3,1,4,2,1,0,1,0,12,0,0,0,0,0,0,0,0
gen_missing_break_fix_008,data/ml/raw_snippets_generated/missing_break_in_switch/fixed/GenMissingBreakFix008.java,java,NO_ISSUE,1,pair_608,fixed,synthetic_generated,every case ends with break/return,0,0,0,0,0,59,1405,0,1.0,0,0,0,0,1,6,7,8,0,6,8,12,445,3,3,0,0,0,3,0,0,3,30,3,0,0,0,0,5,0,0,3,1,4,3,0,0,1,0,12,0,0,0,0,0,0,0,0
gen_while_no_update_bug_114,data/ml/raw_snippets_generated/while_variable_not_updated/buggy/GenWhileNoUpdateBug114.java,java,WHILE_VARIABLE_NOT_UPDATED,0,pair_884,buggy,synthetic_generated,no condition variable changes inside the while body (infinite loop),0,0,0,0,1,70,1547,0,1.0,0,0,0,0,1,8,4,12,2,5,13,12,467,1,1,0,0,0,1,0,0,1,29,6,0,1,0,0,3,0,0,1,1,3,2,0,0,1,0,12,0,0,0,0,1,1,1,22
gen_while_no_update_fix_114,data/ml/raw_snippets_generated/while_variable_not_updated/fixed/GenWhileNoUpdateFix114.java,java,NO_ISSUE,1,pair_884,fixed,synthetic_generated,condition variable updated inside the loop body,0,0,0,0,0,71,1568,0,1.0,0,0,0,0,1,8,4,12,2,5,13,12,472,1,1,0,0,0,1,0,0,1,29,6,0,1,0,0,3,0,0,1,1,3,2,0,0,1,0,12,0,0,0,0,1,2,0,27
gen_clean_fall_through_010,data/ml/raw_snippets_generated/clean/GenCleanFallThrough010.java,java,NO_ISSUE,1,,clean,synthetic_generated,clean snippet GenCleanFallThrough010,0,0,0,0,0,28,753,0,1.0,0,0,0,0,1,3,0,3,0,0,4,12,190,0,0,0,0,0,0,0,0,0,0,1,0,1,0,0,0,0,0,0,1,4,1,2,0,1,2,19,0,0,0,0,0,0,0,0
gen_off_by_one_bug_022,data/ml/raw_snippets_generated/off_by_one/buggy/GenOffByOneBug022.java,java,OFF_BY_ONE_LOOP_BOUNDARY,0,pair_112,buggy,synthetic_generated,starts from .length instead of .length - 1,1,0,0,0,0,19,437,0,1.0,0,0,0,0,1,3,3,2,0,1,4,11,164,2,2,1,0,0,2,1,1,2,20,0,0,0,0,0,2,0,0,2,0,0,0,0,0,0,0,0,0,0,0,0,0,0,0,0
gen_off_by_one_fix_022,data/ml/raw_snippets_generated/off_by_one/fixed/GenOffByOneFix022.java,java,NO_ISSUE,1,pair_112,fixed,synthetic_generated,corrected with < length boundary,0,0,0,0,0,19,436,0,1.0,0,0,0,0,1,3,3,2,0,1,4,11,164,2,2,0,0,0,2,0,0,2,20,0,0,0,0,0,2,0,0,2,0,0,0,0,0,0,0,0,0,0,0,0,0,0,0,0
gen_while_no_update_bug_081,data/ml/raw_snippets_generated/while_variable_not_updated/buggy/GenWhileNoUpdateBug081.java,java,WHILE_VARIABLE_NOT_UPDATED,0,pair_851,buggy,synthetic_generated,no condition variable changes inside the while body (infinite loop),0,0,0,0,1,35,758,0,1.0,0,0,0,0,1,4,2,5,3,2,4,10,220,0,0,0,0,0,0,0,0,0,0,2,0,0,0,0,0,0,0,0,0,0,0,0,0,0,0,0,0,0,0,0,1,2,1,21
gen_while_no_update_fix_081,data/ml/raw_snippets_generated/while_variable_not_updated/fixed/GenWhileNoUpdateFix081.java,java,NO_ISSUE,1,pair_851,fixed,synthetic_generated,condition variable updated inside the loop body,0,0,0,0,0,36,792,0,1.0,0,0,0,0,1,4,2,5,3,3,5,10,229,0,0,0,0,0,0,0,0,0,0,2,0,0,0,0,0,0,0,0,0,0,0,0,0,0,0,0,0,0,0,0,1,3,0,30
gen_off_by_one_bug_020,data/ml/raw_snippets_generated/off_by_one/buggy/GenOffByOneBug020.java,java,OFF_BY_ONE_LOOP_BOUNDARY,0,pair_110,buggy,synthetic_generated,starts from .length instead of .length - 1,1,0,0,0,0,46,1098,0,1.0,0,0,0,0,1,6,7,7,1,3,8,11,380,3,3,1,0,0,3,1,1,3,30,1,0,1,0,0,4,0,0,3,0,0,0,0,0,0,0,0,0,0,0,0,0,1,0,14
gen_off_by_one_fix_020,data/ml/raw_snippets_generated/off_by_one/fixed/GenOffByOneFix020.java,java,NO_ISSUE,1,pair_110,fixed,synthetic_generated,corrected with < length boundary,0,0,0,0,0,46,1097,0,1.0,0,0,0,0,1,6,7,7,1,3,8,11,380,3,3,0,0,0,3,0,0,3,30,1,0,1,0,0,4,0,0,3,0,0,0,0,0,0,0,0,0,0,0,0,0,1,0,14
gen_missing_break_bug_081,data/ml/raw_snippets_generated/missing_break_in_switch/buggy/GenMissingBreakBug081.java,java,MISSING_BREAK_IN_SWITCH,0,pair_681,buggy,synthetic_generated,case falls through without break (unintentional),0,0,0,1,0,48,1143,0,1.0,0,0,0,0,1,4,5,6,0,7,5,12,343,2,2,0,0,0,2,0,0,2,29,3,0,0,0,0,4,0,0,1,1,5,3,1,0,1,0,12,0,0,0,0,0,0,0,0
gen_missing_break_fix_081,data/ml/raw_snippets_generated/missing_break_in_switch/fixed/GenMissingBreakFix081.java,java,NO_ISSUE,1,pair_681,fixed,synthetic_generated,every case ends with break/return,0,0,0,0,0,49,1166,0,1.0,0,0,0,0,1,4,5,6,0,7,5,12,346,2,2,0,0,0,2,0,0,2,29,3,0,0,0,0,4,0,0,1,1,5,4,0,0,1,0,12,0,0,0,0,0,0,0,0
gen_clean_boundary_minus_one_029,data/ml/raw_snippets_generated/clean/GenCleanBoundaryMinusOne029.java,java,NO_ISSUE,1,,clean,synthetic_generated,clean snippet GenCleanBoundaryMinusOne029,0,0,0,0,0,9,230,0,1.0,0,0,0,0,1,1,2,1,0,1,2,10,80,1,1,1,0,0,1,1,0,1,13,0,0,0,0,0,1,0,0,1,0,0,0,0,0,0,0,0,0,0,0,0,0,0,0,0
gen_array_index_bug_031,data/ml/raw_snippets_generated/array_length_index_misuse/buggy/GenArrayIndexBug031.java,java,ARRAY_LENGTH_INDEX_MISUSE,0,pair_461,buggy,synthetic_generated,accesses array[array.length] directly (out of bounds),0,0,1,0,0,13,302,0,1.0,0,0,0,0,1,2,2,2,0,1,1,10,108,1,1,0,0,0,1,0,0,1,13,0,0,0,0,0,2,1,1,2,0,0,0,0,0,0,0,0,0,0,0,0,0,0,0,0
gen_array_index_fix_031,data/ml/raw_snippets_generated/array_length_index_misuse/fixed/GenArrayIndexFix031.java,java,NO_ISSUE,1,pair_461,fixed,synthetic_generated,corrected with .length - 1 as last valid index,0,0,0,0,0,13,306,0,1.0,0,0,0,0,1,2,2,2,0,1,2,10,111,1,1,0,0,0,1,0,0,1,13,0,0,0,0,0,2,0,1,2,0,0,0,0,0,0,0,0,0,0,0,0,0,0,0,0
gen_incorrect_cond_bug_019,data/ml/raw_snippets_generated/incorrect_conditional_operator/buggy/GenIncorrectConditionalBug019.java,java,INCORRECT_CONDITIONAL_OPERATOR,0,pair_279,buggy,synthetic_generated,uses assignment (=) instead of equality (==) in condition,0,1,0,0,0,8,200,0,1.0,0,0,0,0,1,1,0,2,0,1,0,8,47,0,0,0,0,0,0,0,0,0,0,1,1,0,0,0,0,0,0,0,0,0,0,0,0,0,0,0,0,0,0,0,0,0,0,0
gen_incorrect_cond_fix_019,data/ml/raw_snippets_generated/incorrect_conditional_operator/fixed/GenIncorrectConditionalFix019.java,java,NO_ISSUE,1,pair_279,fixed,synthetic_generated,uses == for comparison correctly,0,0,0,0,0,8,201,0,1.0,0,0,0,0,1,1,0,2,0,0,1,8,47,0,0,0,0,0,0,0,0,0,0,1,0,1,0,0,0,0,0,0,0,0,0,0,0,0,0,0,0,0,0,0,0,0,0,0
gen_clean_boundary_minus_one_039,data/ml/raw_snippets_generated/clean/GenCleanBoundaryMinusOne039.java,java,NO_ISSUE,1,,clean,synthetic_generated,clean snippet GenCleanBoundaryMinusOne039,0,0,0,0,0,25,603,0,1.0,0,0,0,0,1,3,4,2,0,2,4,12,212,2,2,1,0,0,2,1,0,2,29,1,0,0,0,0,4,0,0,2,0,0,0,0,0,0,0,0,0,0,0,0,0,0,0,0
gen_while_no_update_bug_091,data/ml/raw_snippets_generated/while_variable_not_updated/buggy/GenWhileNoUpdateBug091.java,java,WHILE_VARIABLE_NOT_UPDATED,0,pair_861,buggy,synthetic_generated,no condition variable changes inside the while body (infinite loop),0,0,0,0,1,9,201,0,1.0,0,0,0,0,1,1,1,1,1,1,1,9,60,0,0,0,0,0,0,0,0,0,0,0,0,0,0,0,0,0,0,0,0,0,0,0,0,0,0,0,0,0,0,0,0,0,1,9
gen_while_no_update_fix_091,data/ml/raw_snippets_generated/while_variable_not_updated/fixed/GenWhileNoUpdateFix091.java,java,NO_ISSUE,1,pair_861,fixed,synthetic_generated,condition variable updated inside the loop body,0,0,0,0,0,10,222,0,1.0,0,0,0,0,1,1,1,1,1,1,1,9,65,0,0,0,0,0,0,0,0,0,0,0,0,0,0,0,0,0,0,0,0,0,0,0,0,0,0,0,0,0,0,0,0,1,0,14
gen_missing_break_bug_035,data/ml/raw_snippets_generated/missing_break_in_switch/buggy/GenMissingBreakBug035.java,java,MISSING_BREAK_IN_SWITCH,0,pair_635,buggy,synthetic_generated,case falls through without break (unintentional),0,0,0,1,0,75,1763,0,1.0,0,0,0,0,1,8,5,11,0,6,8,11,539,2,2,0,0,0,2,0,0,2,30,5,0,1,0,0,2,0,0,2,1,5,3,1,0,1,0,12,0,0,0,0,0,0,0,0
gen_missing_break_fix_035,data/ml/raw_snippets_generated/missing_break_in_switch/fixed/GenMissingBreakFix035.java,java,NO_ISSUE,1,pair_635,fixed,synthetic_generated,every case ends with break/return,0,0,0,0,0,76,1786,0,1.0,0,0,0,0,1,8,5,11,0,6,8,11,542,2,2,0,0,0,2,0,0,2,30,5,0,1,0,0,2,0,0,2,1,5,4,0,0,1,0,12,0,0,0,0,0,0,0,0
gen_clean_generic_101,data/ml/raw_snippets_generated/clean/GenCleanGeneric101.java,java,NO_ISSUE,1,,clean,synthetic_generated,clean snippet GenCleanGeneric101,0,0,0,0,0,11,282,0,1.0,0,0,0,0,1,1,2,1,0,1,2,12,97,1,1,0,0,0,1,0,0,1,29,1,0,0,0,0,3,0,0,1,0,0,0,0,0,0,0,0,0,0,0,0,0,0,0,0
gen_array_index_bug_066,data/ml/raw_snippets_generated/array_length_index_misuse/buggy/GenArrayIndexBug066.java,java,ARRAY_LENGTH_INDEX_MISUSE,0,pair_496,buggy,synthetic_generated,accesses array[array.length] directly (out of bounds),0,0,1,0,0,5,135,0,1.0,0,0,0,0,1,1,0,0,0,1,0,9,46,0,0,0,0,0,0,0,0,0,0,0,0,0,0,0,1,1,1,1,0,0,0,0,0,0,0,0,0,0,0,0,0,0,0,0
gen_array_index_fix_066,data/ml/raw_snippets_generated/array_length_index_misuse/fixed/GenArrayIndexFix066.java,java,NO_ISSUE,1,pair_496,fixed,synthetic_generated,corrected with .length - 1 as last valid index,0,0,0,0,0,5,139,0,1.0,0,0,0,0,1,1,0,0,0,1,1,10,49,0,0,0,0,0,0,0,0,0,0,0,0,0,0,0,1,0,1,1,0,0,0,0,0,0,0,0,0,0,0,0,0,0,0,0
gen_off_by_one_bug_133,data/ml/raw_snippets_generated/off_by_one/buggy/GenOffByOneBug133.java,java,OFF_BY_ONE_LOOP_BOUNDARY,0,pair_223,buggy,synthetic_generated,starts from .length instead of .length - 1,1,0,0,0,0,9,219,0,1.0,0,0,0,0,1,1,2,1,0,1,1,10,77,1,1,1,0,0,1,1,1,1,13,0,0,0,0,0,1,0,0,1,0,0,0,0,0,0,0,0,0,0,0,0,0,0,0,0
gen_off_by_one_fix_133,data/ml/raw_snippets_generated/off_by_one/fixed/GenOffByOneFix133.java,java,NO_ISSUE,1,pair_223,fixed,synthetic_generated,corrected with < length boundary,0,0,0,0,0,9,218,0,1.0,0,0,0,0,1,1,2,1,0,1,1,10,77,1,1,0,0,0,1,0,0,1,13,0,0,0,0,0,1,0,0,1,0,0,0,0,0,0,0,0,0,0,0,0,0,0,0,0
gen_missing_break_bug_070,data/ml/raw_snippets_generated/missing_break_in_switch/buggy/GenMissingBreakBug070.java,java,MISSING_BREAK_IN_SWITCH,0,pair_670,buggy,synthetic_generated,case falls through without break (unintentional),0,0,0,1,0,87,2159,0,1.0,0,0,0,0,1,9,10,13,1,7,11,11,671,4,4,0,0,0,4,0,0,4,30,4,0,0,0,0,4,0,0,2,1,5,3,1,0,1,0,12,0,0,0,0,0,1,0,14
gen_missing_break_fix_070,data/ml/raw_snippets_generated/missing_break_in_switch/fixed/GenMissingBreakFix070.java,java,NO_ISSUE,1,pair_670,fixed,synthetic_generated,every case ends with break/return,0,0,0,0,0,88,2182,0,1.0,0,0,0,0,1,9,10,13,1,7,11,11,674,4,4,0,0,0,4,0,0,4,30,4,0,0,0,0,4,0,0,2,1,5,4,0,0,1,0,12,0,0,0,0,0,1,0,14
gen_clean_generic_088,data/ml/raw_snippets_generated/clean/GenCleanGeneric088.java,java,NO_ISSUE,1,,clean,synthetic_generated,clean snippet GenCleanGeneric088,0,0,0,0,0,28,626,0,1.0,0,0,0,0,1,3,1,7,1,1,5,10,184,0,0,0,0,0,0,0,0,0,0,4,0,0,0,0,0,0,0,0,0,0,0,0,0,0,0,0,0,0,0,0,0,1,0,14
gen_missing_break_bug_136,data/ml/raw_snippets_generated/missing_break_in_switch/buggy/GenMissingBreakBug136.java,java,MISSING_BREAK_IN_SWITCH,0,pair_736,buggy,synthetic_generated,case falls through without break (unintentional),0,0,0,1,0,30,779,0,1.0,0,0,0,0,1,2,3,2,0,5,1,11,217,1,1,0,0,0,1,0,0,1,30,0,0,0,0,0,1,0,0,1,1,5,3,1,0,1,0,12,0,0,0,0,0,0,0,0
gen_missing_break_fix_136,data/ml/raw_snippets_generated/missing_break_in_switch/fixed/GenMissingBreakFix136.java,java,NO_ISSUE,1,pair_736,fixed,synthetic_generated,every case ends with break/return,0,0,0,0,0,31,802,0,1.0,0,0,0,0,1,2,3,2,0,5,1,11,220,1,1,0,0,0,1,0,0,1,30,0,0,0,0,0,1,0,0,1,1,5,4,0,0,1,0,12,0,0,0,0,0,0,0,0
gen_off_by_one_bug_127,data/ml/raw_snippets_generated/off_by_one/buggy/GenOffByOneBug127.java,java,OFF_BY_ONE_LOOP_BOUNDARY,0,pair_217,buggy,synthetic_generated,starts from .length instead of .length - 1,1,0,0,0,0,24,567,0,1.0,0,0,0,0,1,3,4,4,0,2,4,10,211,2,2,1,0,0,2,1,1,2,17,1,0,1,0,0,3,0,0,2,0,0,0,0,0,0,0,0,0,0,0,0,0,0,0,0
gen_off_by_one_fix_127,data/ml/raw_snippets_generated/off_by_one/fixed/GenOffByOneFix127.java,java,NO_ISSUE,1,pair_217,fixed,synthetic_generated,corrected with < length boundary,0,0,0,0,0,24,566,0,1.0,0,0,0,0,1,3,4,4,0,2,4,10,211,2,2,0,0,0,2,0,0,2,17,1,0,1,0,0,3,0,0,2,0,0,0,0,0,0,0,0,0,0,0,0,0,0,0,0
gen_clean_generic_094,data/ml/raw_snippets_generated/clean/GenCleanGeneric094.java,java,NO_ISSUE,1,,clean,synthetic_generated,clean snippet GenCleanGeneric094,0,0,0,0,0,9,215,0,1.0,0,0,0,0,1,1,2,1,0,1,1,10,77,1,1,0,0,0,1,0,0,1,13,0,0,0,0,0,1,0,0,1,0,0,0,0,0,0,0,0,0,0,0,0,0,0,0,0
gen_missing_break_bug_042,data/ml/raw_snippets_generated/missing_break_in_switch/buggy/GenMissingBreakBug042.java,java,MISSING_BREAK_IN_SWITCH,0,pair_642,buggy,synthetic_generated,case falls through without break (unintentional),0,0,0,1,0,36,905,0,1.0,0,0,0,0,1,3,3,5,0,4,3,11,263,1,1,0,0,0,1,0,0,1,30,2,0,0,0,0,1,0,0,1,1,4,2,1,0,1,0,12,0,0,0,0,0,0,0,0
gen_missing_break_fix_042,data/ml/raw_snippets_generated/missing_break_in_switch/fixed/GenMissingBreakFix042.java,java,NO_ISSUE,1,pair_642,fixed,synthetic_generated,every case ends with break/return,0,0,0,0,0,37,928,0,1.0,0,0,0,0,1,3,3,5,0,4,3,11,266,1,1,0,0,0,1,0,0,1,30,2,0,0,0,0,1,0,0,1,1,4,3,0,0,1,0,12,0,0,0,0,0,0,0,0
gen_incorrect_cond_bug_075,data/ml/raw_snippets_generated/incorrect_conditional_operator/buggy/GenIncorrectConditionalBug075.java,java,INCORRECT_CONDITIONAL_OPERATOR,0,pair_335,buggy,synthetic_generated,uses assignment (=) instead of equality (==) in condition,0,1,0,0,0,47,1058,0,1.0,0,0,0,0,1,6,5,6,1,4,5,11,346,2,2,0,0,0,2,0,0,2,13,3,1,0,0,0,2,0,0,2,0,0,0,0,0,0,0,0,0,0,0,0,0,1,0,14
gen_incorrect_cond_fix_075,data/ml/raw_snippets_generated/incorrect_conditional_operator/fixed/GenIncorrectConditionalFix075.java,java,NO_ISSUE,1,pair_335,fixed,synthetic_generated,uses == for comparison correctly,0,0,0,0,0,47,1059,0,1.0,0,0,0,0,1,6,5,6,1,3,6,11,346,2,2,0,0,0,2,0,0,2,13,3,0,1,0,0,2,0,0,2,0,0,0,0,0,0,0,0,0,0,0,0,0,1,0,14
gen_off_by_one_bug_018,data/ml/raw_snippets_generated/off_by_one/buggy/GenOffByOneBug018.java,java,OFF_BY_ONE_LOOP_BOUNDARY,0,pair_108,buggy,synthetic_generated,starts from .length instead of .length - 1,1,0,0,0,0,11,281,0,1.0,0,0,0,0,1,1,2,1,0,0,2,11,93,1,1,1,0,0,1,1,1,1,24,1,0,0,0,0,1,0,0,1,0,0,0,0,0,0,0,0,0,0,0,0,0,0,0,0
gen_off_by_one_fix_018,data/ml/raw_snippets_generated/off_by_one/fixed/GenOffByOneFix018.java,java,NO_ISSUE,1,pair_108,fixed,synthetic_generated,corrected with < length boundary,0,0,0,0,0,11,280,0,1.0,0,0,0,0,1,1,2,1,0,0,2,11,93,1,1,0,0,0,1,0,0,1,24,1,0,0,0,0,1,0,0,1,0,0,0,0,0,0,0,0,0,0,0,0,0,0,0,0
gen_clean_generic_095,data/ml/raw_snippets_generated/clean/GenCleanGeneric095.java,java,NO_ISSUE,1,,clean,synthetic_generated,clean snippet GenCleanGeneric095,0,0,0,0,0,20,433,0,1.0,0,0,0,0,1,3,2,4,0,1,5,10,146,1,1,0,0,0,1,0,0,1,13,1,0,1,0,0,1,0,0,1,0,0,0,0,0,0,0,0,0,0,0,0,0,0,0,0
gen_missing_break_bug_129,data/ml/raw_snippets_generated/missing_break_in_switch/buggy/GenMissingBreakBug129.java,java,MISSING_BREAK_IN_SWITCH,0,pair_729,buggy,synthetic_generated,case falls through without break (unintentional),0,0,0,1,0,24,584,0,1.0,0,0,0,0,1,1,1,1,0,6,0,11,141,0,0,0,0,0,0,0,0,0,0,0,0,0,0,0,0,0,0,0,1,6,4,1,0,1,0,12,0,0,0,0,0,0,0,0
gen_missing_break_fix_129,data/ml/raw_snippets_generated/missing_break_in_switch/fixed/GenMissingBreakFix129.java,java,NO_ISSUE,1,pair_729,fixed,synthetic_generated,every case ends with break/return,0,0,0,0,0,25,607,0,1.0,0,0,0,0,1,1,1,1,0,6,0,11,144,0,0,0,0,0,0,0,0,0,0,0,0,0,0,0,0,0,0,0,1,6,5,0,0,1,0,12,0,0,0,0,0,0,0,0
gen_while_no_update_bug_015,data/ml/raw_snippets_generated/while_variable_not_updated/buggy/GenWhileNoUpdateBug015.java,java,WHILE_VARIABLE_NOT_UPDATED,0,pair_785,buggy,synthetic_generated,no condition variable changes inside the while body (infinite loop),0,0,0,0,1,9,203,0,1.0,0,0,0,0,1,1,1,1,1,1,1,9,60,0,0,0,0,0,0,0,0,0,0,0,0,0,0,0,0,0,0,0,0,0,0,0,0,0,0,0,0,0,0,0,0,0,1,9
gen_while_no_update_fix_015,data/ml/raw_snippets_generated/while_variable_not_updated/fixed/GenWhileNoUpdateFix015.java,java,NO_ISSUE,1,pair_785,fixed,synthetic_generated,condition variable updated inside the loop body,0,0,0,0,0,10,224,0,1.0,0,0,0,0,1,1,1,1,1,1,1,9,65,0,0,0,0,0,0,0,0,0,0,0,0,0,0,0,0,0,0,0,0,0,0,0,0,0,0,0,0,0,0,0,0,1,0,14
gen_off_by_one_bug_064,data/ml/raw_snippets_generated/off_by_one/buggy/GenOffByOneBug064.java,java,OFF_BY_ONE_LOOP_BOUNDARY,0,pair_154,buggy,synthetic_generated,starts from .length instead of .length - 1,1,0,0,0,0,36,852,0,1.0,0,0,0,0,1,3,5,3,0,4,4,12,261,2,2,1,0,0,2,1,1,2,29,2,0,0,0,0,4,0,0,2,1,3,2,0,0,1,0,12,0,0,0,0,0,0,0,0
gen_off_by_one_fix_064,data/ml/raw_snippets_generated/off_by_one/fixed/GenOffByOneFix064.java,java,NO_ISSUE,1,pair_154,fixed,synthetic_generated,corrected with < length boundary,0,0,0,0,0,36,851,0,1.0,0,0,0,0,1,3,5,3,0,4,4,12,261,2,2,0,0,0,2,0,0,2,29,2,0,0,0,0,4,0,0,2,1,3,2,0,0,1,0,12,0,0,0,0,0,0,0,0
gen_clean_generic_006,data/ml/raw_snippets_generated/clean/GenCleanGeneric006.java,java,NO_ISSUE,1,,clean,synthetic_generated,clean snippet GenCleanGeneric006,0,0,0,0,0,57,1280,0,1.0,0,0,0,0,1,6,4,4,0,7,4,12,370,1,1,0,0,0,1,0,0,1,29,1,0,0,0,0,3,0,0,1,2,6,4,0,0,2,0,12,0,0,0,0,0,0,0,0
gen_off_by_one_bug_095,data/ml/raw_snippets_generated/off_by_one/buggy/GenOffByOneBug095.java,java,OFF_BY_ONE_LOOP_BOUNDARY,0,pair_185,buggy,synthetic_generated,starts from .length instead of .length - 1,1,0,0,0,0,56,1427,0,1.0,0,0,0,0,1,7,8,7,0,2,6,11,504,4,4,1,0,0,4,1,1,4,30,2,0,0,0,0,5,0,0,4,0,0,0,0,0,0,0,0,0,0,0,0,0,0,0,0
gen_off_by_one_fix_095,data/ml/raw_snippets_generated/off_by_one/fixed/GenOffByOneFix095.java,java,NO_ISSUE,1,pair_185,fixed,synthetic_generated,corrected with < length boundary,0,0,0,0,0,56,1426,0,1.0,0,0,0,0,1,7,8,7,0,2,6,11,504,4,4,0,0,0,4,0,0,4,30,2,0,0,0,0,5,0,0,4,0,0,0,0,0,0,0,0,0,0,0,0,0,0,0,0
gen_array_index_bug_014,data/ml/raw_snippets_generated/array_length_index_misuse/buggy/GenArrayIndexBug014.java,java,ARRAY_LENGTH_INDEX_MISUSE,0,pair_444,buggy,synthetic_generated,accesses array[array.length] directly (out of bounds),0,0,1,0,0,29,663,0,1.0,0,0,0,0,1,4,0,7,0,0,4,10,208,0,0,0,0,0,0,0,0,0,0,4,0,0,0,0,1,1,1,1,0,0,0,0,0,0,0,0,0,0,0,0,0,0,0,0
gen_array_index_fix_014,data/ml/raw_snippets_generated/array_length_index_misuse/fixed/GenArrayIndexFix014.java,java,NO_ISSUE,1,pair_444,fixed,synthetic_generated,corrected with .length - 1 as last valid index,0,0,0,0,0,29,667,0,1.0,0,0,0,0,1,4,0,7,0,0,5,10,211,0,0,0,0,0,0,0,0,0,0,4,0,0,0,0,1,0,1,1,0,0,0,0,0,0,0,0,0,0,0,0,0,0,0,0
gen_incorrect_cond_bug_128,data/ml/raw_snippets_generated/incorrect_conditional_operator/buggy/GenIncorrectConditionalBug128.java,java,INCORRECT_CONDITIONAL_OPERATOR,0,pair_388,buggy,synthetic_generated,uses assignment (=) instead of equality (==) in condition,0,1,0,0,0,43,1038,0,1.0,0,0,0,0,1,5,4,10,0,2,6,11,330,2,2,0,0,0,2,0,0,2,30,5,1,0,0,0,2,0,0,2,0,0,0,0,0,0,0,0,0,0,0,0,0,0,0,0
gen_incorrect_cond_fix_128,data/ml/raw_snippets_generated/incorrect_conditional_operator/fixed/GenIncorrectConditionalFix128.java,java,NO_ISSUE,1,pair_388,fixed,synthetic_generated,uses == for comparison correctly,0,0,0,0,0,43,1039,0,1.0,0,0,0,0,1,5,4,10,0,1,7,11,330,2,2,0,0,0,2,0,0,2,30,5,0,1,0,0,2,0,0,2,0,0,0,0,0,0,0,0,0,0,0,0,0,0,0,0
gen_incorrect_cond_bug_011,data/ml/raw_snippets_generated/incorrect_conditional_operator/buggy/GenIncorrectConditionalBug011.java,java,INCORRECT_CONDITIONAL_OPERATOR,0,pair_271,buggy,synthetic_generated,uses assignment (=) instead of equality (==) in condition,0,1,0,0,0,7,178,0,1.0,0,0,0,0,1,1,0,0,0,1,0,11,52,0,0,0,0,0,0,0,0,0,0,1,1,0,0,0,0,0,0,0,0,0,0,0,0,0,0,0,0,0,0,0,0,0,0,0
gen_incorrect_cond_fix_011,data/ml/raw_snippets_generated/incorrect_conditional_operator/fixed/GenIncorrectConditionalFix011.java,java,NO_ISSUE,1,pair_271,fixed,synthetic_generated,uses == for comparison correctly,0,0,0,0,0,7,179,0,1.0,0,0,0,0,1,1,0,0,0,0,1,11,52,0,0,0,0,0,0,0,0,0,0,1,0,1,0,0,0,0,0,0,0,0,0,0,0,0,0,0,0,0,0,0,0,0,0,0
gen_incorrect_cond_bug_057,data/ml/raw_snippets_generated/incorrect_conditional_operator/buggy/GenIncorrectConditionalBug057.java,java,INCORRECT_CONDITIONAL_OPERATOR,0,pair_317,buggy,synthetic_generated,uses assignment (=) instead of equality (==) in condition,0,1,0,0,0,8,204,0,1.0,0,0,0,0,1,1,0,2,0,1,0,8,47,0,0,0,0,0,0,0,0,0,0,1,1,0,0,0,0,0,0,0,0,0,0,0,0,0,0,0,0,0,0,0,0,0,0,0
gen_incorrect_cond_fix_057,data/ml/raw_snippets_generated/incorrect_conditional_operator/fixed/GenIncorrectConditionalFix057.java,java,NO_ISSUE,1,pair_317,fixed,synthetic_generated,uses == for comparison correctly,0,0,0,0,0,8,205,0,1.0,0,0,0,0,1,1,0,2,0,0,1,8,47,0,0,0,0,0,0,0,0,0,0,1,0,1,0,0,0,0,0,0,0,0,0,0,0,0,0,0,0,0,0,0,0,0,0,0
gen_while_no_update_bug_123,data/ml/raw_snippets_generated/while_variable_not_updated/buggy/GenWhileNoUpdateBug123.java,java,WHILE_VARIABLE_NOT_UPDATED,0,pair_893,buggy,synthetic_generated,no condition variable changes inside the while body (infinite loop),0,0,0,0,1,8,201,0,1.0,0,0,0,0,1,1,0,0,1,0,0,10,57,0,0,0,0,0,0,0,0,0,0,0,0,0,0,0,0,0,0,0,0,0,0,0,0,0,0,0,0,0,0,0,1,0,1,21
gen_while_no_update_fix_123,data/ml/raw_snippets_generated/while_variable_not_updated/fixed/GenWhileNoUpdateFix123.java,java,NO_ISSUE,1,pair_893,fixed,synthetic_generated,condition variable updated inside the loop body,0,0,0,0,0,9,237,0,1.0,0,0,0,0,1,1,0,0,1,1,1,10,66,0,0,0,0,0,0,0,0,0,0,0,0,0,0,0,0,0,0,0,0,0,0,0,0,0,0,0,0,0,0,0,1,1,0,30
gen_off_by_one_bug_061,data/ml/raw_snippets_generated/off_by_one/buggy/GenOffByOneBug061.java,java,OFF_BY_ONE_LOOP_BOUNDARY,0,pair_151,buggy,synthetic_generated,starts from .length instead of .length - 1,1,0,0,0,0,11,281,0,1.0,0,0,0,0,1,1,2,1,0,0,2,11,93,1,1,1,0,0,1,1,1,1,24,1,0,0,0,0,1,0,0,1,0,0,0,0,0,0,0,0,0,0,0,0,0,0,0,0
gen_off_by_one_fix_061,data/ml/raw_snippets_generated/off_by_one/fixed/GenOffByOneFix061.java,java,NO_ISSUE,1,pair_151,fixed,synthetic_generated,corrected with < length boundary,0,0,0,0,0,11,280,0,1.0,0,0,0,0,1,1,2,1,0,0,2,11,93,1,1,0,0,0,1,0,0,1,24,1,0,0,0,0,1,0,0,1,0,0,0,0,0,0,0,0,0,0,0,0,0,0,0,0
gen_clean_stacked_labels_003,data/ml/raw_snippets_generated/clean/GenCleanStackedLabels003.java,java,NO_ISSUE,1,,clean,synthetic_generated,clean snippet GenCleanStackedLabels003,0,0,0,0,0,40,1026,0,1.0,0,0,0,0,1,4,7,4,0,3,3,11,331,3,3,0,0,0,3,0,0,3,30,0,0,0,0,0,3,0,0,2,1,3,1,0,1,1,0,12,0,0,0,0,0,0,0,0
gen_clean_stacked_labels_015,data/ml/raw_snippets_generated/clean/GenCleanStackedLabels015.java,java,NO_ISSUE,1,,clean,synthetic_generated,clean snippet GenCleanStackedLabels015,0,0,0,0,0,50,1104,0,1.0,0,0,0,0,1,5,2,5,0,5,2,11,306,0,0,0,0,0,0,0,0,0,0,2,0,0,0,0,0,0,0,0,2,6,3,0,1,2,0,12,0,0,0,0,0,0,0,0
gen_missing_break_bug_117,data/ml/raw_snippets_generated/missing_break_in_switch/buggy/GenMissingBreakBug117.java,java,MISSING_BREAK_IN_SWITCH,0,pair_717,buggy,synthetic_generated,case falls through without break (unintentional),0,0,0,1,0,35,837,0,1.0,0,0,0,0,1,3,3,3,0,6,4,12,237,1,1,0,0,0,1,0,0,1,29,1,0,0,0,0,3,0,0,1,1,5,3,1,0,1,0,12,0,0,0,0,0,0,0,0
gen_missing_break_fix_117,data/ml/raw_snippets_generated/missing_break_in_switch/fixed/GenMissingBreakFix117.java,java,NO_ISSUE,1,pair_717,fixed,synthetic_generated,every case ends with break/return,0,0,0,0,0,36,860,0,1.0,0,0,0,0,1,3,3,3,0,6,4,12,240,1,1,0,0,0,1,0,0,1,29,1,0,0,0,0,3,0,0,1,1,5,4,0,0,1,0,12,0,0,0,0,0,0,0,0
gen_incorrect_cond_bug_034,data/ml/raw_snippets_generated/incorrect_conditional_operator/buggy/GenIncorrectConditionalBug034.java,java,INCORRECT_CONDITIONAL_OPERATOR,0,pair_294,buggy,synthetic_generated,uses assignment (=) instead of equality (==) in condition,0,1,0,0,0,8,191,0,1.0,0,0,0,0,1,1,0,2,0,1,0,9,49,0,0,0,0,0,0,0,0,0,0,1,1,0,1,0,0,0,0,0,0,0,0,0,0,0,0,0,0,0,0,0,0,0,0,0
gen_incorrect_cond_fix_034,data/ml/raw_snippets_generated/incorrect_conditional_operator/fixed/GenIncorrectConditionalFix034.java,java,NO_ISSUE,1,pair_294,fixed,synthetic_generated,uses == for comparison correctly,0,0,0,0,0,8,192,0,1.0,0,0,0,0,1,1,0,2,0,0,1,9,49,0,0,0,0,0,0,0,0,0,0,1,0,1,1,0,0,0,0,0,0,0,0,0,0,0,0,0,0,0,0,0,0,0,0,0
gen_clean_tail_index_019,data/ml/raw_snippets_generated/clean/GenCleanTailIndex019.java,java,NO_ISSUE,1,,clean,synthetic_generated,clean snippet GenCleanTailIndex019,0,0,0,0,0,11,252,0,1.0,0,0,0,0,1,2,0,1,0,0,1,10,87,0,0,0,0,0,0,0,0,0,0,0,0,0,0,0,1,0,1,1,0,0,0,0,0,0,0,0,0,0,0,0,0,0,0,0
gen_clean_tail_index_025,data/ml/raw_snippets_generated/clean/GenCleanTailIndex025.java,java,NO_ISSUE,1,,clean,synthetic_generated,clean snippet GenCleanTailIndex025,0,0,0,0,0,20,454,0,1.0,0,0,0,0,1,2,1,2,0,3,1,11,123,0,0,0,0,0,0,0,0,0,0,0,0,0,0,0,1,0,1,1,1,3,2,0,0,1,0,12,0,0,0,0,0,0,0,0
gen_clean_while_true_break_013,data/ml/raw_snippets_generated/clean/GenCleanWhileTrueBreak013.java,java,NO_ISSUE,1,,clean,synthetic_generated,clean snippet GenCleanWhileTrueBreak013,0,0,0,0,0,21,454,0,1.0,0,0,0,0,1,2,1,4,1,0,3,10,127,0,0,0,0,0,0,0,0,0,0,3,0,0,0,0,0,0,0,0,0,0,0,0,0,0,0,0,0,0,1,1,0,0,0,23
gen_missing_break_bug_037,data/ml/raw_snippets_generated/missing_break_in_switch/buggy/GenMissingBreakBug037.java,java,MISSING_BREAK_IN_SWITCH,0,pair_637,buggy,synthetic_generated,case falls through without break (unintentional),0,0,0,1,0,64,1429,0,1.0,0,0,0,0,1,6,3,7,1,9,5,11,385,0,0,0,0,0,0,0,0,0,0,2,0,0,0,0,0,0,0,0,2,8,5,1,0,2,0,12,0,0,0,0,0,1,0,14
gen_missing_break_fix_037,data/ml/raw_snippets_generated/missing_break_in_switch/fixed/GenMissingBreakFix037.java,java,NO_ISSUE,1,pair_637,fixed,synthetic_generated,every case ends with break/return,0,0,0,0,0,65,1452,0,1.0,0,0,0,0,1,6,3,7,1,9,5,11,388,0,0,0,0,0,0,0,0,0,0,2,0,0,0,0,0,0,0,0,2,8,6,0,0,2,0,12,0,0,0,0,0,1,0,14
gen_array_index_bug_013,data/ml/raw_snippets_generated/array_length_index_misuse/buggy/GenArrayIndexBug013.java,java,ARRAY_LENGTH_INDEX_MISUSE,0,pair_443,buggy,synthetic_generated,accesses array[array.length] directly (out of bounds),0,0,1,0,0,21,453,0,1.0,0,0,0,0,1,3,0,6,0,0,4,10,145,0,0,0,0,0,0,0,0,0,0,3,0,1,0,0,1,1,1,1,0,0,0,0,0,0,0,0,0,0,0,0,0,0,0,0
gen_array_index_fix_013,data/ml/raw_snippets_generated/array_length_index_misuse/fixed/GenArrayIndexFix013.java,java,NO_ISSUE,1,pair_443,fixed,synthetic_generated,corrected with .length - 1 as last valid index,0,0,0,0,0,21,457,0,1.0,0,0,0,0,1,3,0,6,0,0,5,10,148,0,0,0,0,0,0,0,0,0,0,3,0,1,0,0,1,0,1,1,0,0,0,0,0,0,0,0,0,0,0,0,0,0,0,0
gen_missing_break_bug_067,data/ml/raw_snippets_generated/missing_break_in_switch/buggy/GenMissingBreakBug067.java,java,MISSING_BREAK_IN_SWITCH,0,pair_667,buggy,synthetic_generated,case falls through without break (unintentional),0,0,0,1,0,42,963,0,1.0,0,0,0,0,1,5,3,3,0,5,3,11,288,1,1,0,0,0,1,0,0,1,13,0,0,0,0,0,1,0,0,1,1,4,2,1,0,1,0,12,0,0,0,0,0,0,0,0
gen_missing_break_fix_067,data/ml/raw_snippets_generated/missing_break_in_switch/fixed/GenMissingBreakFix067.java,java,NO_ISSUE,1,pair_667,fixed,synthetic_generated,every case ends with break/return,0,0,0,0,0,43,986,0,1.0,0,0,0,0,1,5,3,3,0,5,3,11,291,1,1,0,0,0,1,0,0,1,13,0,0,0,0,0,1,0,0,1,1,4,3,0,0,1,0,12,0,0,0,0,0,0,0,0
gen_array_index_bug_096,data/ml/raw_snippets_generated/array_length_index_misuse/buggy/GenArrayIndexBug096.java,java,ARRAY_LENGTH_INDEX_MISUSE,0,pair_526,buggy,synthetic_generated,accesses array[array.length] directly (out of bounds),0,0,1,0,0,45,1005,0,1.0,0,0,0,0,1,6,5,6,1,4,5,10,338,2,2,0,0,0,2,0,0,2,13,2,0,0,0,0,3,1,1,2,0,0,0,0,0,0,0,0,0,0,0,0,0,1,0,14
gen_array_index_fix_096,data/ml/raw_snippets_generated/array_length_index_misuse/fixed/GenArrayIndexFix096.java,java,NO_ISSUE,1,pair_526,fixed,synthetic_generated,corrected with .length - 1 as last valid index,0,0,0,0,0,45,1009,0,1.0,0,0,0,0,1,6,5,6,1,4,6,10,341,2,2,0,0,0,2,0,0,2,13,2,0,0,0,0,3,0,1,2,0,0,0,0,0,0,0,0,0,0,0,0,0,1,0,14
gen_array_index_bug_079,data/ml/raw_snippets_generated/array_length_index_misuse/buggy/GenArrayIndexBug079.java,java,ARRAY_LENGTH_INDEX_MISUSE,0,pair_509,buggy,synthetic_generated,accesses array[array.length] directly (out of bounds),0,0,1,0,0,5,119,0,1.0,0,0,0,0,1,1,0,1,0,0,0,8,40,0,0,0,0,0,0,0,0,0,0,0,0,0,0,0,1,1,1,1,0,0,0,0,0,0,0,0,0,0,0,0,0,0,0,0
gen_array_index_fix_079,data/ml/raw_snippets_generated/array_length_index_misuse/fixed/GenArrayIndexFix079.java,java,NO_ISSUE,1,pair_509,fixed,synthetic_generated,corrected with .length - 1 as last valid index,0,0,0,0,0,5,123,0,1.0,0,0,0,0,1,1,0,1,0,0,1,9,43,0,0,0,0,0,0,0,0,0,0,0,0,0,0,0,1,0,1,1,0,0,0,0,0,0,0,0,0,0,0,0,0,0,0,0
gen_missing_break_bug_167,data/ml/raw_snippets_generated/missing_break_in_switch/buggy/GenMissingBreakBug167.java,java,MISSING_BREAK_IN_SWITCH,0,pair_767,buggy,synthetic_generated,case falls through without break (unintentional),0,0,0,1,0,28,669,0,1.0,0,0,0,0,1,2,1,2,0,6,2,11,166,0,0,0,0,0,0,0,0,0,0,0,0,0,0,0,0,0,0,0,1,6,4,1,0,1,0,12,0,0,0,0,0,0,0,0
gen_missing_break_fix_167,data/ml/raw_snippets_generated/missing_break_in_switch/fixed/GenMissingBreakFix167.java,java,NO_ISSUE,1,pair_767,fixed,synthetic_generated,every case ends with break/return,0,0,0,0,0,29,692,0,1.0,0,0,0,0,1,2,1,2,0,6,2,11,169,0,0,0,0,0,0,0,0,0,0,0,0,0,0,0,0,0,0,0,1,6,5,0,0,1,0,12,0,0,0,0,0,0,0,0
gen_while_no_update_bug_094,data/ml/raw_snippets_generated/while_variable_not_updated/buggy/GenWhileNoUpdateBug094.java,java,WHILE_VARIABLE_NOT_UPDATED,0,pair_864,buggy,synthetic_generated,no condition variable changes inside the while body (infinite loop),0,0,0,0,1,20,424,0,1.0,0,0,0,0,1,3,1,4,1,1,5,9,129,0,0,0,0,0,0,0,0,0,0,1,0,1,0,0,0,0,0,0,0,0,0,0,0,0,0,0,0,0,0,0,0,0,1,9
gen_while_no_update_fix_094,data/ml/raw_snippets_generated/while_variable_not_updated/fixed/GenWhileNoUpdateFix094.java,java,NO_ISSUE,1,pair_864,fixed,synthetic_generated,condition variable updated inside the loop body,0,0,0,0,0,21,445,0,1.0,0,0,0,0,1,3,1,4,1,1,5,9,134,0,0,0,0,0,0,0,0,0,0,1,0,1,0,0,0,0,0,0,0,0,0,0,0,0,0,0,0,0,0,0,0,1,0,14
gen_incorrect_cond_bug_147,data/ml/raw_snippets_generated/incorrect_conditional_operator/buggy/GenIncorrectConditionalBug147.java,java,INCORRECT_CONDITIONAL_OPERATOR,0,pair_407,buggy,synthetic_generated,uses assignment (=) instead of equality (==) in condition,0,1,0,0,0,61,1435,0,1.0,0,0,0,0,1,6,6,6,0,8,2,11,414,2,2,0,0,0,2,0,0,2,30,1,1,0,1,0,2,0,0,2,2,6,4,0,0,2,0,12,0,0,0,0,0,0,0,0
gen_incorrect_cond_fix_147,data/ml/raw_snippets_generated/incorrect_conditional_operator/fixed/GenIncorrectConditionalFix147.java,java,NO_ISSUE,1,pair_407,fixed,synthetic_generated,uses == for comparison correctly,0,0,0,0,0,61,1436,0,1.0,0,0,0,0,1,6,6,6,0,7,3,11,414,2,2,0,0,0,2,0,0,2,30,1,0,1,1,0,2,0,0,2,2,6,4,0,0,2,0,12,0,0,0,0,0,0,0,0
gen_clean_verbose_boolean_027,data/ml/raw_snippets_generated/clean/GenCleanVerboseBoolean027.java,java,NO_ISSUE,1,,clean,synthetic_generated,clean snippet GenCleanVerboseBoolean027,0,0,0,0,0,23,507,0,1.0,0,0,0,0,1,3,0,5,0,0,3,10,154,0,0,0,0,0,0,0,0,0,0,3,0,1,1,0,0,0,0,0,0,0,0,0,0,0,0,0,0,0,0,0,0,0,0,0
gen_array_index_bug_160,data/ml/raw_snippets_generated/array_length_index_misuse/buggy/GenArrayIndexBug160.java,java,ARRAY_LENGTH_INDEX_MISUSE,0,pair_590,buggy,synthetic_generated,accesses array[array.length] directly (out of bounds),0,0,1,0,0,69,1448,0,1.0,0,0,0,0,1,9,4,10,3,6,11,11,419,0,0,0,0,0,0,0,0,0,0,2,0,2,0,0,1,1,1,1,1,3,2,0,0,1,0,12,0,0,0,0,0,3,0,14
gen_array_index_fix_160,data/ml/raw_snippets_generated/array_length_index_misuse/fixed/GenArrayIndexFix160.java,java,NO_ISSUE,1,pair_590,fixed,synthetic_generated,corrected with .length - 1 as last valid index,0,0,0,0,0,69,1452,0,1.0,0,0,0,0,1,9,4,10,3,6,12,11,422,0,0,0,0,0,0,0,0,0,0,2,0,2,0,0,1,0,1,1,1,3,2,0,0,1,0,12,0,0,0,0,0,3,0,14
gen_while_no_update_bug_019,data/ml/raw_snippets_generated/while_variable_not_updated/buggy/GenWhileNoUpdateBug019.java,java,WHILE_VARIABLE_NOT_UPDATED,0,pair_789,buggy,synthetic_generated,no condition variable changes inside the while body (infinite loop),0,0,0,0,1,7,173,0,1.0,0,0,0,0,1,1,0,0,1,0,2,12,55,0,0,0,0,0,0,0,0,0,0,0,0,0,0,0,0,0,0,0,0,0,0,0,0,0,0,0,0,0,0,0,1,0,1,22
gen_while_no_update_fix_019,data/ml/raw_snippets_generated/while_variable_not_updated/fixed/GenWhileNoUpdateFix019.java,java,NO_ISSUE,1,pair_789,fixed,synthetic_generated,condition variable updated inside the loop body,0,0,0,0,0,8,194,0,1.0,0,0,0,0,1,1,0,0,1,0,2,12,60,0,0,0,0,0,0,0,0,0,0,0,0,0,0,0,0,0,0,0,0,0,0,0,0,0,0,0,0,0,0,0,1,1,0,27
gen_off_by_one_bug_146,data/ml/raw_snippets_generated/off_by_one/buggy/GenOffByOneBug146.java,java,OFF_BY_ONE_LOOP_BOUNDARY,0,pair_236,buggy,synthetic_generated,starts from .length instead of .length - 1,1,0,0,0,0,73,1675,0,1.0,0,0,0,0,1,7,8,11,0,9,7,11,521,3,3,1,0,0,3,1,1,3,17,4,0,0,0,0,4,0,0,3,2,6,4,0,0,2,0,12,0,0,0,0,0,0,0,0
gen_off_by_one_fix_146,data/ml/raw_snippets_generated/off_by_one/fixed/GenOffByOneFix146.java,java,NO_ISSUE,1,pair_236,fixed,synthetic_generated,corrected with < length boundary,0,0,0,0,0,73,1674,0,1.0,0,0,0,0,1,7,8,11,0,9,7,11,521,3,3,0,0,0,3,0,0,3,17,4,0,0,0,0,4,0,0,3,2,6,4,0,0,2,0,12,0,0,0,0,0,0,0,0
gen_while_no_update_bug_044,data/ml/raw_snippets_generated/while_variable_not_updated/buggy/GenWhileNoUpdateBug044.java,java,WHILE_VARIABLE_NOT_UPDATED,0,pair_814,buggy,synthetic_generated,no condition variable changes inside the while body (infinite loop),0,0,0,0,1,46,1035,0,1.0,0,0,0,0,1,5,1,7,1,3,6,12,301,0,0,0,0,0,0,0,0,0,0,4,0,0,0,0,0,0,0,0,1,3,2,0,0,1,0,12,0,0,0,0,1,0,1,22
gen_while_no_update_fix_044,data/ml/raw_snippets_generated/while_variable_not_updated/fixed/GenWhileNoUpdateFix044.java,java,NO_ISSUE,1,pair_814,fixed,synthetic_generated,condition variable updated inside the loop body,0,0,0,0,0,47,1056,0,1.0,0,0,0,0,1,5,1,7,1,3,6,12,306,0,0,0,0,0,0,0,0,0,0,4,0,0,0,0,0,0,0,0,1,3,2,0,0,1,0,12,0,0,0,0,1,1,0,27
gen_array_index_bug_002,data/ml/raw_snippets_generated/array_length_index_misuse/buggy/GenArrayIndexBug002.java,java,ARRAY_LENGTH_INDEX_MISUSE,0,pair_432,buggy,synthetic_generated,accesses array[array.length] directly (out of bounds),0,0,1,0,0,13,293,0,1.0,0,0,0,0,1,2,2,2,0,1,1,10,108,1,1,0,0,0,1,0,0,1,13,0,0,0,0,0,2,1,1,2,0,0,0,0,0,0,0,0,0,0,0,0,0,0,0,0
gen_array_index_fix_002,data/ml/raw_snippets_generated/array_length_index_misuse/fixed/GenArrayIndexFix002.java,java,NO_ISSUE,1,pair_432,fixed,synthetic_generated,corrected with .length - 1 as last valid index,0,0,0,0,0,13,297,0,1.0,0,0,0,0,1,2,2,2,0,1,2,10,111,1,1,0,0,0,1,0,0,1,13,0,0,0,0,0,2,0,1,2,0,0,0,0,0,0,0,0,0,0,0,0,0,0,0,0
gen_clean_verbose_boolean_012,data/ml/raw_snippets_generated/clean/GenCleanVerboseBoolean012.java,java,NO_ISSUE,1,,clean,synthetic_generated,clean snippet GenCleanVerboseBoolean012,0,0,0,0,0,8,177,0,1.0,0,0,0,0,1,1,0,2,0,0,1,9,49,0,0,0,0,0,0,0,0,0,0,1,0,1,1,0,0,0,0,0,0,0,0,0,0,0,0,0,0,0,0,0,0,0,0,0
