snippet_id,file_path,language,primary_label,is_clean,has_off_by_one,has_incorrect_conditional,has_array_length_index_misuse,has_missing_break,has_while_not_updated,pair_group,pair_role,source_type,notes
off_by_one_bug_001,data/ml/raw_snippets/off_by_one/buggy/OffByOneBug001.java,java,OFF_BY_ONE_LOOP_BOUNDARY,0,1,0,0,0,0,pair_001,buggy,manual_curated, starts from .length instead of .length - 1
off_by_one_fix_001,data/ml/raw_snippets/off_by_one/fixed/OffByOneFix001.java,java,NO_ISSUE,1,0,0,0,0,0,pair_001,fixed,manual_curated, corrected with < length boundary
off_by_one_bug_002,data/ml/raw_snippets/off_by_one/buggy/OffByOneBug002.java,java,OFF_BY_ONE_LOOP_BOUNDARY,0,1,0,0,0,0,pair_002,buggy,manual_curated, starts from .length instead of .length - 1
off_by_one_fix_002,data/ml/raw_snippets/off_by_one/fixed/OffByOneFix002.java,java,NO_ISSUE,1,0,0,0,0,0,pair_002,fixed,manual_curated, corrected with < length boundary
off_by_one_bug_003,data/ml/raw_snippets/off_by_one/buggy/OffByOneBug003.java,java,OFF_BY_ONE_LOOP_BOUNDARY,0,1,0,0,0,0,pair_003,buggy,manual_curated, starts from .length instead of .length - 1
off_by_one_fix_003,data/ml/raw_snippets/off_by_one/fixed/OffByOneFix003.java,java,NO_ISSUE,1,0,0,0,0,0,pair_003,fixed,manual_curated, corrected with < length boundary
off_by_one_bug_004,data/ml/raw_snippets/off_by_one/buggy/OffByOneBug004.java,java,OFF_BY_ONE_LOOP_BOUNDARY,0,1,0,0,0,0,pair_004,buggy,manual_curated, starts from .length instead of .length - 1
off_by_one_fix_004,data/ml/raw_snippets/off_by_one/fixed/OffByOneFix004.java,java,NO_ISSUE,1,0,0,0,0,0,pair_004,fixed,manual_curated, corrected with < length boundary
off_by_one_bug_005,data/ml/raw_snippets/off_by_one/buggy/OffByOneBug005.java,java,OFF_BY_ONE_LOOP_BOUNDARY,0,1,0,0,0,0,pair_005,buggy,manual_curated, starts from .length instead of .length - 1
off_by_one_fix_005,data/ml/raw_snippets/off_by_one/fixed/OffByOneFix005.java,java,NO_ISSUE,1,0,0,0,0,0,pair_005,fixed,manual_curated, corrected with < length boundary
off_by_one_bug_006,data/ml/raw_snippets/off_by_one/buggy/OffByOneBug006.java,java,OFF_BY_ONE_LOOP_BOUNDARY,0,1,0,0,0,0,pair_006,buggy,manual_curated, starts from .length instead of .length - 1
off_by_one_fix_006,data/ml/raw_snippets/off_by_one/fixed/OffByOneFix006.java,java,NO_ISSUE,1,0,0,0,0,0,pair_006,fixed,manual_curated, corrected with < length boundary
off_by_one_bug_007,data/ml/raw_snippets/off_by_one/buggy/OffByOneBug007.java,java,OFF_BY_ONE_LOOP_BOUNDARY,0,1,0,0,0,0,pair_007,buggy,manual_curated, starts from .length instead of .length - 1
off_by_one_fix_007,data/ml/raw_snippets/off_by_one/fixed/OffByOneFix007.java,java,NO_ISSUE,1,0,0,0,0,0,pair_007,fixed,manual_curated, corrected with < length boundary
off_by_one_bug_008,data/ml/raw_snippets/off_by_one/buggy/OffByOneBug008.java,java,OFF_BY_ONE_LOOP_BOUNDARY,0,1,0,0,0,0,pair_008,buggy,manual_curated, starts from .length instead of .length - 1
off_by_one_fix_008,data/ml/raw_snippets/off_by_one/fixed/OffByOneFix008.java,java,NO_ISSUE,1,0,0,0,0,0,pair_008,fixed,manual_curated, corrected with < length boundary
off_by_one_bug_009,data/ml/raw_snippets/off_by_one/buggy/OffByOneBug009.java,java,OFF_BY_ONE_LOOP_BOUNDARY,0,1,0,0,0,0,pair_009,buggy,manual_curated, starts from .length instead of .length - 1
off_by_one_fix_009,data/ml/raw_snippets/off_by_one/fixed/OffByOneFix009.java,java,NO_ISSUE,1,0,0,0,0,0,pair_009,fixed,manual_curated, corrected with < length boundary
off_by_one_bug_010,data/ml/raw_snippets/off_by_one/buggy/OffByOneBug010.java,java,OFF_BY_ONE_LOOP_BOUNDARY,0,1,0,0,0,0,pair_010,buggy,manual_curated, starts from .length instead of .length - 1
off_by_one_fix_010,data/ml/raw_snippets/off_by_one/fixed/OffByOneFix010.java,java,NO_ISSUE,1,0,0,0,0,0,pair_010,fixed,manual_curated, corrected with < length boundary
off_by_one_bug_011,data/ml/raw_snippets/off_by_one/buggy/OffByOneBug011.java,java,OFF_BY_ONE_LOOP_BOUNDARY,0,1,0,0,0,0,pair_011,buggy,manual_curated,reverseProcess starts from .length instead of .length - 1
off_by_one_fix_011,data/ml/raw_snippets/off_by_one/fixed/OffByOneFix011.java,java,NO_ISSUE,1,0,0,0,0,0,pair_011,fixed,manual_curated,reverseProcess corrected with < length boundary
off_by_one_bug_012,data/ml/raw_snippets/off_by_one/buggy/OffByOneBug012.java,java,OFF_BY_ONE_LOOP_BOUNDARY,0,1,0,0,0,0,pair_012,buggy,manual_curated,checkBounds uses <= array/string length boundary (off-by-one)
off_by_one_fix_012,data/ml/raw_snippets/off_by_one/fixed/OffByOneFix012.java,java,NO_ISSUE,1,0,0,0,0,0,pair_012,fixed,manual_curated,checkBounds corrected with < length boundary
off_by_one_bug_013,data/ml/raw_snippets/off_by_one/buggy/OffByOneBug013.java,java,OFF_BY_ONE_LOOP_BOUNDARY,0,1,0,0,0,0,pair_013,buggy,manual_curated,iterateRows starts from .length instead of .length - 1
off_by_one_fix_013,data/ml/raw_snippets/off_by_one/fixed/OffByOneFix013.java,java,NO_ISSUE,1,0,0,0,0,0,pair_013,fixed,manual_curated,iterateRows corrected with < length boundary
off_by_one_bug_014,data/ml/raw_snippets/off_by_one/buggy/OffByOneBug014.java,java,OFF_BY_ONE_LOOP_BOUNDARY,0,1,0,0,0,0,pair_014,buggy,manual_curated,iterateCols uses <= array/string length boundary (off-by-one)
off_by_one_fix_014,data/ml/raw_snippets/off_by_one/fixed/OffByOneFix014.java,java,NO_ISSUE,1,0,0,0,0,0,pair_014,fixed,manual_curated,iterateCols corrected with < length boundary
off_by_one_bug_015,data/ml/raw_snippets/off_by_one/buggy/OffByOneBug015.java,java,OFF_BY_ONE_LOOP_BOUNDARY,0,1,0,0,0,0,pair_015,buggy,manual_curated,skipByTwo starts from .length instead of .length - 1
off_by_one_fix_015,data/ml/raw_snippets/off_by_one/fixed/OffByOneFix015.java,java,NO_ISSUE,1,0,0,0,0,0,pair_015,fixed,manual_curated,skipByTwo corrected with < length boundary
off_by_one_bug_016,data/ml/raw_snippets/off_by_one/buggy/OffByOneBug016.java,java,OFF_BY_ONE_LOOP_BOUNDARY,0,1,0,0,0,0,pair_016,buggy,manual_curated,findMin starts from .length instead of .length - 1
off_by_one_fix_016,data/ml/raw_snippets/off_by_one/fixed/OffByOneFix016.java,java,NO_ISSUE,1,0,0,0,0,0,pair_016,fixed,manual_curated,findMin corrected with < length boundary
off_by_one_bug_017,data/ml/raw_snippets/off_by_one/buggy/OffByOneBug017.java,java,OFF_BY_ONE_LOOP_BOUNDARY,0,1,0,0,0,0,pair_017,buggy,manual_curated,doubleValues starts from .length instead of .length - 1
off_by_one_fix_017,data/ml/raw_snippets/off_by_one/fixed/OffByOneFix017.java,java,NO_ISSUE,1,0,0,0,0,0,pair_017,fixed,manual_curated,doubleValues corrected with < length boundary
off_by_one_bug_018,data/ml/raw_snippets/off_by_one/buggy/OffByOneBug018.java,java,OFF_BY_ONE_LOOP_BOUNDARY,0,1,0,0,0,0,pair_018,buggy,manual_curated,contains starts from .length instead of .length - 1
off_by_one_fix_018,data/ml/raw_snippets/off_by_one/fixed/OffByOneFix018.java,java,NO_ISSUE,1,0,0,0,0,0,pair_018,fixed,manual_curated,contains corrected with < length boundary
off_by_one_bug_019,data/ml/raw_snippets/off_by_one/buggy/OffByOneBug019.java,java,OFF_BY_ONE_LOOP_BOUNDARY,0,1,0,0,0,0,pair_019,buggy,manual_curated,countPositive starts from .length instead of .length - 1
off_by_one_fix_019,data/ml/raw_snippets/off_by_one/fixed/OffByOneFix019.java,java,NO_ISSUE,1,0,0,0,0,0,pair_019,fixed,manual_curated,countPositive corrected with < length boundary
off_by_one_bug_020,data/ml/raw_snippets/off_by_one/buggy/OffByOneBug020.java,java,OFF_BY_ONE_LOOP_BOUNDARY,0,1,0,0,0,0,pair_020,buggy,manual_curated,fillZero starts from .length instead of .length - 1
off_by_one_fix_020,data/ml/raw_snippets/off_by_one/fixed/OffByOneFix020.java,java,NO_ISSUE,1,0,0,0,0,0,pair_020,fixed,manual_curated,fillZero corrected with < length boundary
off_by_one_bug_021,data/ml/raw_snippets/off_by_one/buggy/OffByOneBug021.java,java,OFF_BY_ONE_LOOP_BOUNDARY,0,1,0,0,0,0,pair_021,buggy,manual_curated,product starts from .length instead of .length - 1
off_by_one_fix_021,data/ml/raw_snippets/off_by_one/fixed/OffByOneFix021.java,java,NO_ISSUE,1,0,0,0,0,0,pair_021,fixed,manual_curated,product corrected with < length boundary
off_by_one_bug_022,data/ml/raw_snippets/off_by_one/buggy/OffByOneBug022.java,java,OFF_BY_ONE_LOOP_BOUNDARY,0,1,0,0,0,0,pair_022,buggy,manual_curated,buildString starts from .length instead of .length - 1
off_by_one_fix_022,data/ml/raw_snippets/off_by_one/fixed/OffByOneFix022.java,java,NO_ISSUE,1,0,0,0,0,0,pair_022,fixed,manual_curated,buildString corrected with < length boundary
off_by_one_bug_023,data/ml/raw_snippets/off_by_one/buggy/OffByOneBug023.java,java,OFF_BY_ONE_LOOP_BOUNDARY,0,1,0,0,0,0,pair_023,buggy,manual_curated,shiftRight starts from .length instead of .length - 1
off_by_one_fix_023,data/ml/raw_snippets/off_by_one/fixed/OffByOneFix023.java,java,NO_ISSUE,1,0,0,0,0,0,pair_023,fixed,manual_curated,shiftRight corrected with < length boundary
off_by_one_bug_024,data/ml/raw_snippets/off_by_one/buggy/OffByOneBug024.java,java,OFF_BY_ONE_LOOP_BOUNDARY,0,1,0,0,0,0,pair_024,buggy,manual_curated,average starts from .length instead of .length - 1
off_by_one_fix_024,data/ml/raw_snippets/off_by_one/fixed/OffByOneFix024.java,java,NO_ISSUE,1,0,0,0,0,0,pair_024,fixed,manual_curated,average corrected with < length boundary
off_by_one_bug_025,data/ml/raw_snippets/off_by_one/buggy/OffByOneBug025.java,java,OFF_BY_ONE_LOOP_BOUNDARY,0,1,0,0,0,0,pair_025,buggy,manual_curated,printEven starts from .length instead of .length - 1
off_by_one_fix_025,data/ml/raw_snippets/off_by_one/fixed/OffByOneFix025.java,java,NO_ISSUE,1,0,0,0,0,0,pair_025,fixed,manual_curated,printEven corrected with < length boundary
off_by_one_bug_026,data/ml/raw_snippets/off_by_one/buggy/OffByOneBug026.java,java,OFF_BY_ONE_LOOP_BOUNDARY,0,1,0,0,0,0,pair_026,buggy,manual_curated,cloneArray starts from .length instead of .length - 1
off_by_one_fix_026,data/ml/raw_snippets/off_by_one/fixed/OffByOneFix026.java,java,NO_ISSUE,1,0,0,0,0,0,pair_026,fixed,manual_curated,cloneArray corrected with < length boundary
off_by_one_bug_027,data/ml/raw_snippets/off_by_one/buggy/OffByOneBug027.java,java,OFF_BY_ONE_LOOP_BOUNDARY,0,1,0,0,0,0,pair_027,buggy,manual_curated,negateAll starts from .length instead of .length - 1
off_by_one_fix_027,data/ml/raw_snippets/off_by_one/fixed/OffByOneFix027.java,java,NO_ISSUE,1,0,0,0,0,0,pair_027,fixed,manual_curated,negateAll corrected with < length boundary
off_by_one_bug_028,data/ml/raw_snippets/off_by_one/buggy/OffByOneBug028.java,java,OFF_BY_ONE_LOOP_BOUNDARY,0,1,0,0,0,0,pair_028,buggy,manual_curated,countEven starts from .length instead of .length - 1
off_by_one_fix_028,data/ml/raw_snippets/off_by_one/fixed/OffByOneFix028.java,java,NO_ISSUE,1,0,0,0,0,0,pair_028,fixed,manual_curated,countEven corrected with < length boundary
off_by_one_bug_029,data/ml/raw_snippets/off_by_one/buggy/OffByOneBug029.java,java,OFF_BY_ONE_LOOP_BOUNDARY,0,1,0,0,0,0,pair_029,buggy,manual_curated,incrementAll starts from .length instead of .length - 1
off_by_one_fix_029,data/ml/raw_snippets/off_by_one/fixed/OffByOneFix029.java,java,NO_ISSUE,1,0,0,0,0,0,pair_029,fixed,manual_curated,incrementAll corrected with < length boundary
off_by_one_bug_030,data/ml/raw_snippets/off_by_one/buggy/OffByOneBug030.java,java,OFF_BY_ONE_LOOP_BOUNDARY,0,1,0,0,0,0,pair_030,buggy,manual_curated,lastIndex starts from .length instead of .length - 1
off_by_one_fix_030,data/ml/raw_snippets/off_by_one/fixed/OffByOneFix030.java,java,NO_ISSUE,1,0,0,0,0,0,pair_030,fixed,manual_curated,lastIndex corrected with < length boundary
incorrect_cond_bug_001,data/ml/raw_snippets/incorrect_conditional_operator/buggy/IncorrectConditionalBug001.java,java,INCORRECT_CONDITIONAL_OPERATOR,0,0,1,0,0,0,pair_031,buggy,manual_curated, uses assignment (=) instead of equality (==) in condition
incorrect_cond_fix_001,data/ml/raw_snippets/incorrect_conditional_operator/fixed/IncorrectConditionalFix001.java,java,NO_ISSUE,1,0,0,0,0,0,pair_031,fixed,manual_curated, uses == for comparison correctly
incorrect_cond_bug_002,data/ml/raw_snippets/incorrect_conditional_operator/buggy/IncorrectConditionalBug002.java,java,INCORRECT_CONDITIONAL_OPERATOR,0,0,1,0,0,0,pair_032,buggy,manual_curated, uses assignment (=) instead of equality (==) in condition
incorrect_cond_fix_002,data/ml/raw_snippets/incorrect_conditional_operator/fixed/IncorrectConditionalFix002.java,java,NO_ISSUE,1,0,0,0,0,0,pair_032,fixed,manual_curated, uses == for comparison correctly
incorrect_cond_bug_003,data/ml/raw_snippets/incorrect_conditional_operator/buggy/IncorrectConditionalBug003.java,java,INCORRECT_CONDITIONAL_OPERATOR,0,0,1,0,0,0,pair_033,buggy,manual_curated, uses assignment (=) instead of equality (==) in condition
incorrect_cond_fix_003,data/ml/raw_snippets/incorrect_conditional_operator/fixed/IncorrectConditionalFix003.java,java,NO_ISSUE,1,0,0,0,0,0,pair_033,fixed,manual_curated, uses == for comparison correctly
incorrect_cond_bug_004,data/ml/raw_snippets/incorrect_conditional_operator/buggy/IncorrectConditionalBug004.java,java,INCORRECT_CONDITIONAL_OPERATOR,0,0,1,0,0,0,pair_034,buggy,manual_curated, uses assignment (=) instead of equality (==) in condition
incorrect_cond_fix_004,data/ml/raw_snippets/incorrect_conditional_operator/fixed/IncorrectConditionalFix004.java,java,NO_ISSUE,1,0,0,0,0,0,pair_034,fixed,manual_curated, uses == for comparison correctly
incorrect_cond_bug_005,data/ml/raw_snippets/incorrect_conditional_operator/buggy/IncorrectConditionalBug005.java,java,INCORRECT_CONDITIONAL_OPERATOR,0,0,1,0,0,0,pair_035,buggy,manual_curated, uses assignment (=) instead of equality (==) in condition
incorrect_cond_fix_005,data/ml/raw_snippets/incorrect_conditional_operator/fixed/IncorrectConditionalFix005.java,java,NO_ISSUE,1,0,0,0,0,0,pair_035,fixed,manual_curated, uses == for comparison correctly
incorrect_cond_bug_006,data/ml/raw_snippets/incorrect_conditional_operator/buggy/IncorrectConditionalBug006.java,java,INCORRECT_CONDITIONAL_OPERATOR,0,0,1,0,0,0,pair_036,buggy,manual_curated, uses assignment (=) instead of equality (==) in condition
incorrect_cond_fix_006,data/ml/raw_snippets/incorrect_conditional_operator/fixed/IncorrectConditionalFix006.java,java,NO_ISSUE,1,0,0,0,0,0,pair_036,fixed,manual_curated, uses == for comparison correctly
incorrect_cond_bug_007,data/ml/raw_snippets/incorrect_conditional_operator/buggy/IncorrectConditionalBug007.java,java,INCORRECT_CONDITIONAL_OPERATOR,0,0,1,0,0,0,pair_037,buggy,manual_curated, uses assignment (=) instead of equality (==) in condition
incorrect_cond_fix_007,data/ml/raw_snippets/incorrect_conditional_operator/fixed/IncorrectConditionalFix007.java,java,NO_ISSUE,1,0,0,0,0,0,pair_037,fixed,manual_curated, uses == for comparison correctly
incorrect_cond_bug_008,data/ml/raw_snippets/incorrect_conditional_operator/buggy/IncorrectConditionalBug008.java,java,INCORRECT_CONDITIONAL_OPERATOR,0,0,1,0,0,0,pair_038,buggy,manual_curated, uses assignment (=) instead of equality (==) in condition
incorrect_cond_fix_008,data/ml/raw_snippets/incorrect_conditional_operator/fixed/IncorrectConditionalFix008.java,java,NO_ISSUE,1,0,0,0,0,0,pair_038,fixed,manual_curated, uses == for comparison correctly
incorrect_cond_bug_009,data/ml/raw_snippets/incorrect_conditional_operator/buggy/IncorrectConditionalBug009.java,java,INCORRECT_CONDITIONAL_OPERATOR,0,0,1,0,0,0,pair_039,buggy,manual_curated, uses assignment (=) instead of equality (==) in condition
incorrect_cond_fix_009,data/ml/raw_snippets/incorrect_conditional_operator/fixed/IncorrectConditionalFix009.java,java,NO_ISSUE,1,0,0,0,0,0,pair_039,fixed,manual_curated, uses == for comparison correctly
incorrect_cond_bug_010,data/ml/raw_snippets/incorrect_conditional_operator/buggy/IncorrectConditionalBug010.java,java,INCORRECT_CONDITIONAL_OPERATOR,0,0,1,0,0,0,pair_040,buggy,manual_curated, uses assignment (=) instead of equality (==) in condition
incorrect_cond_fix_010,data/ml/raw_snippets/incorrect_conditional_operator/fixed/IncorrectConditionalFix010.java,java,NO_ISSUE,1,0,0,0,0,0,pair_040,fixed,manual_curated, uses == for comparison correctly
incorrect_cond_bug_011,data/ml/raw_snippets/incorrect_conditional_operator/buggy/IncorrectConditionalBug011.java,java,INCORRECT_CONDITIONAL_OPERATOR,0,0,1,0,0,0,pair_041,buggy,manual_curated,checkStatus uses assignment (=) instead of equality (==) in condition
incorrect_cond_fix_011,data/ml/raw_snippets/incorrect_conditional_operator/fixed/IncorrectConditionalFix011.java,java,NO_ISSUE,1,0,0,0,0,0,pair_041,fixed,manual_curated,checkStatus uses == for comparison correctly
incorrect_cond_bug_012,data/ml/raw_snippets/incorrect_conditional_operator/buggy/IncorrectConditionalBug012.java,java,INCORRECT_CONDITIONAL_OPERATOR,0,0,1,0,0,0,pair_042,buggy,manual_curated,checkCount uses assignment (=) instead of equality (==) in condition
incorrect_cond_fix_012,data/ml/raw_snippets/incorrect_conditional_operator/fixed/IncorrectConditionalFix012.java,java,NO_ISSUE,1,0,0,0,0,0,pair_042,fixed,manual_curated,checkCount uses == for comparison correctly
incorrect_cond_bug_013,data/ml/raw_snippets/incorrect_conditional_operator/buggy/IncorrectConditionalBug013.java,java,INCORRECT_CONDITIONAL_OPERATOR,0,0,1,0,0,0,pair_043,buggy,manual_curated,processItem uses assignment (=) instead of equality (==) in condition
incorrect_cond_fix_013,data/ml/raw_snippets/incorrect_conditional_operator/fixed/IncorrectConditionalFix013.java,java,NO_ISSUE,1,0,0,0,0,0,pair_043,fixed,manual_curated,processItem uses == for comparison correctly
incorrect_cond_bug_014,data/ml/raw_snippets/incorrect_conditional_operator/buggy/IncorrectConditionalBug014.java,java,INCORRECT_CONDITIONAL_OPERATOR,0,0,1,0,0,0,pair_044,buggy,manual_curated,validate uses assignment (=) instead of equality (==) in condition
incorrect_cond_fix_014,data/ml/raw_snippets/incorrect_conditional_operator/fixed/IncorrectConditionalFix014.java,java,NO_ISSUE,1,0,0,0,0,0,pair_044,fixed,manual_curated,validate uses == for comparison correctly
incorrect_cond_bug_015,data/ml/raw_snippets/incorrect_conditional_operator/buggy/IncorrectConditionalBug015.java,java,INCORRECT_CONDITIONAL_OPERATOR,0,0,1,0,0,0,pair_045,buggy,manual_curated,classify uses assignment (=) instead of equality (==) in condition
incorrect_cond_fix_015,data/ml/raw_snippets/incorrect_conditional_operator/fixed/IncorrectConditionalFix015.java,java,NO_ISSUE,1,0,0,0,0,0,pair_045,fixed,manual_curated,classify uses == for comparison correctly
incorrect_cond_bug_016,data/ml/raw_snippets/incorrect_conditional_operator/buggy/IncorrectConditionalBug016.java,java,INCORRECT_CONDITIONAL_OPERATOR,0,0,1,0,0,0,pair_046,buggy,manual_curated,checkTemperature uses assignment (=) instead of equality (==) in condition
incorrect_cond_fix_016,data/ml/raw_snippets/incorrect_conditional_operator/fixed/IncorrectConditionalFix016.java,java,NO_ISSUE,1,0,0,0,0,0,pair_046,fixed,manual_curated,checkTemperature uses == for comparison correctly
incorrect_cond_bug_017,data/ml/raw_snippets/incorrect_conditional_operator/buggy/IncorrectConditionalBug017.java,java,INCORRECT_CONDITIONAL_OPERATOR,0,0,1,0,0,0,pair_047,buggy,manual_curated,checkBalance uses assignment (=) instead of equality (==) in condition
incorrect_cond_fix_017,data/ml/raw_snippets/incorrect_conditional_operator/fixed/IncorrectConditionalFix017.java,java,NO_ISSUE,1,0,0,0,0,0,pair_047,fixed,manual_curated,checkBalance uses == for comparison correctly
incorrect_cond_bug_018,data/ml/raw_snippets/incorrect_conditional_operator/buggy/IncorrectConditionalBug018.java,java,INCORRECT_CONDITIONAL_OPERATOR,0,0,1,0,0,0,pair_048,buggy,manual_curated,checkPermission uses assignment (=) instead of equality (==) in condition
incorrect_cond_fix_018,data/ml/raw_snippets/incorrect_conditional_operator/fixed/IncorrectConditionalFix018.java,java,NO_ISSUE,1,0,0,0,0,0,pair_048,fixed,manual_curated,checkPermission uses == for comparison correctly
incorrect_cond_bug_019,data/ml/raw_snippets/incorrect_conditional_operator/buggy/IncorrectConditionalBug019.java,java,INCORRECT_CONDITIONAL_OPERATOR,0,0,1,0,0,0,pair_049,buggy,manual_curated,checkCapacity uses assignment (=) instead of equality (==) in condition
incorrect_cond_fix_019,data/ml/raw_snippets/incorrect_conditional_operator/fixed/IncorrectConditionalFix019.java,java,NO_ISSUE,1,0,0,0,0,0,pair_049,fixed,manual_curated,checkCapacity uses == for comparison correctly
incorrect_cond_bug_020,data/ml/raw_snippets/incorrect_conditional_operator/buggy/IncorrectConditionalBug020.java,java,INCORRECT_CONDITIONAL_OPERATOR,0,0,1,0,0,0,pair_050,buggy,manual_curated,checkConnection uses assignment (=) instead of equality (==) in condition
incorrect_cond_fix_020,data/ml/raw_snippets/incorrect_conditional_operator/fixed/IncorrectConditionalFix020.java,java,NO_ISSUE,1,0,0,0,0,0,pair_050,fixed,manual_curated,checkConnection uses == for comparison correctly
incorrect_cond_bug_021,data/ml/raw_snippets/incorrect_conditional_operator/buggy/IncorrectConditionalBug021.java,java,INCORRECT_CONDITIONAL_OPERATOR,0,0,1,0,0,0,pair_051,buggy,manual_curated,checkDivisibility uses assignment (=) instead of equality (==) in condition
incorrect_cond_fix_021,data/ml/raw_snippets/incorrect_conditional_operator/fixed/IncorrectConditionalFix021.java,java,NO_ISSUE,1,0,0,0,0,0,pair_051,fixed,manual_curated,checkDivisibility uses == for comparison correctly
incorrect_cond_bug_022,data/ml/raw_snippets/incorrect_conditional_operator/buggy/IncorrectConditionalBug022.java,java,INCORRECT_CONDITIONAL_OPERATOR,0,0,1,0,0,0,pair_052,buggy,manual_curated,checkLength uses assignment (=) instead of equality (==) in condition
incorrect_cond_fix_022,data/ml/raw_snippets/incorrect_conditional_operator/fixed/IncorrectConditionalFix022.java,java,NO_ISSUE,1,0,0,0,0,0,pair_052,fixed,manual_curated,checkLength uses == for comparison correctly
incorrect_cond_bug_023,data/ml/raw_snippets/incorrect_conditional_operator/buggy/IncorrectConditionalBug023.java,java,INCORRECT_CONDITIONAL_OPERATOR,0,0,1,0,0,0,pair_053,buggy,manual_curated,checkPrime uses assignment (=) instead of equality (==) in condition
incorrect_cond_fix_023,data/ml/raw_snippets/incorrect_conditional_operator/fixed/IncorrectConditionalFix023.java,java,NO_ISSUE,1,0,0,0,0,0,pair_053,fixed,manual_curated,checkPrime uses == for comparison correctly
incorrect_cond_bug_024,data/ml/raw_snippets/incorrect_conditional_operator/buggy/IncorrectConditionalBug024.java,java,INCORRECT_CONDITIONAL_OPERATOR,0,0,1,0,0,0,pair_054,buggy,manual_curated,checkFlag uses assignment (=) instead of equality (==) in condition
incorrect_cond_fix_024,data/ml/raw_snippets/incorrect_conditional_operator/fixed/IncorrectConditionalFix024.java,java,NO_ISSUE,1,0,0,0,0,0,pair_054,fixed,manual_curated,checkFlag uses == for comparison correctly
incorrect_cond_bug_025,data/ml/raw_snippets/incorrect_conditional_operator/buggy/IncorrectConditionalBug025.java,java,INCORRECT_CONDITIONAL_OPERATOR,0,0,1,0,0,0,pair_055,buggy,manual_curated,checkDiscount uses assignment (=) instead of equality (==) in condition
incorrect_cond_fix_025,data/ml/raw_snippets/incorrect_conditional_operator/fixed/IncorrectConditionalFix025.java,java,NO_ISSUE,1,0,0,0,0,0,pair_055,fixed,manual_curated,checkDiscount uses == for comparison correctly
incorrect_cond_bug_026,data/ml/raw_snippets/incorrect_conditional_operator/buggy/IncorrectConditionalBug026.java,java,INCORRECT_CONDITIONAL_OPERATOR,0,0,1,0,0,0,pair_056,buggy,manual_curated,checkTimeout uses assignment (=) instead of equality (==) in condition
incorrect_cond_fix_026,data/ml/raw_snippets/incorrect_conditional_operator/fixed/IncorrectConditionalFix026.java,java,NO_ISSUE,1,0,0,0,0,0,pair_056,fixed,manual_curated,checkTimeout uses == for comparison correctly
incorrect_cond_bug_027,data/ml/raw_snippets/incorrect_conditional_operator/buggy/IncorrectConditionalBug027.java,java,INCORRECT_CONDITIONAL_OPERATOR,0,0,1,0,0,0,pair_057,buggy,manual_curated,checkPrefix uses assignment (=) instead of equality (==) in condition
incorrect_cond_fix_027,data/ml/raw_snippets/incorrect_conditional_operator/fixed/IncorrectConditionalFix027.java,java,NO_ISSUE,1,0,0,0,0,0,pair_057,fixed,manual_curated,checkPrefix uses == for comparison correctly
incorrect_cond_bug_028,data/ml/raw_snippets/incorrect_conditional_operator/buggy/IncorrectConditionalBug028.java,java,INCORRECT_CONDITIONAL_OPERATOR,0,0,1,0,0,0,pair_058,buggy,manual_curated,checkEvenSum uses assignment (=) instead of equality (==) in condition
incorrect_cond_fix_028,data/ml/raw_snippets/incorrect_conditional_operator/fixed/IncorrectConditionalFix028.java,java,NO_ISSUE,1,0,0,0,0,0,pair_058,fixed,manual_curated,checkEvenSum uses == for comparison correctly
incorrect_cond_bug_029,data/ml/raw_snippets/incorrect_conditional_operator/buggy/IncorrectConditionalBug029.java,java,INCORRECT_CONDITIONAL_OPERATOR,0,0,1,0,0,0,pair_059,buggy,manual_curated,checkAvailability uses assignment (=) instead of equality (==) in condition
incorrect_cond_fix_029,data/ml/raw_snippets/incorrect_conditional_operator/fixed/IncorrectConditionalFix029.java,java,NO_ISSUE,1,0,0,0,0,0,pair_059,fixed,manual_curated,checkAvailability uses == for comparison correctly
incorrect_cond_bug_030,data/ml/raw_snippets/incorrect_conditional_operator/buggy/IncorrectConditionalBug030.java,java,INCORRECT_CONDITIONAL_OPERATOR,0,0,1,0,0,0,pair_060,buggy,manual_curated,checkMatch uses assignment (=) instead of equality (==) in condition
incorrect_cond_fix_030,data/ml/raw_snippets/incorrect_conditional_operator/fixed/IncorrectConditionalFix030.java,java,NO_ISSUE,1,0,0,0,0,0,pair_060,fixed,manual_curated,checkMatch uses == for comparison correctly
array_index_bug_001,data/ml/raw_snippets/array_length_index_misuse/buggy/ArrayIndexBug001.java,java,ARRAY_LENGTH_INDEX_MISUSE,0,0,0,1,0,0,pair_061,buggy,manual_curated,accesses arr[arr.length] directly (out of bounds)
array_index_fix_001,data/ml/raw_snippets/array_length_index_misuse/fixed/ArrayIndexFix001.java,java,NO_ISSUE,1,0,0,0,0,0,pair_061,fixed,manual_curated, corrected with .length - 1 as last valid index
array_index_bug_002,data/ml/raw_snippets/array_length_index_misuse/buggy/ArrayIndexBug002.java,java,ARRAY_LENGTH_INDEX_MISUSE,0,0,0,1,0,0,pair_062,buggy,manual_curated,accesses names[names.length] directly (out of bounds)
array_index_fix_002,data/ml/raw_snippets/array_length_index_misuse/fixed/ArrayIndexFix002.java,java,NO_ISSUE,1,0,0,0,0,0,pair_062,fixed,manual_curated, corrected with .length - 1 as last valid index
array_index_bug_003,data/ml/raw_snippets/array_length_index_misuse/buggy/ArrayIndexBug003.java,java,ARRAY_LENGTH_INDEX_MISUSE,0,0,0,1,0,0,pair_063,buggy,manual_curated,accesses values[values.length] directly (out of bounds)
array_index_fix_003,data/ml/raw_snippets/array_length_index_misuse/fixed/ArrayIndexFix003.java,java,NO_ISSUE,1,0,0,0,0,0,pair_063,fixed,manual_curated, corrected with .length - 1 as last valid index
array_index_bug_004,data/ml/raw_snippets/array_length_index_misuse/buggy/ArrayIndexBug004.java,java,ARRAY_LENGTH_INDEX_MISUSE,0,0,0,1,0,0,pair_064,buggy,manual_curated,accesses numbers[numbers.length] directly (out of bounds)
array_index_fix_004,data/ml/raw_snippets/array_length_index_misuse/fixed/ArrayIndexFix004.java,java,NO_ISSUE,1,0,0,0,0,0,pair_064,fixed,manual_curated, corrected with .length - 1 as last valid index
array_index_bug_005,data/ml/raw_snippets/array_length_index_misuse/buggy/ArrayIndexBug005.java,java,ARRAY_LENGTH_INDEX_MISUSE,0,0,0,1,0,0,pair_065,buggy,manual_curated,accesses grades[grades.length] directly (out of bounds)
array_index_fix_005,data/ml/raw_snippets/array_length_index_misuse/fixed/ArrayIndexFix005.java,java,NO_ISSUE,1,0,0,0,0,0,pair_065,fixed,manual_curated, corrected with .length - 1 as last valid index
array_index_bug_006,data/ml/raw_snippets/array_length_index_misuse/buggy/ArrayIndexBug006.java,java,ARRAY_LENGTH_INDEX_MISUSE,0,0,0,1,0,0,pair_066,buggy,manual_curated,accesses letters[letters.length] directly (out of bounds)
array_index_fix_006,data/ml/raw_snippets/array_length_index_misuse/fixed/ArrayIndexFix006.java,java,NO_ISSUE,1,0,0,0,0,0,pair_066,fixed,manual_curated, corrected with .length - 1 as last valid index
array_index_bug_007,data/ml/raw_snippets/array_length_index_misuse/buggy/ArrayIndexBug007.java,java,ARRAY_LENGTH_INDEX_MISUSE,0,0,0,1,0,0,pair_067,buggy,manual_curated,accesses nums[nums.length] directly (out of bounds)
array_index_fix_007,data/ml/raw_snippets/array_length_index_misuse/fixed/ArrayIndexFix007.java,java,NO_ISSUE,1,0,0,0,0,0,pair_067,fixed,manual_curated, corrected with .length - 1 as last valid index
array_index_bug_008,data/ml/raw_snippets/array_length_index_misuse/buggy/ArrayIndexBug008.java,java,ARRAY_LENGTH_INDEX_MISUSE,0,0,0,1,0,0,pair_068,buggy,manual_curated,accesses letters[letters.length] directly (out of bounds)
array_index_fix_008,data/ml/raw_snippets/array_length_index_misuse/fixed/ArrayIndexFix008.java,java,NO_ISSUE,1,0,0,0,0,0,pair_068,fixed,manual_curated, corrected with .length - 1 as last valid index
array_index_bug_009,data/ml/raw_snippets/array_length_index_misuse/buggy/ArrayIndexBug009.java,java,ARRAY_LENGTH_INDEX_MISUSE,0,0,0,1,0,0,pair_069,buggy,manual_curated,accesses flags[flags.length] directly (out of bounds)
array_index_fix_009,data/ml/raw_snippets/array_length_index_misuse/fixed/ArrayIndexFix009.java,java,NO_ISSUE,1,0,0,0,0,0,pair_069,fixed,manual_curated, corrected with .length - 1 as last valid index
array_index_bug_010,data/ml/raw_snippets/array_length_index_misuse/buggy/ArrayIndexBug010.java,java,ARRAY_LENGTH_INDEX_MISUSE,0,0,0,1,0,0,pair_070,buggy,manual_curated,accesses ages[ages.length] directly (out of bounds)
array_index_fix_010,data/ml/raw_snippets/array_length_index_misuse/fixed/ArrayIndexFix010.java,java,NO_ISSUE,1,0,0,0,0,0,pair_070,fixed,manual_curated, corrected with .length - 1 as last valid index
array_index_bug_011,data/ml/raw_snippets/array_length_index_misuse/buggy/ArrayIndexBug011.java,java,ARRAY_LENGTH_INDEX_MISUSE,0,0,0,1,0,0,pair_071,buggy,manual_curated,accesses scores[scores.length] directly (out of bounds)
array_index_fix_011,data/ml/raw_snippets/array_length_index_misuse/fixed/ArrayIndexFix011.java,java,NO_ISSUE,1,0,0,0,0,0,pair_071,fixed,manual_curated,getLastScore corrected with .length - 1 as last valid index
array_index_bug_012,data/ml/raw_snippets/array_length_index_misuse/buggy/ArrayIndexBug012.java,java,ARRAY_LENGTH_INDEX_MISUSE,0,0,0,1,0,0,pair_072,buggy,manual_curated,accesses words[words.length] directly (out of bounds)
array_index_fix_012,data/ml/raw_snippets/array_length_index_misuse/fixed/ArrayIndexFix012.java,java,NO_ISSUE,1,0,0,0,0,0,pair_072,fixed,manual_curated,getLastWord corrected with .length - 1 as last valid index
array_index_bug_013,data/ml/raw_snippets/array_length_index_misuse/buggy/ArrayIndexBug013.java,java,ARRAY_LENGTH_INDEX_MISUSE,0,0,0,1,0,0,pair_073,buggy,manual_curated,accesses prices[prices.length] directly (out of bounds)
array_index_fix_013,data/ml/raw_snippets/array_length_index_misuse/fixed/ArrayIndexFix013.java,java,NO_ISSUE,1,0,0,0,0,0,pair_073,fixed,manual_curated,getLastPrice corrected with .length - 1 as last valid index
array_index_bug_014,data/ml/raw_snippets/array_length_index_misuse/buggy/ArrayIndexBug014.java,java,ARRAY_LENGTH_INDEX_MISUSE,0,0,0,1,0,0,pair_074,buggy,manual_curated,accesses flags[flags.length] directly (out of bounds)
array_index_fix_014,data/ml/raw_snippets/array_length_index_misuse/fixed/ArrayIndexFix014.java,java,NO_ISSUE,1,0,0,0,0,0,pair_074,fixed,manual_curated,getLastStatus corrected with .length - 1 as last valid index
array_index_bug_015,data/ml/raw_snippets/array_length_index_misuse/buggy/ArrayIndexBug015.java,java,ARRAY_LENGTH_INDEX_MISUSE,0,0,0,1,0,0,pair_075,buggy,manual_curated,accesses letters[letters.length] directly (out of bounds)
array_index_fix_015,data/ml/raw_snippets/array_length_index_misuse/fixed/ArrayIndexFix015.java,java,NO_ISSUE,1,0,0,0,0,0,pair_075,fixed,manual_curated,getLastChar corrected with .length - 1 as last valid index
array_index_bug_016,data/ml/raw_snippets/array_length_index_misuse/buggy/ArrayIndexBug016.java,java,ARRAY_LENGTH_INDEX_MISUSE,0,0,0,1,0,0,pair_076,buggy,manual_curated,accesses source[source.length] directly (out of bounds)
array_index_fix_016,data/ml/raw_snippets/array_length_index_misuse/fixed/ArrayIndexFix016.java,java,NO_ISSUE,1,0,0,0,0,0,pair_076,fixed,manual_curated,readLastCopyValue corrected with .length - 1 as last valid index
array_index_bug_017,data/ml/raw_snippets/array_length_index_misuse/buggy/ArrayIndexBug017.java,java,ARRAY_LENGTH_INDEX_MISUSE,0,0,0,1,0,0,pair_077,buggy,manual_curated,accesses marks[marks.length] directly (out of bounds)
array_index_fix_017,data/ml/raw_snippets/array_length_index_misuse/fixed/ArrayIndexFix017.java,java,NO_ISSUE,1,0,0,0,0,0,pair_077,fixed,manual_curated,getLastMark corrected with .length - 1 as last valid index
array_index_bug_018,data/ml/raw_snippets/array_length_index_misuse/buggy/ArrayIndexBug018.java,java,ARRAY_LENGTH_INDEX_MISUSE,0,0,0,1,0,0,pair_078,buggy,manual_curated,accesses values[values.length] directly (out of bounds)
array_index_fix_018,data/ml/raw_snippets/array_length_index_misuse/fixed/ArrayIndexFix018.java,java,NO_ISSUE,1,0,0,0,0,0,pair_078,fixed,manual_curated,updateLast corrected with .length - 1 as last valid index
array_index_bug_019,data/ml/raw_snippets/array_length_index_misuse/buggy/ArrayIndexBug019.java,java,ARRAY_LENGTH_INDEX_MISUSE,0,0,0,1,0,0,pair_079,buggy,manual_curated,accesses nums[nums.length] directly (out of bounds)
array_index_fix_019,data/ml/raw_snippets/array_length_index_misuse/fixed/ArrayIndexFix019.java,java,NO_ISSUE,1,0,0,0,0,0,pair_079,fixed,manual_curated,sumTail corrected with .length - 1 as last valid index
array_index_bug_020,data/ml/raw_snippets/array_length_index_misuse/buggy/ArrayIndexBug020.java,java,ARRAY_LENGTH_INDEX_MISUSE,0,0,0,1,0,0,pair_080,buggy,manual_curated,accesses data[data.length] directly (out of bounds)
array_index_fix_020,data/ml/raw_snippets/array_length_index_misuse/fixed/ArrayIndexFix020.java,java,NO_ISSUE,1,0,0,0,0,0,pair_080,fixed,manual_curated,printTail corrected with .length - 1 as last valid index
array_index_bug_021,data/ml/raw_snippets/array_length_index_misuse/buggy/ArrayIndexBug021.java,java,ARRAY_LENGTH_INDEX_MISUSE,0,0,0,1,0,0,pair_081,buggy,manual_curated,accesses scores[scores.length] directly (out of bounds)
array_index_fix_021,data/ml/raw_snippets/array_length_index_misuse/fixed/ArrayIndexFix021.java,java,NO_ISSUE,1,0,0,0,0,0,pair_081,fixed,manual_curated,isLastPositive corrected with .length - 1 as last valid index
array_index_bug_022,data/ml/raw_snippets/array_length_index_misuse/buggy/ArrayIndexBug022.java,java,ARRAY_LENGTH_INDEX_MISUSE,0,0,0,1,0,0,pair_082,buggy,manual_curated,accesses array[array.length] directly (out of bounds)
array_index_fix_022,data/ml/raw_snippets/array_length_index_misuse/fixed/ArrayIndexFix022.java,java,NO_ISSUE,1,0,0,0,0,0,pair_082,fixed,manual_curated,getRightEdge corrected with .length - 1 as last valid index
array_index_bug_023,data/ml/raw_snippets/array_length_index_misuse/buggy/ArrayIndexBug023.java,java,ARRAY_LENGTH_INDEX_MISUSE,0,0,0,1,0,0,pair_083,buggy,manual_curated,accesses table[table.length] directly (out of bounds)
array_index_fix_023,data/ml/raw_snippets/array_length_index_misuse/fixed/ArrayIndexFix023.java,java,NO_ISSUE,1,0,0,0,0,0,pair_083,fixed,manual_curated,getBottomRow corrected with .length - 1 as last valid index
array_index_bug_024,data/ml/raw_snippets/array_length_index_misuse/buggy/ArrayIndexBug024.java,java,ARRAY_LENGTH_INDEX_MISUSE,0,0,0,1,0,0,pair_084,buggy,manual_curated,accesses values[values.length] directly (out of bounds)
array_index_fix_024,data/ml/raw_snippets/array_length_index_misuse/fixed/ArrayIndexFix024.java,java,NO_ISSUE,1,0,0,0,0,0,pair_084,fixed,manual_curated,getTrimmedLast corrected with .length - 1 as last valid index
array_index_bug_025,data/ml/raw_snippets/array_length_index_misuse/buggy/ArrayIndexBug025.java,java,ARRAY_LENGTH_INDEX_MISUSE,0,0,0,1,0,0,pair_085,buggy,manual_curated,accesses flags[flags.length] directly (out of bounds)
array_index_fix_025,data/ml/raw_snippets/array_length_index_misuse/fixed/ArrayIndexFix025.java,java,NO_ISSUE,1,0,0,0,0,0,pair_085,fixed,manual_curated,replaceLast corrected with .length - 1 as last valid index
array_index_bug_026,data/ml/raw_snippets/array_length_index_misuse/buggy/ArrayIndexBug026.java,java,ARRAY_LENGTH_INDEX_MISUSE,0,0,0,1,0,0,pair_086,buggy,manual_curated,accesses totals[totals.length] directly (out of bounds)
array_index_fix_026,data/ml/raw_snippets/array_length_index_misuse/fixed/ArrayIndexFix026.java,java,NO_ISSUE,1,0,0,0,0,0,pair_086,fixed,manual_curated,bumpLast corrected with .length - 1 as last valid index
array_index_bug_027,data/ml/raw_snippets/array_length_index_misuse/buggy/ArrayIndexBug027.java,java,ARRAY_LENGTH_INDEX_MISUSE,0,0,0,1,0,0,pair_087,buggy,manual_curated,accesses queue[queue.length] directly (out of bounds)
array_index_fix_027,data/ml/raw_snippets/array_length_index_misuse/fixed/ArrayIndexFix027.java,java,NO_ISSUE,1,0,0,0,0,0,pair_087,fixed,manual_curated,chooseEnd corrected with .length - 1 as last valid index
array_index_bug_028,data/ml/raw_snippets/array_length_index_misuse/buggy/ArrayIndexBug028.java,java,ARRAY_LENGTH_INDEX_MISUSE,0,0,0,1,0,0,pair_088,buggy,manual_curated,accesses nums[nums.length] directly (out of bounds)
array_index_fix_028,data/ml/raw_snippets/array_length_index_misuse/fixed/ArrayIndexFix028.java,java,NO_ISSUE,1,0,0,0,0,0,pair_088,fixed,manual_curated,getAbsoluteTail corrected with .length - 1 as last valid index
array_index_bug_029,data/ml/raw_snippets/array_length_index_misuse/buggy/ArrayIndexBug029.java,java,ARRAY_LENGTH_INDEX_MISUSE,0,0,0,1,0,0,pair_089,buggy,manual_curated,accesses arr[arr.length] directly (out of bounds)
array_index_fix_029,data/ml/raw_snippets/array_length_index_misuse/fixed/ArrayIndexFix029.java,java,NO_ISSUE,1,0,0,0,0,0,pair_089,fixed,manual_curated,fallbackTail corrected with .length - 1 as last valid index
array_index_bug_030,data/ml/raw_snippets/array_length_index_misuse/buggy/ArrayIndexBug030.java,java,ARRAY_LENGTH_INDEX_MISUSE,0,0,0,1,0,0,pair_090,buggy,manual_curated,accesses words[words.length] directly (out of bounds)
array_index_fix_030,data/ml/raw_snippets/array_length_index_misuse/fixed/ArrayIndexFix030.java,java,NO_ISSUE,1,0,0,0,0,0,pair_090,fixed,manual_curated,readLast corrected with .length - 1 as last valid index
clean_001,data/ml/raw_snippets/clean/Clean001.java,java,NO_ISSUE,1,0,0,0,0,0,,clean,manual_curated,clean snippet Clean001
clean_002,data/ml/raw_snippets/clean/Clean002.java,java,NO_ISSUE,1,0,0,0,0,0,,clean,manual_curated,clean snippet Clean002
clean_003,data/ml/raw_snippets/clean/Clean003.java,java,NO_ISSUE,1,0,0,0,0,0,,clean,manual_curated,clean snippet Clean003
clean_004,data/ml/raw_snippets/clean/Clean004.java,java,NO_ISSUE,1,0,0,0,0,0,,clean,manual_curated,clean snippet Clean004
clean_005,data/ml/raw_snippets/clean/Clean005.java,java,NO_ISSUE,1,0,0,0,0,0,,clean,manual_curated,clean snippet Clean005
clean_006,data/ml/raw_snippets/clean/Clean006.java,java,NO_ISSUE,1,0,0,0,0,0,,clean,manual_curated,clean snippet Clean006
clean_007,data/ml/raw_snippets/clean/Clean007.java,java,NO_ISSUE,1,0,0,0,0,0,,clean,manual_curated,clean snippet Clean007
clean_008,data/ml/raw_snippets/clean/Clean008.java,java,NO_ISSUE,1,0,0,0,0,0,,clean,manual_curated,clean snippet Clean008
clean_009,data/ml/raw_snippets/clean/Clean009.java,java,NO_ISSUE,1,0,0,0,0,0,,clean,manual_curated,clean snippet Clean009
clean_010,data/ml/raw_snippets/clean/Clean010.java,java,NO_ISSUE,1,0,0,0,0,0,,clean,manual_curated,clean snippet Clean010
clean_011,data/ml/raw_snippets/clean/Clean011.java,java,NO_ISSUE,1,0,0,0,0,0,,clean,manual_curated,clean snippet Clean011
clean_012,data/ml/raw_snippets/clean/Clean012.java,java,NO_ISSUE,1,0,0,0,0,0,,clean,manual_curated,clean snippet Clean012
clean_013,data/ml/raw_snippets/clean/Clean013.java,java,NO_ISSUE,1,0,0,0,0,0,,clean,manual_curated,clean snippet Clean013
clean_014,data/ml/raw_snippets/clean/Clean014.java,java,NO_ISSUE,1,0,0,0,0,0,,clean,manual_curated,clean snippet Clean014
clean_015,data/ml/raw_snippets/clean/Clean015.java,java,NO_ISSUE,1,0,0,0,0,0,,clean,manual_curated,clean snippet Clean015
clean_016,data/ml/raw_snippets/clean/Clean016.java,java,NO_ISSUE,1,0,0,0,0,0,,clean,manual_curated,clean snippet Clean016
clean_017,data/ml/raw_snippets/clean/Clean017.java,java,NO_ISSUE,1,0,0,0,0,0,,clean,manual_curated,clean snippet Clean017
clean_018,data/ml/raw_snippets/clean/Clean018.java,java,NO_ISSUE,1,0,0,0,0,0,,clean,manual_curated,clean snippet Clean018
clean_019,data/ml/raw_snippets/clean/Clean019.java,java,NO_ISSUE,1,0,0,0,0,0,,clean,manual_curated,clean snippet Clean019
clean_020,data/ml/raw_snippets/clean/Clean020.java,java,NO_ISSUE,1,0,0,0,0,0,,clean,manual_curated,clean snippet Clean020
clean_021,data/ml/raw_snippets/clean/Clean021.java,java,NO_ISSUE,1,0,0,0,0,0,,clean,manual_curated,clean snippet Clean021
clean_022,data/ml/raw_snippets/clean/Clean022.java,java,NO_ISSUE,1,0,0,0,0,0,,clean,manual_curated,clean snippet Clean022
clean_023,data/ml/raw_snippets/clean/Clean023.java,java,NO_ISSUE,1,0,0,0,0,0,,clean,manual_curated,clean snippet Clean023
clean_024,data/ml/raw_snippets/clean/Clean024.java,java,NO_ISSUE,1,0,0,0,0,0,,clean,manual_curated,clean snippet Clean024
clean_025,data/ml/raw_snippets/clean/Clean025.java,java,NO_ISSUE,1,0,0,0,0,0,,clean,manual_curated,clean snippet Clean025
clean_026,data/ml/raw_snippets/clean/Clean026.java,java,NO_ISSUE,1,0,0,0,0,0,,clean,manual_curated,clean snippet Clean026
clean_027,data/ml/raw_snippets/clean/Clean027.java,java,NO_ISSUE,1,0,0,0,0,0,,clean,manual_curated,clean snippet Clean027
clean_028,data/ml/raw_snippets/clean/Clean028.java,java,NO_ISSUE,1,0,0,0,0,0,,clean,manual_curated,clean snippet Clean028
clean_029,data/ml/raw_snippets/clean/Clean029.java,java,NO_ISSUE,1,0,0,0,0,0,,clean,manual_curated,clean snippet Clean029
clean_030,data/ml/raw_snippets/clean/Clean030.java,java,NO_ISSUE,1,0,0,0,0,0,,clean,manual_curated,clean snippet Clean030
gen_off_by_one_bug_001,data/ml/raw_snippets_generated/off_by_one/buggy/GenOffByOneBug001.java,java,OFF_BY_ONE_LOOP_BOUNDARY,0,1,0,0,0,0,pair_091,buggy,synthetic_generated,starts from .length instead of .length - 1
gen_off_by_one_fix_001,data/ml/raw_snippets_generated/off_by_one/fixed/GenOffByOneFix001.java,java,NO_ISSUE,1,0,0,0,0,0,pair_091,fixed,synthetic_generated,corrected with < length boundary
gen_off_by_one_bug_002,data/ml/raw_snippets_generated/off_by_one/buggy/GenOffByOneBug002.java,java,OFF_BY_ONE_LOOP_BOUNDARY,0,1,0,0,0,0,pair_092,buggy,synthetic_generated,starts from .length instead of .length - 1
gen_off_by_one_fix_002,data/ml/raw_snippets_generated/off_by_one/fixed/GenOffByOneFix002.java,java,NO_ISSUE,1,0,0,0,0,0,pair_092,fixed,synthetic_generated,corrected with < length boundary
gen_off_by_one_bug_003,data/ml/raw_snippets_generated/off_by_one/buggy/GenOffByOneBug003.java,java,OFF_BY_ONE_LOOP_BOUNDARY,0,1,0,0,0,0,pair_093,buggy,synthetic_generated,starts from .length instead of .length - 1
gen_off_by_one_fix_003,data/ml/raw_snippets_generated/off_by_one/fixed/GenOffByOneFix003.java,java,NO_ISSUE,1,0,0,0,0,0,pair_093,fixed,synthetic_generated,corrected with < length boundary
gen_off_by_one_bug_004,data/ml/raw_snippets_generated/off_by_one/buggy/GenOffByOneBug004.java,java,OFF_BY_ONE_LOOP_BOUNDARY,0,1,0,0,0,0,pair_094,buggy,synthetic_generated,starts from .length instead of .length - 1
gen_off_by_one_fix_004,data/ml/raw_snippets_generated/off_by_one/fixed/GenOffByOneFix004.java,java,NO_ISSUE,1,0,0,0,0,0,pair_094,fixed,synthetic_generated,corrected with < length boundary
gen_off_by_one_bug_005,data/ml/raw_snippets_generated/off_by_one/buggy/GenOffByOneBug005.java,java,OFF_BY_ONE_LOOP_BOUNDARY,0,1,0,0,0,0,pair_095,buggy,synthetic_generated,starts from .length instead of .length - 1
gen_off_by_one_fix_005,data/ml/raw_snippets_generated/off_by_one/fixed/GenOffByOneFix005.java,java,NO_ISSUE,1,0,0,0,0,0,pair_095,fixed,synthetic_generated,corrected with < length boundary
gen_off_by_one_bug_006,data/ml/raw_snippets_generated/off_by_one/buggy/GenOffByOneBug006.java,java,OFF_BY_ONE_LOOP_BOUNDARY,0,1,0,0,0,0,pair_096,buggy,synthetic_generated,starts from .length instead of .length - 1
gen_off_by_one_fix_006,data/ml/raw_snippets_generated/off_by_one/fixed/GenOffByOneFix006.java,java,NO_ISSUE,1,0,0,0,0,0,pair_096,fixed,synthetic_generated,corrected with < length boundary
gen_off_by_one_bug_007,data/ml/raw_snippets_generated/off_by_one/buggy/GenOffByOneBug007.java,java,OFF_BY_ONE_LOOP_BOUNDARY,0,1,0,0,0,0,pair_097,buggy,synthetic_generated,starts from .length instead of .length - 1
gen_off_by_one_fix_007,data/ml/raw_snippets_generated/off_by_one/fixed/GenOffByOneFix007.java,java,NO_ISSUE,1,0,0,0,0,0,pair_097,fixed,synthetic_generated,corrected with < length boundary
gen_off_by_one_bug_008,data/ml/raw_snippets_generated/off_by_one/buggy/GenOffByOneBug008.java,java,OFF_BY_ONE_LOOP_BOUNDARY,0,1,0,0,0,0,pair_098,buggy,synthetic_generated,starts from .length instead of .length - 1
gen_off_by_one_fix_008,data/ml/raw_snippets_generated/off_by_one/fixed/GenOffByOneFix008.java,java,NO_ISSUE,1,0,0,0,0,0,pair_098,fixed,synthetic_generated,corrected with < length boundary
gen_off_by_one_bug_009,data/ml/raw_snippets_generated/off_by_one/buggy/GenOffByOneBug009.java,java,OFF_BY_ONE_LOOP_BOUNDARY,0,1,0,0,0,0,pair_099,buggy,synthetic_generated,starts from .length instead of .length - 1
gen_off_by_one_fix_009,data/ml/raw_snippets_generated/off_by_one/fixed/GenOffByOneFix009.java,java,NO_ISSUE,1,0,0,0,0,0,pair_099,fixed,synthetic_generated,corrected with < length boundary
gen_off_by_one_bug_010,data/ml/raw_snippets_generated/off_by_one/buggy/GenOffByOneBug010.java,java,OFF_BY_ONE_LOOP_BOUNDARY,0,1,0,0,0,0,pair_100,buggy,synthetic_generated,starts from .length instead of .length - 1
gen_off_by_one_fix_010,data/ml/raw_snippets_generated/off_by_one/fixed/GenOffByOneFix010.java,java,NO_ISSUE,1,0,0,0,0,0,pair_100,fixed,synthetic_generated,corrected with < length boundary
gen_off_by_one_bug_011,data/ml/raw_snippets_generated/off_by_one/buggy/GenOffByOneBug011.java,java,OFF_BY_ONE_LOOP_BOUNDARY,0,1,0,0,0,0,pair_101,buggy,synthetic_generated,starts from .length instead of .length - 1
gen_off_by_one_fix_011,data/ml/raw_snippets_generated/off_by_one/fixed/GenOffByOneFix011.java,java,NO_ISSUE,1,0,0,0,0,0,pair_101,fixed,synthetic_generated,corrected with < length boundary
gen_off_by_one_bug_012,data/ml/raw_snippets_generated/off_by_one/buggy/GenOffByOneBug012.java,java,OFF_BY_ONE_LOOP_BOUNDARY,0,1,0,0,0,0,pair_102,buggy,synthetic_generated,starts from .length instead of .length - 1
gen_off_by_one_fix_012,data/ml/raw_snippets_generated/off_by_one/fixed/GenOffByOneFix012.java,java,NO_ISSUE,1,0,0,0,0,0,pair_102,fixed,synthetic_generated,corrected with < length boundary
gen_off_by_one_bug_013,data/ml/raw_snippets_generated/off_by_one/buggy/GenOffByOneBug013.java,java,OFF_BY_ONE_LOOP_BOUNDARY,0,1,0,0,0,0,pair_103,buggy,synthetic_generated,starts from .length instead of .length - 1
gen_off_by_one_fix_013,data/ml/raw_snippets_generated/off_by_one/fixed/GenOffByOneFix013.java,java,NO_ISSUE,1,0,0,0,0,0,pair_103,fixed,synthetic_generated,corrected with < length boundary
gen_off_by_one_bug_014,data/ml/raw_snippets_generated/off_by_one/buggy/GenOffByOneBug014.java,java,OFF_BY_ONE_LOOP_BOUNDARY,0,1,0,0,0,0,pair_104,buggy,synthetic_generated,starts from .length instead of .length - 1
gen_off_by_one_fix_014,data/ml/raw_snippets_generated/off_by_one/fixed/GenOffByOneFix014.java,java,NO_ISSUE,1,0,0,0,0,0,pair_104,fixed,synthetic_generated,corrected with < length boundary
gen_off_by_one_bug_015,data/ml/raw_snippets_generated/off_by_one/buggy/GenOffByOneBug015.java,java,OFF_BY_ONE_LOOP_BOUNDARY,0,1,0,0,0,0,pair_105,buggy,synthetic_generated,starts from .length instead of .length - 1
gen_off_by_one_fix_015,data/ml/raw_snippets_generated/off_by_one/fixed/GenOffByOneFix015.java,java,NO_ISSUE,1,0,0,0,0,0,pair_105,fixed,synthetic_generated,corrected with < length boundary
gen_off_by_one_bug_016,data/ml/raw_snippets_generated/off_by_one/buggy/GenOffByOneBug016.java,java,OFF_BY_ONE_LOOP_BOUNDARY,0,1,0,0,0,0,pair_106,buggy,synthetic_generated,starts from .length instead of .length - 1
gen_off_by_one_fix_016,data/ml/raw_snippets_generated/off_by_one/fixed/GenOffByOneFix016.java,java,NO_ISSUE,1,0,0,0,0,0,pair_106,fixed,synthetic_generated,corrected with < length boundary
gen_off_by_one_bug_017,data/ml/raw_snippets_generated/off_by_one/buggy/GenOffByOneBug017.java,java,OFF_BY_ONE_LOOP_BOUNDARY,0,1,0,0,0,0,pair_107,buggy,synthetic_generated,starts from .length instead of .length - 1
gen_off_by_one_fix_017,data/ml/raw_snippets_generated/off_by_one/fixed/GenOffByOneFix017.java,java,NO_ISSUE,1,0,0,0,0,0,pair_107,fixed,synthetic_generated,corrected with < length boundary
gen_off_by_one_bug_018,data/ml/raw_snippets_generated/off_by_one/buggy/GenOffByOneBug018.java,java,OFF_BY_ONE_LOOP_BOUNDARY,0,1,0,0,0,0,pair_108,buggy,synthetic_generated,starts from .length instead of .length - 1
gen_off_by_one_fix_018,data/ml/raw_snippets_generated/off_by_one/fixed/GenOffByOneFix018.java,java,NO_ISSUE,1,0,0,0,0,0,pair_108,fixed,synthetic_generated,corrected with < length boundary
gen_off_by_one_bug_019,data/ml/raw_snippets_generated/off_by_one/buggy/GenOffByOneBug019.java,java,OFF_BY_ONE_LOOP_BOUNDARY,0,1,0,0,0,0,pair_109,buggy,synthetic_generated,starts from .length instead of .length - 1
gen_off_by_one_fix_019,data/ml/raw_snippets_generated/off_by_one/fixed/GenOffByOneFix019.java,java,NO_ISSUE,1,0,0,0,0,0,pair_109,fixed,synthetic_generated,corrected with < length boundary
gen_off_by_one_bug_020,data/ml/raw_snippets_generated/off_by_one/buggy/GenOffByOneBug020.java,java,OFF_BY_ONE_LOOP_BOUNDARY,0,1,0,0,0,0,pair_110,buggy,synthetic_generated,starts from .length instead of .length - 1
gen_off_by_one_fix_020,data/ml/raw_snippets_generated/off_by_one/fixed/GenOffByOneFix020.java,java,NO_ISSUE,1,0,0,0,0,0,pair_110,fixed,synthetic_generated,corrected with < length boundary
gen_off_by_one_bug_021,data/ml/raw_snippets_generated/off_by_one/buggy/GenOffByOneBug021.java,java,OFF_BY_ONE_LOOP_BOUNDARY,0,1,0,0,0,0,pair_111,buggy,synthetic_generated,starts from .length instead of .length - 1
gen_off_by_one_fix_021,data/ml/raw_snippets_generated/off_by_one/fixed/GenOffByOneFix021.java,java,NO_ISSUE,1,0,0,0,0,0,pair_111,fixed,synthetic_generated,corrected with < length boundary
gen_off_by_one_bug_022,data/ml/raw_snippets_generated/off_by_one/buggy/GenOffByOneBug022.java,java,OFF_BY_ONE_LOOP_BOUNDARY,0,1,0,0,0,0,pair_112,buggy,synthetic_generated,starts from .length instead of .length - 1
gen_off_by_one_fix_022,data/ml/raw_snippets_generated/off_by_one/fixed/GenOffByOneFix022.java,java,NO_ISSUE,1,0,0,0,0,0,pair_112,fixed,synthetic_generated,corrected with < length boundary
gen_off_by_one_bug_023,data/ml/raw_snippets_generated/off_by_one/buggy/GenOffByOneBug023.java,java,OFF_BY_ONE_LOOP_BOUNDARY,0,1,0,0,0,0,pair_113,buggy,synthetic_generated,starts from .length instead of .length - 1
gen_off_by_one_fix_023,data/ml/raw_snippets_generated/off_by_one/fixed/GenOffByOneFix023.java,java,NO_ISSUE,1,0,0,0,0,0,pair_113,fixed,synthetic_generated,corrected with < length boundary
gen_off_by_one_bug_024,data/ml/raw_snippets_generated/off_by_one/buggy/GenOffByOneBug024.java,java,OFF_BY_ONE_LOOP_BOUNDARY,0,1,0,0,0,0,pair_114,buggy,synthetic_generated,starts from .length instead of .length - 1
gen_off_by_one_fix_024,data/ml/raw_snippets_generated/off_by_one/fixed/GenOffByOneFix024.java,java,NO_ISSUE,1,0,0,0,0,0,pair_114,fixed,synthetic_generated,corrected with < length boundary
gen_off_by_one_bug_025,data/ml/raw_snippets_generated/off_by_one/buggy/GenOffByOneBug025.java,java,OFF_BY_ONE_LOOP_BOUNDARY,0,1,0,0,0,0,pair_115,buggy,synthetic_generated,starts from .length instead of .length - 1
gen_off_by_one_fix_025,data/ml/raw_snippets_generated/off_by_one/fixed/GenOffByOneFix025.java,java,NO_ISSUE,1,0,0,0,0,0,pair_115,fixed,synthetic_generated,corrected with < length boundary
gen_off_by_one_bug_026,data/ml/raw_snippets_generated/off_by_one/buggy/GenOffByOneBug026.java,java,OFF_BY_ONE_LOOP_BOUNDARY,0,1,0,0,0,0,pair_116,buggy,synthetic_generated,starts from .length instead of .length - 1
gen_off_by_one_fix_026,data/ml/raw_snippets_generated/off_by_one/fixed/GenOffByOneFix026.java,java,NO_ISSUE,1,0,0,0,0,0,pair_116,fixed,synthetic_generated,corrected with < length boundary
gen_off_by_one_bug_027,data/ml/raw_snippets_generated/off_by_one/buggy/GenOffByOneBug027.java,java,OFF_BY_ONE_LOOP_BOUNDARY,0,1,0,0,0,0,pair_117,buggy,synthetic_generated,starts from .length instead of .length - 1
gen_off_by_one_fix_027,data/ml/raw_snippets_generated/off_by_one/fixed/GenOffByOneFix027.java,java,NO_ISSUE,1,0,0,0,0,0,pair_117,fixed,synthetic_generated,corrected with < length boundary
gen_off_by_one_bug_028,data/ml/raw_snippets_generated/off_by_one/buggy/GenOffByOneBug028.java,java,OFF_BY_ONE_LOOP_BOUNDARY,0,1,0,0,0,0,pair_118,buggy,synthetic_generated,starts from .length instead of .length - 1
gen_off_by_one_fix_028,data/ml/raw_snippets_generated/off_by_one/fixed/GenOffByOneFix028.java,java,NO_ISSUE,1,0,0,0,0,0,pair_118,fixed,synthetic_generated,corrected with < length boundary
gen_off_by_one_bug_029,data/ml/raw_snippets_generated/off_by_one/buggy/GenOffByOneBug029.java,java,OFF_BY_ONE_LOOP_BOUNDARY,0,1,0,0,0,0,pair_119,buggy,synthetic_generated,starts from .length instead of .length - 1
gen_off_by_one_fix_029,data/ml/raw_snippets_generated/off_by_one/fixed/GenOffByOneFix029.java,java,NO_ISSUE,1,0,0,0,0,0,pair_119,fixed,synthetic_generated,corrected with < length boundary
gen_off_by_one_bug_030,data/ml/raw_snippets_generated/off_by_one/buggy/GenOffByOneBug030.java,java,OFF_BY_ONE_LOOP_BOUNDARY,0,1,0,0,0,0,pair_120,buggy,synthetic_generated,starts from .length instead of .length - 1
gen_off_by_one_fix_030,data/ml/raw_snippets_generated/off_by_one/fixed/GenOffByOneFix030.java,java,NO_ISSUE,1,0,0,0,0,0,pair_120,fixed,synthetic_generated,corrected with < length boundary
gen_off_by_one_bug_031,data/ml/raw_snippets_generated/off_by_one/buggy/GenOffByOneBug031.java,java,OFF_BY_ONE_LOOP_BOUNDARY,0,1,0,0,0,0,pair_121,buggy,synthetic_generated,starts from .length instead of .length - 1
gen_off_by_one_fix_031,data/ml/raw_snippets_generated/off_by_one/fixed/GenOffByOneFix031.java,java,NO_ISSUE,1,0,0,0,0,0,pair_121,fixed,synthetic_generated,corrected with < length boundary
gen_off_by_one_bug_032,data/ml/raw_snippets_generated/off_by_one/buggy/GenOffByOneBug032.java,java,OFF_BY_ONE_LOOP_BOUNDARY,0,1,0,0,0,0,pair_122,buggy,synthetic_generated,starts from .length instead of .length - 1
gen_off_by_one_fix_032,data/ml/raw_snippets_generated/off_by_one/fixed/GenOffByOneFix032.java,java,NO_ISSUE,1,0,0,0,0,0,pair_122,fixed,synthetic_generated,corrected with < length boundary
gen_off_by_one_bug_033,data/ml/raw_snippets_generated/off_by_one/buggy/GenOffByOneBug033.java,java,OFF_BY_ONE_LOOP_BOUNDARY,0,1,0,0,0,0,pair_123,buggy,synthetic_generated,starts from .length instead of .length - 1
gen_off_by_one_fix_033,data/ml/raw_snippets_generated/off_by_one/fixed/GenOffByOneFix033.java,java,NO_ISSUE,1,0,0,0,0,0,pair_123,fixed,synthetic_generated,corrected with < length boundary
gen_off_by_one_bug_034,data/ml/raw_snippets_generated/off_by_one/buggy/GenOffByOneBug034.java,java,OFF_BY_ONE_LOOP_BOUNDARY,0,1,0,0,0,0,pair_124,buggy,synthetic_generated,starts from .length instead of .length - 1
gen_off_by_one_fix_034,data/ml/raw_snippets_generated/off_by_one/fixed/GenOffByOneFix034.java,java,NO_ISSUE,1,0,0,0,0,0,pair_124,fixed,synthetic_generated,corrected with < length boundary
gen_off_by_one_bug_035,data/ml/raw_snippets_generated/off_by_one/buggy/GenOffByOneBug035.java,java,OFF_BY_ONE_LOOP_BOUNDARY,0,1,0,0,0,0,pair_125,buggy,synthetic_generated,starts from .length instead of .length - 1
gen_off_by_one_fix_035,data/ml/raw_snippets_generated/off_by_one/fixed/GenOffByOneFix035.java,java,NO_ISSUE,1,0,0,0,0,0,pair_125,fixed,synthetic_generated,corrected with < length boundary
gen_off_by_one_bug_036,data/ml/raw_snippets_generated/off_by_one/buggy/GenOffByOneBug036.java,java,OFF_BY_ONE_LOOP_BOUNDARY,0,1,0,0,0,0,pair_126,buggy,synthetic_generated,starts from .length instead of .length - 1
gen_off_by_one_fix_036,data/ml/raw_snippets_generated/off_by_one/fixed/GenOffByOneFix036.java,java,NO_ISSUE,1,0,0,0,0,0,pair_126,fixed,synthetic_generated,corrected with < length boundary
gen_off_by_one_bug_037,data/ml/raw_snippets_generated/off_by_one/buggy/GenOffByOneBug037.java,java,OFF_BY_ONE_LOOP_BOUNDARY,0,1,0,0,0,0,pair_127,buggy,synthetic_generated,starts from .length instead of .length - 1
gen_off_by_one_fix_037,data/ml/raw_snippets_generated/off_by_one/fixed/GenOffByOneFix037.java,java,NO_ISSUE,1,0,0,0,0,0,pair_127,fixed,synthetic_generated,corrected with < length boundary
gen_off_by_one_bug_038,data/ml/raw_snippets_generated/off_by_one/buggy/GenOffByOneBug038.java,java,OFF_BY_ONE_LOOP_BOUNDARY,0,1,0,0,0,0,pair_128,buggy,synthetic_generated,starts from .length instead of .length - 1
gen_off_by_one_fix_038,data/ml/raw_snippets_generated/off_by_one/fixed/GenOffByOneFix038.java,java,NO_ISSUE,1,0,0,0,0,0,pair_128,fixed,synthetic_generated,corrected with < length boundary
gen_off_by_one_bug_039,data/ml/raw_snippets_generated/off_by_one/buggy/GenOffByOneBug039.java,java,OFF_BY_ONE_LOOP_BOUNDARY,0,1,0,0,0,0,pair_129,buggy,synthetic_generated,starts from .length instead of .length - 1
gen_off_by_one_fix_039,data/ml/raw_snippets_generated/off_by_one/fixed/GenOffByOneFix039.java,java,NO_ISSUE,1,0,0,0,0,0,pair_129,fixed,synthetic_generated,corrected with < length boundary
gen_off_by_one_bug_040,data/ml/raw_snippets_generated/off_by_one/buggy/GenOffByOneBug040.java,java,OFF_BY_ONE_LOOP_BOUNDARY,0,1,0,0,0,0,pair_130,buggy,synthetic_generated,starts from .length instead of .length - 1
gen_off_by_one_fix_040,data/ml/raw_snippets_generated/off_by_one/fixed/GenOffByOneFix040.java,java,NO_ISSUE,1,0,0,0,0,0,pair_130,fixed,synthetic_generated,corrected with < length boundary
gen_off_by_one_bug_041,data/ml/raw_snippets_generated/off_by_one/buggy/GenOffByOneBug041.java,java,OFF_BY_ONE_LOOP_BOUNDARY,0,1,0,0,0,0,pair_131,buggy,synthetic_generated,starts from .length instead of .length - 1
gen_off_by_one_fix_041,data/ml/raw_snippets_generated/off_by_one/fixed/GenOffByOneFix041.java,java,NO_ISSUE,1,0,0,0,0,0,pair_131,fixed,synthetic_generated,corrected with < length boundary
gen_off_by_one_bug_042,data/ml/raw_snippets_generated/off_by_one/buggy/GenOffByOneBug042.java,java,OFF_BY_ONE_LOOP_BOUNDARY,0,1,0,0,0,0,pair_132,buggy,synthetic_generated,starts from .length instead of .length - 1
gen_off_by_one_fix_042,data/ml/raw_snippets_generated/off_by_one/fixed/GenOffByOneFix042.java,java,NO_ISSUE,1,0,0,0,0,0,pair_132,fixed,synthetic_generated,corrected with < length boundary
gen_off_by_one_bug_043,data/ml/raw_snippets_generated/off_by_one/buggy/GenOffByOneBug043.java,java,OFF_BY_ONE_LOOP_BOUNDARY,0,1,0,0,0,0,pair_133,buggy,synthetic_generated,starts from .length instead of .length - 1
gen_off_by_one_fix_043,data/ml/raw_snippets_generated/off_by_one/fixed/GenOffByOneFix043.java,java,NO_ISSUE,1,0,0,0,0,0,pair_133,fixed,synthetic_generated,corrected with < length boundary
gen_off_by_one_bug_044,data/ml/raw_snippets_generated/off_by_one/buggy/GenOffByOneBug044.java,java,OFF_BY_ONE_LOOP_BOUNDARY,0,1,0,0,0,0,pair_134,buggy,synthetic_generated,starts from .length instead of .length - 1
gen_off_by_one_fix_044,data/ml/raw_snippets_generated/off_by_one/fixed/GenOffByOneFix044.java,java,NO_ISSUE,1,0,0,0,0,0,pair_134,fixed,synthetic_generated,corrected with < length boundary
gen_off_by_one_bug_045,data/ml/raw_snippets_generated/off_by_one/buggy/GenOffByOneBug045.java,java,OFF_BY_ONE_LOOP_BOUNDARY,0,1,0,0,0,0,pair_135,buggy,synthetic_generated,starts from .length instead of .length - 1
gen_off_by_one_fix_045,data/ml/raw_snippets_generated/off_by_one/fixed/GenOffByOneFix045.java,java,NO_ISSUE,1,0,0,0,0,0,pair_135,fixed,synthetic_generated,corrected with < length boundary
gen_off_by_one_bug_046,data/ml/raw_snippets_generated/off_by_one/buggy/GenOffByOneBug046.java,java,OFF_BY_ONE_LOOP_BOUNDARY,0,1,0,0,0,0,pair_136,buggy,synthetic_generated,starts from .length instead of .length - 1
gen_off_by_one_fix_046,data/ml/raw_snippets_generated/off_by_one/fixed/GenOffByOneFix046.java,java,NO_ISSUE,1,0,0,0,0,0,pair_136,fixed,synthetic_generated,corrected with < length boundary
gen_off_by_one_bug_047,data/ml/raw_snippets_generated/off_by_one/buggy/GenOffByOneBug047.java,java,OFF_BY_ONE_LOOP_BOUNDARY,0,1,0,0,0,0,pair_137,buggy,synthetic_generated,starts from .length instead of .length - 1
gen_off_by_one_fix_047,data/ml/raw_snippets_generated/off_by_one/fixed/GenOffByOneFix047.java,java,NO_ISSUE,1,0,0,0,0,0,pair_137,fixed,synthetic_generated,corrected with < length boundary
gen_off_by_one_bug_048,data/ml/raw_snippets_generated/off_by_one/buggy/GenOffByOneBug048.java,java,OFF_BY_ONE_LOOP_BOUNDARY,0,1,0,0,0,0,pair_138,buggy,synthetic_generated,starts from .length instead of .length - 1
gen_off_by_one_fix_048,data/ml/raw_snippets_generated/off_by_one/fixed/GenOffByOneFix048.java,java,NO_ISSUE,1,0,0,0,0,0,pair_138,fixed,synthetic_generated,corrected with < length boundary
gen_off_by_one_bug_049,data/ml/raw_snippets_generated/off_by_one/buggy/GenOffByOneBug049.java,java,OFF_BY_ONE_LOOP_BOUNDARY,0,1,0,0,0,0,pair_139,buggy,synthetic_generated,starts from .length instead of .length - 1
gen_off_by_one_fix_049,data/ml/raw_snippets_generated/off_by_one/fixed/GenOffByOneFix049.java,java,NO_ISSUE,1,0,0,0,0,0,pair_139,fixed,synthetic_generated,corrected with < length boundary
gen_off_by_one_bug_050,data/ml/raw_snippets_generated/off_by_one/buggy/GenOffByOneBug050.java,java,OFF_BY_ONE_LOOP_BOUNDARY,0,1,0,0,0,0,pair_140,buggy,synthetic_generated,starts from .length instead of .length - 1
gen_off_by_one_fix_050,data/ml/raw_snippets_generated/off_by_one/fixed/GenOffByOneFix050.java,java,NO_ISSUE,1,0,0,0,0,0,pair_140,fixed,synthetic_generated,corrected with < length boundary
gen_off_by_one_bug_051,data/ml/raw_snippets_generated/off_by_one/buggy/GenOffByOneBug051.java,java,OFF_BY_ONE_LOOP_BOUNDARY,0,1,0,0,0,0,pair_141,buggy,synthetic_generated,starts from .length instead of .length - 1
gen_off_by_one_fix_051,data/ml/raw_snippets_generated/off_by_one/fixed/GenOffByOneFix051.java,java,NO_ISSUE,1,0,0,0,0,0,pair_141,fixed,synthetic_generated,corrected with < length boundary
gen_off_by_one_bug_052,data/ml/raw_snippets_generated/off_by_one/buggy/GenOffByOneBug052.java,java,OFF_BY_ONE_LOOP_BOUNDARY,0,1,0,0,0,0,pair_142,buggy,synthetic_generated,starts from .length instead of .length - 1
gen_off_by_one_fix_052,data/ml/raw_snippets_generated/off_by_one/fixed/GenOffByOneFix052.java,java,NO_ISSUE,1,0,0,0,0,0,pair_142,fixed,synthetic_generated,corrected with < length boundary
gen_off_by_one_bug_053,data/ml/raw_snippets_generated/off_by_one/buggy/GenOffByOneBug053.java,java,OFF_BY_ONE_LOOP_BOUNDARY,0,1,0,0,0,0,pair_143,buggy,synthetic_generated,starts from .length instead of .length - 1
gen_off_by_one_fix_053,data/ml/raw_snippets_generated/off_by_one/fixed/GenOffByOneFix053.java,java,NO_ISSUE,1,0,0,0,0,0,pair_143,fixed,synthetic_generated,corrected with < length boundary
gen_off_by_one_bug_054,data/ml/raw_snippets_generated/off_by_one/buggy/GenOffByOneBug054.java,java,OFF_BY_ONE_LOOP_BOUNDARY,0,1,0,0,0,0,pair_144,buggy,synthetic_generated,starts from .length instead of .length - 1
gen_off_by_one_fix_054,data/ml/raw_snippets_generated/off_by_one/fixed/GenOffByOneFix054.java,java,NO_ISSUE,1,0,0,0,0,0,pair_144,fixed,synthetic_generated,corrected with < length boundary
gen_off_by_one_bug_055,data/ml/raw_snippets_generated/off_by_one/buggy/GenOffByOneBug055.java,java,OFF_BY_ONE_LOOP_BOUNDARY,0,1,0,0,0,0,pair_145,buggy,synthetic_generated,starts from .length instead of .length - 1
gen_off_by_one_fix_055,data/ml/raw_snippets_generated/off_by_one/fixed/GenOffByOneFix055.java,java,NO_ISSUE,1,0,0,0,0,0,pair_145,fixed,synthetic_generated,corrected with < length boundary
gen_off_by_one_bug_056,data/ml/raw_snippets_generated/off_by_one/buggy/GenOffByOneBug056.java,java,OFF_BY_ONE_LOOP_BOUNDARY,0,1,0,0,0,0,pair_146,buggy,synthetic_generated,starts from .length instead of .length - 1
gen_off_by_one_fix_056,data/ml/raw_snippets_generated/off_by_one/fixed/GenOffByOneFix056.java,java,NO_ISSUE,1,0,0,0,0,0,pair_146,fixed,synthetic_generated,corrected with < length boundary
gen_off_by_one_bug_057,data/ml/raw_snippets_generated/off_by_one/buggy/GenOffByOneBug057.java,java,OFF_BY_ONE_LOOP_BOUNDARY,0,1,0,0,0,0,pair_147,buggy,synthetic_generated,starts from .length instead of .length - 1
gen_off_by_one_fix_057,data/ml/raw_snippets_generated/off_by_one/fixed/GenOffByOneFix057.java,java,NO_ISSUE,1,0,0,0,0,0,pair_147,fixed,synthetic_generated,corrected with < length boundary
gen_off_by_one_bug_058,data/ml/raw_snippets_generated/off_by_one/buggy/GenOffByOneBug058.java,java,OFF_BY_ONE_LOOP_BOUNDARY,0,1,0,0,0,0,pair_148,buggy,synthetic_generated,starts from .length instead of .length - 1
gen_off_by_one_fix_058,data/ml/raw_snippets_generated/off_by_one/fixed/GenOffByOneFix058.java,java,NO_ISSUE,1,0,0,0,0,0,pair_148,fixed,synthetic_generated,corrected with < length boundary
gen_off_by_one_bug_059,data/ml/raw_snippets_generated/off_by_one/buggy/GenOffByOneBug059.java,java,OFF_BY_ONE_LOOP_BOUNDARY,0,1,0,0,0,0,pair_149,buggy,synthetic_generated,starts from .length instead of .length - 1
gen_off_by_one_fix_059,data/ml/raw_snippets_generated/off_by_one/fixed/GenOffByOneFix059.java,java,NO_ISSUE,1,0,0,0,0,0,pair_149,fixed,synthetic_generated,corrected with < length boundary
gen_off_by_one_bug_060,data/ml/raw_snippets_generated/off_by_one/buggy/GenOffByOneBug060.java,java,OFF_BY_ONE_LOOP_BOUNDARY,0,1,0,0,0,0,pair_150,buggy,synthetic_generated,starts from .length instead of .length - 1
gen_off_by_one_fix_060,data/ml/raw_snippets_generated/off_by_one/fixed/GenOffByOneFix060.java,java,NO_ISSUE,1,0,0,0,0,0,pair_150,fixed,synthetic_generated,corrected with < length boundary
gen_off_by_one_bug_061,data/ml/raw_snippets_generated/off_by_one/buggy/GenOffByOneBug061.java,java,OFF_BY_ONE_LOOP_BOUNDARY,0,1,0,0,0,0,pair_151,buggy,synthetic_generated,starts from .length instead of .length - 1
gen_off_by_one_fix_061,data/ml/raw_snippets_generated/off_by_one/fixed/GenOffByOneFix061.java,java,NO_ISSUE,1,0,0,0,0,0,pair_151,fixed,synthetic_generated,corrected with < length boundary
gen_off_by_one_bug_062,data/ml/raw_snippets_generated/off_by_one/buggy/GenOffByOneBug062.java,java,OFF_BY_ONE_LOOP_BOUNDARY,0,1,0,0,0,0,pair_152,buggy,synthetic_generated,starts from .length instead of .length - 1
gen_off_by_one_fix_062,data/ml/raw_snippets_generated/off_by_one/fixed/GenOffByOneFix062.java,java,NO_ISSUE,1,0,0,0,0,0,pair_152,fixed,synthetic_generated,corrected with < length boundary
gen_off_by_one_bug_063,data/ml/raw_snippets_generated/off_by_one/buggy/GenOffByOneBug063.java,java,OFF_BY_ONE_LOOP_BOUNDARY,0,1,0,0,0,0,pair_153,buggy,synthetic_generated,starts from .length instead of .length - 1
gen_off_by_one_fix_063,data/ml/raw_snippets_generated/off_by_one/fixed/GenOffByOneFix063.java,java,NO_ISSUE,1,0,0,0,0,0,pair_153,fixed,synthetic_generated,corrected with < length boundary
gen_off_by_one_bug_064,data/ml/raw_snippets_generated/off_by_one/buggy/GenOffByOneBug064.java,java,OFF_BY_ONE_LOOP_BOUNDARY,0,1,0,0,0,0,pair_154,buggy,synthetic_generated,starts from .length instead of .length - 1
gen_off_by_one_fix_064,data/ml/raw_snippets_generated/off_by_one/fixed/GenOffByOneFix064.java,java,NO_ISSUE,1,0,0,0,0,0,pair_154,fixed,synthetic_generated,corrected with < length boundary
gen_off_by_one_bug_065,data/ml/raw_snippets_generated/off_by_one/buggy/GenOffByOneBug065.java,java,OFF_BY_ONE_LOOP_BOUNDARY,0,1,0,0,0,0,pair_155,buggy,synthetic_generated,starts from .length instead of .length - 1
gen_off_by_one_fix_065,data/ml/raw_snippets_generated/off_by_one/fixed/GenOffByOneFix065.java,java,NO_ISSUE,1,0,0,0,0,0,pair_155,fixed,synthetic_generated,corrected with < length boundary
gen_off_by_one_bug_066,data/ml/raw_snippets_generated/off_by_one/buggy/GenOffByOneBug066.java,java,OFF_BY_ONE_LOOP_BOUNDARY,0,1,0,0,0,0,pair_156,buggy,synthetic_generated,starts from .length instead of .length - 1
gen_off_by_one_fix_066,data/ml/raw_snippets_generated/off_by_one/fixed/GenOffByOneFix066.java,java,NO_ISSUE,1,0,0,0,0,0,pair_156,fixed,synthetic_generated,corrected with < length boundary
gen_off_by_one_bug_067,data/ml/raw_snippets_generated/off_by_one/buggy/GenOffByOneBug067.java,java,OFF_BY_ONE_LOOP_BOUNDARY,0,1,0,0,0,0,pair_157,buggy,synthetic_generated,starts from .length instead of .length - 1
gen_off_by_one_fix_067,data/ml/raw_snippets_generated/off_by_one/fixed/GenOffByOneFix067.java,java,NO_ISSUE,1,0,0,0,0,0,pair_157,fixed,synthetic_generated,corrected with < length boundary
gen_off_by_one_bug_068,data/ml/raw_snippets_generated/off_by_one/buggy/GenOffByOneBug068.java,java,OFF_BY_ONE_LOOP_BOUNDARY,0,1,0,0,0,0,pair_158,buggy,synthetic_generated,starts from .length instead of .length - 1
gen_off_by_one_fix_068,data/ml/raw_snippets_generated/off_by_one/fixed/GenOffByOneFix068.java,java,NO_ISSUE,1,0,0,0,0,0,pair_158,fixed,synthetic_generated,corrected with < length boundary
gen_off_by_one_bug_069,data/ml/raw_snippets_generated/off_by_one/buggy/GenOffByOneBug069.java,java,OFF_BY_ONE_LOOP_BOUNDARY,0,1,0,0,0,0,pair_159,buggy,synthetic_generated,starts from .length instead of .length - 1
gen_off_by_one_fix_069,data/ml/raw_snippets_generated/off_by_one/fixed/GenOffByOneFix069.java,java,NO_ISSUE,1,0,0,0,0,0,pair_159,fixed,synthetic_generated,corrected with < length boundary
gen_off_by_one_bug_070,data/ml/raw_snippets_generated/off_by_one/buggy/GenOffByOneBug070.java,java,OFF_BY_ONE_LOOP_BOUNDARY,0,1,0,0,0,0,pair_160,buggy,synthetic_generated,starts from .length instead of .length - 1
gen_off_by_one_fix_070,data/ml/raw_snippets_generated/off_by_one/fixed/GenOffByOneFix070.java,java,NO_ISSUE,1,0,0,0,0,0,pair_160,fixed,synthetic_generated,corrected with < length boundary
gen_off_by_one_bug_071,data/ml/raw_snippets_generated/off_by_one/buggy/GenOffByOneBug071.java,java,OFF_BY_ONE_LOOP_BOUNDARY,0,1,0,0,0,0,pair_161,buggy,synthetic_generated,starts from .length instead of .length - 1
gen_off_by_one_fix_071,data/ml/raw_snippets_generated/off_by_one/fixed/GenOffByOneFix071.java,java,NO_ISSUE,1,0,0,0,0,0,pair_161,fixed,synthetic_generated,corrected with < length boundary
gen_off_by_one_bug_072,data/ml/raw_snippets_generated/off_by_one/buggy/GenOffByOneBug072.java,java,OFF_BY_ONE_LOOP_BOUNDARY,0,1,0,0,0,0,pair_162,buggy,synthetic_generated,starts from .length instead of .length - 1
gen_off_by_one_fix_072,data/ml/raw_snippets_generated/off_by_one/fixed/GenOffByOneFix072.java,java,NO_ISSUE,1,0,0,0,0,0,pair_162,fixed,synthetic_generated,corrected with < length boundary
gen_off_by_one_bug_073,data/ml/raw_snippets_generated/off_by_one/buggy/GenOffByOneBug073.java,java,OFF_BY_ONE_LOOP_BOUNDARY,0,1,0,0,0,0,pair_163,buggy,synthetic_generated,starts from .length instead of .length - 1
gen_off_by_one_fix_073,data/ml/raw_snippets_generated/off_by_one/fixed/GenOffByOneFix073.java,java,NO_ISSUE,1,0,0,0,0,0,pair_163,fixed,synthetic_generated,corrected with < length boundary
gen_off_by_one_bug_074,data/ml/raw_snippets_generated/off_by_one/buggy/GenOffByOneBug074.java,java,OFF_BY_ONE_LOOP_BOUNDARY,0,1,0,0,0,0,pair_164,buggy,synthetic_generated,starts from .length instead of .length - 1
gen_off_by_one_fix_074,data/ml/raw_snippets_generated/off_by_one/fixed/GenOffByOneFix074.java,java,NO_ISSUE,1,0,0,0,0,0,pair_164,fixed,synthetic_generated,corrected with < length boundary
gen_off_by_one_bug_075,data/ml/raw_snippets_generated/off_by_one/buggy/GenOffByOneBug075.java,java,OFF_BY_ONE_LOOP_BOUNDARY,0,1,0,0,0,0,pair_165,buggy,synthetic_generated,starts from .length instead of .length - 1
gen_off_by_one_fix_075,data/ml/raw_snippets_generated/off_by_one/fixed/GenOffByOneFix075.java,java,NO_ISSUE,1,0,0,0,0,0,pair_165,fixed,synthetic_generated,corrected with < length boundary
gen_off_by_one_bug_076,data/ml/raw_snippets_generated/off_by_one/buggy/GenOffByOneBug076.java,java,OFF_BY_ONE_LOOP_BOUNDARY,0,1,0,0,0,0,pair_166,buggy,synthetic_generated,starts from .length instead of .length - 1
gen_off_by_one_fix_076,data/ml/raw_snippets_generated/off_by_one/fixed/GenOffByOneFix076.java,java,NO_ISSUE,1,0,0,0,0,0,pair_166,fixed,synthetic_generated,corrected with < length boundary
gen_off_by_one_bug_077,data/ml/raw_snippets_generated/off_by_one/buggy/GenOffByOneBug077.java,java,OFF_BY_ONE_LOOP_BOUNDARY,0,1,0,0,0,0,pair_167,buggy,synthetic_generated,starts from .length instead of .length - 1
gen_off_by_one_fix_077,data/ml/raw_snippets_generated/off_by_one/fixed/GenOffByOneFix077.java,java,NO_ISSUE,1,0,0,0,0,0,pair_167,fixed,synthetic_generated,corrected with < length boundary
gen_off_by_one_bug_078,data/ml/raw_snippets_generated/off_by_one/buggy/GenOffByOneBug078.java,java,OFF_BY_ONE_LOOP_BOUNDARY,0,1,0,0,0,0,pair_168,buggy,synthetic_generated,starts from .length instead of .length - 1
gen_off_by_one_fix_078,data/ml/raw_snippets_generated/off_by_one/fixed/GenOffByOneFix078.java,java,NO_ISSUE,1,0,0,0,0,0,pair_168,fixed,synthetic_generated,corrected with < length boundary
gen_off_by_one_bug_079,data/ml/raw_snippets_generated/off_by_one/buggy/GenOffByOneBug079.java,java,OFF_BY_ONE_LOOP_BOUNDARY,0,1,0,0,0,0,pair_169,buggy,synthetic_generated,starts from .length instead of .length - 1
gen_off_by_one_fix_079,data/ml/raw_snippets_generated/off_by_one/fixed/GenOffByOneFix079.java,java,NO_ISSUE,1,0,0,0,0,0,pair_169,fixed,synthetic_generated,corrected with < length boundary
gen_off_by_one_bug_080,data/ml/raw_snippets_generated/off_by_one/buggy/GenOffByOneBug080.java,java,OFF_BY_ONE_LOOP_BOUNDARY,0,1,0,0,0,0,pair_170,buggy,synthetic_generated,starts from .length instead of .length - 1
gen_off_by_one_fix_080,data/ml/raw_snippets_generated/off_by_one/fixed/GenOffByOneFix080.java,java,NO_ISSUE,1,0,0,0,0,0,pair_170,fixed,synthetic_generated,corrected with < length boundary
gen_off_by_one_bug_081,data/ml/raw_snippets_generated/off_by_one/buggy/GenOffByOneBug081.java,java,OFF_BY_ONE_LOOP_BOUNDARY,0,1,0,0,0,0,pair_171,buggy,synthetic_generated,starts from .length instead of .length - 1
gen_off_by_one_fix_081,data/ml/raw_snippets_generated/off_by_one/fixed/GenOffByOneFix081.java,java,NO_ISSUE,1,0,0,0,0,0,pair_171,fixed,synthetic_generated,corrected with < length boundary
gen_off_by_one_bug_082,data/ml/raw_snippets_generated/off_by_one/buggy/GenOffByOneBug082.java,java,OFF_BY_ONE_LOOP_BOUNDARY,0,1,0,0,0,0,pair_172,buggy,synthetic_generated,starts from .length instead of .length - 1
gen_off_by_one_fix_082,data/ml/raw_snippets_generated/off_by_one/fixed/GenOffByOneFix082.java,java,NO_ISSUE,1,0,0,0,0,0,pair_172,fixed,synthetic_generated,corrected with < length boundary
gen_off_by_one_bug_083,data/ml/raw_snippets_generated/off_by_one/buggy/GenOffByOneBug083.java,java,OFF_BY_ONE_LOOP_BOUNDARY,0,1,0,0,0,0,pair_173,buggy,synthetic_generated,starts from .length instead of .length - 1
gen_off_by_one_fix_083,data/ml/raw_snippets_generated/off_by_one/fixed/GenOffByOneFix083.java,java,NO_ISSUE,1,0,0,0,0,0,pair_173,fixed,synthetic_generated,corrected with < length boundary
gen_off_by_one_bug_084,data/ml/raw_snippets_generated/off_by_one/buggy/GenOffByOneBug084.java,java,OFF_BY_ONE_LOOP_BOUNDARY,0,1,0,0,0,0,pair_174,buggy,synthetic_generated,starts from .length instead of .length - 1
gen_off_by_one_fix_084,data/ml/raw_snippets_generated/off_by_one/fixed/GenOffByOneFix084.java,java,NO_ISSUE,1,0,0,0,0,0,pair_174,fixed,synthetic_generated,corrected with < length boundary
gen_off_by_one_bug_085,data/ml/raw_snippets_generated/off_by_one/buggy/GenOffByOneBug085.java,java,OFF_BY_ONE_LOOP_BOUNDARY,0,1,0,0,0,0,pair_175,buggy,synthetic_generated,starts from .length instead of .length - 1
gen_off_by_one_fix_085,data/ml/raw_snippets_generated/off_by_one/fixed/GenOffByOneFix085.java,java,NO_ISSUE,1,0,0,0,0,0,pair_175,fixed,synthetic_generated,corrected with < length boundary
gen_off_by_one_bug_086,data/ml/raw_snippets_generated/off_by_one/buggy/GenOffByOneBug086.java,java,OFF_BY_ONE_LOOP_BOUNDARY,0,1,0,0,0,0,pair_176,buggy,synthetic_generated,starts from .length instead of .length - 1
gen_off_by_one_fix_086,data/ml/raw_snippets_generated/off_by_one/fixed/GenOffByOneFix086.java,java,NO_ISSUE,1,0,0,0,0,0,pair_176,fixed,synthetic_generated,corrected with < length boundary
gen_off_by_one_bug_087,data/ml/raw_snippets_generated/off_by_one/buggy/GenOffByOneBug087.java,java,OFF_BY_ONE_LOOP_BOUNDARY,0,1,0,0,0,0,pair_177,buggy,synthetic_generated,starts from .length instead of .length - 1
gen_off_by_one_fix_087,data/ml/raw_snippets_generated/off_by_one/fixed/GenOffByOneFix087.java,java,NO_ISSUE,1,0,0,0,0,0,pair_177,fixed,synthetic_generated,corrected with < length boundary
gen_off_by_one_bug_088,data/ml/raw_snippets_generated/off_by_one/buggy/GenOffByOneBug088.java,java,OFF_BY_ONE_LOOP_BOUNDARY,0,1,0,0,0,0,pair_178,buggy,synthetic_generated,starts from .length instead of .length - 1
gen_off_by_one_fix_088,data/ml/raw_snippets_generated/off_by_one/fixed/GenOffByOneFix088.java,java,NO_ISSUE,1,0,0,0,0,0,pair_178,fixed,synthetic_generated,corrected with < length boundary
gen_off_by_one_bug_089,data/ml/raw_snippets_generated/off_by_one/buggy/GenOffByOneBug089.java,java,OFF_BY_ONE_LOOP_BOUNDARY,0,1,0,0,0,0,pair_179,buggy,synthetic_generated,starts from .length instead of .length - 1
gen_off_by_one_fix_089,data/ml/raw_snippets_generated/off_by_one/fixed/GenOffByOneFix089.java,java,NO_ISSUE,1,0,0,0,0,0,pair_179,fixed,synthetic_generated,corrected with < length boundary
gen_off_by_one_bug_090,data/ml/raw_snippets_generated/off_by_one/buggy/GenOffByOneBug090.java,java,OFF_BY_ONE_LOOP_BOUNDARY,0,1,0,0,0,0,pair_180,buggy,synthetic_generated,starts from .length instead of .length - 1
gen_off_by_one_fix_090,data/ml/raw_snippets_generated/off_by_one/fixed/GenOffByOneFix090.java,java,NO_ISSUE,1,0,0,0,0,0,pair_180,fixed,synthetic_generated,corrected with < length boundary
gen_off_by_one_bug_091,data/ml/raw_snippets_generated/off_by_one/buggy/GenOffByOneBug091.java,java,OFF_BY_ONE_LOOP_BOUNDARY,0,1,0,0,0,0,pair_181,buggy,synthetic_generated,starts from .length instead of .length - 1
gen_off_by_one_fix_091,data/ml/raw_snippets_generated/off_by_one/fixed/GenOffByOneFix091.java,java,NO_ISSUE,1,0,0,0,0,0,pair_181,fixed,synthetic_generated,corrected with < length boundary
gen_off_by_one_bug_092,data/ml/raw_snippets_generated/off_by_one/buggy/GenOffByOneBug092.java,java,OFF_BY_ONE_LOOP_BOUNDARY,0,1,0,0,0,0,pair_182,buggy,synthetic_generated,starts from .length instead of .length - 1
gen_off_by_one_fix_092,data/ml/raw_snippets_generated/off_by_one/fixed/GenOffByOneFix092.java,java,NO_ISSUE,1,0,0,0,0,0,pair_182,fixed,synthetic_generated,corrected with < length boundary
gen_off_by_one_bug_093,data/ml/raw_snippets_generated/off_by_one/buggy/GenOffByOneBug093.java,java,OFF_BY_ONE_LOOP_BOUNDARY,0,1,0,0,0,0,pair_183,buggy,synthetic_generated,starts from .length instead of .length - 1
gen_off_by_one_fix_093,data/ml/raw_snippets_generated/off_by_one/fixed/GenOffByOneFix093.java,java,NO_ISSUE,1,0,0,0,0,0,pair_183,fixed,synthetic_generated,corrected with < length boundary
gen_off_by_one_bug_094,data/ml/raw_snippets_generated/off_by_one/buggy/GenOffByOneBug094.java,java,OFF_BY_ONE_LOOP_BOUNDARY,0,1,0,0,0,0,pair_184,buggy,synthetic_generated,starts from .length instead of .length - 1
gen_off_by_one_fix_094,data/ml/raw_snippets_generated/off_by_one/fixed/GenOffByOneFix094.java,java,NO_ISSUE,1,0,0,0,0,0,pair_184,fixed,synthetic_generated,corrected with < length boundary
gen_off_by_one_bug_095,data/ml/raw_snippets_generated/off_by_one/buggy/GenOffByOneBug095.java,java,OFF_BY_ONE_LOOP_BOUNDARY,0,1,0,0,0,0,pair_185,buggy,synthetic_generated,starts from .length instead of .length - 1
gen_off_by_one_fix_095,data/ml/raw_snippets_generated/off_by_one/fixed/GenOffByOneFix095.java,java,NO_ISSUE,1,0,0,0,0,0,pair_185,fixed,synthetic_generated,corrected with < length boundary
gen_off_by_one_bug_096,data/ml/raw_snippets_generated/off_by_one/buggy/GenOffByOneBug096.java,java,OFF_BY_ONE_LOOP_BOUNDARY,0,1,0,0,0,0,pair_186,buggy,synthetic_generated,starts from .length instead of .length - 1
gen_off_by_one_fix_096,data/ml/raw_snippets_generated/off_by_one/fixed/GenOffByOneFix096.java,java,NO_ISSUE,1,0,0,0,0,0,pair_186,fixed,synthetic_generated,corrected with < length boundary
gen_off_by_one_bug_097,data/ml/raw_snippets_generated/off_by_one/buggy/GenOffByOneBug097.java,java,OFF_BY_ONE_LOOP_BOUNDARY,0,1,0,0,0,0,pair_187,buggy,synthetic_generated,starts from .length instead of .length - 1
gen_off_by_one_fix_097,data/ml/raw_snippets_generated/off_by_one/fixed/GenOffByOneFix097.java,java,NO_ISSUE,1,0,0,0,0,0,pair_187,fixed,synthetic_generated,corrected with < length boundary
gen_off_by_one_bug_098,data/ml/raw_snippets_generated/off_by_one/buggy/GenOffByOneBug098.java,java,OFF_BY_ONE_LOOP_BOUNDARY,0,1,0,0,0,0,pair_188,buggy,synthetic_generated,starts from .length instead of .length - 1
gen_off_by_one_fix_098,data/ml/raw_snippets_generated/off_by_one/fixed/GenOffByOneFix098.java,java,NO_ISSUE,1,0,0,0,0,0,pair_188,fixed,synthetic_generated,corrected with < length boundary
gen_off_by_one_bug_099,data/ml/raw_snippets_generated/off_by_one/buggy/GenOffByOneBug099.java,java,OFF_BY_ONE_LOOP_BOUNDARY,0,1,0,0,0,0,pair_189,buggy,synthetic_generated,starts from .length instead of .length - 1
gen_off_by_one_fix_099,data/ml/raw_snippets_generated/off_by_one/fixed/GenOffByOneFix099.java,java,NO_ISSUE,1,0,0,0,0,0,pair_189,fixed,synthetic_generated,corrected with < length boundary
gen_off_by_one_bug_100,data/ml/raw_snippets_generated/off_by_one/buggy/GenOffByOneBug100.java,java,OFF_BY_ONE_LOOP_BOUNDARY,0,1,0,0,0,0,pair_190,buggy,synthetic_generated,starts from .length instead of .length - 1
gen_off_by_one_fix_100,data/ml/raw_snippets_generated/off_by_one/fixed/GenOffByOneFix100.java,java,NO_ISSUE,1,0,0,0,0,0,pair_190,fixed,synthetic_generated,corrected with < length boundary
gen_off_by_one_bug_101,data/ml/raw_snippets_generated/off_by_one/buggy/GenOffByOneBug101.java,java,OFF_BY_ONE_LOOP_BOUNDARY,0,1,0,0,0,0,pair_191,buggy,synthetic_generated,starts from .length instead of .length - 1
gen_off_by_one_fix_101,data/ml/raw_snippets_generated/off_by_one/fixed/GenOffByOneFix101.java,java,NO_ISSUE,1,0,0,0,0,0,pair_191,fixed,synthetic_generated,corrected with < length boundary
gen_off_by_one_bug_102,data/ml/raw_snippets_generated/off_by_one/buggy/GenOffByOneBug102.java,java,OFF_BY_ONE_LOOP_BOUNDARY,0,1,0,0,0,0,pair_192,buggy,synthetic_generated,starts from .length instead of .length - 1
gen_off_by_one_fix_102,data/ml/raw_snippets_generated/off_by_one/fixed/GenOffByOneFix102.java,java,NO_ISSUE,1,0,0,0,0,0,pair_192,fixed,synthetic_generated,corrected with < length boundary
gen_off_by_one_bug_103,data/ml/raw_snippets_generated/off_by_one/buggy/GenOffByOneBug103.java,java,OFF_BY_ONE_LOOP_BOUNDARY,0,1,0,0,0,0,pair_193,buggy,synthetic_generated,starts from .length instead of .length - 1
gen_off_by_one_fix_103,data/ml/raw_snippets_generated/off_by_one/fixed/GenOffByOneFix103.java,java,NO_ISSUE,1,0,0,0,0,0,pair_193,fixed,synthetic_generated,corrected with < length boundary
gen_off_by_one_bug_104,data/ml/raw_snippets_generated/off_by_one/buggy/GenOffByOneBug104.java,java,OFF_BY_ONE_LOOP_BOUNDARY,0,1,0,0,0,0,pair_194,buggy,synthetic_generated,starts from .length instead of .length - 1
gen_off_by_one_fix_104,data/ml/raw_snippets_generated/off_by_one/fixed/GenOffByOneFix104.java,java,NO_ISSUE,1,0,0,0,0,0,pair_194,fixed,synthetic_generated,corrected with < length boundary
gen_off_by_one_bug_105,data/ml/raw_snippets_generated/off_by_one/buggy/GenOffByOneBug105.java,java,OFF_BY_ONE_LOOP_BOUNDARY,0,1,0,0,0,0,pair_195,buggy,synthetic_generated,starts from .length instead of .length - 1
gen_off_by_one_fix_105,data/ml/raw_snippets_generated/off_by_one/fixed/GenOffByOneFix105.java,java,NO_ISSUE,1,0,0,0,0,0,pair_195,fixed,synthetic_generated,corrected with < length boundary
gen_off_by_one_bug_106,data/ml/raw_snippets_generated/off_by_one/buggy/GenOffByOneBug106.java,java,OFF_BY_ONE_LOOP_BOUNDARY,0,1,0,0,0,0,pair_196,buggy,synthetic_generated,starts from .length instead of .length - 1
gen_off_by_one_fix_106,data/ml/raw_snippets_generated/off_by_one/fixed/GenOffByOneFix106.java,java,NO_ISSUE,1,0,0,0,0,0,pair_196,fixed,synthetic_generated,corrected with < length boundary
gen_off_by_one_bug_107,data/ml/raw_snippets_generated/off_by_one/buggy/GenOffByOneBug107.java,java,OFF_BY_ONE_LOOP_BOUNDARY,0,1,0,0,0,0,pair_197,buggy,synthetic_generated,starts from .length instead of .length - 1
gen_off_by_one_fix_107,data/ml/raw_snippets_generated/off_by_one/fixed/GenOffByOneFix107.java,java,NO_ISSUE,1,0,0,0,0,0,pair_197,fixed,synthetic_generated,corrected with < length boundary
gen_off_by_one_bug_108,data/ml/raw_snippets_generated/off_by_one/buggy/GenOffByOneBug108.java,java,OFF_BY_ONE_LOOP_BOUNDARY,0,1,0,0,0,0,pair_198,buggy,synthetic_generated,starts from .length instead of .length - 1
gen_off_by_one_fix_108,data/ml/raw_snippets_generated/off_by_one/fixed/GenOffByOneFix108.java,java,NO_ISSUE,1,0,0,0,0,0,pair_198,fixed,synthetic_generated,corrected with < length boundary
gen_off_by_one_bug_109,data/ml/raw_snippets_generated/off_by_one/buggy/GenOffByOneBug109.java,java,OFF_BY_ONE_LOOP_BOUNDARY,0,1,0,0,0,0,pair_199,buggy,synthetic_generated,starts from .length instead of .length - 1
gen_off_by_one_fix_109,data/ml/raw_snippets_generated/off_by_one/fixed/GenOffByOneFix109.java,java,NO_ISSUE,1,0,0,0,0,0,pair_199,fixed,synthetic_generated,corrected with < length boundary
gen_off_by_one_bug_110,data/ml/raw_snippets_generated/off_by_one/buggy/GenOffByOneBug110.java,java,OFF_BY_ONE_LOOP_BOUNDARY,0,1,0,0,0,0,pair_200,buggy,synthetic_generated,starts from .length instead of .length - 1
gen_off_by_one_fix_110,data/ml/raw_snippets_generated/off_by_one/fixed/GenOffByOneFix110.java,java,NO_ISSUE,1,0,0,0,0,0,pair_200,fixed,synthetic_generated,corrected with < length boundary
gen_off_by_one_bug_111,data/ml/raw_snippets_generated/off_by_one/buggy/GenOffByOneBug111.java,java,OFF_BY_ONE_LOOP_BOUNDARY,0,1,0,0,0,0,pair_201,buggy,synthetic_generated,starts from .length instead of .length - 1
gen_off_by_one_fix_111,data/ml/raw_snippets_generated/off_by_one/fixed/GenOffByOneFix111.java,java,NO_ISSUE,1,0,0,0,0,0,pair_201,fixed,synthetic_generated,corrected with < length boundary
gen_off_by_one_bug_112,data/ml/raw_snippets_generated/off_by_one/buggy/GenOffByOneBug112.java,java,OFF_BY_ONE_LOOP_BOUNDARY,0,1,0,0,0,0,pair_202,buggy,synthetic_generated,starts from .length instead of .length - 1
gen_off_by_one_fix_112,data/ml/raw_snippets_generated/off_by_one/fixed/GenOffByOneFix112.java,java,NO_ISSUE,1,0,0,0,0,0,pair_202,fixed,synthetic_generated,corrected with < length boundary
gen_off_by_one_bug_113,data/ml/raw_snippets_generated/off_by_one/buggy/GenOffByOneBug113.java,java,OFF_BY_ONE_LOOP_BOUNDARY,0,1,0,0,0,0,pair_203,buggy,synthetic_generated,starts from .length instead of .length - 1
gen_off_by_one_fix_113,data/ml/raw_snippets_generated/off_by_one/fixed/GenOffByOneFix113.java,java,NO_ISSUE,1,0,0,0,0,0,pair_203,fixed,synthetic_generated,corrected with < length boundary
gen_off_by_one_bug_114,data/ml/raw_snippets_generated/off_by_one/buggy/GenOffByOneBug114.java,java,OFF_BY_ONE_LOOP_BOUNDARY,0,1,0,0,0,0,pair_204,buggy,synthetic_generated,starts from .length instead of .length - 1
gen_off_by_one_fix_114,data/ml/raw_snippets_generated/off_by_one/fixed/GenOffByOneFix114.java,java,NO_ISSUE,1,0,0,0,0,0,pair_204,fixed,synthetic_generated,corrected with < length boundary
gen_off_by_one_bug_115,data/ml/raw_snippets_generated/off_by_one/buggy/GenOffByOneBug115.java,java,OFF_BY_ONE_LOOP_BOUNDARY,0,1,0,0,0,0,pair_205,buggy,synthetic_generated,starts from .length instead of .length - 1
gen_off_by_one_fix_115,data/ml/raw_snippets_generated/off_by_one/fixed/GenOffByOneFix115.java,java,NO_ISSUE,1,0,0,0,0,0,pair_205,fixed,synthetic_generated,corrected with < length boundary
gen_off_by_one_bug_116,data/ml/raw_snippets_generated/off_by_one/buggy/GenOffByOneBug116.java,java,OFF_BY_ONE_LOOP_BOUNDARY,0,1,0,0,0,0,pair_206,buggy,synthetic_generated,starts from .length instead of .length - 1
gen_off_by_one_fix_116,data/ml/raw_snippets_generated/off_by_one/fixed/GenOffByOneFix116.java,java,NO_ISSUE,1,0,0,0,0,0,pair_206,fixed,synthetic_generated,corrected with < length boundary
gen_off_by_one_bug_117,data/ml/raw_snippets_generated/off_by_one/buggy/GenOffByOneBug117.java,java,OFF_BY_ONE_LOOP_BOUNDARY,0,1,0,0,0,0,pair_207,buggy,synthetic_generated,starts from .length instead of .length - 1
gen_off_by_one_fix_117,data/ml/raw_snippets_generated/off_by_one/fixed/GenOffByOneFix117.java,java,NO_ISSUE,1,0,0,0,0,0,pair_207,fixed,synthetic_generated,corrected with < length boundary
gen_off_by_one_bug_118,data/ml/raw_snippets_generated/off_by_one/buggy/GenOffByOneBug118.java,java,OFF_BY_ONE_LOOP_BOUNDARY,0,1,0,0,0,0,pair_208,buggy,synthetic_generated,starts from .length instead of .length - 1
gen_off_by_one_fix_118,data/ml/raw_snippets_generated/off_by_one/fixed/GenOffByOneFix118.java,java,NO_ISSUE,1,0,0,0,0,0,pair_208,fixed,synthetic_generated,corrected with < length boundary
gen_off_by_one_bug_119,data/ml/raw_snippets_generated/off_by_one/buggy/GenOffByOneBug119.java,java,OFF_BY_ONE_LOOP_BOUNDARY,0,1,0,0,0,0,pair_209,buggy,synthetic_generated,starts from .length instead of .length - 1
gen_off_by_one_fix_119,data/ml/raw_snippets_generated/off_by_one/fixed/GenOffByOneFix119.java,java,NO_ISSUE,1,0,0,0,0,0,pair_209,fixed,synthetic_generated,corrected with < length boundary
gen_off_by_one_bug_120,data/ml/raw_snippets_generated/off_by_one/buggy/GenOffByOneBug120.java,java,OFF_BY_ONE_LOOP_BOUNDARY,0,1,0,0,0,0,pair_210,buggy,synthetic_generated,starts from .length instead of .length - 1
gen_off_by_one_fix_120,data/ml/raw_snippets_generated/off_by_one/fixed/GenOffByOneFix120.java,java,NO_ISSUE,1,0,0,0,0,0,pair_210,fixed,synthetic_generated,corrected with < length boundary
gen_off_by_one_bug_121,data/ml/raw_snippets_generated/off_by_one/buggy/GenOffByOneBug121.java,java,OFF_BY_ONE_LOOP_BOUNDARY,0,1,0,0,0,0,pair_211,buggy,synthetic_generated,starts from .length instead of .length - 1
gen_off_by_one_fix_121,data/ml/raw_snippets_generated/off_by_one/fixed/GenOffByOneFix121.java,java,NO_ISSUE,1,0,0,0,0,0,pair_211,fixed,synthetic_generated,corrected with < length boundary
gen_off_by_one_bug_122,data/ml/raw_snippets_generated/off_by_one/buggy/GenOffByOneBug122.java,java,OFF_BY_ONE_LOOP_BOUNDARY,0,1,0,0,0,0,pair_212,buggy,synthetic_generated,starts from .length instead of .length - 1
gen_off_by_one_fix_122,data/ml/raw_snippets_generated/off_by_one/fixed/GenOffByOneFix122.java,java,NO_ISSUE,1,0,0,0,0,0,pair_212,fixed,synthetic_generated,corrected with < length boundary
gen_off_by_one_bug_123,data/ml/raw_snippets_generated/off_by_one/buggy/GenOffByOneBug123.java,java,OFF_BY_ONE_LOOP_BOUNDARY,0,1,0,0,0,0,pair_213,buggy,synthetic_generated,starts from .length instead of .length - 1
gen_off_by_one_fix_123,data/ml/raw_snippets_generated/off_by_one/fixed/GenOffByOneFix123.java,java,NO_ISSUE,1,0,0,0,0,0,pair_213,fixed,synthetic_generated,corrected with < length boundary
gen_off_by_one_bug_124,data/ml/raw_snippets_generated/off_by_one/buggy/GenOffByOneBug124.java,java,OFF_BY_ONE_LOOP_BOUNDARY,0,1,0,0,0,0,pair_214,buggy,synthetic_generated,starts from .length instead of .length - 1
gen_off_by_one_fix_124,data/ml/raw_snippets_generated/off_by_one/fixed/GenOffByOneFix124.java,java,NO_ISSUE,1,0,0,0,0,0,pair_214,fixed,synthetic_generated,corrected with < length boundary
gen_off_by_one_bug_125,data/ml/raw_snippets_generated/off_by_one/buggy/GenOffByOneBug125.java,java,OFF_BY_ONE_LOOP_BOUNDARY,0,1,0,0,0,0,pair_215,buggy,synthetic_generated,starts from .length instead of .length - 1
gen_off_by_one_fix_125,data/ml/raw_snippets_generated/off_by_one/fixed/GenOffByOneFix125.java,java,NO_ISSUE,1,0,0,0,0,0,pair_215,fixed,synthetic_generated,corrected with < length boundary
gen_off_by_one_bug_126,data/ml/raw_snippets_generated/off_by_one/buggy/GenOffByOneBug126.java,java,OFF_BY_ONE_LOOP_BOUNDARY,0,1,0,0,0,0,pair_216,buggy,synthetic_generated,starts from .length instead of .length - 1
gen_off_by_one_fix_126,data/ml/raw_snippets_generated/off_by_one/fixed/GenOffByOneFix126.java,java,NO_ISSUE,1,0,0,0,0,0,pair_216,fixed,synthetic_generated,corrected with < length boundary
gen_off_by_one_bug_127,data/ml/raw_snippets_generated/off_by_one/buggy/GenOffByOneBug127.java,java,OFF_BY_ONE_LOOP_BOUNDARY,0,1,0,0,0,0,pair_217,buggy,synthetic_generated,starts from .length instead of .length - 1
gen_off_by_one_fix_127,data/ml/raw_snippets_generated/off_by_one/fixed/GenOffByOneFix127.java,java,NO_ISSUE,1,0,0,0,0,0,pair_217,fixed,synthetic_generated,corrected with < length boundary
gen_off_by_one_bug_128,data/ml/raw_snippets_generated/off_by_one/buggy/GenOffByOneBug128.java,java,OFF_BY_ONE_LOOP_BOUNDARY,0,1,0,0,0,0,pair_218,buggy,synthetic_generated,starts from .length instead of .length - 1
gen_off_by_one_fix_128,data/ml/raw_snippets_generated/off_by_one/fixed/GenOffByOneFix128.java,java,NO_ISSUE,1,0,0,0,0,0,pair_218,fixed,synthetic_generated,corrected with < length boundary
gen_off_by_one_bug_129,data/ml/raw_snippets_generated/off_by_one/buggy/GenOffByOneBug129.java,java,OFF_BY_ONE_LOOP_BOUNDARY,0,1,0,0,0,0,pair_219,buggy,synthetic_generated,starts from .length instead of .length - 1
gen_off_by_one_fix_129,data/ml/raw_snippets_generated/off_by_one/fixed/GenOffByOneFix129.java,java,NO_ISSUE,1,0,0,0,0,0,pair_219,fixed,synthetic_generated,corrected with < length boundary
gen_off_by_one_bug_130,data/ml/raw_snippets_generated/off_by_one/buggy/GenOffByOneBug130.java,java,OFF_BY_ONE_LOOP_BOUNDARY,0,1,0,0,0,0,pair_220,buggy,synthetic_generated,starts from .length instead of .length - 1
gen_off_by_one_fix_130,data/ml/raw_snippets_generated/off_by_one/fixed/GenOffByOneFix130.java,java,NO_ISSUE,1,0,0,0,0,0,pair_220,fixed,synthetic_generated,corrected with < length boundary
gen_off_by_one_bug_131,data/ml/raw_snippets_generated/off_by_one/buggy/GenOffByOneBug131.java,java,OFF_BY_ONE_LOOP_BOUNDARY,0,1,0,0,0,0,pair_221,buggy,synthetic_generated,starts from .length instead of .length - 1
gen_off_by_one_fix_131,data/ml/raw_snippets_generated/off_by_one/fixed/GenOffByOneFix131.java,java,NO_ISSUE,1,0,0,0,0,0,pair_221,fixed,synthetic_generated,corrected with < length boundary
gen_off_by_one_bug_132,data/ml/raw_snippets_generated/off_by_one/buggy/GenOffByOneBug132.java,java,OFF_BY_ONE_LOOP_BOUNDARY,0,1,0,0,0,0,pair_222,buggy,synthetic_generated,starts from .length instead of .length - 1
gen_off_by_one_fix_132,data/ml/raw_snippets_generated/off_by_one/fixed/GenOffByOneFix132.java,java,NO_ISSUE,1,0,0,0,0,0,pair_222,fixed,synthetic_generated,corrected with < length boundary
gen_off_by_one_bug_133,data/ml/raw_snippets_generated/off_by_one/buggy/GenOffByOneBug133.java,java,OFF_BY_ONE_LOOP_BOUNDARY,0,1,0,0,0,0,pair_223,buggy,synthetic_generated,starts from .length instead of .length - 1
gen_off_by_one_fix_133,data/ml/raw_snippets_generated/off_by_one/fixed/GenOffByOneFix133.java,java,NO_ISSUE,1,0,0,0,0,0,pair_223,fixed,synthetic_generated,corrected with < length boundary
gen_off_by_one_bug_134,data/ml/raw_snippets_generated/off_by_one/buggy/GenOffByOneBug134.java,java,OFF_BY_ONE_LOOP_BOUNDARY,0,1,0,0,0,0,pair_224,buggy,synthetic_generated,starts from .length instead of .length - 1
gen_off_by_one_fix_134,data/ml/raw_snippets_generated/off_by_one/fixed/GenOffByOneFix134.java,java,NO_ISSUE,1,0,0,0,0,0,pair_224,fixed,synthetic_generated,corrected with < length boundary
gen_off_by_one_bug_135,data/ml/raw_snippets_generated/off_by_one/buggy/GenOffByOneBug135.java,java,OFF_BY_ONE_LOOP_BOUNDARY,0,1,0,0,0,0,pair_225,buggy,synthetic_generated,starts from .length instead of .length - 1
gen_off_by_one_fix_135,data/ml/raw_snippets_generated/off_by_one/fixed/GenOffByOneFix135.java,java,NO_ISSUE,1,0,0,0,0,0,pair_225,fixed,synthetic_generated,corrected with < length boundary
gen_off_by_one_bug_136,data/ml/raw_snippets_generated/off_by_one/buggy/GenOffByOneBug136.java,java,OFF_BY_ONE_LOOP_BOUNDARY,0,1,0,0,0,0,pair_226,buggy,synthetic_generated,starts from .length instead of .length - 1
gen_off_by_one_fix_136,data/ml/raw_snippets_generated/off_by_one/fixed/GenOffByOneFix136.java,java,NO_ISSUE,1,0,0,0,0,0,pair_226,fixed,synthetic_generated,corrected with < length boundary
gen_off_by_one_bug_137,data/ml/raw_snippets_generated/off_by_one/buggy/GenOffByOneBug137.java,java,OFF_BY_ONE_LOOP_BOUNDARY,0,1,0,0,0,0,pair_227,buggy,synthetic_generated,starts from .length instead of .length - 1
gen_off_by_one_fix_137,data/ml/raw_snippets_generated/off_by_one/fixed/GenOffByOneFix137.java,java,NO_ISSUE,1,0,0,0,0,0,pair_227,fixed,synthetic_generated,corrected with < length boundary
gen_off_by_one_bug_138,data/ml/raw_snippets_generated/off_by_one/buggy/GenOffByOneBug138.java,java,OFF_BY_ONE_LOOP_BOUNDARY,0,1,0,0,0,0,pair_228,buggy,synthetic_generated,starts from .length instead of .length - 1
gen_off_by_one_fix_138,data/ml/raw_snippets_generated/off_by_one/fixed/GenOffByOneFix138.java,java,NO_ISSUE,1,0,0,0,0,0,pair_228,fixed,synthetic_generated,corrected with < length boundary
gen_off_by_one_bug_139,data/ml/raw_snippets_generated/off_by_one/buggy/GenOffByOneBug139.java,java,OFF_BY_ONE_LOOP_BOUNDARY,0,1,0,0,0,0,pair_229,buggy,synthetic_generated,starts from .length instead of .length - 1
gen_off_by_one_fix_139,data/ml/raw_snippets_generated/off_by_one/fixed/GenOffByOneFix139.java,java,NO_ISSUE,1,0,0,0,0,0,pair_229,fixed,synthetic_generated,corrected with < length boundary
gen_off_by_one_bug_140,data/ml/raw_snippets_generated/off_by_one/buggy/GenOffByOneBug140.java,java,OFF_BY_ONE_LOOP_BOUNDARY,0,1,0,0,0,0,pair_230,buggy,synthetic_generated,starts from .length instead of .length - 1
gen_off_by_one_fix_140,data/ml/raw_snippets_generated/off_by_one/fixed/GenOffByOneFix140.java,java,NO_ISSUE,1,0,0,0,0,0,pair_230,fixed,synthetic_generated,corrected with < length boundary
gen_off_by_one_bug_141,data/ml/raw_snippets_generated/off_by_one/buggy/GenOffByOneBug141.java,java,OFF_BY_ONE_LOOP_BOUNDARY,0,1,0,0,0,0,pair_231,buggy,synthetic_generated,starts from .length instead of .length - 1
gen_off_by_one_fix_141,data/ml/raw_snippets_generated/off_by_one/fixed/GenOffByOneFix141.java,java,NO_ISSUE,1,0,0,0,0,0,pair_231,fixed,synthetic_generated,corrected with < length boundary
gen_off_by_one_bug_142,data/ml/raw_snippets_generated/off_by_one/buggy/GenOffByOneBug142.java,java,OFF_BY_ONE_LOOP_BOUNDARY,0,1,0,0,0,0,pair_232,buggy,synthetic_generated,starts from .length instead of .length - 1
gen_off_by_one_fix_142,data/ml/raw_snippets_generated/off_by_one/fixed/GenOffByOneFix142.java,java,NO_ISSUE,1,0,0,0,0,0,pair_232,fixed,synthetic_generated,corrected with < length boundary
gen_off_by_one_bug_143,data/ml/raw_snippets_generated/off_by_one/buggy/GenOffByOneBug143.java,java,OFF_BY_ONE_LOOP_BOUNDARY,0,1,0,0,0,0,pair_233,buggy,synthetic_generated,starts from .length instead of .length - 1
gen_off_by_one_fix_143,data/ml/raw_snippets_generated/off_by_one/fixed/GenOffByOneFix143.java,java,NO_ISSUE,1,0,0,0,0,0,pair_233,fixed,synthetic_generated,corrected with < length boundary
gen_off_by_one_bug_144,data/ml/raw_snippets_generated/off_by_one/buggy/GenOffByOneBug144.java,java,OFF_BY_ONE_LOOP_BOUNDARY,0,1,0,0,0,0,pair_234,buggy,synthetic_generated,starts from .length instead of .length - 1
gen_off_by_one_fix_144,data/ml/raw_snippets_generated/off_by_one/fixed/GenOffByOneFix144.java,java,NO_ISSUE,1,0,0,0,0,0,pair_234,fixed,synthetic_generated,corrected with < length boundary
gen_off_by_one_bug_145,data/ml/raw_snippets_generated/off_by_one/buggy/GenOffByOneBug145.java,java,OFF_BY_ONE_LOOP_BOUNDARY,0,1,0,0,0,0,pair_235,buggy,synthetic_generated,starts from .length instead of .length - 1
gen_off_by_one_fix_145,data/ml/raw_snippets_generated/off_by_one/fixed/GenOffByOneFix145.java,java,NO_ISSUE,1,0,0,0,0,0,pair_235,fixed,synthetic_generated,corrected with < length boundary
gen_off_by_one_bug_146,data/ml/raw_snippets_generated/off_by_one/buggy/GenOffByOneBug146.java,java,OFF_BY_ONE_LOOP_BOUNDARY,0,1,0,0,0,0,pair_236,buggy,synthetic_generated,starts from .length instead of .length - 1
gen_off_by_one_fix_146,data/ml/raw_snippets_generated/off_by_one/fixed/GenOffByOneFix146.java,java,NO_ISSUE,1,0,0,0,0,0,pair_236,fixed,synthetic_generated,corrected with < length boundary
gen_off_by_one_bug_147,data/ml/raw_snippets_generated/off_by_one/buggy/GenOffByOneBug147.java,java,OFF_BY_ONE_LOOP_BOUNDARY,0,1,0,0,0,0,pair_237,buggy,synthetic_generated,starts from .length instead of .length - 1
gen_off_by_one_fix_147,data/ml/raw_snippets_generated/off_by_one/fixed/GenOffByOneFix147.java,java,NO_ISSUE,1,0,0,0,0,0,pair_237,fixed,synthetic_generated,corrected with < length boundary
gen_off_by_one_bug_148,data/ml/raw_snippets_generated/off_by_one/buggy/GenOffByOneBug148.java,java,OFF_BY_ONE_LOOP_BOUNDARY,0,1,0,0,0,0,pair_238,buggy,synthetic_generated,starts from .length instead of .length - 1
gen_off_by_one_fix_148,data/ml/raw_snippets_generated/off_by_one/fixed/GenOffByOneFix148.java,java,NO_ISSUE,1,0,0,0,0,0,pair_238,fixed,synthetic_generated,corrected with < length boundary
gen_off_by_one_bug_149,data/ml/raw_snippets_generated/off_by_one/buggy/GenOffByOneBug149.java,java,OFF_BY_ONE_LOOP_BOUNDARY,0,1,0,0,0,0,pair_239,buggy,synthetic_generated,starts from .length instead of .length - 1
gen_off_by_one_fix_149,data/ml/raw_snippets_generated/off_by_one/fixed/GenOffByOneFix149.java,java,NO_ISSUE,1,0,0,0,0,0,pair_239,fixed,synthetic_generated,corrected with < length boundary
gen_off_by_one_bug_150,data/ml/raw_snippets_generated/off_by_one/buggy/GenOffByOneBug150.java,java,OFF_BY_ONE_LOOP_BOUNDARY,0,1,0,0,0,0,pair_240,buggy,synthetic_generated,starts from .length instead of .length - 1
gen_off_by_one_fix_150,data/ml/raw_snippets_generated/off_by_one/fixed/GenOffByOneFix150.java,java,NO_ISSUE,1,0,0,0,0,0,pair_240,fixed,synthetic_generated,corrected with < length boundary
gen_off_by_one_bug_151,data/ml/raw_snippets_generated/off_by_one/buggy/GenOffByOneBug151.java,java,OFF_BY_ONE_LOOP_BOUNDARY,0,1,0,0,0,0,pair_241,buggy,synthetic_generated,starts from .length instead of .length - 1
gen_off_by_one_fix_151,data/ml/raw_snippets_generated/off_by_one/fixed/GenOffByOneFix151.java,java,NO_ISSUE,1,0,0,0,0,0,pair_241,fixed,synthetic_generated,corrected with < length boundary
gen_off_by_one_bug_152,data/ml/raw_snippets_generated/off_by_one/buggy/GenOffByOneBug152.java,java,OFF_BY_ONE_LOOP_BOUNDARY,0,1,0,0,0,0,pair_242,buggy,synthetic_generated,starts from .length instead of .length - 1
gen_off_by_one_fix_152,data/ml/raw_snippets_generated/off_by_one/fixed/GenOffByOneFix152.java,java,NO_ISSUE,1,0,0,0,0,0,pair_242,fixed,synthetic_generated,corrected with < length boundary
gen_off_by_one_bug_153,data/ml/raw_snippets_generated/off_by_one/buggy/GenOffByOneBug153.java,java,OFF_BY_ONE_LOOP_BOUNDARY,0,1,0,0,0,0,pair_243,buggy,synthetic_generated,starts from .length instead of .length - 1
gen_off_by_one_fix_153,data/ml/raw_snippets_generated/off_by_one/fixed/GenOffByOneFix153.java,java,NO_ISSUE,1,0,0,0,0,0,pair_243,fixed,synthetic_generated,corrected with < length boundary
gen_off_by_one_bug_154,data/ml/raw_snippets_generated/off_by_one/buggy/GenOffByOneBug154.java,java,OFF_BY_ONE_LOOP_BOUNDARY,0,1,0,0,0,0,pair_244,buggy,synthetic_generated,starts from .length instead of .length - 1
gen_off_by_one_fix_154,data/ml/raw_snippets_generated/off_by_one/fixed/GenOffByOneFix154.java,java,NO_ISSUE,1,0,0,0,0,0,pair_244,fixed,synthetic_generated,corrected with < length boundary
gen_off_by_one_bug_155,data/ml/raw_snippets_generated/off_by_one/buggy/GenOffByOneBug155.java,java,OFF_BY_ONE_LOOP_BOUNDARY,0,1,0,0,0,0,pair_245,buggy,synthetic_generated,starts from .length instead of .length - 1
gen_off_by_one_fix_155,data/ml/raw_snippets_generated/off_by_one/fixed/GenOffByOneFix155.java,java,NO_ISSUE,1,0,0,0,0,0,pair_245,fixed,synthetic_generated,corrected with < length boundary
gen_off_by_one_bug_156,data/ml/raw_snippets_generated/off_by_one/buggy/GenOffByOneBug156.java,java,OFF_BY_ONE_LOOP_BOUNDARY,0,1,0,0,0,0,pair_246,buggy,synthetic_generated,starts from .length instead of .length - 1
gen_off_by_one_fix_156,data/ml/raw_snippets_generated/off_by_one/fixed/GenOffByOneFix156.java,java,NO_ISSUE,1,0,0,0,0,0,pair_246,fixed,synthetic_generated,corrected with < length boundary
gen_off_by_one_bug_157,data/ml/raw_snippets_generated/off_by_one/buggy/GenOffByOneBug157.java,java,OFF_BY_ONE_LOOP_BOUNDARY,0,1,0,0,0,0,pair_247,buggy,synthetic_generated,starts from .length instead of .length - 1
gen_off_by_one_fix_157,data/ml/raw_snippets_generated/off_by_one/fixed/GenOffByOneFix157.java,java,NO_ISSUE,1,0,0,0,0,0,pair_247,fixed,synthetic_generated,corrected with < length boundary
gen_off_by_one_bug_158,data/ml/raw_snippets_generated/off_by_one/buggy/GenOffByOneBug158.java,java,OFF_BY_ONE_LOOP_BOUNDARY,0,1,0,0,0,0,pair_248,buggy,synthetic_generated,starts from .length instead of .length - 1
gen_off_by_one_fix_158,data/ml/raw_snippets_generated/off_by_one/fixed/GenOffByOneFix158.java,java,NO_ISSUE,1,0,0,0,0,0,pair_248,fixed,synthetic_generated,corrected with < length boundary
gen_off_by_one_bug_159,data/ml/raw_snippets_generated/off_by_one/buggy/GenOffByOneBug159.java,java,OFF_BY_ONE_LOOP_BOUNDARY,0,1,0,0,0,0,pair_249,buggy,synthetic_generated,starts from .length instead of .length - 1
gen_off_by_one_fix_159,data/ml/raw_snippets_generated/off_by_one/fixed/GenOffByOneFix159.java,java,NO_ISSUE,1,0,0,0,0,0,pair_249,fixed,synthetic_generated,corrected with < length boundary
gen_off_by_one_bug_160,data/ml/raw_snippets_generated/off_by_one/buggy/GenOffByOneBug160.java,java,OFF_BY_ONE_LOOP_BOUNDARY,0,1,0,0,0,0,pair_250,buggy,synthetic_generated,starts from .length instead of .length - 1
gen_off_by_one_fix_160,data/ml/raw_snippets_generated/off_by_one/fixed/GenOffByOneFix160.java,java,NO_ISSUE,1,0,0,0,0,0,pair_250,fixed,synthetic_generated,corrected with < length boundary
gen_off_by_one_bug_161,data/ml/raw_snippets_generated/off_by_one/buggy/GenOffByOneBug161.java,java,OFF_BY_ONE_LOOP_BOUNDARY,0,1,0,0,0,0,pair_251,buggy,synthetic_generated,starts from .length instead of .length - 1
gen_off_by_one_fix_161,data/ml/raw_snippets_generated/off_by_one/fixed/GenOffByOneFix161.java,java,NO_ISSUE,1,0,0,0,0,0,pair_251,fixed,synthetic_generated,corrected with < length boundary
gen_off_by_one_bug_162,data/ml/raw_snippets_generated/off_by_one/buggy/GenOffByOneBug162.java,java,OFF_BY_ONE_LOOP_BOUNDARY,0,1,0,0,0,0,pair_252,buggy,synthetic_generated,starts from .length instead of .length - 1
gen_off_by_one_fix_162,data/ml/raw_snippets_generated/off_by_one/fixed/GenOffByOneFix162.java,java,NO_ISSUE,1,0,0,0,0,0,pair_252,fixed,synthetic_generated,corrected with < length boundary
gen_off_by_one_bug_163,data/ml/raw_snippets_generated/off_by_one/buggy/GenOffByOneBug163.java,java,OFF_BY_ONE_LOOP_BOUNDARY,0,1,0,0,0,0,pair_253,buggy,synthetic_generated,starts from .length instead of .length - 1
gen_off_by_one_fix_163,data/ml/raw_snippets_generated/off_by_one/fixed/GenOffByOneFix163.java,java,NO_ISSUE,1,0,0,0,0,0,pair_253,fixed,synthetic_generated,corrected with < length boundary
gen_off_by_one_bug_164,data/ml/raw_snippets_generated/off_by_one/buggy/GenOffByOneBug164.java,java,OFF_BY_ONE_LOOP_BOUNDARY,0,1,0,0,0,0,pair_254,buggy,synthetic_generated,starts from .length instead of .length - 1
gen_off_by_one_fix_164,data/ml/raw_snippets_generated/off_by_one/fixed/GenOffByOneFix164.java,java,NO_ISSUE,1,0,0,0,0,0,pair_254,fixed,synthetic_generated,corrected with < length boundary
gen_off_by_one_bug_165,data/ml/raw_snippets_generated/off_by_one/buggy/GenOffByOneBug165.java,java,OFF_BY_ONE_LOOP_BOUNDARY,0,1,0,0,0,0,pair_255,buggy,synthetic_generated,starts from .length instead of .length - 1
gen_off_by_one_fix_165,data/ml/raw_snippets_generated/off_by_one/fixed/GenOffByOneFix165.java,java,NO_ISSUE,1,0,0,0,0,0,pair_255,fixed,synthetic_generated,corrected with < length boundary
gen_off_by_one_bug_166,data/ml/raw_snippets_generated/off_by_one/buggy/GenOffByOneBug166.java,java,OFF_BY_ONE_LOOP_BOUNDARY,0,1,0,0,0,0,pair_256,buggy,synthetic_generated,starts from .length instead of .length - 1
gen_off_by_one_fix_166,data/ml/raw_snippets_generated/off_by_one/fixed/GenOffByOneFix166.java,java,NO_ISSUE,1,0,0,0,0,0,pair_256,fixed,synthetic_generated,corrected with < length boundary
gen_off_by_one_bug_167,data/ml/raw_snippets_generated/off_by_one/buggy/GenOffByOneBug167.java,java,OFF_BY_ONE_LOOP_BOUNDARY,0,1,0,0,0,0,pair_257,buggy,synthetic_generated,starts from .length instead of .length - 1
gen_off_by_one_fix_167,data/ml/raw_snippets_generated/off_by_one/fixed/GenOffByOneFix167.java,java,NO_ISSUE,1,0,0,0,0,0,pair_257,fixed,synthetic_generated,corrected with < length boundary
gen_off_by_one_bug_168,data/ml/raw_snippets_generated/off_by_one/buggy/GenOffByOneBug168.java,java,OFF_BY_ONE_LOOP_BOUNDARY,0,1,0,0,0,0,pair_258,buggy,synthetic_generated,starts from .length instead of .length - 1
gen_off_by_one_fix_168,data/ml/raw_snippets_generated/off_by_one/fixed/GenOffByOneFix168.java,java,NO_ISSUE,1,0,0,0,0,0,pair_258,fixed,synthetic_generated,corrected with < length boundary
gen_off_by_one_bug_169,data/ml/raw_snippets_generated/off_by_one/buggy/GenOffByOneBug169.java,java,OFF_BY_ONE_LOOP_BOUNDARY,0,1,0,0,0,0,pair_259,buggy,synthetic_generated,starts from .length instead of .length - 1
gen_off_by_one_fix_169,data/ml/raw_snippets_generated/off_by_one/fixed/GenOffByOneFix169.java,java,NO_ISSUE,1,0,0,0,0,0,pair_259,fixed,synthetic_generated,corrected with < length boundary
gen_off_by_one_bug_170,data/ml/raw_snippets_generated/off_by_one/buggy/GenOffByOneBug170.java,java,OFF_BY_ONE_LOOP_BOUNDARY,0,1,0,0,0,0,pair_260,buggy,synthetic_generated,starts from .length instead of .length - 1
gen_off_by_one_fix_170,data/ml/raw_snippets_generated/off_by_one/fixed/GenOffByOneFix170.java,java,NO_ISSUE,1,0,0,0,0,0,pair_260,fixed,synthetic_generated,corrected with < length boundary
gen_incorrect_cond_bug_001,data/ml/raw_snippets_generated/incorrect_conditional_operator/buggy/GenIncorrectConditionalBug001.java,java,INCORRECT_CONDITIONAL_OPERATOR,0,0,1,0,0,0,pair_261,buggy,synthetic_generated,uses assignment (=) instead of equality (==) in condition
gen_incorrect_cond_fix_001,data/ml/raw_snippets_generated/incorrect_conditional_operator/fixed/GenIncorrectConditionalFix001.java,java,NO_ISSUE,1,0,0,0,0,0,pair_261,fixed,synthetic_generated,uses == for comparison correctly
gen_incorrect_cond_bug_002,data/ml/raw_snippets_generated/incorrect_conditional_operator/buggy/GenIncorrectConditionalBug002.java,java,INCORRECT_CONDITIONAL_OPERATOR,0,0,1,0,0,0,pair_262,buggy,synthetic_generated,uses assignment (=) instead of equality (==) in condition
gen_incorrect_cond_fix_002,data/ml/raw_snippets_generated/incorrect_conditional_operator/fixed/GenIncorrectConditionalFix002.java,java,NO_ISSUE,1,0,0,0,0,0,pair_262,fixed,synthetic_generated,uses == for comparison correctly
gen_incorrect_cond_bug_003,data/ml/raw_snippets_generated/incorrect_conditional_operator/buggy/GenIncorrectConditionalBug003.java,java,INCORRECT_CONDITIONAL_OPERATOR,0,0,1,0,0,0,pair_263,buggy,synthetic_generated,uses assignment (=) instead of equality (==) in condition
gen_incorrect_cond_fix_003,data/ml/raw_snippets_generated/incorrect_conditional_operator/fixed/GenIncorrectConditionalFix003.java,java,NO_ISSUE,1,0,0,0,0,0,pair_263,fixed,synthetic_generated,uses == for comparison correctly
gen_incorrect_cond_bug_004,data/ml/raw_snippets_generated/incorrect_conditional_operator/buggy/GenIncorrectConditionalBug004.java,java,INCORRECT_CONDITIONAL_OPERATOR,0,0,1,0,0,0,pair_264,buggy,synthetic_generated,uses assignment (=) instead of equality (==) in condition
gen_incorrect_cond_fix_004,data/ml/raw_snippets_generated/incorrect_conditional_operator/fixed/GenIncorrectConditionalFix004.java,java,NO_ISSUE,1,0,0,0,0,0,pair_264,fixed,synthetic_generated,uses == for comparison correctly
gen_incorrect_cond_bug_005,data/ml/raw_snippets_generated/incorrect_conditional_operator/buggy/GenIncorrectConditionalBug005.java,java,INCORRECT_CONDITIONAL_OPERATOR,0,0,1,0,0,0,pair_265,buggy,synthetic_generated,uses assignment (=) instead of equality (==) in condition
gen_incorrect_cond_fix_005,data/ml/raw_snippets_generated/incorrect_conditional_operator/fixed/GenIncorrectConditionalFix005.java,java,NO_ISSUE,1,0,0,0,0,0,pair_265,fixed,synthetic_generated,uses == for comparison correctly
gen_incorrect_cond_bug_006,data/ml/raw_snippets_generated/incorrect_conditional_operator/buggy/GenIncorrectConditionalBug006.java,java,INCORRECT_CONDITIONAL_OPERATOR,0,0,1,0,0,0,pair_266,buggy,synthetic_generated,uses assignment (=) instead of equality (==) in condition
gen_incorrect_cond_fix_006,data/ml/raw_snippets_generated/incorrect_conditional_operator/fixed/GenIncorrectConditionalFix006.java,java,NO_ISSUE,1,0,0,0,0,0,pair_266,fixed,synthetic_generated,uses == for comparison correctly
gen_incorrect_cond_bug_007,data/ml/raw_snippets_generated/incorrect_conditional_operator/buggy/GenIncorrectConditionalBug007.java,java,INCORRECT_CONDITIONAL_OPERATOR,0,0,1,0,0,0,pair_267,buggy,synthetic_generated,uses assignment (=) instead of equality (==) in condition
gen_incorrect_cond_fix_007,data/ml/raw_snippets_generated/incorrect_conditional_operator/fixed/GenIncorrectConditionalFix007.java,java,NO_ISSUE,1,0,0,0,0,0,pair_267,fixed,synthetic_generated,uses == for comparison correctly
gen_incorrect_cond_bug_008,data/ml/raw_snippets_generated/incorrect_conditional_operator/buggy/GenIncorrectConditionalBug008.java,java,INCORRECT_CONDITIONAL_OPERATOR,0,0,1,0,0,0,pair_268,buggy,synthetic_generated,uses assignment (=) instead of equality (==) in condition
gen_incorrect_cond_fix_008,data/ml/raw_snippets_generated/incorrect_conditional_operator/fixed/GenIncorrectConditionalFix008.java,java,NO_ISSUE,1,0,0,0,0,0,pair_268,fixed,synthetic_generated,uses == for comparison correctly
gen_incorrect_cond_bug_009,data/ml/raw_snippets_generated/incorrect_conditional_operator/buggy/GenIncorrectConditionalBug009.java,java,INCORRECT_CONDITIONAL_OPERATOR,0,0,1,0,0,0,pair_269,buggy,synthetic_generated,uses assignment (=) instead of equality (==) in condition
gen_incorrect_cond_fix_009,data/ml/raw_snippets_generated/incorrect_conditional_operator/fixed/GenIncorrectConditionalFix009.java,java,NO_ISSUE,1,0,0,0,0,0,pair_269,fixed,synthetic_generated,uses == for comparison correctly
gen_incorrect_cond_bug_010,data/ml/raw_snippets_generated/incorrect_conditional_operator/buggy/GenIncorrectConditionalBug010.java,java,INCORRECT_CONDITIONAL_OPERATOR,0,0,1,0,0,0,pair_270,buggy,synthetic_generated,uses assignment (=) instead of equality (==) in condition
gen_incorrect_cond_fix_010,data/ml/raw_snippets_generated/incorrect_conditional_operator/fixed/GenIncorrectConditionalFix010.java,java,NO_ISSUE,1,0,0,0,0,0,pair_270,fixed,synthetic_generated,uses == for comparison correctly
gen_incorrect_cond_bug_011,data/ml/raw_snippets_generated/incorrect_conditional_operator/buggy/GenIncorrectConditionalBug011.java,java,INCORRECT_CONDITIONAL_OPERATOR,0,0,1,0,0,0,pair_271,buggy,synthetic_generated,uses assignment (=) instead of equality (==) in condition
gen_incorrect_cond_fix_011,data/ml/raw_snippets_generated/incorrect_conditional_operator/fixed/GenIncorrectConditionalFix011.java,java,NO_ISSUE,1,0,0,0,0,0,pair_271,fixed,synthetic_generated,uses == for comparison correctly
gen_incorrect_cond_bug_012,data/ml/raw_snippets_generated/incorrect_conditional_operator/buggy/GenIncorrectConditionalBug012.java,java,INCORRECT_CONDITIONAL_OPERATOR,0,0,1,0,0,0,pair_272,buggy,synthetic_generated,uses assignment (=) instead of equality (==) in condition
gen_incorrect_cond_fix_012,data/ml/raw_snippets_generated/incorrect_conditional_operator/fixed/GenIncorrectConditionalFix012.java,java,NO_ISSUE,1,0,0,0,0,0,pair_272,fixed,synthetic_generated,uses == for comparison correctly
gen_incorrect_cond_bug_013,data/ml/raw_snippets_generated/incorrect_conditional_operator/buggy/GenIncorrectConditionalBug013.java,java,INCORRECT_CONDITIONAL_OPERATOR,0,0,1,0,0,0,pair_273,buggy,synthetic_generated,uses assignment (=) instead of equality (==) in condition
gen_incorrect_cond_fix_013,data/ml/raw_snippets_generated/incorrect_conditional_operator/fixed/GenIncorrectConditionalFix013.java,java,NO_ISSUE,1,0,0,0,0,0,pair_273,fixed,synthetic_generated,uses == for comparison correctly
gen_incorrect_cond_bug_014,data/ml/raw_snippets_generated/incorrect_conditional_operator/buggy/GenIncorrectConditionalBug014.java,java,INCORRECT_CONDITIONAL_OPERATOR,0,0,1,0,0,0,pair_274,buggy,synthetic_generated,uses assignment (=) instead of equality (==) in condition
gen_incorrect_cond_fix_014,data/ml/raw_snippets_generated/incorrect_conditional_operator/fixed/GenIncorrectConditionalFix014.java,java,NO_ISSUE,1,0,0,0,0,0,pair_274,fixed,synthetic_generated,uses == for comparison correctly
gen_incorrect_cond_bug_015,data/ml/raw_snippets_generated/incorrect_conditional_operator/buggy/GenIncorrectConditionalBug015.java,java,INCORRECT_CONDITIONAL_OPERATOR,0,0,1,0,0,0,pair_275,buggy,synthetic_generated,uses assignment (=) instead of equality (==) in condition
gen_incorrect_cond_fix_015,data/ml/raw_snippets_generated/incorrect_conditional_operator/fixed/GenIncorrectConditionalFix015.java,java,NO_ISSUE,1,0,0,0,0,0,pair_275,fixed,synthetic_generated,uses == for comparison correctly
gen_incorrect_cond_bug_016,data/ml/raw_snippets_generated/incorrect_conditional_operator/buggy/GenIncorrectConditionalBug016.java,java,INCORRECT_CONDITIONAL_OPERATOR,0,0,1,0,0,0,pair_276,buggy,synthetic_generated,uses assignment (=) instead of equality (==) in condition
gen_incorrect_cond_fix_016,data/ml/raw_snippets_generated/incorrect_conditional_operator/fixed/GenIncorrectConditionalFix016.java,java,NO_ISSUE,1,0,0,0,0,0,pair_276,fixed,synthetic_generated,uses == for comparison correctly
gen_incorrect_cond_bug_017,data/ml/raw_snippets_generated/incorrect_conditional_operator/buggy/GenIncorrectConditionalBug017.java,java,INCORRECT_CONDITIONAL_OPERATOR,0,0,1,0,0,0,pair_277,buggy,synthetic_generated,uses assignment (=) instead of equality (==) in condition
gen_incorrect_cond_fix_017,data/ml/raw_snippets_generated/incorrect_conditional_operator/fixed/GenIncorrectConditionalFix017.java,java,NO_ISSUE,1,0,0,0,0,0,pair_277,fixed,synthetic_generated,uses == for comparison correctly
gen_incorrect_cond_bug_018,data/ml/raw_snippets_generated/incorrect_conditional_operator/buggy/GenIncorrectConditionalBug018.java,java,INCORRECT_CONDITIONAL_OPERATOR,0,0,1,0,0,0,pair_278,buggy,synthetic_generated,uses assignment (=) instead of equality (==) in condition
gen_incorrect_cond_fix_018,data/ml/raw_snippets_generated/incorrect_conditional_operator/fixed/GenIncorrectConditionalFix018.java,java,NO_ISSUE,1,0,0,0,0,0,pair_278,fixed,synthetic_generated,uses == for comparison correctly
gen_incorrect_cond_bug_019,data/ml/raw_snippets_generated/incorrect_conditional_operator/buggy/GenIncorrectConditionalBug019.java,java,INCORRECT_CONDITIONAL_OPERATOR,0,0,1,0,0,0,pair_279,buggy,synthetic_generated,uses assignment (=) instead of equality (==) in condition
gen_incorrect_cond_fix_019,data/ml/raw_snippets_generated/incorrect_conditional_operator/fixed/GenIncorrectConditionalFix019.java,java,NO_ISSUE,1,0,0,0,0,0,pair_279,fixed,synthetic_generated,uses == for comparison correctly
gen_incorrect_cond_bug_020,data/ml/raw_snippets_generated/incorrect_conditional_operator/buggy/GenIncorrectConditionalBug020.java,java,INCORRECT_CONDITIONAL_OPERATOR,0,0,1,0,0,0,pair_280,buggy,synthetic_generated,uses assignment (=) instead of equality (==) in condition
gen_incorrect_cond_fix_020,data/ml/raw_snippets_generated/incorrect_conditional_operator/fixed/GenIncorrectConditionalFix020.java,java,NO_ISSUE,1,0,0,0,0,0,pair_280,fixed,synthetic_generated,uses == for comparison correctly
gen_incorrect_cond_bug_021,data/ml/raw_snippets_generated/incorrect_conditional_operator/buggy/GenIncorrectConditionalBug021.java,java,INCORRECT_CONDITIONAL_OPERATOR,0,0,1,0,0,0,pair_281,buggy,synthetic_generated,uses assignment (=) instead of equality (==) in condition
gen_incorrect_cond_fix_021,data/ml/raw_snippets_generated/incorrect_conditional_operator/fixed/GenIncorrectConditionalFix021.java,java,NO_ISSUE,1,0,0,0,0,0,pair_281,fixed,synthetic_generated,uses == for comparison correctly
gen_incorrect_cond_bug_022,data/ml/raw_snippets_generated/incorrect_conditional_operator/buggy/GenIncorrectConditionalBug022.java,java,INCORRECT_CONDITIONAL_OPERATOR,0,0,1,0,0,0,pair_282,buggy,synthetic_generated,uses assignment (=) instead of equality (==) in condition
gen_incorrect_cond_fix_022,data/ml/raw_snippets_generated/incorrect_conditional_operator/fixed/GenIncorrectConditionalFix022.java,java,NO_ISSUE,1,0,0,0,0,0,pair_282,fixed,synthetic_generated,uses == for comparison correctly
gen_incorrect_cond_bug_023,data/ml/raw_snippets_generated/incorrect_conditional_operator/buggy/GenIncorrectConditionalBug023.java,java,INCORRECT_CONDITIONAL_OPERATOR,0,0,1,0,0,0,pair_283,buggy,synthetic_generated,uses assignment (=) instead of equality (==) in condition
gen_incorrect_cond_fix_023,data/ml/raw_snippets_generated/incorrect_conditional_operator/fixed/GenIncorrectConditionalFix023.java,java,NO_ISSUE,1,0,0,0,0,0,pair_283,fixed,synthetic_generated,uses == for comparison correctly
gen_incorrect_cond_bug_024,data/ml/raw_snippets_generated/incorrect_conditional_operator/buggy/GenIncorrectConditionalBug024.java,java,INCORRECT_CONDITIONAL_OPERATOR,0,0,1,0,0,0,pair_284,buggy,synthetic_generated,uses assignment (=) instead of equality (==) in condition
gen_incorrect_cond_fix_024,data/ml/raw_snippets_generated/incorrect_conditional_operator/fixed/GenIncorrectConditionalFix024.java,java,NO_ISSUE,1,0,0,0,0,0,pair_284,fixed,synthetic_generated,uses == for comparison correctly
gen_incorrect_cond_bug_025,data/ml/raw_snippets_generated/incorrect_conditional_operator/buggy/GenIncorrectConditionalBug025.java,java,INCORRECT_CONDITIONAL_OPERATOR,0,0,1,0,0,0,pair_285,buggy,synthetic_generated,uses assignment (=) instead of equality (==) in condition
gen_incorrect_cond_fix_025,data/ml/raw_snippets_generated/incorrect_conditional_operator/fixed/GenIncorrectConditionalFix025.java,java,NO_ISSUE,1,0,0,0,0,0,pair_285,fixed,synthetic_generated,uses == for comparison correctly
gen_incorrect_cond_bug_026,data/ml/raw_snippets_generated/incorrect_conditional_operator/buggy/GenIncorrectConditionalBug026.java,java,INCORRECT_CONDITIONAL_OPERATOR,0,0,1,0,0,0,pair_286,buggy,synthetic_generated,uses assignment (=) instead of equality (==) in condition
gen_incorrect_cond_fix_026,data/ml/raw_snippets_generated/incorrect_conditional_operator/fixed/GenIncorrectConditionalFix026.java,java,NO_ISSUE,1,0,0,0,0,0,pair_286,fixed,synthetic_generated,uses == for comparison correctly
gen_incorrect_cond_bug_027,data/ml/raw_snippets_generated/incorrect_conditional_operator/buggy/GenIncorrectConditionalBug027.java,java,INCORRECT_CONDITIONAL_OPERATOR,0,0,1,0,0,0,pair_287,buggy,synthetic_generated,uses assignment (=) instead of equality (==) in condition
gen_incorrect_cond_fix_027,data/ml/raw_snippets_generated/incorrect_conditional_operator/fixed/GenIncorrectConditionalFix027.java,java,NO_ISSUE,1,0,0,0,0,0,pair_287,fixed,synthetic_generated,uses == for comparison correctly
gen_incorrect_cond_bug_028,data/ml/raw_snippets_generated/incorrect_conditional_operator/buggy/GenIncorrectConditionalBug028.java,java,INCORRECT_CONDITIONAL_OPERATOR,0,0,1,0,0,0,pair_288,buggy,synthetic_generated,uses assignment (=) instead of equality (==) in condition
gen_incorrect_cond_fix_028,data/ml/raw_snippets_generated/incorrect_conditional_operator/fixed/GenIncorrectConditionalFix028.java,java,NO_ISSUE,1,0,0,0,0,0,pair_288,fixed,synthetic_generated,uses == for comparison correctly
gen_incorrect_cond_bug_029,data/ml/raw_snippets_generated/incorrect_conditional_operator/buggy/GenIncorrectConditionalBug029.java,java,INCORRECT_CONDITIONAL_OPERATOR,0,0,1,0,0,0,pair_289,buggy,synthetic_generated,uses assignment (=) instead of equality (==) in condition
gen_incorrect_cond_fix_029,data/ml/raw_snippets_generated/incorrect_conditional_operator/fixed/GenIncorrectConditionalFix029.java,java,NO_ISSUE,1,0,0,0,0,0,pair_289,fixed,synthetic_generated,uses == for comparison correctly
gen_incorrect_cond_bug_030,data/ml/raw_snippets_generated/incorrect_conditional_operator/buggy/GenIncorrectConditionalBug030.java,java,INCORRECT_CONDITIONAL_OPERATOR,0,0,1,0,0,0,pair_290,buggy,synthetic_generated,uses assignment (=) instead of equality (==) in condition
gen_incorrect_cond_fix_030,data/ml/raw_snippets_generated/incorrect_conditional_operator/fixed/GenIncorrectConditionalFix030.java,java,NO_ISSUE,1,0,0,0,0,0,pair_290,fixed,synthetic_generated,uses == for comparison correctly
gen_incorrect_cond_bug_031,data/ml/raw_snippets_generated/incorrect_conditional_operator/buggy/GenIncorrectConditionalBug031.java,java,INCORRECT_CONDITIONAL_OPERATOR,0,0,1,0,0,0,pair_291,buggy,synthetic_generated,uses assignment (=) instead of equality (==) in condition
gen_incorrect_cond_fix_031,data/ml/raw_snippets_generated/incorrect_conditional_operator/fixed/GenIncorrectConditionalFix031.java,java,NO_ISSUE,1,0,0,0,0,0,pair_291,fixed,synthetic_generated,uses == for comparison correctly
gen_incorrect_cond_bug_032,data/ml/raw_snippets_generated/incorrect_conditional_operator/buggy/GenIncorrectConditionalBug032.java,java,INCORRECT_CONDITIONAL_OPERATOR,0,0,1,0,0,0,pair_292,buggy,synthetic_generated,uses assignment (=) instead of equality (==) in condition
gen_incorrect_cond_fix_032,data/ml/raw_snippets_generated/incorrect_conditional_operator/fixed/GenIncorrectConditionalFix032.java,java,NO_ISSUE,1,0,0,0,0,0,pair_292,fixed,synthetic_generated,uses == for comparison correctly
gen_incorrect_cond_bug_033,data/ml/raw_snippets_generated/incorrect_conditional_operator/buggy/GenIncorrectConditionalBug033.java,java,INCORRECT_CONDITIONAL_OPERATOR,0,0,1,0,0,0,pair_293,buggy,synthetic_generated,uses assignment (=) instead of equality (==) in condition
gen_incorrect_cond_fix_033,data/ml/raw_snippets_generated/incorrect_conditional_operator/fixed/GenIncorrectConditionalFix033.java,java,NO_ISSUE,1,0,0,0,0,0,pair_293,fixed,synthetic_generated,uses == for comparison correctly
gen_incorrect_cond_bug_034,data/ml/raw_snippets_generated/incorrect_conditional_operator/buggy/GenIncorrectConditionalBug034.java,java,INCORRECT_CONDITIONAL_OPERATOR,0,0,1,0,0,0,pair_294,buggy,synthetic_generated,uses assignment (=) instead of equality (==) in condition
gen_incorrect_cond_fix_034,data/ml/raw_snippets_generated/incorrect_conditional_operator/fixed/GenIncorrectConditionalFix034.java,java,NO_ISSUE,1,0,0,0,0,0,pair_294,fixed,synthetic_generated,uses == for comparison correctly
gen_incorrect_cond_bug_035,data/ml/raw_snippets_generated/incorrect_conditional_operator/buggy/GenIncorrectConditionalBug035.java,java,INCORRECT_CONDITIONAL_OPERATOR,0,0,1,0,0,0,pair_295,buggy,synthetic_generated,uses assignment (=) instead of equality (==) in condition
gen_incorrect_cond_fix_035,data/ml/raw_snippets_generated/incorrect_conditional_operator/fixed/GenIncorrectConditionalFix035.java,java,NO_ISSUE,1,0,0,0,0,0,pair_295,fixed,synthetic_generated,uses == for comparison correctly
gen_incorrect_cond_bug_036,data/ml/raw_snippets_generated/incorrect_conditional_operator/buggy/GenIncorrectConditionalBug036.java,java,INCORRECT_CONDITIONAL_OPERATOR,0,0,1,0,0,0,pair_296,buggy,synthetic_generated,uses assignment (=) instead of equality (==) in condition
gen_incorrect_cond_fix_036,data/ml/raw_snippets_generated/incorrect_conditional_operator/fixed/GenIncorrectConditionalFix036.java,java,NO_ISSUE,1,0,0,0,0,0,pair_296,fixed,synthetic_generated,uses == for comparison correctly
gen_incorrect_cond_bug_037,data/ml/raw_snippets_generated/incorrect_conditional_operator/buggy/GenIncorrectConditionalBug037.java,java,INCORRECT_CONDITIONAL_OPERATOR,0,0,1,0,0,0,pair_297,buggy,synthetic_generated,uses assignment (=) instead of equality (==) in condition
gen_incorrect_cond_fix_037,data/ml/raw_snippets_generated/incorrect_conditional_operator/fixed/GenIncorrectConditionalFix037.java,java,NO_ISSUE,1,0,0,0,0,0,pair_297,fixed,synthetic_generated,uses == for comparison correctly
gen_incorrect_cond_bug_038,data/ml/raw_snippets_generated/incorrect_conditional_operator/buggy/GenIncorrectConditionalBug038.java,java,INCORRECT_CONDITIONAL_OPERATOR,0,0,1,0,0,0,pair_298,buggy,synthetic_generated,uses assignment (=) instead of equality (==) in condition
gen_incorrect_cond_fix_038,data/ml/raw_snippets_generated/incorrect_conditional_operator/fixed/GenIncorrectConditionalFix038.java,java,NO_ISSUE,1,0,0,0,0,0,pair_298,fixed,synthetic_generated,uses == for comparison correctly
gen_incorrect_cond_bug_039,data/ml/raw_snippets_generated/incorrect_conditional_operator/buggy/GenIncorrectConditionalBug039.java,java,INCORRECT_CONDITIONAL_OPERATOR,0,0,1,0,0,0,pair_299,buggy,synthetic_generated,uses assignment (=) instead of equality (==) in condition
gen_incorrect_cond_fix_039,data/ml/raw_snippets_generated/incorrect_conditional_operator/fixed/GenIncorrectConditionalFix039.java,java,NO_ISSUE,1,0,0,0,0,0,pair_299,fixed,synthetic_generated,uses == for comparison correctly
gen_incorrect_cond_bug_040,data/ml/raw_snippets_generated/incorrect_conditional_operator/buggy/GenIncorrectConditionalBug040.java,java,INCORRECT_CONDITIONAL_OPERATOR,0,0,1,0,0,0,pair_300,buggy,synthetic_generated,uses assignment (=) instead of equality (==) in condition
gen_incorrect_cond_fix_040,data/ml/raw_snippets_generated/incorrect_conditional_operator/fixed/GenIncorrectConditionalFix040.java,java,NO_ISSUE,1,0,0,0,0,0,pair_300,fixed,synthetic_generated,uses == for comparison correctly
gen_incorrect_cond_bug_041,data/ml/raw_snippets_generated/incorrect_conditional_operator/buggy/GenIncorrectConditionalBug041.java,java,INCORRECT_CONDITIONAL_OPERATOR,0,0,1,0,0,0,pair_301,buggy,synthetic_generated,uses assignment (=) instead of equality (==) in condition
gen_incorrect_cond_fix_041,data/ml/raw_snippets_generated/incorrect_conditional_operator/fixed/GenIncorrectConditionalFix041.java,java,NO_ISSUE,1,0,0,0,0,0,pair_301,fixed,synthetic_generated,uses == for comparison correctly
gen_incorrect_cond_bug_042,data/ml/raw_snippets_generated/incorrect_conditional_operator/buggy/GenIncorrectConditionalBug042.java,java,INCORRECT_CONDITIONAL_OPERATOR,0,0,1,0,0,0,pair_302,buggy,synthetic_generated,uses assignment (=) instead of equality (==) in condition
gen_incorrect_cond_fix_042,data/ml/raw_snippets_generated/incorrect_conditional_operator/fixed/GenIncorrectConditionalFix042.java,java,NO_ISSUE,1,0,0,0,0,0,pair_302,fixed,synthetic_generated,uses == for comparison correctly
gen_incorrect_cond_bug_043,data/ml/raw_snippets_generated/incorrect_conditional_operator/buggy/GenIncorrectConditionalBug043.java,java,INCORRECT_CONDITIONAL_OPERATOR,0,0,1,0,0,0,pair_303,buggy,synthetic_generated,uses assignment (=) instead of equality (==) in condition
gen_incorrect_cond_fix_043,data/ml/raw_snippets_generated/incorrect_conditional_operator/fixed/GenIncorrectConditionalFix043.java,java,NO_ISSUE,1,0,0,0,0,0,pair_303,fixed,synthetic_generated,uses == for comparison correctly
gen_incorrect_cond_bug_044,data/ml/raw_snippets_generated/incorrect_conditional_operator/buggy/GenIncorrectConditionalBug044.java,java,INCORRECT_CONDITIONAL_OPERATOR,0,0,1,0,0,0,pair_304,buggy,synthetic_generated,uses assignment (=) instead of equality (==) in condition
gen_incorrect_cond_fix_044,data/ml/raw_snippets_generated/incorrect_conditional_operator/fixed/GenIncorrectConditionalFix044.java,java,NO_ISSUE,1,0,0,0,0,0,pair_304,fixed,synthetic_generated,uses == for comparison correctly
gen_incorrect_cond_bug_045,data/ml/raw_snippets_generated/incorrect_conditional_operator/buggy/GenIncorrectConditionalBug045.java,java,INCORRECT_CONDITIONAL_OPERATOR,0,0,1,0,0,0,pair_305,buggy,synthetic_generated,uses assignment (=) instead of equality (==) in condition
gen_incorrect_cond_fix_045,data/ml/raw_snippets_generated/incorrect_conditional_operator/fixed/GenIncorrectConditionalFix045.java,java,NO_ISSUE,1,0,0,0,0,0,pair_305,fixed,synthetic_generated,uses == for comparison correctly
gen_incorrect_cond_bug_046,data/ml/raw_snippets_generated/incorrect_conditional_operator/buggy/GenIncorrectConditionalBug046.java,java,INCORRECT_CONDITIONAL_OPERATOR,0,0,1,0,0,0,pair_306,buggy,synthetic_generated,uses assignment (=) instead of equality (==) in condition
gen_incorrect_cond_fix_046,data/ml/raw_snippets_generated/incorrect_conditional_operator/fixed/GenIncorrectConditionalFix046.java,java,NO_ISSUE,1,0,0,0,0,0,pair_306,fixed,synthetic_generated,uses == for comparison correctly
gen_incorrect_cond_bug_047,data/ml/raw_snippets_generated/incorrect_conditional_operator/buggy/GenIncorrectConditionalBug047.java,java,INCORRECT_CONDITIONAL_OPERATOR,0,0,1,0,0,0,pair_307,buggy,synthetic_generated,uses assignment (=) instead of equality (==) in condition
gen_incorrect_cond_fix_047,data/ml/raw_snippets_generated/incorrect_conditional_operator/fixed/GenIncorrectConditionalFix047.java,java,NO_ISSUE,1,0,0,0,0,0,pair_307,fixed,synthetic_generated,uses == for comparison correctly
gen_incorrect_cond_bug_048,data/ml/raw_snippets_generated/incorrect_conditional_operator/buggy/GenIncorrectConditionalBug048.java,java,INCORRECT_CONDITIONAL_OPERATOR,0,0,1,0,0,0,pair_308,buggy,synthetic_generated,uses assignment (=) instead of equality (==) in condition
gen_incorrect_cond_fix_048,data/ml/raw_snippets_generated/incorrect_conditional_operator/fixed/GenIncorrectConditionalFix048.java,java,NO_ISSUE,1,0,0,0,0,0,pair_308,fixed,synthetic_generated,uses == for comparison correctly
gen_incorrect_cond_bug_049,data/ml/raw_snippets_generated/incorrect_conditional_operator/buggy/GenIncorrectConditionalBug049.java,java,INCORRECT_CONDITIONAL_OPERATOR,0,0,1,0,0,0,pair_309,buggy,synthetic_generated,uses assignment (=) instead of equality (==) in condition
gen_incorrect_cond_fix_049,data/ml/raw_snippets_generated/incorrect_conditional_operator/fixed/GenIncorrectConditionalFix049.java,java,NO_ISSUE,1,0,0,0,0,0,pair_309,fixed,synthetic_generated,uses == for comparison correctly
gen_incorrect_cond_bug_050,data/ml/raw_snippets_generated/incorrect_conditional_operator/buggy/GenIncorrectConditionalBug050.java,java,INCORRECT_CONDITIONAL_OPERATOR,0,0,1,0,0,0,pair_310,buggy,synthetic_generated,uses assignment (=) instead of equality (==) in condition
gen_incorrect_cond_fix_050,data/ml/raw_snippets_generated/incorrect_conditional_operator/fixed/GenIncorrectConditionalFix050.java,java,NO_ISSUE,1,0,0,0,0,0,pair_310,fixed,synthetic_generated,uses == for comparison correctly
gen_incorrect_cond_bug_051,data/ml/raw_snippets_generated/incorrect_conditional_operator/buggy/GenIncorrectConditionalBug051.java,java,INCORRECT_CONDITIONAL_OPERATOR,0,0,1,0,0,0,pair_311,buggy,synthetic_generated,uses assignment (=) instead of equality (==) in condition
gen_incorrect_cond_fix_051,data/ml/raw_snippets_generated/incorrect_conditional_operator/fixed/GenIncorrectConditionalFix051.java,java,NO_ISSUE,1,0,0,0,0,0,pair_311,fixed,synthetic_generated,uses == for comparison correctly
gen_incorrect_cond_bug_052,data/ml/raw_snippets_generated/incorrect_conditional_operator/buggy/GenIncorrectConditionalBug052.java,java,INCORRECT_CONDITIONAL_OPERATOR,0,0,1,0,0,0,pair_312,buggy,synthetic_generated,uses assignment (=) instead of equality (==) in condition
gen_incorrect_cond_fix_052,data/ml/raw_snippets_generated/incorrect_conditional_operator/fixed/GenIncorrectConditionalFix052.java,java,NO_ISSUE,1,0,0,0,0,0,pair_312,fixed,synthetic_generated,uses == for comparison correctly
gen_incorrect_cond_bug_053,data/ml/raw_snippets_generated/incorrect_conditional_operator/buggy/GenIncorrectConditionalBug053.java,java,INCORRECT_CONDITIONAL_OPERATOR,0,0,1,0,0,0,pair_313,buggy,synthetic_generated,uses assignment (=) instead of equality (==) in condition
gen_incorrect_cond_fix_053,data/ml/raw_snippets_generated/incorrect_conditional_operator/fixed/GenIncorrectConditionalFix053.java,java,NO_ISSUE,1,0,0,0,0,0,pair_313,fixed,synthetic_generated,uses == for comparison correctly
gen_incorrect_cond_bug_054,data/ml/raw_snippets_generated/incorrect_conditional_operator/buggy/GenIncorrectConditionalBug054.java,java,INCORRECT_CONDITIONAL_OPERATOR,0,0,1,0,0,0,pair_314,buggy,synthetic_generated,uses assignment (=) instead of equality (==) in condition
gen_incorrect_cond_fix_054,data/ml/raw_snippets_generated/incorrect_conditional_operator/fixed/GenIncorrectConditionalFix054.java,java,NO_ISSUE,1,0,0,0,0,0,pair_314,fixed,synthetic_generated,uses == for comparison correctly
gen_incorrect_cond_bug_055,data/ml/raw_snippets_generated/incorrect_conditional_operator/buggy/GenIncorrectConditionalBug055.java,java,INCORRECT_CONDITIONAL_OPERATOR,0,0,1,0,0,0,pair_315,buggy,synthetic_generated,uses assignment (=) instead of equality (==) in condition
gen_incorrect_cond_fix_055,data/ml/raw_snippets_generated/incorrect_conditional_operator/fixed/GenIncorrectConditionalFix055.java,java,NO_ISSUE,1,0,0,0,0,0,pair_315,fixed,synthetic_generated,uses == for comparison correctly
gen_incorrect_cond_bug_056,data/ml/raw_snippets_generated/incorrect_conditional_operator/buggy/GenIncorrectConditionalBug056.java,java,INCORRECT_CONDITIONAL_OPERATOR,0,0,1,0,0,0,pair_316,buggy,synthetic_generated,uses assignment (=) instead of equality (==) in condition
gen_incorrect_cond_fix_056,data/ml/raw_snippets_generated/incorrect_conditional_operator/fixed/GenIncorrectConditionalFix056.java,java,NO_ISSUE,1,0,0,0,0,0,pair_316,fixed,synthetic_generated,uses == for comparison correctly
gen_incorrect_cond_bug_057,data/ml/raw_snippets_generated/incorrect_conditional_operator/buggy/GenIncorrectConditionalBug057.java,java,INCORRECT_CONDITIONAL_OPERATOR,0,0,1,0,0,0,pair_317,buggy,synthetic_generated,uses assignment (=) instead of equality (==) in condition
gen_incorrect_cond_fix_057,data/ml/raw_snippets_generated/incorrect_conditional_operator/fixed/GenIncorrectConditionalFix057.java,java,NO_ISSUE,1,0,0,0,0,0,pair_317,fixed,synthetic_generated,uses == for comparison correctly
gen_incorrect_cond_bug_058,data/ml/raw_snippets_generated/incorrect_conditional_operator/buggy/GenIncorrectConditionalBug058.java,java,INCORRECT_CONDITIONAL_OPERATOR,0,0,1,0,0,0,pair_318,buggy,synthetic_generated,uses assignment (=) instead of equality (==) in condition
gen_incorrect_cond_fix_058,data/ml/raw_snippets_generated/incorrect_conditional_operator/fixed/GenIncorrectConditionalFix058.java,java,NO_ISSUE,1,0,0,0,0,0,pair_318,fixed,synthetic_generated,uses == for comparison correctly
gen_incorrect_cond_bug_059,data/ml/raw_snippets_generated/incorrect_conditional_operator/buggy/GenIncorrectConditionalBug059.java,java,INCORRECT_CONDITIONAL_OPERATOR,0,0,1,0,0,0,pair_319,buggy,synthetic_generated,uses assignment (=) instead of equality (==) in condition
gen_incorrect_cond_fix_059,data/ml/raw_snippets_generated/incorrect_conditional_operator/fixed/GenIncorrectConditionalFix059.java,java,NO_ISSUE,1,0,0,0,0,0,pair_319,fixed,synthetic_generated,uses == for comparison correctly
gen_incorrect_cond_bug_060,data/ml/raw_snippets_generated/incorrect_conditional_operator/buggy/GenIncorrectConditionalBug060.java,java,INCORRECT_CONDITIONAL_OPERATOR,0,0,1,0,0,0,pair_320,buggy,synthetic_generated,uses assignment (=) instead of equality (==) in condition
gen_incorrect_cond_fix_060,data/ml/raw_snippets_generated/incorrect_conditional_operator/fixed/GenIncorrectConditionalFix060.java,java,NO_ISSUE,1,0,0,0,0,0,pair_320,fixed,synthetic_generated,uses == for comparison correctly
gen_incorrect_cond_bug_061,data/ml/raw_snippets_generated/incorrect_conditional_operator/buggy/GenIncorrectConditionalBug061.java,java,INCORRECT_CONDITIONAL_OPERATOR,0,0,1,0,0,0,pair_321,buggy,synthetic_generated,uses assignment (=) instead of equality (==) in condition
gen_incorrect_cond_fix_061,data/ml/raw_snippets_generated/incorrect_conditional_operator/fixed/GenIncorrectConditionalFix061.java,java,NO_ISSUE,1,0,0,0,0,0,pair_321,fixed,synthetic_generated,uses == for comparison correctly
gen_incorrect_cond_bug_062,data/ml/raw_snippets_generated/incorrect_conditional_operator/buggy/GenIncorrectConditionalBug062.java,java,INCORRECT_CONDITIONAL_OPERATOR,0,0,1,0,0,0,pair_322,buggy,synthetic_generated,uses assignment (=) instead of equality (==) in condition
gen_incorrect_cond_fix_062,data/ml/raw_snippets_generated/incorrect_conditional_operator/fixed/GenIncorrectConditionalFix062.java,java,NO_ISSUE,1,0,0,0,0,0,pair_322,fixed,synthetic_generated,uses == for comparison correctly
gen_incorrect_cond_bug_063,data/ml/raw_snippets_generated/incorrect_conditional_operator/buggy/GenIncorrectConditionalBug063.java,java,INCORRECT_CONDITIONAL_OPERATOR,0,0,1,0,0,0,pair_323,buggy,synthetic_generated,uses assignment (=) instead of equality (==) in condition
gen_incorrect_cond_fix_063,data/ml/raw_snippets_generated/incorrect_conditional_operator/fixed/GenIncorrectConditionalFix063.java,java,NO_ISSUE,1,0,0,0,0,0,pair_323,fixed,synthetic_generated,uses == for comparison correctly
gen_incorrect_cond_bug_064,data/ml/raw_snippets_generated/incorrect_conditional_operator/buggy/GenIncorrectConditionalBug064.java,java,INCORRECT_CONDITIONAL_OPERATOR,0,0,1,0,0,0,pair_324,buggy,synthetic_generated,uses assignment (=) instead of equality (==) in condition
gen_incorrect_cond_fix_064,data/ml/raw_snippets_generated/incorrect_conditional_operator/fixed/GenIncorrectConditionalFix064.java,java,NO_ISSUE,1,0,0,0,0,0,pair_324,fixed,synthetic_generated,uses == for comparison correctly
gen_incorrect_cond_bug_065,data/ml/raw_snippets_generated/incorrect_conditional_operator/buggy/GenIncorrectConditionalBug065.java,java,INCORRECT_CONDITIONAL_OPERATOR,0,0,1,0,0,0,pair_325,buggy,synthetic_generated,uses assignment (=) instead of equality (==) in condition
gen_incorrect_cond_fix_065,data/ml/raw_snippets_generated/incorrect_conditional_operator/fixed/GenIncorrectConditionalFix065.java,java,NO_ISSUE,1,0,0,0,0,0,pair_325,fixed,synthetic_generated,uses == for comparison correctly
gen_incorrect_cond_bug_066,data/ml/raw_snippets_generated/incorrect_conditional_operator/buggy/GenIncorrectConditionalBug066.java,java,INCORRECT_CONDITIONAL_OPERATOR,0,0,1,0,0,0,pair_326,buggy,synthetic_generated,uses assignment (=) instead of equality (==) in condition
gen_incorrect_cond_fix_066,data/ml/raw_snippets_generated/incorrect_conditional_operator/fixed/GenIncorrectConditionalFix066.java,java,NO_ISSUE,1,0,0,0,0,0,pair_326,fixed,synthetic_generated,uses == for comparison correctly
gen_incorrect_cond_bug_067,data/ml/raw_snippets_generated/incorrect_conditional_operator/buggy/GenIncorrectConditionalBug067.java,java,INCORRECT_CONDITIONAL_OPERATOR,0,0,1,0,0,0,pair_327,buggy,synthetic_generated,uses assignment (=) instead of equality (==) in condition
gen_incorrect_cond_fix_067,data/ml/raw_snippets_generated/incorrect_conditional_operator/fixed/GenIncorrectConditionalFix067.java,java,NO_ISSUE,1,0,0,0,0,0,pair_327,fixed,synthetic_generated,uses == for comparison correctly
gen_incorrect_cond_bug_068,data/ml/raw_snippets_generated/incorrect_conditional_operator/buggy/GenIncorrectConditionalBug068.java,java,INCORRECT_CONDITIONAL_OPERATOR,0,0,1,0,0,0,pair_328,buggy,synthetic_generated,uses assignment (=) instead of equality (==) in condition
gen_incorrect_cond_fix_068,data/ml/raw_snippets_generated/incorrect_conditional_operator/fixed/GenIncorrectConditionalFix068.java,java,NO_ISSUE,1,0,0,0,0,0,pair_328,fixed,synthetic_generated,uses == for comparison correctly
gen_incorrect_cond_bug_069,data/ml/raw_snippets_generated/incorrect_conditional_operator/buggy/GenIncorrectConditionalBug069.java,java,INCORRECT_CONDITIONAL_OPERATOR,0,0,1,0,0,0,pair_329,buggy,synthetic_generated,uses assignment (=) instead of equality (==) in condition
gen_incorrect_cond_fix_069,data/ml/raw_snippets_generated/incorrect_conditional_operator/fixed/GenIncorrectConditionalFix069.java,java,NO_ISSUE,1,0,0,0,0,0,pair_329,fixed,synthetic_generated,uses == for comparison correctly
gen_incorrect_cond_bug_070,data/ml/raw_snippets_generated/incorrect_conditional_operator/buggy/GenIncorrectConditionalBug070.java,java,INCORRECT_CONDITIONAL_OPERATOR,0,0,1,0,0,0,pair_330,buggy,synthetic_generated,uses assignment (=) instead of equality (==) in condition
gen_incorrect_cond_fix_070,data/ml/raw_snippets_generated/incorrect_conditional_operator/fixed/GenIncorrectConditionalFix070.java,java,NO_ISSUE,1,0,0,0,0,0,pair_330,fixed,synthetic_generated,uses == for comparison correctly
gen_incorrect_cond_bug_071,data/ml/raw_snippets_generated/incorrect_conditional_operator/buggy/GenIncorrectConditionalBug071.java,java,INCORRECT_CONDITIONAL_OPERATOR,0,0,1,0,0,0,pair_331,buggy,synthetic_generated,uses assignment (=) instead of equality (==) in condition
gen_incorrect_cond_fix_071,data/ml/raw_snippets_generated/incorrect_conditional_operator/fixed/GenIncorrectConditionalFix071.java,java,NO_ISSUE,1,0,0,0,0,0,pair_331,fixed,synthetic_generated,uses == for comparison correctly
gen_incorrect_cond_bug_072,data/ml/raw_snippets_generated/incorrect_conditional_operator/buggy/GenIncorrectConditionalBug072.java,java,INCORRECT_CONDITIONAL_OPERATOR,0,0,1,0,0,0,pair_332,buggy,synthetic_generated,uses assignment (=) instead of equality (==) in condition
gen_incorrect_cond_fix_072,data/ml/raw_snippets_generated/incorrect_conditional_operator/fixed/GenIncorrectConditionalFix072.java,java,NO_ISSUE,1,0,0,0,0,0,pair_332,fixed,synthetic_generated,uses == for comparison correctly
gen_incorrect_cond_bug_073,data/ml/raw_snippets_generated/incorrect_conditional_operator/buggy/GenIncorrectConditionalBug073.java,java,INCORRECT_CONDITIONAL_OPERATOR,0,0,1,0,0,0,pair_333,buggy,synthetic_generated,uses assignment (=) instead of equality (==) in condition
gen_incorrect_cond_fix_073,data/ml/raw_snippets_generated/incorrect_conditional_operator/fixed/GenIncorrectConditionalFix073.java,java,NO_ISSUE,1,0,0,0,0,0,pair_333,fixed,synthetic_generated,uses == for comparison correctly
gen_incorrect_cond_bug_074,data/ml/raw_snippets_generated/incorrect_conditional_operator/buggy/GenIncorrectConditionalBug074.java,java,INCORRECT_CONDITIONAL_OPERATOR,0,0,1,0,0,0,pair_334,buggy,synthetic_generated,uses assignment (=) instead of equality (==) in condition
gen_incorrect_cond_fix_074,data/ml/raw_snippets_generated/incorrect_conditional_operator/fixed/GenIncorrectConditionalFix074.java,java,NO_ISSUE,1,0,0,0,0,0,pair_334,fixed,synthetic_generated,uses == for comparison correctly
gen_incorrect_cond_bug_075,data/ml/raw_snippets_generated/incorrect_conditional_operator/buggy/GenIncorrectConditionalBug075.java,java,INCORRECT_CONDITIONAL_OPERATOR,0,0,1,0,0,0,pair_335,buggy,synthetic_generated,uses assignment (=) instead of equality (==) in condition
gen_incorrect_cond_fix_075,data/ml/raw_snippets_generated/incorrect_conditional_operator/fixed/GenIncorrectConditionalFix075.java,java,NO_ISSUE,1,0,0,0,0,0,pair_335,fixed,synthetic_generated,uses == for comparison correctly
gen_incorrect_cond_bug_076,data/ml/raw_snippets_generated/incorrect_conditional_operator/buggy/GenIncorrectConditionalBug076.java,java,INCORRECT_CONDITIONAL_OPERATOR,0,0,1,0,0,0,pair_336,buggy,synthetic_generated,uses assignment (=) instead of equality (==) in condition
gen_incorrect_cond_fix_076,data/ml/raw_snippets_generated/incorrect_conditional_operator/fixed/GenIncorrectConditionalFix076.java,java,NO_ISSUE,1,0,0,0,0,0,pair_336,fixed,synthetic_generated,uses == for comparison correctly
gen_incorrect_cond_bug_077,data/ml/raw_snippets_generated/incorrect_conditional_operator/buggy/GenIncorrectConditionalBug077.java,java,INCORRECT_CONDITIONAL_OPERATOR,0,0,1,0,0,0,pair_337,buggy,synthetic_generated,uses assignment (=) instead of equality (==) in condition
gen_incorrect_cond_fix_077,data/ml/raw_snippets_generated/incorrect_conditional_operator/fixed/GenIncorrectConditionalFix077.java,java,NO_ISSUE,1,0,0,0,0,0,pair_337,fixed,synthetic_generated,uses == for comparison correctly
gen_incorrect_cond_bug_078,data/ml/raw_snippets_generated/incorrect_conditional_operator/buggy/GenIncorrectConditionalBug078.java,java,INCORRECT_CONDITIONAL_OPERATOR,0,0,1,0,0,0,pair_338,buggy,synthetic_generated,uses assignment (=) instead of equality (==) in condition
gen_incorrect_cond_fix_078,data/ml/raw_snippets_generated/incorrect_conditional_operator/fixed/GenIncorrectConditionalFix078.java,java,NO_ISSUE,1,0,0,0,0,0,pair_338,fixed,synthetic_generated,uses == for comparison correctly
gen_incorrect_cond_bug_079,data/ml/raw_snippets_generated/incorrect_conditional_operator/buggy/GenIncorrectConditionalBug079.java,java,INCORRECT_CONDITIONAL_OPERATOR,0,0,1,0,0,0,pair_339,buggy,synthetic_generated,uses assignment (=) instead of equality (==) in condition
gen_incorrect_cond_fix_079,data/ml/raw_snippets_generated/incorrect_conditional_operator/fixed/GenIncorrectConditionalFix079.java,java,NO_ISSUE,1,0,0,0,0,0,pair_339,fixed,synthetic_generated,uses == for comparison correctly
gen_incorrect_cond_bug_080,data/ml/raw_snippets_generated/incorrect_conditional_operator/buggy/GenIncorrectConditionalBug080.java,java,INCORRECT_CONDITIONAL_OPERATOR,0,0,1,0,0,0,pair_340,buggy,synthetic_generated,uses assignment (=) instead of equality (==) in condition
gen_incorrect_cond_fix_080,data/ml/raw_snippets_generated/incorrect_conditional_operator/fixed/GenIncorrectConditionalFix080.java,java,NO_ISSUE,1,0,0,0,0,0,pair_340,fixed,synthetic_generated,uses == for comparison correctly
gen_incorrect_cond_bug_081,data/ml/raw_snippets_generated/incorrect_conditional_operator/buggy/GenIncorrectConditionalBug081.java,java,INCORRECT_CONDITIONAL_OPERATOR,0,0,1,0,0,0,pair_341,buggy,synthetic_generated,uses assignment (=) instead of equality (==) in condition
gen_incorrect_cond_fix_081,data/ml/raw_snippets_generated/incorrect_conditional_operator/fixed/GenIncorrectConditionalFix081.java,java,NO_ISSUE,1,0,0,0,0,0,pair_341,fixed,synthetic_generated,uses == for comparison correctly
gen_incorrect_cond_bug_082,data/ml/raw_snippets_generated/incorrect_conditional_operator/buggy/GenIncorrectConditionalBug082.java,java,INCORRECT_CONDITIONAL_OPERATOR,0,0,1,0,0,0,pair_342,buggy,synthetic_generated,uses assignment (=) instead of equality (==) in condition
gen_incorrect_cond_fix_082,data/ml/raw_snippets_generated/incorrect_conditional_operator/fixed/GenIncorrectConditionalFix082.java,java,NO_ISSUE,1,0,0,0,0,0,pair_342,fixed,synthetic_generated,uses == for comparison correctly
gen_incorrect_cond_bug_083,data/ml/raw_snippets_generated/incorrect_conditional_operator/buggy/GenIncorrectConditionalBug083.java,java,INCORRECT_CONDITIONAL_OPERATOR,0,0,1,0,0,0,pair_343,buggy,synthetic_generated,uses assignment (=) instead of equality (==) in condition
gen_incorrect_cond_fix_083,data/ml/raw_snippets_generated/incorrect_conditional_operator/fixed/GenIncorrectConditionalFix083.java,java,NO_ISSUE,1,0,0,0,0,0,pair_343,fixed,synthetic_generated,uses == for comparison correctly
gen_incorrect_cond_bug_084,data/ml/raw_snippets_generated/incorrect_conditional_operator/buggy/GenIncorrectConditionalBug084.java,java,INCORRECT_CONDITIONAL_OPERATOR,0,0,1,0,0,0,pair_344,buggy,synthetic_generated,uses assignment (=) instead of equality (==) in condition
gen_incorrect_cond_fix_084,data/ml/raw_snippets_generated/incorrect_conditional_operator/fixed/GenIncorrectConditionalFix084.java,java,NO_ISSUE,1,0,0,0,0,0,pair_344,fixed,synthetic_generated,uses == for comparison correctly
gen_incorrect_cond_bug_085,data/ml/raw_snippets_generated/incorrect_conditional_operator/buggy/GenIncorrectConditionalBug085.java,java,INCORRECT_CONDITIONAL_OPERATOR,0,0,1,0,0,0,pair_345,buggy,synthetic_generated,uses assignment (=) instead of equality (==) in condition
gen_incorrect_cond_fix_085,data/ml/raw_snippets_generated/incorrect_conditional_operator/fixed/GenIncorrectConditionalFix085.java,java,NO_ISSUE,1,0,0,0,0,0,pair_345,fixed,synthetic_generated,uses == for comparison correctly
gen_incorrect_cond_bug_086,data/ml/raw_snippets_generated/incorrect_conditional_operator/buggy/GenIncorrectConditionalBug086.java,java,INCORRECT_CONDITIONAL_OPERATOR,0,0,1,0,0,0,pair_346,buggy,synthetic_generated,uses assignment (=) instead of equality (==) in condition
gen_incorrect_cond_fix_086,data/ml/raw_snippets_generated/incorrect_conditional_operator/fixed/GenIncorrectConditionalFix086.java,java,NO_ISSUE,1,0,0,0,0,0,pair_346,fixed,synthetic_generated,uses == for comparison correctly
gen_incorrect_cond_bug_087,data/ml/raw_snippets_generated/incorrect_conditional_operator/buggy/GenIncorrectConditionalBug087.java,java,INCORRECT_CONDITIONAL_OPERATOR,0,0,1,0,0,0,pair_347,buggy,synthetic_generated,uses assignment (=) instead of equality (==) in condition
gen_incorrect_cond_fix_087,data/ml/raw_snippets_generated/incorrect_conditional_operator/fixed/GenIncorrectConditionalFix087.java,java,NO_ISSUE,1,0,0,0,0,0,pair_347,fixed,synthetic_generated,uses == for comparison correctly
gen_incorrect_cond_bug_088,data/ml/raw_snippets_generated/incorrect_conditional_operator/buggy/GenIncorrectConditionalBug088.java,java,INCORRECT_CONDITIONAL_OPERATOR,0,0,1,0,0,0,pair_348,buggy,synthetic_generated,uses assignment (=) instead of equality (==) in condition
gen_incorrect_cond_fix_088,data/ml/raw_snippets_generated/incorrect_conditional_operator/fixed/GenIncorrectConditionalFix088.java,java,NO_ISSUE,1,0,0,0,0,0,pair_348,fixed,synthetic_generated,uses == for comparison correctly
gen_incorrect_cond_bug_089,data/ml/raw_snippets_generated/incorrect_conditional_operator/buggy/GenIncorrectConditionalBug089.java,java,INCORRECT_CONDITIONAL_OPERATOR,0,0,1,0,0,0,pair_349,buggy,synthetic_generated,uses assignment (=) instead of equality (==) in condition
gen_incorrect_cond_fix_089,data/ml/raw_snippets_generated/incorrect_conditional_operator/fixed/GenIncorrectConditionalFix089.java,java,NO_ISSUE,1,0,0,0,0,0,pair_349,fixed,synthetic_generated,uses == for comparison correctly
gen_incorrect_cond_bug_090,data/ml/raw_snippets_generated/incorrect_conditional_operator/buggy/GenIncorrectConditionalBug090.java,java,INCORRECT_CONDITIONAL_OPERATOR,0,0,1,0,0,0,pair_350,buggy,synthetic_generated,uses assignment (=) instead of equality (==) in condition
gen_incorrect_cond_fix_090,data/ml/raw_snippets_generated/incorrect_conditional_operator/fixed/GenIncorrectConditionalFix090.java,java,NO_ISSUE,1,0,0,0,0,0,pair_350,fixed,synthetic_generated,uses == for comparison correctly
gen_incorrect_cond_bug_091,data/ml/raw_snippets_generated/incorrect_conditional_operator/buggy/GenIncorrectConditionalBug091.java,java,INCORRECT_CONDITIONAL_OPERATOR,0,0,1,0,0,0,pair_351,buggy,synthetic_generated,uses assignment (=) instead of equality (==) in condition
gen_incorrect_cond_fix_091,data/ml/raw_snippets_generated/incorrect_conditional_operator/fixed/GenIncorrectConditionalFix091.java,java,NO_ISSUE,1,0,0,0,0,0,pair_351,fixed,synthetic_generated,uses == for comparison correctly
gen_incorrect_cond_bug_092,data/ml/raw_snippets_generated/incorrect_conditional_operator/buggy/GenIncorrectConditionalBug092.java,java,INCORRECT_CONDITIONAL_OPERATOR,0,0,1,0,0,0,pair_352,buggy,synthetic_generated,uses assignment (=) instead of equality (==) in condition
gen_incorrect_cond_fix_092,data/ml/raw_snippets_generated/incorrect_conditional_operator/fixed/GenIncorrectConditionalFix092.java,java,NO_ISSUE,1,0,0,0,0,0,pair_352,fixed,synthetic_generated,uses == for comparison correctly
gen_incorrect_cond_bug_093,data/ml/raw_snippets_generated/incorrect_conditional_operator/buggy/GenIncorrectConditionalBug093.java,java,INCORRECT_CONDITIONAL_OPERATOR,0,0,1,0,0,0,pair_353,buggy,synthetic_generated,uses assignment (=) instead of equality (==) in condition
gen_incorrect_cond_fix_093,data/ml/raw_snippets_generated/incorrect_conditional_operator/fixed/GenIncorrectConditionalFix093.java,java,NO_ISSUE,1,0,0,0,0,0,pair_353,fixed,synthetic_generated,uses == for comparison correctly
gen_incorrect_cond_bug_094,data/ml/raw_snippets_generated/incorrect_conditional_operator/buggy/GenIncorrectConditionalBug094.java,java,INCORRECT_CONDITIONAL_OPERATOR,0,0,1,0,0,0,pair_354,buggy,synthetic_generated,uses assignment (=) instead of equality (==) in condition
gen_incorrect_cond_fix_094,data/ml/raw_snippets_generated/incorrect_conditional_operator/fixed/GenIncorrectConditionalFix094.java,java,NO_ISSUE,1,0,0,0,0,0,pair_354,fixed,synthetic_generated,uses == for comparison correctly
gen_incorrect_cond_bug_095,data/ml/raw_snippets_generated/incorrect_conditional_operator/buggy/GenIncorrectConditionalBug095.java,java,INCORRECT_CONDITIONAL_OPERATOR,0,0,1,0,0,0,pair_355,buggy,synthetic_generated,uses assignment (=) instead of equality (==) in condition
gen_incorrect_cond_fix_095,data/ml/raw_snippets_generated/incorrect_conditional_operator/fixed/GenIncorrectConditionalFix095.java,java,NO_ISSUE,1,0,0,0,0,0,pair_355,fixed,synthetic_generated,uses == for comparison correctly
gen_incorrect_cond_bug_096,data/ml/raw_snippets_generated/incorrect_conditional_operator/buggy/GenIncorrectConditionalBug096.java,java,INCORRECT_CONDITIONAL_OPERATOR,0,0,1,0,0,0,pair_356,buggy,synthetic_generated,uses assignment (=) instead of equality (==) in condition
gen_incorrect_cond_fix_096,data/ml/raw_snippets_generated/incorrect_conditional_operator/fixed/GenIncorrectConditionalFix096.java,java,NO_ISSUE,1,0,0,0,0,0,pair_356,fixed,synthetic_generated,uses == for comparison correctly
gen_incorrect_cond_bug_097,data/ml/raw_snippets_generated/incorrect_conditional_operator/buggy/GenIncorrectConditionalBug097.java,java,INCORRECT_CONDITIONAL_OPERATOR,0,0,1,0,0,0,pair_357,buggy,synthetic_generated,uses assignment (=) instead of equality (==) in condition
gen_incorrect_cond_fix_097,data/ml/raw_snippets_generated/incorrect_conditional_operator/fixed/GenIncorrectConditionalFix097.java,java,NO_ISSUE,1,0,0,0,0,0,pair_357,fixed,synthetic_generated,uses == for comparison correctly
gen_incorrect_cond_bug_098,data/ml/raw_snippets_generated/incorrect_conditional_operator/buggy/GenIncorrectConditionalBug098.java,java,INCORRECT_CONDITIONAL_OPERATOR,0,0,1,0,0,0,pair_358,buggy,synthetic_generated,uses assignment (=) instead of equality (==) in condition
gen_incorrect_cond_fix_098,data/ml/raw_snippets_generated/incorrect_conditional_operator/fixed/GenIncorrectConditionalFix098.java,java,NO_ISSUE,1,0,0,0,0,0,pair_358,fixed,synthetic_generated,uses == for comparison correctly
gen_incorrect_cond_bug_099,data/ml/raw_snippets_generated/incorrect_conditional_operator/buggy/GenIncorrectConditionalBug099.java,java,INCORRECT_CONDITIONAL_OPERATOR,0,0,1,0,0,0,pair_359,buggy,synthetic_generated,uses assignment (=) instead of equality (==) in condition
gen_incorrect_cond_fix_099,data/ml/raw_snippets_generated/incorrect_conditional_operator/fixed/GenIncorrectConditionalFix099.java,java,NO_ISSUE,1,0,0,0,0,0,pair_359,fixed,synthetic_generated,uses == for comparison correctly
gen_incorrect_cond_bug_100,data/ml/raw_snippets_generated/incorrect_conditional_operator/buggy/GenIncorrectConditionalBug100.java,java,INCORRECT_CONDITIONAL_OPERATOR,0,0,1,0,0,0,pair_360,buggy,synthetic_generated,uses assignment (=) instead of equality (==) in condition
gen_incorrect_cond_fix_100,data/ml/raw_snippets_generated/incorrect_conditional_operator/fixed/GenIncorrectConditionalFix100.java,java,NO_ISSUE,1,0,0,0,0,0,pair_360,fixed,synthetic_generated,uses == for comparison correctly
gen_incorrect_cond_bug_101,data/ml/raw_snippets_generated/incorrect_conditional_operator/buggy/GenIncorrectConditionalBug101.java,java,INCORRECT_CONDITIONAL_OPERATOR,0,0,1,0,0,0,pair_361,buggy,synthetic_generated,uses assignment (=) instead of equality (==) in condition
gen_incorrect_cond_fix_101,data/ml/raw_snippets_generated/incorrect_conditional_operator/fixed/GenIncorrectConditionalFix101.java,java,NO_ISSUE,1,0,0,0,0,0,pair_361,fixed,synthetic_generated,uses == for comparison correctly
gen_incorrect_cond_bug_102,data/ml/raw_snippets_generated/incorrect_conditional_operator/buggy/GenIncorrectConditionalBug102.java,java,INCORRECT_CONDITIONAL_OPERATOR,0,0,1,0,0,0,pair_362,buggy,synthetic_generated,uses assignment (=) instead of equality (==) in condition
gen_incorrect_cond_fix_102,data/ml/raw_snippets_generated/incorrect_conditional_operator/fixed/GenIncorrectConditionalFix102.java,java,NO_ISSUE,1,0,0,0,0,0,pair_362,fixed,synthetic_generated,uses == for comparison correctly
gen_incorrect_cond_bug_103,data/ml/raw_snippets_generated/incorrect_conditional_operator/buggy/GenIncorrectConditionalBug103.java,java,INCORRECT_CONDITIONAL_OPERATOR,0,0,1,0,0,0,pair_363,buggy,synthetic_generated,uses assignment (=) instead of equality (==) in condition
gen_incorrect_cond_fix_103,data/ml/raw_snippets_generated/incorrect_conditional_operator/fixed/GenIncorrectConditionalFix103.java,java,NO_ISSUE,1,0,0,0,0,0,pair_363,fixed,synthetic_generated,uses == for comparison correctly
gen_incorrect_cond_bug_104,data/ml/raw_snippets_generated/incorrect_conditional_operator/buggy/GenIncorrectConditionalBug104.java,java,INCORRECT_CONDITIONAL_OPERATOR,0,0,1,0,0,0,pair_364,buggy,synthetic_generated,uses assignment (=) instead of equality (==) in condition
gen_incorrect_cond_fix_104,data/ml/raw_snippets_generated/incorrect_conditional_operator/fixed/GenIncorrectConditionalFix104.java,java,NO_ISSUE,1,0,0,0,0,0,pair_364,fixed,synthetic_generated,uses == for comparison correctly
gen_incorrect_cond_bug_105,data/ml/raw_snippets_generated/incorrect_conditional_operator/buggy/GenIncorrectConditionalBug105.java,java,INCORRECT_CONDITIONAL_OPERATOR,0,0,1,0,0,0,pair_365,buggy,synthetic_generated,uses assignment (=) instead of equality (==) in condition
gen_incorrect_cond_fix_105,data/ml/raw_snippets_generated/incorrect_conditional_operator/fixed/GenIncorrectConditionalFix105.java,java,NO_ISSUE,1,0,0,0,0,0,pair_365,fixed,synthetic_generated,uses == for comparison correctly
gen_incorrect_cond_bug_106,data/ml/raw_snippets_generated/incorrect_conditional_operator/buggy/GenIncorrectConditionalBug106.java,java,INCORRECT_CONDITIONAL_OPERATOR,0,0,1,0,0,0,pair_366,buggy,synthetic_generated,uses assignment (=) instead of equality (==) in condition
gen_incorrect_cond_fix_106,data/ml/raw_snippets_generated/incorrect_conditional_operator/fixed/GenIncorrectConditionalFix106.java,java,NO_ISSUE,1,0,0,0,0,0,pair_366,fixed,synthetic_generated,uses == for comparison correctly
gen_incorrect_cond_bug_107,data/ml/raw_snippets_generated/incorrect_conditional_operator/buggy/GenIncorrectConditionalBug107.java,java,INCORRECT_CONDITIONAL_OPERATOR,0,0,1,0,0,0,pair_367,buggy,synthetic_generated,uses assignment (=) instead of equality (==) in condition
gen_incorrect_cond_fix_107,data/ml/raw_snippets_generated/incorrect_conditional_operator/fixed/GenIncorrectConditionalFix107.java,java,NO_ISSUE,1,0,0,0,0,0,pair_367,fixed,synthetic_generated,uses == for comparison correctly
gen_incorrect_cond_bug_108,data/ml/raw_snippets_generated/incorrect_conditional_operator/buggy/GenIncorrectConditionalBug108.java,java,INCORRECT_CONDITIONAL_OPERATOR,0,0,1,0,0,0,pair_368,buggy,synthetic_generated,uses assignment (=) instead of equality (==) in condition
gen_incorrect_cond_fix_108,data/ml/raw_snippets_generated/incorrect_conditional_operator/fixed/GenIncorrectConditionalFix108.java,java,NO_ISSUE,1,0,0,0,0,0,pair_368,fixed,synthetic_generated,uses == for comparison correctly
gen_incorrect_cond_bug_109,data/ml/raw_snippets_generated/incorrect_conditional_operator/buggy/GenIncorrectConditionalBug109.java,java,INCORRECT_CONDITIONAL_OPERATOR,0,0,1,0,0,0,pair_369,buggy,synthetic_generated,uses assignment (=) instead of equality (==) in condition
gen_incorrect_cond_fix_109,data/ml/raw_snippets_generated/incorrect_conditional_operator/fixed/GenIncorrectConditionalFix109.java,java,NO_ISSUE,1,0,0,0,0,0,pair_369,fixed,synthetic_generated,uses == for comparison correctly
gen_incorrect_cond_bug_110,data/ml/raw_snippets_generated/incorrect_conditional_operator/buggy/GenIncorrectConditionalBug110.java,java,INCORRECT_CONDITIONAL_OPERATOR,0,0,1,0,0,0,pair_370,buggy,synthetic_generated,uses assignment (=) instead of equality (==) in condition
gen_incorrect_cond_fix_110,data/ml/raw_snippets_generated/incorrect_conditional_operator/fixed/GenIncorrectConditionalFix110.java,java,NO_ISSUE,1,0,0,0,0,0,pair_370,fixed,synthetic_generated,uses == for comparison correctly
gen_incorrect_cond_bug_111,data/ml/raw_snippets_generated/incorrect_conditional_operator/buggy/GenIncorrectConditionalBug111.java,java,INCORRECT_CONDITIONAL_OPERATOR,0,0,1,0,0,0,pair_371,buggy,synthetic_generated,uses assignment (=) instead of equality (==) in condition
gen_incorrect_cond_fix_111,data/ml/raw_snippets_generated/incorrect_conditional_operator/fixed/GenIncorrectConditionalFix111.java,java,NO_ISSUE,1,0,0,0,0,0,pair_371,fixed,synthetic_generated,uses == for comparison correctly
gen_incorrect_cond_bug_112,data/ml/raw_snippets_generated/incorrect_conditional_operator/buggy/GenIncorrectConditionalBug112.java,java,INCORRECT_CONDITIONAL_OPERATOR,0,0,1,0,0,0,pair_372,buggy,synthetic_generated,uses assignment (=) instead of equality (==) in condition
gen_incorrect_cond_fix_112,data/ml/raw_snippets_generated/incorrect_conditional_operator/fixed/GenIncorrectConditionalFix112.java,java,NO_ISSUE,1,0,0,0,0,0,pair_372,fixed,synthetic_generated,uses == for comparison correctly
gen_incorrect_cond_bug_113,data/ml/raw_snippets_generated/incorrect_conditional_operator/buggy/GenIncorrectConditionalBug113.java,java,INCORRECT_CONDITIONAL_OPERATOR,0,0,1,0,0,0,pair_373,buggy,synthetic_generated,uses assignment (=) instead of equality (==) in condition
gen_incorrect_cond_fix_113,data/ml/raw_snippets_generated/incorrect_conditional_operator/fixed/GenIncorrectConditionalFix113.java,java,NO_ISSUE,1,0,0,0,0,0,pair_373,fixed,synthetic_generated,uses == for comparison correctly
gen_incorrect_cond_bug_114,data/ml/raw_snippets_generated/incorrect_conditional_operator/buggy/GenIncorrectConditionalBug114.java,java,INCORRECT_CONDITIONAL_OPERATOR,0,0,1,0,0,0,pair_374,buggy,synthetic_generated,uses assignment (=) instead of equality (==) in condition
gen_incorrect_cond_fix_114,data/ml/raw_snippets_generated/incorrect_conditional_operator/fixed/GenIncorrectConditionalFix114.java,java,NO_ISSUE,1,0,0,0,0,0,pair_374,fixed,synthetic_generated,uses == for comparison correctly
gen_incorrect_cond_bug_115,data/ml/raw_snippets_generated/incorrect_conditional_operator/buggy/GenIncorrectConditionalBug115.java,java,INCORRECT_CONDITIONAL_OPERATOR,0,0,1,0,0,0,pair_375,buggy,synthetic_generated,uses assignment (=) instead of equality (==) in condition
gen_incorrect_cond_fix_115,data/ml/raw_snippets_generated/incorrect_conditional_operator/fixed/GenIncorrectConditionalFix115.java,java,NO_ISSUE,1,0,0,0,0,0,pair_375,fixed,synthetic_generated,uses == for comparison correctly
gen_incorrect_cond_bug_116,data/ml/raw_snippets_generated/incorrect_conditional_operator/buggy/GenIncorrectConditionalBug116.java,java,INCORRECT_CONDITIONAL_OPERATOR,0,0,1,0,0,0,pair_376,buggy,synthetic_generated,uses assignment (=) instead of equality (==) in condition
gen_incorrect_cond_fix_116,data/ml/raw_snippets_generated/incorrect_conditional_operator/fixed/GenIncorrectConditionalFix116.java,java,NO_ISSUE,1,0,0,0,0,0,pair_376,fixed,synthetic_generated,uses == for comparison correctly
gen_incorrect_cond_bug_117,data/ml/raw_snippets_generated/incorrect_conditional_operator/buggy/GenIncorrectConditionalBug117.java,java,INCORRECT_CONDITIONAL_OPERATOR,0,0,1,0,0,0,pair_377,buggy,synthetic_generated,uses assignment (=) instead of equality (==) in condition
gen_incorrect_cond_fix_117,data/ml/raw_snippets_generated/incorrect_conditional_operator/fixed/GenIncorrectConditionalFix117.java,java,NO_ISSUE,1,0,0,0,0,0,pair_377,fixed,synthetic_generated,uses == for comparison correctly
gen_incorrect_cond_bug_118,data/ml/raw_snippets_generated/incorrect_conditional_operator/buggy/GenIncorrectConditionalBug118.java,java,INCORRECT_CONDITIONAL_OPERATOR,0,0,1,0,0,0,pair_378,buggy,synthetic_generated,uses assignment (=) instead of equality (==) in condition
gen_incorrect_cond_fix_118,data/ml/raw_snippets_generated/incorrect_conditional_operator/fixed/GenIncorrectConditionalFix118.java,java,NO_ISSUE,1,0,0,0,0,0,pair_378,fixed,synthetic_generated,uses == for comparison correctly
gen_incorrect_cond_bug_119,data/ml/raw_snippets_generated/incorrect_conditional_operator/buggy/GenIncorrectConditionalBug119.java,java,INCORRECT_CONDITIONAL_OPERATOR,0,0,1,0,0,0,pair_379,buggy,synthetic_generated,uses assignment (=) instead of equality (==) in condition
gen_incorrect_cond_fix_119,data/ml/raw_snippets_generated/incorrect_conditional_operator/fixed/GenIncorrectConditionalFix119.java,java,NO_ISSUE,1,0,0,0,0,0,pair_379,fixed,synthetic_generated,uses == for comparison correctly
gen_incorrect_cond_bug_120,data/ml/raw_snippets_generated/incorrect_conditional_operator/buggy/GenIncorrectConditionalBug120.java,java,INCORRECT_CONDITIONAL_OPERATOR,0,0,1,0,0,0,pair_380,buggy,synthetic_generated,uses assignment (=) instead of equality (==) in condition
gen_incorrect_cond_fix_120,data/ml/raw_snippets_generated/incorrect_conditional_operator/fixed/GenIncorrectConditionalFix120.java,java,NO_ISSUE,1,0,0,0,0,0,pair_380,fixed,synthetic_generated,uses == for comparison correctly
gen_incorrect_cond_bug_121,data/ml/raw_snippets_generated/incorrect_conditional_operator/buggy/GenIncorrectConditionalBug121.java,java,INCORRECT_CONDITIONAL_OPERATOR,0,0,1,0,0,0,pair_381,buggy,synthetic_generated,uses assignment (=) instead of equality (==) in condition
gen_incorrect_cond_fix_121,data/ml/raw_snippets_generated/incorrect_conditional_operator/fixed/GenIncorrectConditionalFix121.java,java,NO_ISSUE,1,0,0,0,0,0,pair_381,fixed,synthetic_generated,uses == for comparison correctly
gen_incorrect_cond_bug_122,data/ml/raw_snippets_generated/incorrect_conditional_operator/buggy/GenIncorrectConditionalBug122.java,java,INCORRECT_CONDITIONAL_OPERATOR,0,0,1,0,0,0,pair_382,buggy,synthetic_generated,uses assignment (=) instead of equality (==) in condition
gen_incorrect_cond_fix_122,data/ml/raw_snippets_generated/incorrect_conditional_operator/fixed/GenIncorrectConditionalFix122.java,java,NO_ISSUE,1,0,0,0,0,0,pair_382,fixed,synthetic_generated,uses == for comparison correctly
gen_incorrect_cond_bug_123,data/ml/raw_snippets_generated/incorrect_conditional_operator/buggy/GenIncorrectConditionalBug123.java,java,INCORRECT_CONDITIONAL_OPERATOR,0,0,1,0,0,0,pair_383,buggy,synthetic_generated,uses assignment (=) instead of equality (==) in condition
gen_incorrect_cond_fix_123,data/ml/raw_snippets_generated/incorrect_conditional_operator/fixed/GenIncorrectConditionalFix123.java,java,NO_ISSUE,1,0,0,0,0,0,pair_383,fixed,synthetic_generated,uses == for comparison correctly
gen_incorrect_cond_bug_124,data/ml/raw_snippets_generated/incorrect_conditional_operator/buggy/GenIncorrectConditionalBug124.java,java,INCORRECT_CONDITIONAL_OPERATOR,0,0,1,0,0,0,pair_384,buggy,synthetic_generated,uses assignment (=) instead of equality (==) in condition
gen_incorrect_cond_fix_124,data/ml/raw_snippets_generated/incorrect_conditional_operator/fixed/GenIncorrectConditionalFix124.java,java,NO_ISSUE,1,0,0,0,0,0,pair_384,fixed,synthetic_generated,uses == for comparison correctly
gen_incorrect_cond_bug_125,data/ml/raw_snippets_generated/incorrect_conditional_operator/buggy/GenIncorrectConditionalBug125.java,java,INCORRECT_CONDITIONAL_OPERATOR,0,0,1,0,0,0,pair_385,buggy,synthetic_generated,uses assignment (=) instead of equality (==) in condition
gen_incorrect_cond_fix_125,data/ml/raw_snippets_generated/incorrect_conditional_operator/fixed/GenIncorrectConditionalFix125.java,java,NO_ISSUE,1,0,0,0,0,0,pair_385,fixed,synthetic_generated,uses == for comparison correctly
gen_incorrect_cond_bug_126,data/ml/raw_snippets_generated/incorrect_conditional_operator/buggy/GenIncorrectConditionalBug126.java,java,INCORRECT_CONDITIONAL_OPERATOR,0,0,1,0,0,0,pair_386,buggy,synthetic_generated,uses assignment (=) instead of equality (==) in condition
gen_incorrect_cond_fix_126,data/ml/raw_snippets_generated/incorrect_conditional_operator/fixed/GenIncorrectConditionalFix126.java,java,NO_ISSUE,1,0,0,0,0,0,pair_386,fixed,synthetic_generated,uses == for comparison correctly
gen_incorrect_cond_bug_127,data/ml/raw_snippets_generated/incorrect_conditional_operator/buggy/GenIncorrectConditionalBug127.java,java,INCORRECT_CONDITIONAL_OPERATOR,0,0,1,0,0,0,pair_387,buggy,synthetic_generated,uses assignment (=) instead of equality (==) in condition
gen_incorrect_cond_fix_127,data/ml/raw_snippets_generated/incorrect_conditional_operator/fixed/GenIncorrectConditionalFix127.java,java,NO_ISSUE,1,0,0,0,0,0,pair_387,fixed,synthetic_generated,uses == for comparison correctly
gen_incorrect_cond_bug_128,data/ml/raw_snippets_generated/incorrect_conditional_operator/buggy/GenIncorrectConditionalBug128.java,java,INCORRECT_CONDITIONAL_OPERATOR,0,0,1,0,0,0,pair_388,buggy,synthetic_generated,uses assignment (=) instead of equality (==) in condition
gen_incorrect_cond_fix_128,data/ml/raw_snippets_generated/incorrect_conditional_operator/fixed/GenIncorrectConditionalFix128.java,java,NO_ISSUE,1,0,0,0,0,0,pair_388,fixed,synthetic_generated,uses == for comparison correctly
gen_incorrect_cond_bug_129,data/ml/raw_snippets_generated/incorrect_conditional_operator/buggy/GenIncorrectConditionalBug129.java,java,INCORRECT_CONDITIONAL_OPERATOR,0,0,1,0,0,0,pair_389,buggy,synthetic_generated,uses assignment (=) instead of equality (==) in condition
gen_incorrect_cond_fix_129,data/ml/raw_snippets_generated/incorrect_conditional_operator/fixed/GenIncorrectConditionalFix129.java,java,NO_ISSUE,1,0,0,0,0,0,pair_389,fixed,synthetic_generated,uses == for comparison correctly
gen_incorrect_cond_bug_130,data/ml/raw_snippets_generated/incorrect_conditional_operator/buggy/GenIncorrectConditionalBug130.java,java,INCORRECT_CONDITIONAL_OPERATOR,0,0,1,0,0,0,pair_390,buggy,synthetic_generated,uses assignment (=) instead of equality (==) in condition
gen_incorrect_cond_fix_130,data/ml/raw_snippets_generated/incorrect_conditional_operator/fixed/GenIncorrectConditionalFix130.java,java,NO_ISSUE,1,0,0,0,0,0,pair_390,fixed,synthetic_generated,uses == for comparison correctly
gen_incorrect_cond_bug_131,data/ml/raw_snippets_generated/incorrect_conditional_operator/buggy/GenIncorrectConditionalBug131.java,java,INCORRECT_CONDITIONAL_OPERATOR,0,0,1,0,0,0,pair_391,buggy,synthetic_generated,uses assignment (=) instead of equality (==) in condition
gen_incorrect_cond_fix_131,data/ml/raw_snippets_generated/incorrect_conditional_operator/fixed/GenIncorrectConditionalFix131.java,java,NO_ISSUE,1,0,0,0,0,0,pair_391,fixed,synthetic_generated,uses == for comparison correctly
gen_incorrect_cond_bug_132,data/ml/raw_snippets_generated/incorrect_conditional_operator/buggy/GenIncorrectConditionalBug132.java,java,INCORRECT_CONDITIONAL_OPERATOR,0,0,1,0,0,0,pair_392,buggy,synthetic_generated,uses assignment (=) instead of equality (==) in condition
gen_incorrect_cond_fix_132,data/ml/raw_snippets_generated/incorrect_conditional_operator/fixed/GenIncorrectConditionalFix132.java,java,NO_ISSUE,1,0,0,0,0,0,pair_392,fixed,synthetic_generated,uses == for comparison correctly
gen_incorrect_cond_bug_133,data/ml/raw_snippets_generated/incorrect_conditional_operator/buggy/GenIncorrectConditionalBug133.java,java,INCORRECT_CONDITIONAL_OPERATOR,0,0,1,0,0,0,pair_393,buggy,synthetic_generated,uses assignment (=) instead of equality (==) in condition
gen_incorrect_cond_fix_133,data/ml/raw_snippets_generated/incorrect_conditional_operator/fixed/GenIncorrectConditionalFix133.java,java,NO_ISSUE,1,0,0,0,0,0,pair_393,fixed,synthetic_generated,uses == for comparison correctly
gen_incorrect_cond_bug_134,data/ml/raw_snippets_generated/incorrect_conditional_operator/buggy/GenIncorrectConditionalBug134.java,java,INCORRECT_CONDITIONAL_OPERATOR,0,0,1,0,0,0,pair_394,buggy,synthetic_generated,uses assignment (=) instead of equality (==) in condition
gen_incorrect_cond_fix_134,data/ml/raw_snippets_generated/incorrect_conditional_operator/fixed/GenIncorrectConditionalFix134.java,java,NO_ISSUE,1,0,0,0,0,0,pair_394,fixed,synthetic_generated,uses == for comparison correctly
gen_incorrect_cond_bug_135,data/ml/raw_snippets_generated/incorrect_conditional_operator/buggy/GenIncorrectConditionalBug135.java,java,INCORRECT_CONDITIONAL_OPERATOR,0,0,1,0,0,0,pair_395,buggy,synthetic_generated,uses assignment (=) instead of equality (==) in condition
gen_incorrect_cond_fix_135,data/ml/raw_snippets_generated/incorrect_conditional_operator/fixed/GenIncorrectConditionalFix135.java,java,NO_ISSUE,1,0,0,0,0,0,pair_395,fixed,synthetic_generated,uses == for comparison correctly
gen_incorrect_cond_bug_136,data/ml/raw_snippets_generated/incorrect_conditional_operator/buggy/GenIncorrectConditionalBug136.java,java,INCORRECT_CONDITIONAL_OPERATOR,0,0,1,0,0,0,pair_396,buggy,synthetic_generated,uses assignment (=) instead of equality (==) in condition
gen_incorrect_cond_fix_136,data/ml/raw_snippets_generated/incorrect_conditional_operator/fixed/GenIncorrectConditionalFix136.java,java,NO_ISSUE,1,0,0,0,0,0,pair_396,fixed,synthetic_generated,uses == for comparison correctly
gen_incorrect_cond_bug_137,data/ml/raw_snippets_generated/incorrect_conditional_operator/buggy/GenIncorrectConditionalBug137.java,java,INCORRECT_CONDITIONAL_OPERATOR,0,0,1,0,0,0,pair_397,buggy,synthetic_generated,uses assignment (=) instead of equality (==) in condition
gen_incorrect_cond_fix_137,data/ml/raw_snippets_generated/incorrect_conditional_operator/fixed/GenIncorrectConditionalFix137.java,java,NO_ISSUE,1,0,0,0,0,0,pair_397,fixed,synthetic_generated,uses == for comparison correctly
gen_incorrect_cond_bug_138,data/ml/raw_snippets_generated/incorrect_conditional_operator/buggy/GenIncorrectConditionalBug138.java,java,INCORRECT_CONDITIONAL_OPERATOR,0,0,1,0,0,0,pair_398,buggy,synthetic_generated,uses assignment (=) instead of equality (==) in condition
gen_incorrect_cond_fix_138,data/ml/raw_snippets_generated/incorrect_conditional_operator/fixed/GenIncorrectConditionalFix138.java,java,NO_ISSUE,1,0,0,0,0,0,pair_398,fixed,synthetic_generated,uses == for comparison correctly
gen_incorrect_cond_bug_139,data/ml/raw_snippets_generated/incorrect_conditional_operator/buggy/GenIncorrectConditionalBug139.java,java,INCORRECT_CONDITIONAL_OPERATOR,0,0,1,0,0,0,pair_399,buggy,synthetic_generated,uses assignment (=) instead of equality (==) in condition
gen_incorrect_cond_fix_139,data/ml/raw_snippets_generated/incorrect_conditional_operator/fixed/GenIncorrectConditionalFix139.java,java,NO_ISSUE,1,0,0,0,0,0,pair_399,fixed,synthetic_generated,uses == for comparison correctly
gen_incorrect_cond_bug_140,data/ml/raw_snippets_generated/incorrect_conditional_operator/buggy/GenIncorrectConditionalBug140.java,java,INCORRECT_CONDITIONAL_OPERATOR,0,0,1,0,0,0,pair_400,buggy,synthetic_generated,uses assignment (=) instead of equality (==) in condition
gen_incorrect_cond_fix_140,data/ml/raw_snippets_generated/incorrect_conditional_operator/fixed/GenIncorrectConditionalFix140.java,java,NO_ISSUE,1,0,0,0,0,0,pair_400,fixed,synthetic_generated,uses == for comparison correctly
gen_incorrect_cond_bug_141,data/ml/raw_snippets_generated/incorrect_conditional_operator/buggy/GenIncorrectConditionalBug141.java,java,INCORRECT_CONDITIONAL_OPERATOR,0,0,1,0,0,0,pair_401,buggy,synthetic_generated,uses assignment (=) instead of equality (==) in condition
gen_incorrect_cond_fix_141,data/ml/raw_snippets_generated/incorrect_conditional_operator/fixed/GenIncorrectConditionalFix141.java,java,NO_ISSUE,1,0,0,0,0,0,pair_401,fixed,synthetic_generated,uses == for comparison correctly
gen_incorrect_cond_bug_142,data/ml/raw_snippets_generated/incorrect_conditional_operator/buggy/GenIncorrectConditionalBug142.java,java,INCORRECT_CONDITIONAL_OPERATOR,0,0,1,0,0,0,pair_402,buggy,synthetic_generated,uses assignment (=) instead of equality (==) in condition
gen_incorrect_cond_fix_142,data/ml/raw_snippets_generated/incorrect_conditional_operator/fixed/GenIncorrectConditionalFix142.java,java,NO_ISSUE,1,0,0,0,0,0,pair_402,fixed,synthetic_generated,uses == for comparison correctly
gen_incorrect_cond_bug_143,data/ml/raw_snippets_generated/incorrect_conditional_operator/buggy/GenIncorrectConditionalBug143.java,java,INCORRECT_CONDITIONAL_OPERATOR,0,0,1,0,0,0,pair_403,buggy,synthetic_generated,uses assignment (=) instead of equality (==) in condition
gen_incorrect_cond_fix_143,data/ml/raw_snippets_generated/incorrect_conditional_operator/fixed/GenIncorrectConditionalFix143.java,java,NO_ISSUE,1,0,0,0,0,0,pair_403,fixed,synthetic_generated,uses == for comparison correctly
gen_incorrect_cond_bug_144,data/ml/raw_snippets_generated/incorrect_conditional_operator/buggy/GenIncorrectConditionalBug144.java,java,INCORRECT_CONDITIONAL_OPERATOR,0,0,1,0,0,0,pair_404,buggy,synthetic_generated,uses assignment (=) instead of equality (==) in condition
gen_incorrect_cond_fix_144,data/ml/raw_snippets_generated/incorrect_conditional_operator/fixed/GenIncorrectConditionalFix144.java,java,NO_ISSUE,1,0,0,0,0,0,pair_404,fixed,synthetic_generated,uses == for comparison correctly
gen_incorrect_cond_bug_145,data/ml/raw_snippets_generated/incorrect_conditional_operator/buggy/GenIncorrectConditionalBug145.java,java,INCORRECT_CONDITIONAL_OPERATOR,0,0,1,0,0,0,pair_405,buggy,synthetic_generated,uses assignment (=) instead of equality (==) in condition
gen_incorrect_cond_fix_145,data/ml/raw_snippets_generated/incorrect_conditional_operator/fixed/GenIncorrectConditionalFix145.java,java,NO_ISSUE,1,0,0,0,0,0,pair_405,fixed,synthetic_generated,uses == for comparison correctly
gen_incorrect_cond_bug_146,data/ml/raw_snippets_generated/incorrect_conditional_operator/buggy/GenIncorrectConditionalBug146.java,java,INCORRECT_CONDITIONAL_OPERATOR,0,0,1,0,0,0,pair_406,buggy,synthetic_generated,uses assignment (=) instead of equality (==) in condition
gen_incorrect_cond_fix_146,data/ml/raw_snippets_generated/incorrect_conditional_operator/fixed/GenIncorrectConditionalFix146.java,java,NO_ISSUE,1,0,0,0,0,0,pair_406,fixed,synthetic_generated,uses == for comparison correctly
gen_incorrect_cond_bug_147,data/ml/raw_snippets_generated/incorrect_conditional_operator/buggy/GenIncorrectConditionalBug147.java,java,INCORRECT_CONDITIONAL_OPERATOR,0,0,1,0,0,0,pair_407,buggy,synthetic_generated,uses assignment (=) instead of equality (==) in condition
gen_incorrect_cond_fix_147,data/ml/raw_snippets_generated/incorrect_conditional_operator/fixed/GenIncorrectConditionalFix147.java,java,NO_ISSUE,1,0,0,0,0,0,pair_407,fixed,synthetic_generated,uses == for comparison correctly
gen_incorrect_cond_bug_148,data/ml/raw_snippets_generated/incorrect_conditional_operator/buggy/GenIncorrectConditionalBug148.java,java,INCORRECT_CONDITIONAL_OPERATOR,0,0,1,0,0,0,pair_408,buggy,synthetic_generated,uses assignment (=) instead of equality (==) in condition
gen_incorrect_cond_fix_148,data/ml/raw_snippets_generated/incorrect_conditional_operator/fixed/GenIncorrectConditionalFix148.java,java,NO_ISSUE,1,0,0,0,0,0,pair_408,fixed,synthetic_generated,uses == for comparison correctly
gen_incorrect_cond_bug_149,data/ml/raw_snippets_generated/incorrect_conditional_operator/buggy/GenIncorrectConditionalBug149.java,java,INCORRECT_CONDITIONAL_OPERATOR,0,0,1,0,0,0,pair_409,buggy,synthetic_generated,uses assignment (=) instead of equality (==) in condition
gen_incorrect_cond_fix_149,data/ml/raw_snippets_generated/incorrect_conditional_operator/fixed/GenIncorrectConditionalFix149.java,java,NO_ISSUE,1,0,0,0,0,0,pair_409,fixed,synthetic_generated,uses == for comparison correctly
gen_incorrect_cond_bug_150,data/ml/raw_snippets_generated/incorrect_conditional_operator/buggy/GenIncorrectConditionalBug150.java,java,INCORRECT_CONDITIONAL_OPERATOR,0,0,1,0,0,0,pair_410,buggy,synthetic_generated,uses assignment (=) instead of equality (==) in condition
gen_incorrect_cond_fix_150,data/ml/raw_snippets_generated/incorrect_conditional_operator/fixed/GenIncorrectConditionalFix150.java,java,NO_ISSUE,1,0,0,0,0,0,pair_410,fixed,synthetic_generated,uses == for comparison correctly
gen_incorrect_cond_bug_151,data/ml/raw_snippets_generated/incorrect_conditional_operator/buggy/GenIncorrectConditionalBug151.java,java,INCORRECT_CONDITIONAL_OPERATOR,0,0,1,0,0,0,pair_411,buggy,synthetic_generated,uses assignment (=) instead of equality (==) in condition
gen_incorrect_cond_fix_151,data/ml/raw_snippets_generated/incorrect_conditional_operator/fixed/GenIncorrectConditionalFix151.java,java,NO_ISSUE,1,0,0,0,0,0,pair_411,fixed,synthetic_generated,uses == for comparison correctly
gen_incorrect_cond_bug_152,data/ml/raw_snippets_generated/incorrect_conditional_operator/buggy/GenIncorrectConditionalBug152.java,java,INCORRECT_CONDITIONAL_OPERATOR,0,0,1,0,0,0,pair_412,buggy,synthetic_generated,uses assignment (=) instead of equality (==) in condition
gen_incorrect_cond_fix_152,data/ml/raw_snippets_generated/incorrect_conditional_operator/fixed/GenIncorrectConditionalFix152.java,java,NO_ISSUE,1,0,0,0,0,0,pair_412,fixed,synthetic_generated,uses == for comparison correctly
gen_incorrect_cond_bug_153,data/ml/raw_snippets_generated/incorrect_conditional_operator/buggy/GenIncorrectConditionalBug153.java,java,INCORRECT_CONDITIONAL_OPERATOR,0,0,1,0,0,0,pair_413,buggy,synthetic_generated,uses assignment (=) instead of equality (==) in condition
gen_incorrect_cond_fix_153,data/ml/raw_snippets_generated/incorrect_conditional_operator/fixed/GenIncorrectConditionalFix153.java,java,NO_ISSUE,1,0,0,0,0,0,pair_413,fixed,synthetic_generated,uses == for comparison correctly
gen_incorrect_cond_bug_154,data/ml/raw_snippets_generated/incorrect_conditional_operator/buggy/GenIncorrectConditionalBug154.java,java,INCORRECT_CONDITIONAL_OPERATOR,0,0,1,0,0,0,pair_414,buggy,synthetic_generated,uses assignment (=) instead of equality (==) in condition
gen_incorrect_cond_fix_154,data/ml/raw_snippets_generated/incorrect_conditional_operator/fixed/GenIncorrectConditionalFix154.java,java,NO_ISSUE,1,0,0,0,0,0,pair_414,fixed,synthetic_generated,uses == for comparison correctly
gen_incorrect_cond_bug_155,data/ml/raw_snippets_generated/incorrect_conditional_operator/buggy/GenIncorrectConditionalBug155.java,java,INCORRECT_CONDITIONAL_OPERATOR,0,0,1,0,0,0,pair_415,buggy,synthetic_generated,uses assignment (=) instead of equality (==) in condition
gen_incorrect_cond_fix_155,data/ml/raw_snippets_generated/incorrect_conditional_operator/fixed/GenIncorrectConditionalFix155.java,java,NO_ISSUE,1,0,0,0,0,0,pair_415,fixed,synthetic_generated,uses == for comparison correctly
gen_incorrect_cond_bug_156,data/ml/raw_snippets_generated/incorrect_conditional_operator/buggy/GenIncorrectConditionalBug156.java,java,INCORRECT_CONDITIONAL_OPERATOR,0,0,1,0,0,0,pair_416,buggy,synthetic_generated,uses assignment (=) instead of equality (==) in condition
gen_incorrect_cond_fix_156,data/ml/raw_snippets_generated/incorrect_conditional_operator/fixed/GenIncorrectConditionalFix156.java,java,NO_ISSUE,1,0,0,0,0,0,pair_416,fixed,synthetic_generated,uses == for comparison correctly
gen_incorrect_cond_bug_157,data/ml/raw_snippets_generated/incorrect_conditional_operator/buggy/GenIncorrectConditionalBug157.java,java,INCORRECT_CONDITIONAL_OPERATOR,0,0,1,0,0,0,pair_417,buggy,synthetic_generated,uses assignment (=) instead of equality (==) in condition
gen_incorrect_cond_fix_157,data/ml/raw_snippets_generated/incorrect_conditional_operator/fixed/GenIncorrectConditionalFix157.java,java,NO_ISSUE,1,0,0,0,0,0,pair_417,fixed,synthetic_generated,uses == for comparison correctly
gen_incorrect_cond_bug_158,data/ml/raw_snippets_generated/incorrect_conditional_operator/buggy/GenIncorrectConditionalBug158.java,java,INCORRECT_CONDITIONAL_OPERATOR,0,0,1,0,0,0,pair_418,buggy,synthetic_generated,uses assignment (=) instead of equality (==) in condition
gen_incorrect_cond_fix_158,data/ml/raw_snippets_generated/incorrect_conditional_operator/fixed/GenIncorrectConditionalFix158.java,java,NO_ISSUE,1,0,0,0,0,0,pair_418,fixed,synthetic_generated,uses == for comparison correctly
gen_incorrect_cond_bug_159,data/ml/raw_snippets_generated/incorrect_conditional_operator/buggy/GenIncorrectConditionalBug159.java,java,INCORRECT_CONDITIONAL_OPERATOR,0,0,1,0,0,0,pair_419,buggy,synthetic_generated,uses assignment (=) instead of equality (==) in condition
gen_incorrect_cond_fix_159,data/ml/raw_snippets_generated/incorrect_conditional_operator/fixed/GenIncorrectConditionalFix159.java,java,NO_ISSUE,1,0,0,0,0,0,pair_419,fixed,synthetic_generated,uses == for comparison correctly
gen_incorrect_cond_bug_160,data/ml/raw_snippets_generated/incorrect_conditional_operator/buggy/GenIncorrectConditionalBug160.java,java,INCORRECT_CONDITIONAL_OPERATOR,0,0,1,0,0,0,pair_420,buggy,synthetic_generated,uses assignment (=) instead of equality (==) in condition
gen_incorrect_cond_fix_160,data/ml/raw_snippets_generated/incorrect_conditional_operator/fixed/GenIncorrectConditionalFix160.java,java,NO_ISSUE,1,0,0,0,0,0,pair_420,fixed,synthetic_generated,uses == for comparison correctly
gen_incorrect_cond_bug_161,data/ml/raw_snippets_generated/incorrect_conditional_operator/buggy/GenIncorrectConditionalBug161.java,java,INCORRECT_CONDITIONAL_OPERATOR,0,0,1,0,0,0,pair_421,buggy,synthetic_generated,uses assignment (=) instead of equality (==) in condition
gen_incorrect_cond_fix_161,data/ml/raw_snippets_generated/incorrect_conditional_operator/fixed/GenIncorrectConditionalFix161.java,java,NO_ISSUE,1,0,0,0,0,0,pair_421,fixed,synthetic_generated,uses == for comparison correctly
gen_incorrect_cond_bug_162,data/ml/raw_snippets_generated/incorrect_conditional_operator/buggy/GenIncorrectConditionalBug162.java,java,INCORRECT_CONDITIONAL_OPERATOR,0,0,1,0,0,0,pair_422,buggy,synthetic_generated,uses assignment (=) instead of equality (==) in condition
gen_incorrect_cond_fix_162,data/ml/raw_snippets_generated/incorrect_conditional_operator/fixed/GenIncorrectConditionalFix162.java,java,NO_ISSUE,1,0,0,0,0,0,pair_422,fixed,synthetic_generated,uses == for comparison correctly
gen_incorrect_cond_bug_163,data/ml/raw_snippets_generated/incorrect_conditional_operator/buggy/GenIncorrectConditionalBug163.java,java,INCORRECT_CONDITIONAL_OPERATOR,0,0,1,0,0,0,pair_423,buggy,synthetic_generated,uses assignment (=) instead of equality (==) in condition
gen_incorrect_cond_fix_163,data/ml/raw_snippets_generated/incorrect_conditional_operator/fixed/GenIncorrectConditionalFix163.java,java,NO_ISSUE,1,0,0,0,0,0,pair_423,fixed,synthetic_generated,uses == for comparison correctly
gen_incorrect_cond_bug_164,data/ml/raw_snippets_generated/incorrect_conditional_operator/buggy/GenIncorrectConditionalBug164.java,java,INCORRECT_CONDITIONAL_OPERATOR,0,0,1,0,0,0,pair_424,buggy,synthetic_generated,uses assignment (=) instead of equality (==) in condition
gen_incorrect_cond_fix_164,data/ml/raw_snippets_generated/incorrect_conditional_operator/fixed/GenIncorrectConditionalFix164.java,java,NO_ISSUE,1,0,0,0,0,0,pair_424,fixed,synthetic_generated,uses == for comparison correctly
gen_incorrect_cond_bug_165,data/ml/raw_snippets_generated/incorrect_conditional_operator/buggy/GenIncorrectConditionalBug165.java,java,INCORRECT_CONDITIONAL_OPERATOR,0,0,1,0,0,0,pair_425,buggy,synthetic_generated,uses assignment (=) instead of equality (==) in condition
gen_incorrect_cond_fix_165,data/ml/raw_snippets_generated/incorrect_conditional_operator/fixed/GenIncorrectConditionalFix165.java,java,NO_ISSUE,1,0,0,0,0,0,pair_425,fixed,synthetic_generated,uses == for comparison correctly
gen_incorrect_cond_bug_166,data/ml/raw_snippets_generated/incorrect_conditional_operator/buggy/GenIncorrectConditionalBug166.java,java,INCORRECT_CONDITIONAL_OPERATOR,0,0,1,0,0,0,pair_426,buggy,synthetic_generated,uses assignment (=) instead of equality (==) in condition
gen_incorrect_cond_fix_166,data/ml/raw_snippets_generated/incorrect_conditional_operator/fixed/GenIncorrectConditionalFix166.java,java,NO_ISSUE,1,0,0,0,0,0,pair_426,fixed,synthetic_generated,uses == for comparison correctly
gen_incorrect_cond_bug_167,data/ml/raw_snippets_generated/incorrect_conditional_operator/buggy/GenIncorrectConditionalBug167.java,java,INCORRECT_CONDITIONAL_OPERATOR,0,0,1,0,0,0,pair_427,buggy,synthetic_generated,uses assignment (=) instead of equality (==) in condition
gen_incorrect_cond_fix_167,data/ml/raw_snippets_generated/incorrect_conditional_operator/fixed/GenIncorrectConditionalFix167.java,java,NO_ISSUE,1,0,0,0,0,0,pair_427,fixed,synthetic_generated,uses == for comparison correctly
gen_incorrect_cond_bug_168,data/ml/raw_snippets_generated/incorrect_conditional_operator/buggy/GenIncorrectConditionalBug168.java,java,INCORRECT_CONDITIONAL_OPERATOR,0,0,1,0,0,0,pair_428,buggy,synthetic_generated,uses assignment (=) instead of equality (==) in condition
gen_incorrect_cond_fix_168,data/ml/raw_snippets_generated/incorrect_conditional_operator/fixed/GenIncorrectConditionalFix168.java,java,NO_ISSUE,1,0,0,0,0,0,pair_428,fixed,synthetic_generated,uses == for comparison correctly
gen_incorrect_cond_bug_169,data/ml/raw_snippets_generated/incorrect_conditional_operator/buggy/GenIncorrectConditionalBug169.java,java,INCORRECT_CONDITIONAL_OPERATOR,0,0,1,0,0,0,pair_429,buggy,synthetic_generated,uses assignment (=) instead of equality (==) in condition
gen_incorrect_cond_fix_169,data/ml/raw_snippets_generated/incorrect_conditional_operator/fixed/GenIncorrectConditionalFix169.java,java,NO_ISSUE,1,0,0,0,0,0,pair_429,fixed,synthetic_generated,uses == for comparison correctly
gen_incorrect_cond_bug_170,data/ml/raw_snippets_generated/incorrect_conditional_operator/buggy/GenIncorrectConditionalBug170.java,java,INCORRECT_CONDITIONAL_OPERATOR,0,0,1,0,0,0,pair_430,buggy,synthetic_generated,uses assignment (=) instead of equality (==) in condition
gen_incorrect_cond_fix_170,data/ml/raw_snippets_generated/incorrect_conditional_operator/fixed/GenIncorrectConditionalFix170.java,java,NO_ISSUE,1,0,0,0,0,0,pair_430,fixed,synthetic_generated,uses == for comparison correctly
gen_array_index_bug_001,data/ml/raw_snippets_generated/array_length_index_misuse/buggy/GenArrayIndexBug001.java,java,ARRAY_LENGTH_INDEX_MISUSE,0,0,0,1,0,0,pair_431,buggy,synthetic_generated,accesses array[array.length] directly (out of bounds)
gen_array_index_fix_001,data/ml/raw_snippets_generated/array_length_index_misuse/fixed/GenArrayIndexFix001.java,java,NO_ISSUE,1,0,0,0,0,0,pair_431,fixed,synthetic_generated,corrected with .length - 1 as last valid index
gen_array_index_bug_002,data/ml/raw_snippets_generated/array_length_index_misuse/buggy/GenArrayIndexBug002.java,java,ARRAY_LENGTH_INDEX_MISUSE,0,0,0,1,0,0,pair_432,buggy,synthetic_generated,accesses array[array.length] directly (out of bounds)
gen_array_index_fix_002,data/ml/raw_snippets_generated/array_length_index_misuse/fixed/GenArrayIndexFix002.java,java,NO_ISSUE,1,0,0,0,0,0,pair_432,fixed,synthetic_generated,corrected with .length - 1 as last valid index
gen_array_index_bug_003,data/ml/raw_snippets_generated/array_length_index_misuse/buggy/GenArrayIndexBug003.java,java,ARRAY_LENGTH_INDEX_MISUSE,0,0,0,1,0,0,pair_433,buggy,synthetic_generated,accesses array[array.length] directly (out of bounds)
gen_array_index_fix_003,data/ml/raw_snippets_generated/array_length_index_misuse/fixed/GenArrayIndexFix003.java,java,NO_ISSUE,1,0,0,0,0,0,pair_433,fixed,synthetic_generated,corrected with .length - 1 as last valid index
gen_array_index_bug_004,data/ml/raw_snippets_generated/array_length_index_misuse/buggy/GenArrayIndexBug004.java,java,ARRAY_LENGTH_INDEX_MISUSE,0,0,0,1,0,0,pair_434,buggy,synthetic_generated,accesses array[array.length] directly (out of bounds)
gen_array_index_fix_004,data/ml/raw_snippets_generated/array_length_index_misuse/fixed/GenArrayIndexFix004.java,java,NO_ISSUE,1,0,0,0,0,0,pair_434,fixed,synthetic_generated,corrected with .length - 1 as last valid index
gen_array_index_bug_005,data/ml/raw_snippets_generated/array_length_index_misuse/buggy/GenArrayIndexBug005.java,java,ARRAY_LENGTH_INDEX_MISUSE,0,0,0,1,0,0,pair_435,buggy,synthetic_generated,accesses array[array.length] directly (out of bounds)
gen_array_index_fix_005,data/ml/raw_snippets_generated/array_length_index_misuse/fixed/GenArrayIndexFix005.java,java,NO_ISSUE,1,0,0,0,0,0,pair_435,fixed,synthetic_generated,corrected with .length - 1 as last valid index
gen_array_index_bug_006,data/ml/raw_snippets_generated/array_length_index_misuse/buggy/GenArrayIndexBug006.java,java,ARRAY_LENGTH_INDEX_MISUSE,0,0,0,1,0,0,pair_436,buggy,synthetic_generated,accesses array[array.length] directly (out of bounds)
gen_array_index_fix_006,data/ml/raw_snippets_generated/array_length_index_misuse/fixed/GenArrayIndexFix006.java,java,NO_ISSUE,1,0,0,0,0,0,pair_436,fixed,synthetic_generated,corrected with .length - 1 as last valid index
gen_array_index_bug_007,data/ml/raw_snippets_generated/array_length_index_misuse/buggy/GenArrayIndexBug007.java,java,ARRAY_LENGTH_INDEX_MISUSE,0,0,0,1,0,0,pair_437,buggy,synthetic_generated,accesses array[array.length] directly (out of bounds)
gen_array_index_fix_007,data/ml/raw_snippets_generated/array_length_index_misuse/fixed/GenArrayIndexFix007.java,java,NO_ISSUE,1,0,0,0,0,0,pair_437,fixed,synthetic_generated,corrected with .length - 1 as last valid index
gen_array_index_bug_008,data/ml/raw_snippets_generated/array_length_index_misuse/buggy/GenArrayIndexBug008.java,java,ARRAY_LENGTH_INDEX_MISUSE,0,0,0,1,0,0,pair_438,buggy,synthetic_generated,accesses array[array.length] directly (out of bounds)
gen_array_index_fix_008,data/ml/raw_snippets_generated/array_length_index_misuse/fixed/GenArrayIndexFix008.java,java,NO_ISSUE,1,0,0,0,0,0,pair_438,fixed,synthetic_generated,corrected with .length - 1 as last valid index
gen_array_index_bug_009,data/ml/raw_snippets_generated/array_length_index_misuse/buggy/GenArrayIndexBug009.java,java,ARRAY_LENGTH_INDEX_MISUSE,0,0,0,1,0,0,pair_439,buggy,synthetic_generated,accesses array[array.length] directly (out of bounds)
gen_array_index_fix_009,data/ml/raw_snippets_generated/array_length_index_misuse/fixed/GenArrayIndexFix009.java,java,NO_ISSUE,1,0,0,0,0,0,pair_439,fixed,synthetic_generated,corrected with .length - 1 as last valid index
gen_array_index_bug_010,data/ml/raw_snippets_generated/array_length_index_misuse/buggy/GenArrayIndexBug010.java,java,ARRAY_LENGTH_INDEX_MISUSE,0,0,0,1,0,0,pair_440,buggy,synthetic_generated,accesses array[array.length] directly (out of bounds)
gen_array_index_fix_010,data/ml/raw_snippets_generated/array_length_index_misuse/fixed/GenArrayIndexFix010.java,java,NO_ISSUE,1,0,0,0,0,0,pair_440,fixed,synthetic_generated,corrected with .length - 1 as last valid index
gen_array_index_bug_011,data/ml/raw_snippets_generated/array_length_index_misuse/buggy/GenArrayIndexBug011.java,java,ARRAY_LENGTH_INDEX_MISUSE,0,0,0,1,0,0,pair_441,buggy,synthetic_generated,accesses array[array.length] directly (out of bounds)
gen_array_index_fix_011,data/ml/raw_snippets_generated/array_length_index_misuse/fixed/GenArrayIndexFix011.java,java,NO_ISSUE,1,0,0,0,0,0,pair_441,fixed,synthetic_generated,corrected with .length - 1 as last valid index
gen_array_index_bug_012,data/ml/raw_snippets_generated/array_length_index_misuse/buggy/GenArrayIndexBug012.java,java,ARRAY_LENGTH_INDEX_MISUSE,0,0,0,1,0,0,pair_442,buggy,synthetic_generated,accesses array[array.length] directly (out of bounds)
gen_array_index_fix_012,data/ml/raw_snippets_generated/array_length_index_misuse/fixed/GenArrayIndexFix012.java,java,NO_ISSUE,1,0,0,0,0,0,pair_442,fixed,synthetic_generated,corrected with .length - 1 as last valid index
gen_array_index_bug_013,data/ml/raw_snippets_generated/array_length_index_misuse/buggy/GenArrayIndexBug013.java,java,ARRAY_LENGTH_INDEX_MISUSE,0,0,0,1,0,0,pair_443,buggy,synthetic_generated,accesses array[array.length] directly (out of bounds)
gen_array_index_fix_013,data/ml/raw_snippets_generated/array_length_index_misuse/fixed/GenArrayIndexFix013.java,java,NO_ISSUE,1,0,0,0,0,0,pair_443,fixed,synthetic_generated,corrected with .length - 1 as last valid index
gen_array_index_bug_014,data/ml/raw_snippets_generated/array_length_index_misuse/buggy/GenArrayIndexBug014.java,java,ARRAY_LENGTH_INDEX_MISUSE,0,0,0,1,0,0,pair_444,buggy,synthetic_generated,accesses array[array.length] directly (out of bounds)
gen_array_index_fix_014,data/ml/raw_snippets_generated/array_length_index_misuse/fixed/GenArrayIndexFix014.java,java,NO_ISSUE,1,0,0,0,0,0,pair_444,fixed,synthetic_generated,corrected with .length - 1 as last valid index
gen_array_index_bug_015,data/ml/raw_snippets_generated/array_length_index_misuse/buggy/GenArrayIndexBug015.java,java,ARRAY_LENGTH_INDEX_MISUSE,0,0,0,1,0,0,pair_445,buggy,synthetic_generated,accesses array[array.length] directly (out of bounds)
gen_array_index_fix_015,data/ml/raw_snippets_generated/array_length_index_misuse/fixed/GenArrayIndexFix015.java,java,NO_ISSUE,1,0,0,0,0,0,pair_445,fixed,synthetic_generated,corrected with .length - 1 as last valid index
gen_array_index_bug_016,data/ml/raw_snippets_generated/array_length_index_misuse/buggy/GenArrayIndexBug016.java,java,ARRAY_LENGTH_INDEX_MISUSE,0,0,0,1,0,0,pair_446,buggy,synthetic_generated,accesses array[array.length] directly (out of bounds)
gen_array_index_fix_016,data/ml/raw_snippets_generated/array_length_index_misuse/fixed/GenArrayIndexFix016.java,java,NO_ISSUE,1,0,0,0,0,0,pair_446,fixed,synthetic_generated,corrected with .length - 1 as last valid index
gen_array_index_bug_017,data/ml/raw_snippets_generated/array_length_index_misuse/buggy/GenArrayIndexBug017.java,java,ARRAY_LENGTH_INDEX_MISUSE,0,0,0,1,0,0,pair_447,buggy,synthetic_generated,accesses array[array.length] directly (out of bounds)
gen_array_index_fix_017,data/ml/raw_snippets_generated/array_length_index_misuse/fixed/GenArrayIndexFix017.java,java,NO_ISSUE,1,0,0,0,0,0,pair_447,fixed,synthetic_generated,corrected with .length - 1 as last valid index
gen_array_index_bug_018,data/ml/raw_snippets_generated/array_length_index_misuse/buggy/GenArrayIndexBug018.java,java,ARRAY_LENGTH_INDEX_MISUSE,0,0,0,1,0,0,pair_448,buggy,synthetic_generated,accesses array[array.length] directly (out of bounds)
gen_array_index_fix_018,data/ml/raw_snippets_generated/array_length_index_misuse/fixed/GenArrayIndexFix018.java,java,NO_ISSUE,1,0,0,0,0,0,pair_448,fixed,synthetic_generated,corrected with .length - 1 as last valid index
gen_array_index_bug_019,data/ml/raw_snippets_generated/array_length_index_misuse/buggy/GenArrayIndexBug019.java,java,ARRAY_LENGTH_INDEX_MISUSE,0,0,0,1,0,0,pair_449,buggy,synthetic_generated,accesses array[array.length] directly (out of bounds)
gen_array_index_fix_019,data/ml/raw_snippets_generated/array_length_index_misuse/fixed/GenArrayIndexFix019.java,java,NO_ISSUE,1,0,0,0,0,0,pair_449,fixed,synthetic_generated,corrected with .length - 1 as last valid index
gen_array_index_bug_020,data/ml/raw_snippets_generated/array_length_index_misuse/buggy/GenArrayIndexBug020.java,java,ARRAY_LENGTH_INDEX_MISUSE,0,0,0,1,0,0,pair_450,buggy,synthetic_generated,accesses array[array.length] directly (out of bounds)
gen_array_index_fix_020,data/ml/raw_snippets_generated/array_length_index_misuse/fixed/GenArrayIndexFix020.java,java,NO_ISSUE,1,0,0,0,0,0,pair_450,fixed,synthetic_generated,corrected with .length - 1 as last valid index
gen_array_index_bug_021,data/ml/raw_snippets_generated/array_length_index_misuse/buggy/GenArrayIndexBug021.java,java,ARRAY_LENGTH_INDEX_MISUSE,0,0,0,1,0,0,pair_451,buggy,synthetic_generated,accesses array[array.length] directly (out of bounds)
gen_array_index_fix_021,data/ml/raw_snippets_generated/array_length_index_misuse/fixed/GenArrayIndexFix021.java,java,NO_ISSUE,1,0,0,0,0,0,pair_451,fixed,synthetic_generated,corrected with .length - 1 as last valid index
gen_array_index_bug_022,data/ml/raw_snippets_generated/array_length_index_misuse/buggy/GenArrayIndexBug022.java,java,ARRAY_LENGTH_INDEX_MISUSE,0,0,0,1,0,0,pair_452,buggy,synthetic_generated,accesses array[array.length] directly (out of bounds)
gen_array_index_fix_022,data/ml/raw_snippets_generated/array_length_index_misuse/fixed/GenArrayIndexFix022.java,java,NO_ISSUE,1,0,0,0,0,0,pair_452,fixed,synthetic_generated,corrected with .length - 1 as last valid index
gen_array_index_bug_023,data/ml/raw_snippets_generated/array_length_index_misuse/buggy/GenArrayIndexBug023.java,java,ARRAY_LENGTH_INDEX_MISUSE,0,0,0,1,0,0,pair_453,buggy,synthetic_generated,accesses array[array.length] directly (out of bounds)
gen_array_index_fix_023,data/ml/raw_snippets_generated/array_length_index_misuse/fixed/GenArrayIndexFix023.java,java,NO_ISSUE,1,0,0,0,0,0,pair_453,fixed,synthetic_generated,corrected with .length - 1 as last valid index
gen_array_index_bug_024,data/ml/raw_snippets_generated/array_length_index_misuse/buggy/GenArrayIndexBug024.java,java,ARRAY_LENGTH_INDEX_MISUSE,0,0,0,1,0,0,pair_454,buggy,synthetic_generated,accesses array[array.length] directly (out of bounds)
gen_array_index_fix_024,data/ml/raw_snippets_generated/array_length_index_misuse/fixed/GenArrayIndexFix024.java,java,NO_ISSUE,1,0,0,0,0,0,pair_454,fixed,synthetic_generated,corrected with .length - 1 as last valid index
gen_array_index_bug_025,data/ml/raw_snippets_generated/array_length_index_misuse/buggy/GenArrayIndexBug025.java,java,ARRAY_LENGTH_INDEX_MISUSE,0,0,0,1,0,0,pair_455,buggy,synthetic_generated,accesses array[array.length] directly (out of bounds)
gen_array_index_fix_025,data/ml/raw_snippets_generated/array_length_index_misuse/fixed/GenArrayIndexFix025.java,java,NO_ISSUE,1,0,0,0,0,0,pair_455,fixed,synthetic_generated,corrected with .length - 1 as last valid index
gen_array_index_bug_026,data/ml/raw_snippets_generated/array_length_index_misuse/buggy/GenArrayIndexBug026.java,java,ARRAY_LENGTH_INDEX_MISUSE,0,0,0,1,0,0,pair_456,buggy,synthetic_generated,accesses array[array.length] directly (out of bounds)
gen_array_index_fix_026,data/ml/raw_snippets_generated/array_length_index_misuse/fixed/GenArrayIndexFix026.java,java,NO_ISSUE,1,0,0,0,0,0,pair_456,fixed,synthetic_generated,corrected with .length - 1 as last valid index
gen_array_index_bug_027,data/ml/raw_snippets_generated/array_length_index_misuse/buggy/GenArrayIndexBug027.java,java,ARRAY_LENGTH_INDEX_MISUSE,0,0,0,1,0,0,pair_457,buggy,synthetic_generated,accesses array[array.length] directly (out of bounds)
gen_array_index_fix_027,data/ml/raw_snippets_generated/array_length_index_misuse/fixed/GenArrayIndexFix027.java,java,NO_ISSUE,1,0,0,0,0,0,pair_457,fixed,synthetic_generated,corrected with .length - 1 as last valid index
gen_array_index_bug_028,data/ml/raw_snippets_generated/array_length_index_misuse/buggy/GenArrayIndexBug028.java,java,ARRAY_LENGTH_INDEX_MISUSE,0,0,0,1,0,0,pair_458,buggy,synthetic_generated,accesses array[array.length] directly (out of bounds)
gen_array_index_fix_028,data/ml/raw_snippets_generated/array_length_index_misuse/fixed/GenArrayIndexFix028.java,java,NO_ISSUE,1,0,0,0,0,0,pair_458,fixed,synthetic_generated,corrected with .length - 1 as last valid index
gen_array_index_bug_029,data/ml/raw_snippets_generated/array_length_index_misuse/buggy/GenArrayIndexBug029.java,java,ARRAY_LENGTH_INDEX_MISUSE,0,0,0,1,0,0,pair_459,buggy,synthetic_generated,accesses array[array.length] directly (out of bounds)
gen_array_index_fix_029,data/ml/raw_snippets_generated/array_length_index_misuse/fixed/GenArrayIndexFix029.java,java,NO_ISSUE,1,0,0,0,0,0,pair_459,fixed,synthetic_generated,corrected with .length - 1 as last valid index
gen_array_index_bug_030,data/ml/raw_snippets_generated/array_length_index_misuse/buggy/GenArrayIndexBug030.java,java,ARRAY_LENGTH_INDEX_MISUSE,0,0,0,1,0,0,pair_460,buggy,synthetic_generated,accesses array[array.length] directly (out of bounds)
gen_array_index_fix_030,data/ml/raw_snippets_generated/array_length_index_misuse/fixed/GenArrayIndexFix030.java,java,NO_ISSUE,1,0,0,0,0,0,pair_460,fixed,synthetic_generated,corrected with .length - 1 as last valid index
gen_array_index_bug_031,data/ml/raw_snippets_generated/array_length_index_misuse/buggy/GenArrayIndexBug031.java,java,ARRAY_LENGTH_INDEX_MISUSE,0,0,0,1,0,0,pair_461,buggy,synthetic_generated,accesses array[array.length] directly (out of bounds)
gen_array_index_fix_031,data/ml/raw_snippets_generated/array_length_index_misuse/fixed/GenArrayIndexFix031.java,java,NO_ISSUE,1,0,0,0,0,0,pair_461,fixed,synthetic_generated,corrected with .length - 1 as last valid index
gen_array_index_bug_032,data/ml/raw_snippets_generated/array_length_index_misuse/buggy/GenArrayIndexBug032.java,java,ARRAY_LENGTH_INDEX_MISUSE,0,0,0,1,0,0,pair_462,buggy,synthetic_generated,accesses array[array.length] directly (out of bounds)
gen_array_index_fix_032,data/ml/raw_snippets_generated/array_length_index_misuse/fixed/GenArrayIndexFix032.java,java,NO_ISSUE,1,0,0,0,0,0,pair_462,fixed,synthetic_generated,corrected with .length - 1 as last valid index
gen_array_index_bug_033,data/ml/raw_snippets_generated/array_length_index_misuse/buggy/GenArrayIndexBug033.java,java,ARRAY_LENGTH_INDEX_MISUSE,0,0,0,1,0,0,pair_463,buggy,synthetic_generated,accesses array[array.length] directly (out of bounds)
gen_array_index_fix_033,data/ml/raw_snippets_generated/array_length_index_misuse/fixed/GenArrayIndexFix033.java,java,NO_ISSUE,1,0,0,0,0,0,pair_463,fixed,synthetic_generated,corrected with .length - 1 as last valid index
gen_array_index_bug_034,data/ml/raw_snippets_generated/array_length_index_misuse/buggy/GenArrayIndexBug034.java,java,ARRAY_LENGTH_INDEX_MISUSE,0,0,0,1,0,0,pair_464,buggy,synthetic_generated,accesses array[array.length] directly (out of bounds)
gen_array_index_fix_034,data/ml/raw_snippets_generated/array_length_index_misuse/fixed/GenArrayIndexFix034.java,java,NO_ISSUE,1,0,0,0,0,0,pair_464,fixed,synthetic_generated,corrected with .length - 1 as last valid index
gen_array_index_bug_035,data/ml/raw_snippets_generated/array_length_index_misuse/buggy/GenArrayIndexBug035.java,java,ARRAY_LENGTH_INDEX_MISUSE,0,0,0,1,0,0,pair_465,buggy,synthetic_generated,accesses array[array.length] directly (out of bounds)
gen_array_index_fix_035,data/ml/raw_snippets_generated/array_length_index_misuse/fixed/GenArrayIndexFix035.java,java,NO_ISSUE,1,0,0,0,0,0,pair_465,fixed,synthetic_generated,corrected with .length - 1 as last valid index
gen_array_index_bug_036,data/ml/raw_snippets_generated/array_length_index_misuse/buggy/GenArrayIndexBug036.java,java,ARRAY_LENGTH_INDEX_MISUSE,0,0,0,1,0,0,pair_466,buggy,synthetic_generated,accesses array[array.length] directly (out of bounds)
gen_array_index_fix_036,data/ml/raw_snippets_generated/array_length_index_misuse/fixed/GenArrayIndexFix036.java,java,NO_ISSUE,1,0,0,0,0,0,pair_466,fixed,synthetic_generated,corrected with .length - 1 as last valid index
gen_array_index_bug_037,data/ml/raw_snippets_generated/array_length_index_misuse/buggy/GenArrayIndexBug037.java,java,ARRAY_LENGTH_INDEX_MISUSE,0,0,0,1,0,0,pair_467,buggy,synthetic_generated,accesses array[array.length] directly (out of bounds)
gen_array_index_fix_037,data/ml/raw_snippets_generated/array_length_index_misuse/fixed/GenArrayIndexFix037.java,java,NO_ISSUE,1,0,0,0,0,0,pair_467,fixed,synthetic_generated,corrected with .length - 1 as last valid index
gen_array_index_bug_038,data/ml/raw_snippets_generated/array_length_index_misuse/buggy/GenArrayIndexBug038.java,java,ARRAY_LENGTH_INDEX_MISUSE,0,0,0,1,0,0,pair_468,buggy,synthetic_generated,accesses array[array.length] directly (out of bounds)
gen_array_index_fix_038,data/ml/raw_snippets_generated/array_length_index_misuse/fixed/GenArrayIndexFix038.java,java,NO_ISSUE,1,0,0,0,0,0,pair_468,fixed,synthetic_generated,corrected with .length - 1 as last valid index
gen_array_index_bug_039,data/ml/raw_snippets_generated/array_length_index_misuse/buggy/GenArrayIndexBug039.java,java,ARRAY_LENGTH_INDEX_MISUSE,0,0,0,1,0,0,pair_469,buggy,synthetic_generated,accesses array[array.length] directly (out of bounds)
gen_array_index_fix_039,data/ml/raw_snippets_generated/array_length_index_misuse/fixed/GenArrayIndexFix039.java,java,NO_ISSUE,1,0,0,0,0,0,pair_469,fixed,synthetic_generated,corrected with .length - 1 as last valid index
gen_array_index_bug_040,data/ml/raw_snippets_generated/array_length_index_misuse/buggy/GenArrayIndexBug040.java,java,ARRAY_LENGTH_INDEX_MISUSE,0,0,0,1,0,0,pair_470,buggy,synthetic_generated,accesses array[array.length] directly (out of bounds)
gen_array_index_fix_040,data/ml/raw_snippets_generated/array_length_index_misuse/fixed/GenArrayIndexFix040.java,java,NO_ISSUE,1,0,0,0,0,0,pair_470,fixed,synthetic_generated,corrected with .length - 1 as last valid index
gen_array_index_bug_041,data/ml/raw_snippets_generated/array_length_index_misuse/buggy/GenArrayIndexBug041.java,java,ARRAY_LENGTH_INDEX_MISUSE,0,0,0,1,0,0,pair_471,buggy,synthetic_generated,accesses array[array.length] directly (out of bounds)
gen_array_index_fix_041,data/ml/raw_snippets_generated/array_length_index_misuse/fixed/GenArrayIndexFix041.java,java,NO_ISSUE,1,0,0,0,0,0,pair_471,fixed,synthetic_generated,corrected with .length - 1 as last valid index
gen_array_index_bug_042,data/ml/raw_snippets_generated/array_length_index_misuse/buggy/GenArrayIndexBug042.java,java,ARRAY_LENGTH_INDEX_MISUSE,0,0,0,1,0,0,pair_472,buggy,synthetic_generated,accesses array[array.length] directly (out of bounds)
gen_array_index_fix_042,data/ml/raw_snippets_generated/array_length_index_misuse/fixed/GenArrayIndexFix042.java,java,NO_ISSUE,1,0,0,0,0,0,pair_472,fixed,synthetic_generated,corrected with .length - 1 as last valid index
gen_array_index_bug_043,data/ml/raw_snippets_generated/array_length_index_misuse/buggy/GenArrayIndexBug043.java,java,ARRAY_LENGTH_INDEX_MISUSE,0,0,0,1,0,0,pair_473,buggy,synthetic_generated,accesses array[array.length] directly (out of bounds)
gen_array_index_fix_043,data/ml/raw_snippets_generated/array_length_index_misuse/fixed/GenArrayIndexFix043.java,java,NO_ISSUE,1,0,0,0,0,0,pair_473,fixed,synthetic_generated,corrected with .length - 1 as last valid index
gen_array_index_bug_044,data/ml/raw_snippets_generated/array_length_index_misuse/buggy/GenArrayIndexBug044.java,java,ARRAY_LENGTH_INDEX_MISUSE,0,0,0,1,0,0,pair_474,buggy,synthetic_generated,accesses array[array.length] directly (out of bounds)
gen_array_index_fix_044,data/ml/raw_snippets_generated/array_length_index_misuse/fixed/GenArrayIndexFix044.java,java,NO_ISSUE,1,0,0,0,0,0,pair_474,fixed,synthetic_generated,corrected with .length - 1 as last valid index
gen_array_index_bug_045,data/ml/raw_snippets_generated/array_length_index_misuse/buggy/GenArrayIndexBug045.java,java,ARRAY_LENGTH_INDEX_MISUSE,0,0,0,1,0,0,pair_475,buggy,synthetic_generated,accesses array[array.length] directly (out of bounds)
gen_array_index_fix_045,data/ml/raw_snippets_generated/array_length_index_misuse/fixed/GenArrayIndexFix045.java,java,NO_ISSUE,1,0,0,0,0,0,pair_475,fixed,synthetic_generated,corrected with .length - 1 as last valid index
gen_array_index_bug_046,data/ml/raw_snippets_generated/array_length_index_misuse/buggy/GenArrayIndexBug046.java,java,ARRAY_LENGTH_INDEX_MISUSE,0,0,0,1,0,0,pair_476,buggy,synthetic_generated,accesses array[array.length] directly (out of bounds)
gen_array_index_fix_046,data/ml/raw_snippets_generated/array_length_index_misuse/fixed/GenArrayIndexFix046.java,java,NO_ISSUE,1,0,0,0,0,0,pair_476,fixed,synthetic_generated,corrected with .length - 1 as last valid index
gen_array_index_bug_047,data/ml/raw_snippets_generated/array_length_index_misuse/buggy/GenArrayIndexBug047.java,java,ARRAY_LENGTH_INDEX_MISUSE,0,0,0,1,0,0,pair_477,buggy,synthetic_generated,accesses array[array.length] directly (out of bounds)
gen_array_index_fix_047,data/ml/raw_snippets_generated/array_length_index_misuse/fixed/GenArrayIndexFix047.java,java,NO_ISSUE,1,0,0,0,0,0,pair_477,fixed,synthetic_generated,corrected with .length - 1 as last valid index
gen_array_index_bug_048,data/ml/raw_snippets_generated/array_length_index_misuse/buggy/GenArrayIndexBug048.java,java,ARRAY_LENGTH_INDEX_MISUSE,0,0,0,1,0,0,pair_478,buggy,synthetic_generated,accesses array[array.length] directly (out of bounds)
gen_array_index_fix_048,data/ml/raw_snippets_generated/array_length_index_misuse/fixed/GenArrayIndexFix048.java,java,NO_ISSUE,1,0,0,0,0,0,pair_478,fixed,synthetic_generated,corrected with .length - 1 as last valid index
gen_array_index_bug_049,data/ml/raw_snippets_generated/array_length_index_misuse/buggy/GenArrayIndexBug049.java,java,ARRAY_LENGTH_INDEX_MISUSE,0,0,0,1,0,0,pair_479,buggy,synthetic_generated,accesses array[array.length] directly (out of bounds)
gen_array_index_fix_049,data/ml/raw_snippets_generated/array_length_index_misuse/fixed/GenArrayIndexFix049.java,java,NO_ISSUE,1,0,0,0,0,0,pair_479,fixed,synthetic_generated,corrected with .length - 1 as last valid index
gen_array_index_bug_050,data/ml/raw_snippets_generated/array_length_index_misuse/buggy/GenArrayIndexBug050.java,java,ARRAY_LENGTH_INDEX_MISUSE,0,0,0,1,0,0,pair_480,buggy,synthetic_generated,accesses array[array.length] directly (out of bounds)
gen_array_index_fix_050,data/ml/raw_snippets_generated/array_length_index_misuse/fixed/GenArrayIndexFix050.java,java,NO_ISSUE,1,0,0,0,0,0,pair_480,fixed,synthetic_generated,corrected with .length - 1 as last valid index
gen_array_index_bug_051,data/ml/raw_snippets_generated/array_length_index_misuse/buggy/GenArrayIndexBug051.java,java,ARRAY_LENGTH_INDEX_MISUSE,0,0,0,1,0,0,pair_481,buggy,synthetic_generated,accesses array[array.length] directly (out of bounds)
gen_array_index_fix_051,data/ml/raw_snippets_generated/array_length_index_misuse/fixed/GenArrayIndexFix051.java,java,NO_ISSUE,1,0,0,0,0,0,pair_481,fixed,synthetic_generated,corrected with .length - 1 as last valid index
gen_array_index_bug_052,data/ml/raw_snippets_generated/array_length_index_misuse/buggy/GenArrayIndexBug052.java,java,ARRAY_LENGTH_INDEX_MISUSE,0,0,0,1,0,0,pair_482,buggy,synthetic_generated,accesses array[array.length] directly (out of bounds)
gen_array_index_fix_052,data/ml/raw_snippets_generated/array_length_index_misuse/fixed/GenArrayIndexFix052.java,java,NO_ISSUE,1,0,0,0,0,0,pair_482,fixed,synthetic_generated,corrected with .length - 1 as last valid index
gen_array_index_bug_053,data/ml/raw_snippets_generated/array_length_index_misuse/buggy/GenArrayIndexBug053.java,java,ARRAY_LENGTH_INDEX_MISUSE,0,0,0,1,0,0,pair_483,buggy,synthetic_generated,accesses array[array.length] directly (out of bounds)
gen_array_index_fix_053,data/ml/raw_snippets_generated/array_length_index_misuse/fixed/GenArrayIndexFix053.java,java,NO_ISSUE,1,0,0,0,0,0,pair_483,fixed,synthetic_generated,corrected with .length - 1 as last valid index
gen_array_index_bug_054,data/ml/raw_snippets_generated/array_length_index_misuse/buggy/GenArrayIndexBug054.java,java,ARRAY_LENGTH_INDEX_MISUSE,0,0,0,1,0,0,pair_484,buggy,synthetic_generated,accesses array[array.length] directly (out of bounds)
gen_array_index_fix_054,data/ml/raw_snippets_generated/array_length_index_misuse/fixed/GenArrayIndexFix054.java,java,NO_ISSUE,1,0,0,0,0,0,pair_484,fixed,synthetic_generated,corrected with .length - 1 as last valid index
gen_array_index_bug_055,data/ml/raw_snippets_generated/array_length_index_misuse/buggy/GenArrayIndexBug055.java,java,ARRAY_LENGTH_INDEX_MISUSE,0,0,0,1,0,0,pair_485,buggy,synthetic_generated,accesses array[array.length] directly (out of bounds)
gen_array_index_fix_055,data/ml/raw_snippets_generated/array_length_index_misuse/fixed/GenArrayIndexFix055.java,java,NO_ISSUE,1,0,0,0,0,0,pair_485,fixed,synthetic_generated,corrected with .length - 1 as last valid index
gen_array_index_bug_056,data/ml/raw_snippets_generated/array_length_index_misuse/buggy/GenArrayIndexBug056.java,java,ARRAY_LENGTH_INDEX_MISUSE,0,0,0,1,0,0,pair_486,buggy,synthetic_generated,accesses array[array.length] directly (out of bounds)
gen_array_index_fix_056,data/ml/raw_snippets_generated/array_length_index_misuse/fixed/GenArrayIndexFix056.java,java,NO_ISSUE,1,0,0,0,0,0,pair_486,fixed,synthetic_generated,corrected with .length - 1 as last valid index
gen_array_index_bug_057,data/ml/raw_snippets_generated/array_length_index_misuse/buggy/GenArrayIndexBug057.java,java,ARRAY_LENGTH_INDEX_MISUSE,0,0,0,1,0,0,pair_487,buggy,synthetic_generated,accesses array[array.length] directly (out of bounds)
gen_array_index_fix_057,data/ml/raw_snippets_generated/array_length_index_misuse/fixed/GenArrayIndexFix057.java,java,NO_ISSUE,1,0,0,0,0,0,pair_487,fixed,synthetic_generated,corrected with .length - 1 as last valid index
gen_array_index_bug_058,data/ml/raw_snippets_generated/array_length_index_misuse/buggy/GenArrayIndexBug058.java,java,ARRAY_LENGTH_INDEX_MISUSE,0,0,0,1,0,0,pair_488,buggy,synthetic_generated,accesses array[array.length] directly (out of bounds)
gen_array_index_fix_058,data/ml/raw_snippets_generated/array_length_index_misuse/fixed/GenArrayIndexFix058.java,java,NO_ISSUE,1,0,0,0,0,0,pair_488,fixed,synthetic_generated,corrected with .length - 1 as last valid index
gen_array_index_bug_059,data/ml/raw_snippets_generated/array_length_index_misuse/buggy/GenArrayIndexBug059.java,java,ARRAY_LENGTH_INDEX_MISUSE,0,0,0,1,0,0,pair_489,buggy,synthetic_generated,accesses array[array.length] directly (out of bounds)
gen_array_index_fix_059,data/ml/raw_snippets_generated/array_length_index_misuse/fixed/GenArrayIndexFix059.java,java,NO_ISSUE,1,0,0,0,0,0,pair_489,fixed,synthetic_generated,corrected with .length - 1 as last valid index
gen_array_index_bug_060,data/ml/raw_snippets_generated/array_length_index_misuse/buggy/GenArrayIndexBug060.java,java,ARRAY_LENGTH_INDEX_MISUSE,0,0,0,1,0,0,pair_490,buggy,synthetic_generated,accesses array[array.length] directly (out of bounds)
gen_array_index_fix_060,data/ml/raw_snippets_generated/array_length_index_misuse/fixed/GenArrayIndexFix060.java,java,NO_ISSUE,1,0,0,0,0,0,pair_490,fixed,synthetic_generated,corrected with .length - 1 as last valid index
gen_array_index_bug_061,data/ml/raw_snippets_generated/array_length_index_misuse/buggy/GenArrayIndexBug061.java,java,ARRAY_LENGTH_INDEX_MISUSE,0,0,0,1,0,0,pair_491,buggy,synthetic_generated,accesses array[array.length] directly (out of bounds)
gen_array_index_fix_061,data/ml/raw_snippets_generated/array_length_index_misuse/fixed/GenArrayIndexFix061.java,java,NO_ISSUE,1,0,0,0,0,0,pair_491,fixed,synthetic_generated,corrected with .length - 1 as last valid index
gen_array_index_bug_062,data/ml/raw_snippets_generated/array_length_index_misuse/buggy/GenArrayIndexBug062.java,java,ARRAY_LENGTH_INDEX_MISUSE,0,0,0,1,0,0,pair_492,buggy,synthetic_generated,accesses array[array.length] directly (out of bounds)
gen_array_index_fix_062,data/ml/raw_snippets_generated/array_length_index_misuse/fixed/GenArrayIndexFix062.java,java,NO_ISSUE,1,0,0,0,0,0,pair_492,fixed,synthetic_generated,corrected with .length - 1 as last valid index
gen_array_index_bug_063,data/ml/raw_snippets_generated/array_length_index_misuse/buggy/GenArrayIndexBug063.java,java,ARRAY_LENGTH_INDEX_MISUSE,0,0,0,1,0,0,pair_493,buggy,synthetic_generated,accesses array[array.length] directly (out of bounds)
gen_array_index_fix_063,data/ml/raw_snippets_generated/array_length_index_misuse/fixed/GenArrayIndexFix063.java,java,NO_ISSUE,1,0,0,0,0,0,pair_493,fixed,synthetic_generated,corrected with .length - 1 as last valid index
gen_array_index_bug_064,data/ml/raw_snippets_generated/array_length_index_misuse/buggy/GenArrayIndexBug064.java,java,ARRAY_LENGTH_INDEX_MISUSE,0,0,0,1,0,0,pair_494,buggy,synthetic_generated,accesses array[array.length] directly (out of bounds)
gen_array_index_fix_064,data/ml/raw_snippets_generated/array_length_index_misuse/fixed/GenArrayIndexFix064.java,java,NO_ISSUE,1,0,0,0,0,0,pair_494,fixed,synthetic_generated,corrected with .length - 1 as last valid index
gen_array_index_bug_065,data/ml/raw_snippets_generated/array_length_index_misuse/buggy/GenArrayIndexBug065.java,java,ARRAY_LENGTH_INDEX_MISUSE,0,0,0,1,0,0,pair_495,buggy,synthetic_generated,accesses array[array.length] directly (out of bounds)
gen_array_index_fix_065,data/ml/raw_snippets_generated/array_length_index_misuse/fixed/GenArrayIndexFix065.java,java,NO_ISSUE,1,0,0,0,0,0,pair_495,fixed,synthetic_generated,corrected with .length - 1 as last valid index
gen_array_index_bug_066,data/ml/raw_snippets_generated/array_length_index_misuse/buggy/GenArrayIndexBug066.java,java,ARRAY_LENGTH_INDEX_MISUSE,0,0,0,1,0,0,pair_496,buggy,synthetic_generated,accesses array[array.length] directly (out of bounds)
gen_array_index_fix_066,data/ml/raw_snippets_generated/array_length_index_misuse/fixed/GenArrayIndexFix066.java,java,NO_ISSUE,1,0,0,0,0,0,pair_496,fixed,synthetic_generated,corrected with .length - 1 as last valid index
gen_array_index_bug_067,data/ml/raw_snippets_generated/array_length_index_misuse/buggy/GenArrayIndexBug067.java,java,ARRAY_LENGTH_INDEX_MISUSE,0,0,0,1,0,0,pair_497,buggy,synthetic_generated,accesses array[array.length] directly (out of bounds)
gen_array_index_fix_067,data/ml/raw_snippets_generated/array_length_index_misuse/fixed/GenArrayIndexFix067.java,java,NO_ISSUE,1,0,0,0,0,0,pair_497,fixed,synthetic_generated,corrected with .length - 1 as last valid index
gen_array_index_bug_068,data/ml/raw_snippets_generated/array_length_index_misuse/buggy/GenArrayIndexBug068.java,java,ARRAY_LENGTH_INDEX_MISUSE,0,0,0,1,0,0,pair_498,buggy,synthetic_generated,accesses array[array.length] directly (out of bounds)
gen_array_index_fix_068,data/ml/raw_snippets_generated/array_length_index_misuse/fixed/GenArrayIndexFix068.java,java,NO_ISSUE,1,0,0,0,0,0,pair_498,fixed,synthetic_generated,corrected with .length - 1 as last valid index
gen_array_index_bug_069,data/ml/raw_snippets_generated/array_length_index_misuse/buggy/GenArrayIndexBug069.java,java,ARRAY_LENGTH_INDEX_MISUSE,0,0,0,1,0,0,pair_499,buggy,synthetic_generated,accesses array[array.length] directly (out of bounds)
gen_array_index_fix_069,data/ml/raw_snippets_generated/array_length_index_misuse/fixed/GenArrayIndexFix069.java,java,NO_ISSUE,1,0,0,0,0,0,pair_499,fixed,synthetic_generated,corrected with .length - 1 as last valid index
gen_array_index_bug_070,data/ml/raw_snippets_generated/array_length_index_misuse/buggy/GenArrayIndexBug070.java,java,ARRAY_LENGTH_INDEX_MISUSE,0,0,0,1,0,0,pair_500,buggy,synthetic_generated,accesses array[array.length] directly (out of bounds)
gen_array_index_fix_070,data/ml/raw_snippets_generated/array_length_index_misuse/fixed/GenArrayIndexFix070.java,java,NO_ISSUE,1,0,0,0,0,0,pair_500,fixed,synthetic_generated,corrected with .length - 1 as last valid index
gen_array_index_bug_071,data/ml/raw_snippets_generated/array_length_index_misuse/buggy/GenArrayIndexBug071.java,java,ARRAY_LENGTH_INDEX_MISUSE,0,0,0,1,0,0,pair_501,buggy,synthetic_generated,accesses array[array.length] directly (out of bounds)
gen_array_index_fix_071,data/ml/raw_snippets_generated/array_length_index_misuse/fixed/GenArrayIndexFix071.java,java,NO_ISSUE,1,0,0,0,0,0,pair_501,fixed,synthetic_generated,corrected with .length - 1 as last valid index
gen_array_index_bug_072,data/ml/raw_snippets_generated/array_length_index_misuse/buggy/GenArrayIndexBug072.java,java,ARRAY_LENGTH_INDEX_MISUSE,0,0,0,1,0,0,pair_502,buggy,synthetic_generated,accesses array[array.length] directly (out of bounds)
gen_array_index_fix_072,data/ml/raw_snippets_generated/array_length_index_misuse/fixed/GenArrayIndexFix072.java,java,NO_ISSUE,1,0,0,0,0,0,pair_502,fixed,synthetic_generated,corrected with .length - 1 as last valid index
gen_array_index_bug_073,data/ml/raw_snippets_generated/array_length_index_misuse/buggy/GenArrayIndexBug073.java,java,ARRAY_LENGTH_INDEX_MISUSE,0,0,0,1,0,0,pair_503,buggy,synthetic_generated,accesses array[array.length] directly (out of bounds)
gen_array_index_fix_073,data/ml/raw_snippets_generated/array_length_index_misuse/fixed/GenArrayIndexFix073.java,java,NO_ISSUE,1,0,0,0,0,0,pair_503,fixed,synthetic_generated,corrected with .length - 1 as last valid index
gen_array_index_bug_074,data/ml/raw_snippets_generated/array_length_index_misuse/buggy/GenArrayIndexBug074.java,java,ARRAY_LENGTH_INDEX_MISUSE,0,0,0,1,0,0,pair_504,buggy,synthetic_generated,accesses array[array.length] directly (out of bounds)
gen_array_index_fix_074,data/ml/raw_snippets_generated/array_length_index_misuse/fixed/GenArrayIndexFix074.java,java,NO_ISSUE,1,0,0,0,0,0,pair_504,fixed,synthetic_generated,corrected with .length - 1 as last valid index
gen_array_index_bug_075,data/ml/raw_snippets_generated/array_length_index_misuse/buggy/GenArrayIndexBug075.java,java,ARRAY_LENGTH_INDEX_MISUSE,0,0,0,1,0,0,pair_505,buggy,synthetic_generated,accesses array[array.length] directly (out of bounds)
gen_array_index_fix_075,data/ml/raw_snippets_generated/array_length_index_misuse/fixed/GenArrayIndexFix075.java,java,NO_ISSUE,1,0,0,0,0,0,pair_505,fixed,synthetic_generated,corrected with .length - 1 as last valid index
gen_array_index_bug_076,data/ml/raw_snippets_generated/array_length_index_misuse/buggy/GenArrayIndexBug076.java,java,ARRAY_LENGTH_INDEX_MISUSE,0,0,0,1,0,0,pair_506,buggy,synthetic_generated,accesses array[array.length] directly (out of bounds)
gen_array_index_fix_076,data/ml/raw_snippets_generated/array_length_index_misuse/fixed/GenArrayIndexFix076.java,java,NO_ISSUE,1,0,0,0,0,0,pair_506,fixed,synthetic_generated,corrected with .length - 1 as last valid index
gen_array_index_bug_077,data/ml/raw_snippets_generated/array_length_index_misuse/buggy/GenArrayIndexBug077.java,java,ARRAY_LENGTH_INDEX_MISUSE,0,0,0,1,0,0,pair_507,buggy,synthetic_generated,accesses array[array.length] directly (out of bounds)
gen_array_index_fix_077,data/ml/raw_snippets_generated/array_length_index_misuse/fixed/GenArrayIndexFix077.java,java,NO_ISSUE,1,0,0,0,0,0,pair_507,fixed,synthetic_generated,corrected with .length - 1 as last valid index
gen_array_index_bug_078,data/ml/raw_snippets_generated/array_length_index_misuse/buggy/GenArrayIndexBug078.java,java,ARRAY_LENGTH_INDEX_MISUSE,0,0,0,1,0,0,pair_508,buggy,synthetic_generated,accesses array[array.length] directly (out of bounds)
gen_array_index_fix_078,data/ml/raw_snippets_generated/array_length_index_misuse/fixed/GenArrayIndexFix078.java,java,NO_ISSUE,1,0,0,0,0,0,pair_508,fixed,synthetic_generated,corrected with .length - 1 as last valid index
gen_array_index_bug_079,data/ml/raw_snippets_generated/array_length_index_misuse/buggy/GenArrayIndexBug079.java,java,ARRAY_LENGTH_INDEX_MISUSE,0,0,0,1,0,0,pair_509,buggy,synthetic_generated,accesses array[array.length] directly (out of bounds)
gen_array_index_fix_079,data/ml/raw_snippets_generated/array_length_index_misuse/fixed/GenArrayIndexFix079.java,java,NO_ISSUE,1,0,0,0,0,0,pair_509,fixed,synthetic_generated,corrected with .length - 1 as last valid index
gen_array_index_bug_080,data/ml/raw_snippets_generated/array_length_index_misuse/buggy/GenArrayIndexBug080.java,java,ARRAY_LENGTH_INDEX_MISUSE,0,0,0,1,0,0,pair_510,buggy,synthetic_generated,accesses array[array.length] directly (out of bounds)
gen_array_index_fix_080,data/ml/raw_snippets_generated/array_length_index_misuse/fixed/GenArrayIndexFix080.java,java,NO_ISSUE,1,0,0,0,0,0,pair_510,fixed,synthetic_generated,corrected with .length - 1 as last valid index
gen_array_index_bug_081,data/ml/raw_snippets_generated/array_length_index_misuse/buggy/GenArrayIndexBug081.java,java,ARRAY_LENGTH_INDEX_MISUSE,0,0,0,1,0,0,pair_511,buggy,synthetic_generated,accesses array[array.length] directly (out of bounds)
gen_array_index_fix_081,data/ml/raw_snippets_generated/array_length_index_misuse/fixed/GenArrayIndexFix081.java,java,NO_ISSUE,1,0,0,0,0,0,pair_511,fixed,synthetic_generated,corrected with .length - 1 as last valid index
gen_array_index_bug_082,data/ml/raw_snippets_generated/array_length_index_misuse/buggy/GenArrayIndexBug082.java,java,ARRAY_LENGTH_INDEX_MISUSE,0,0,0,1,0,0,pair_512,buggy,synthetic_generated,accesses array[array.length] directly (out of bounds)
gen_array_index_fix_082,data/ml/raw_snippets_generated/array_length_index_misuse/fixed/GenArrayIndexFix082.java,java,NO_ISSUE,1,0,0,0,0,0,pair_512,fixed,synthetic_generated,corrected with .length - 1 as last valid index
gen_array_index_bug_083,data/ml/raw_snippets_generated/array_length_index_misuse/buggy/GenArrayIndexBug083.java,java,ARRAY_LENGTH_INDEX_MISUSE,0,0,0,1,0,0,pair_513,buggy,synthetic_generated,accesses array[array.length] directly (out of bounds)
gen_array_index_fix_083,data/ml/raw_snippets_generated/array_length_index_misuse/fixed/GenArrayIndexFix083.java,java,NO_ISSUE,1,0,0,0,0,0,pair_513,fixed,synthetic_generated,corrected with .length - 1 as last valid index
gen_array_index_bug_084,data/ml/raw_snippets_generated/array_length_index_misuse/buggy/GenArrayIndexBug084.java,java,ARRAY_LENGTH_INDEX_MISUSE,0,0,0,1,0,0,pair_514,buggy,synthetic_generated,accesses array[array.length] directly (out of bounds)
gen_array_index_fix_084,data/ml/raw_snippets_generated/array_length_index_misuse/fixed/GenArrayIndexFix084.java,java,NO_ISSUE,1,0,0,0,0,0,pair_514,fixed,synthetic_generated,corrected with .length - 1 as last valid index
gen_array_index_bug_085,data/ml/raw_snippets_generated/array_length_index_misuse/buggy/GenArrayIndexBug085.java,java,ARRAY_LENGTH_INDEX_MISUSE,0,0,0,1,0,0,pair_515,buggy,synthetic_generated,accesses array[array.length] directly (out of bounds)
gen_array_index_fix_085,data/ml/raw_snippets_generated/array_length_index_misuse/fixed/GenArrayIndexFix085.java,java,NO_ISSUE,1,0,0,0,0,0,pair_515,fixed,synthetic_generated,corrected with .length - 1 as last valid index
gen_array_index_bug_086,data/ml/raw_snippets_generated/array_length_index_misuse/buggy/GenArrayIndexBug086.java,java,ARRAY_LENGTH_INDEX_MISUSE,0,0,0,1,0,0,pair_516,buggy,synthetic_generated,accesses array[array.length] directly (out of bounds)
gen_array_index_fix_086,data/ml/raw_snippets_generated/array_length_index_misuse/fixed/GenArrayIndexFix086.java,java,NO_ISSUE,1,0,0,0,0,0,pair_516,fixed,synthetic_generated,corrected with .length - 1 as last valid index
gen_array_index_bug_087,data/ml/raw_snippets_generated/array_length_index_misuse/buggy/GenArrayIndexBug087.java,java,ARRAY_LENGTH_INDEX_MISUSE,0,0,0,1,0,0,pair_517,buggy,synthetic_generated,accesses array[array.length] directly (out of bounds)
gen_array_index_fix_087,data/ml/raw_snippets_generated/array_length_index_misuse/fixed/GenArrayIndexFix087.java,java,NO_ISSUE,1,0,0,0,0,0,pair_517,fixed,synthetic_generated,corrected with .length - 1 as last valid index
gen_array_index_bug_088,data/ml/raw_snippets_generated/array_length_index_misuse/buggy/GenArrayIndexBug088.java,java,ARRAY_LENGTH_INDEX_MISUSE,0,0,0,1,0,0,pair_518,buggy,synthetic_generated,accesses array[array.length] directly (out of bounds)
gen_array_index_fix_088,data/ml/raw_snippets_generated/array_length_index_misuse/fixed/GenArrayIndexFix088.java,java,NO_ISSUE,1,0,0,0,0,0,pair_518,fixed,synthetic_generated,corrected with .length - 1 as last valid index
gen_array_index_bug_089,data/ml/raw_snippets_generated/array_length_index_misuse/buggy/GenArrayIndexBug089.java,java,ARRAY_LENGTH_INDEX_MISUSE,0,0,0,1,0,0,pair_519,buggy,synthetic_generated,accesses array[array.length] directly (out of bounds)
gen_array_index_fix_089,data/ml/raw_snippets_generated/array_length_index_misuse/fixed/GenArrayIndexFix089.java,java,NO_ISSUE,1,0,0,0,0,0,pair_519,fixed,synthetic_generated,corrected with .length - 1 as last valid index
gen_array_index_bug_090,data/ml/raw_snippets_generated/array_length_index_misuse/buggy/GenArrayIndexBug090.java,java,ARRAY_LENGTH_INDEX_MISUSE,0,0,0,1,0,0,pair_520,buggy,synthetic_generated,accesses array[array.length] directly (out of bounds)
gen_array_index_fix_090,data/ml/raw_snippets_generated/array_length_index_misuse/fixed/GenArrayIndexFix090.java,java,NO_ISSUE,1,0,0,0,0,0,pair_520,fixed,synthetic_generated,corrected with .length - 1 as last valid index
gen_array_index_bug_091,data/ml/raw_snippets_generated/array_length_index_misuse/buggy/GenArrayIndexBug091.java,java,ARRAY_LENGTH_INDEX_MISUSE,0,0,0,1,0,0,pair_521,buggy,synthetic_generated,accesses array[array.length] directly (out of bounds)
gen_array_index_fix_091,data/ml/raw_snippets_generated/array_length_index_misuse/fixed/GenArrayIndexFix091.java,java,NO_ISSUE,1,0,0,0,0,0,pair_521,fixed,synthetic_generated,corrected with .length - 1 as last valid index
gen_array_index_bug_092,data/ml/raw_snippets_generated/array_length_index_misuse/buggy/GenArrayIndexBug092.java,java,ARRAY_LENGTH_INDEX_MISUSE,0,0,0,1,0,0,pair_522,buggy,synthetic_generated,accesses array[array.length] directly (out of bounds)
gen_array_index_fix_092,data/ml/raw_snippets_generated/array_length_index_misuse/fixed/GenArrayIndexFix092.java,java,NO_ISSUE,1,0,0,0,0,0,pair_522,fixed,synthetic_generated,corrected with .length - 1 as last valid index
gen_array_index_bug_093,data/ml/raw_snippets_generated/array_length_index_misuse/buggy/GenArrayIndexBug093.java,java,ARRAY_LENGTH_INDEX_MISUSE,0,0,0,1,0,0,pair_523,buggy,synthetic_generated,accesses array[array.length] directly (out of bounds)
gen_array_index_fix_093,data/ml/raw_snippets_generated/array_length_index_misuse/fixed/GenArrayIndexFix093.java,java,NO_ISSUE,1,0,0,0,0,0,pair_523,fixed,synthetic_generated,corrected with .length - 1 as last valid index
gen_array_index_bug_094,data/ml/raw_snippets_generated/array_length_index_misuse/buggy/GenArrayIndexBug094.java,java,ARRAY_LENGTH_INDEX_MISUSE,0,0,0,1,0,0,pair_524,buggy,synthetic_generated,accesses array[array.length] directly (out of bounds)
gen_array_index_fix_094,data/ml/raw_snippets_generated/array_length_index_misuse/fixed/GenArrayIndexFix094.java,java,NO_ISSUE,1,0,0,0,0,0,pair_524,fixed,synthetic_generated,corrected with .length - 1 as last valid index
gen_array_index_bug_095,data/ml/raw_snippets_generated/array_length_index_misuse/buggy/GenArrayIndexBug095.java,java,ARRAY_LENGTH_INDEX_MISUSE,0,0,0,1,0,0,pair_525,buggy,synthetic_generated,accesses array[array.length] directly (out of bounds)
gen_array_index_fix_095,data/ml/raw_snippets_generated/array_length_index_misuse/fixed/GenArrayIndexFix095.java,java,NO_ISSUE,1,0,0,0,0,0,pair_525,fixed,synthetic_generated,corrected with .length - 1 as last valid index
gen_array_index_bug_096,data/ml/raw_snippets_generated/array_length_index_misuse/buggy/GenArrayIndexBug096.java,java,ARRAY_LENGTH_INDEX_MISUSE,0,0,0,1,0,0,pair_526,buggy,synthetic_generated,accesses array[array.length] directly (out of bounds)
gen_array_index_fix_096,data/ml/raw_snippets_generated/array_length_index_misuse/fixed/GenArrayIndexFix096.java,java,NO_ISSUE,1,0,0,0,0,0,pair_526,fixed,synthetic_generated,corrected with .length - 1 as last valid index
gen_array_index_bug_097,data/ml/raw_snippets_generated/array_length_index_misuse/buggy/GenArrayIndexBug097.java,java,ARRAY_LENGTH_INDEX_MISUSE,0,0,0,1,0,0,pair_527,buggy,synthetic_generated,accesses array[array.length] directly (out of bounds)
gen_array_index_fix_097,data/ml/raw_snippets_generated/array_length_index_misuse/fixed/GenArrayIndexFix097.java,java,NO_ISSUE,1,0,0,0,0,0,pair_527,fixed,synthetic_generated,corrected with .length - 1 as last valid index
gen_array_index_bug_098,data/ml/raw_snippets_generated/array_length_index_misuse/buggy/GenArrayIndexBug098.java,java,ARRAY_LENGTH_INDEX_MISUSE,0,0,0,1,0,0,pair_528,buggy,synthetic_generated,accesses array[array.length] directly (out of bounds)
gen_array_index_fix_098,data/ml/raw_snippets_generated/array_length_index_misuse/fixed/GenArrayIndexFix098.java,java,NO_ISSUE,1,0,0,0,0,0,pair_528,fixed,synthetic_generated,corrected with .length - 1 as last valid index
gen_array_index_bug_099,data/ml/raw_snippets_generated/array_length_index_misuse/buggy/GenArrayIndexBug099.java,java,ARRAY_LENGTH_INDEX_MISUSE,0,0,0,1,0,0,pair_529,buggy,synthetic_generated,accesses array[array.length] directly (out of bounds)
gen_array_index_fix_099,data/ml/raw_snippets_generated/array_length_index_misuse/fixed/GenArrayIndexFix099.java,java,NO_ISSUE,1,0,0,0,0,0,pair_529,fixed,synthetic_generated,corrected with .length - 1 as last valid index
gen_array_index_bug_100,data/ml/raw_snippets_generated/array_length_index_misuse/buggy/GenArrayIndexBug100.java,java,ARRAY_LENGTH_INDEX_MISUSE,0,0,0,1,0,0,pair_530,buggy,synthetic_generated,accesses array[array.length] directly (out of bounds)
gen_array_index_fix_100,data/ml/raw_snippets_generated/array_length_index_misuse/fixed/GenArrayIndexFix100.java,java,NO_ISSUE,1,0,0,0,0,0,pair_530,fixed,synthetic_generated,corrected with .length - 1 as last valid index
gen_array_index_bug_101,data/ml/raw_snippets_generated/array_length_index_misuse/buggy/GenArrayIndexBug101.java,java,ARRAY_LENGTH_INDEX_MISUSE,0,0,0,1,0,0,pair_531,buggy,synthetic_generated,accesses array[array.length] directly (out of bounds)
gen_array_index_fix_101,data/ml/raw_snippets_generated/array_length_index_misuse/fixed/GenArrayIndexFix101.java,java,NO_ISSUE,1,0,0,0,0,0,pair_531,fixed,synthetic_generated,corrected with .length - 1 as last valid index
gen_array_index_bug_102,data/ml/raw_snippets_generated/array_length_index_misuse/buggy/GenArrayIndexBug102.java,java,ARRAY_LENGTH_INDEX_MISUSE,0,0,0,1,0,0,pair_532,buggy,synthetic_generated,accesses array[array.length] directly (out of bounds)
gen_array_index_fix_102,data/ml/raw_snippets_generated/array_length_index_misuse/fixed/GenArrayIndexFix102.java,java,NO_ISSUE,1,0,0,0,0,0,pair_532,fixed,synthetic_generated,corrected with .length - 1 as last valid index
gen_array_index_bug_103,data/ml/raw_snippets_generated/array_length_index_misuse/buggy/GenArrayIndexBug103.java,java,ARRAY_LENGTH_INDEX_MISUSE,0,0,0,1,0,0,pair_533,buggy,synthetic_generated,accesses array[array.length] directly (out of bounds)
gen_array_index_fix_103,data/ml/raw_snippets_generated/array_length_index_misuse/fixed/GenArrayIndexFix103.java,java,NO_ISSUE,1,0,0,0,0,0,pair_533,fixed,synthetic_generated,corrected with .length - 1 as last valid index
gen_array_index_bug_104,data/ml/raw_snippets_generated/array_length_index_misuse/buggy/GenArrayIndexBug104.java,java,ARRAY_LENGTH_INDEX_MISUSE,0,0,0,1,0,0,pair_534,buggy,synthetic_generated,accesses array[array.length] directly (out of bounds)
gen_array_index_fix_104,data/ml/raw_snippets_generated/array_length_index_misuse/fixed/GenArrayIndexFix104.java,java,NO_ISSUE,1,0,0,0,0,0,pair_534,fixed,synthetic_generated,corrected with .length - 1 as last valid index
gen_array_index_bug_105,data/ml/raw_snippets_generated/array_length_index_misuse/buggy/GenArrayIndexBug105.java,java,ARRAY_LENGTH_INDEX_MISUSE,0,0,0,1,0,0,pair_535,buggy,synthetic_generated,accesses array[array.length] directly (out of bounds)
gen_array_index_fix_105,data/ml/raw_snippets_generated/array_length_index_misuse/fixed/GenArrayIndexFix105.java,java,NO_ISSUE,1,0,0,0,0,0,pair_535,fixed,synthetic_generated,corrected with .length - 1 as last valid index
gen_array_index_bug_106,data/ml/raw_snippets_generated/array_length_index_misuse/buggy/GenArrayIndexBug106.java,java,ARRAY_LENGTH_INDEX_MISUSE,0,0,0,1,0,0,pair_536,buggy,synthetic_generated,accesses array[array.length] directly (out of bounds)
gen_array_index_fix_106,data/ml/raw_snippets_generated/array_length_index_misuse/fixed/GenArrayIndexFix106.java,java,NO_ISSUE,1,0,0,0,0,0,pair_536,fixed,synthetic_generated,corrected with .length - 1 as last valid index
gen_array_index_bug_107,data/ml/raw_snippets_generated/array_length_index_misuse/buggy/GenArrayIndexBug107.java,java,ARRAY_LENGTH_INDEX_MISUSE,0,0,0,1,0,0,pair_537,buggy,synthetic_generated,accesses array[array.length] directly (out of bounds)
gen_array_index_fix_107,data/ml/raw_snippets_generated/array_length_index_misuse/fixed/GenArrayIndexFix107.java,java,NO_ISSUE,1,0,0,0,0,0,pair_537,fixed,synthetic_generated,corrected with .length - 1 as last valid index
gen_array_index_bug_108,data/ml/raw_snippets_generated/array_length_index_misuse/buggy/GenArrayIndexBug108.java,java,ARRAY_LENGTH_INDEX_MISUSE,0,0,0,1,0,0,pair_538,buggy,synthetic_generated,accesses array[array.length] directly (out of bounds)
gen_array_index_fix_108,data/ml/raw_snippets_generated/array_length_index_misuse/fixed/GenArrayIndexFix108.java,java,NO_ISSUE,1,0,0,0,0,0,pair_538,fixed,synthetic_generated,corrected with .length - 1 as last valid index
gen_array_index_bug_109,data/ml/raw_snippets_generated/array_length_index_misuse/buggy/GenArrayIndexBug109.java,java,ARRAY_LENGTH_INDEX_MISUSE,0,0,0,1,0,0,pair_539,buggy,synthetic_generated,accesses array[array.length] directly (out of bounds)
gen_array_index_fix_109,data/ml/raw_snippets_generated/array_length_index_misuse/fixed/GenArrayIndexFix109.java,java,NO_ISSUE,1,0,0,0,0,0,pair_539,fixed,synthetic_generated,corrected with .length - 1 as last valid index
gen_array_index_bug_110,data/ml/raw_snippets_generated/array_length_index_misuse/buggy/GenArrayIndexBug110.java,java,ARRAY_LENGTH_INDEX_MISUSE,0,0,0,1,0,0,pair_540,buggy,synthetic_generated,accesses array[array.length] directly (out of bounds)
gen_array_index_fix_110,data/ml/raw_snippets_generated/array_length_index_misuse/fixed/GenArrayIndexFix110.java,java,NO_ISSUE,1,0,0,0,0,0,pair_540,fixed,synthetic_generated,corrected with .length - 1 as last valid index
gen_array_index_bug_111,data/ml/raw_snippets_generated/array_length_index_misuse/buggy/GenArrayIndexBug111.java,java,ARRAY_LENGTH_INDEX_MISUSE,0,0,0,1,0,0,pair_541,buggy,synthetic_generated,accesses array[array.length] directly (out of bounds)
gen_array_index_fix_111,data/ml/raw_snippets_generated/array_length_index_misuse/fixed/GenArrayIndexFix111.java,java,NO_ISSUE,1,0,0,0,0,0,pair_541,fixed,synthetic_generated,corrected with .length - 1 as last valid index
gen_array_index_bug_112,data/ml/raw_snippets_generated/array_length_index_misuse/buggy/GenArrayIndexBug112.java,java,ARRAY_LENGTH_INDEX_MISUSE,0,0,0,1,0,0,pair_542,buggy,synthetic_generated,accesses array[array.length] directly (out of bounds)
gen_array_index_fix_112,data/ml/raw_snippets_generated/array_length_index_misuse/fixed/GenArrayIndexFix112.java,java,NO_ISSUE,1,0,0,0,0,0,pair_542,fixed,synthetic_generated,corrected with .length - 1 as last valid index
gen_array_index_bug_113,data/ml/raw_snippets_generated/array_length_index_misuse/buggy/GenArrayIndexBug113.java,java,ARRAY_LENGTH_INDEX_MISUSE,0,0,0,1,0,0,pair_543,buggy,synthetic_generated,accesses array[array.length] directly (out of bounds)
gen_array_index_fix_113,data/ml/raw_snippets_generated/array_length_index_misuse/fixed/GenArrayIndexFix113.java,java,NO_ISSUE,1,0,0,0,0,0,pair_543,fixed,synthetic_generated,corrected with .length - 1 as last valid index
gen_array_index_bug_114,data/ml/raw_snippets_generated/array_length_index_misuse/buggy/GenArrayIndexBug114.java,java,ARRAY_LENGTH_INDEX_MISUSE,0,0,0,1,0,0,pair_544,buggy,synthetic_generated,accesses array[array.length] directly (out of bounds)
gen_array_index_fix_114,data/ml/raw_snippets_generated/array_length_index_misuse/fixed/GenArrayIndexFix114.java,java,NO_ISSUE,1,0,0,0,0,0,pair_544,fixed,synthetic_generated,corrected with .length - 1 as last valid index
gen_array_index_bug_115,data/ml/raw_snippets_generated/array_length_index_misuse/buggy/GenArrayIndexBug115.java,java,ARRAY_LENGTH_INDEX_MISUSE,0,0,0,1,0,0,pair_545,buggy,synthetic_generated,accesses array[array.length] directly (out of bounds)
gen_array_index_fix_115,data/ml/raw_snippets_generated/array_length_index_misuse/fixed/GenArrayIndexFix115.java,java,NO_ISSUE,1,0,0,0,0,0,pair_545,fixed,synthetic_generated,corrected with .length - 1 as last valid index
gen_array_index_bug_116,data/ml/raw_snippets_generated/array_length_index_misuse/buggy/GenArrayIndexBug116.java,java,ARRAY_LENGTH_INDEX_MISUSE,0,0,0,1,0,0,pair_546,buggy,synthetic_generated,accesses array[array.length] directly (out of bounds)
gen_array_index_fix_116,data/ml/raw_snippets_generated/array_length_index_misuse/fixed/GenArrayIndexFix116.java,java,NO_ISSUE,1,0,0,0,0,0,pair_546,fixed,synthetic_generated,corrected with .length - 1 as last valid index
gen_array_index_bug_117,data/ml/raw_snippets_generated/array_length_index_misuse/buggy/GenArrayIndexBug117.java,java,ARRAY_LENGTH_INDEX_MISUSE,0,0,0,1,0,0,pair_547,buggy,synthetic_generated,accesses array[array.length] directly (out of bounds)
gen_array_index_fix_117,data/ml/raw_snippets_generated/array_length_index_misuse/fixed/GenArrayIndexFix117.java,java,NO_ISSUE,1,0,0,0,0,0,pair_547,fixed,synthetic_generated,corrected with .length - 1 as last valid index
gen_array_index_bug_118,data/ml/raw_snippets_generated/array_length_index_misuse/buggy/GenArrayIndexBug118.java,java,ARRAY_LENGTH_INDEX_MISUSE,0,0,0,1,0,0,pair_548,buggy,synthetic_generated,accesses array[array.length] directly (out of bounds)
gen_array_index_fix_118,data/ml/raw_snippets_generated/array_length_index_misuse/fixed/GenArrayIndexFix118.java,java,NO_ISSUE,1,0,0,0,0,0,pair_548,fixed,synthetic_generated,corrected with .length - 1 as last valid index
gen_array_index_bug_119,data/ml/raw_snippets_generated/array_length_index_misuse/buggy/GenArrayIndexBug119.java,java,ARRAY_LENGTH_INDEX_MISUSE,0,0,0,1,0,0,pair_549,buggy,synthetic_generated,accesses array[array.length] directly (out of bounds)
gen_array_index_fix_119,data/ml/raw_snippets_generated/array_length_index_misuse/fixed/GenArrayIndexFix119.java,java,NO_ISSUE,1,0,0,0,0,0,pair_549,fixed,synthetic_generated,corrected with .length - 1 as last valid index
gen_array_index_bug_120,data/ml/raw_snippets_generated/array_length_index_misuse/buggy/GenArrayIndexBug120.java,java,ARRAY_LENGTH_INDEX_MISUSE,0,0,0,1,0,0,pair_550,buggy,synthetic_generated,accesses array[array.length] directly (out of bounds)
gen_array_index_fix_120,data/ml/raw_snippets_generated/array_length_index_misuse/fixed/GenArrayIndexFix120.java,java,NO_ISSUE,1,0,0,0,0,0,pair_550,fixed,synthetic_generated,corrected with .length - 1 as last valid index
gen_array_index_bug_121,data/ml/raw_snippets_generated/array_length_index_misuse/buggy/GenArrayIndexBug121.java,java,ARRAY_LENGTH_INDEX_MISUSE,0,0,0,1,0,0,pair_551,buggy,synthetic_generated,accesses array[array.length] directly (out of bounds)
gen_array_index_fix_121,data/ml/raw_snippets_generated/array_length_index_misuse/fixed/GenArrayIndexFix121.java,java,NO_ISSUE,1,0,0,0,0,0,pair_551,fixed,synthetic_generated,corrected with .length - 1 as last valid index
gen_array_index_bug_122,data/ml/raw_snippets_generated/array_length_index_misuse/buggy/GenArrayIndexBug122.java,java,ARRAY_LENGTH_INDEX_MISUSE,0,0,0,1,0,0,pair_552,buggy,synthetic_generated,accesses array[array.length] directly (out of bounds)
gen_array_index_fix_122,data/ml/raw_snippets_generated/array_length_index_misuse/fixed/GenArrayIndexFix122.java,java,NO_ISSUE,1,0,0,0,0,0,pair_552,fixed,synthetic_generated,corrected with .length - 1 as last valid index
gen_array_index_bug_123,data/ml/raw_snippets_generated/array_length_index_misuse/buggy/GenArrayIndexBug123.java,java,ARRAY_LENGTH_INDEX_MISUSE,0,0,0,1,0,0,pair_553,buggy,synthetic_generated,accesses array[array.length] directly (out of bounds)
gen_array_index_fix_123,data/ml/raw_snippets_generated/array_length_index_misuse/fixed/GenArrayIndexFix123.java,java,NO_ISSUE,1,0,0,0,0,0,pair_553,fixed,synthetic_generated,corrected with .length - 1 as last valid index
gen_array_index_bug_124,data/ml/raw_snippets_generated/array_length_index_misuse/buggy/GenArrayIndexBug124.java,java,ARRAY_LENGTH_INDEX_MISUSE,0,0,0,1,0,0,pair_554,buggy,synthetic_generated,accesses array[array.length] directly (out of bounds)
gen_array_index_fix_124,data/ml/raw_snippets_generated/array_length_index_misuse/fixed/GenArrayIndexFix124.java,java,NO_ISSUE,1,0,0,0,0,0,pair_554,fixed,synthetic_generated,corrected with .length - 1 as last valid index
gen_array_index_bug_125,data/ml/raw_snippets_generated/array_length_index_misuse/buggy/GenArrayIndexBug125.java,java,ARRAY_LENGTH_INDEX_MISUSE,0,0,0,1,0,0,pair_555,buggy,synthetic_generated,accesses array[array.length] directly (out of bounds)
gen_array_index_fix_125,data/ml/raw_snippets_generated/array_length_index_misuse/fixed/GenArrayIndexFix125.java,java,NO_ISSUE,1,0,0,0,0,0,pair_555,fixed,synthetic_generated,corrected with .length - 1 as last valid index
gen_array_index_bug_126,data/ml/raw_snippets_generated/array_length_index_misuse/buggy/GenArrayIndexBug126.java,java,ARRAY_LENGTH_INDEX_MISUSE,0,0,0,1,0,0,pair_556,buggy,synthetic_generated,accesses array[array.length] directly (out of bounds)
gen_array_index_fix_126,data/ml/raw_snippets_generated/array_length_index_misuse/fixed/GenArrayIndexFix126.java,java,NO_ISSUE,1,0,0,0,0,0,pair_556,fixed,synthetic_generated,corrected with .length - 1 as last valid index
gen_array_index_bug_127,data/ml/raw_snippets_generated/array_length_index_misuse/buggy/GenArrayIndexBug127.java,java,ARRAY_LENGTH_INDEX_MISUSE,0,0,0,1,0,0,pair_557,buggy,synthetic_generated,accesses array[array.length] directly (out of bounds)
gen_array_index_fix_127,data/ml/raw_snippets_generated/array_length_index_misuse/fixed/GenArrayIndexFix127.java,java,NO_ISSUE,1,0,0,0,0,0,pair_557,fixed,synthetic_generated,corrected with .length - 1 as last valid index
gen_array_index_bug_128,data/ml/raw_snippets_generated/array_length_index_misuse/buggy/GenArrayIndexBug128.java,java,ARRAY_LENGTH_INDEX_MISUSE,0,0,0,1,0,0,pair_558,buggy,synthetic_generated,accesses array[array.length] directly (out of bounds)
gen_array_index_fix_128,data/ml/raw_snippets_generated/array_length_index_misuse/fixed/GenArrayIndexFix128.java,java,NO_ISSUE,1,0,0,0,0,0,pair_558,fixed,synthetic_generated,corrected with .length - 1 as last valid index
gen_array_index_bug_129,data/ml/raw_snippets_generated/array_length_index_misuse/buggy/GenArrayIndexBug129.java,java,ARRAY_LENGTH_INDEX_MISUSE,0,0,0,1,0,0,pair_559,buggy,synthetic_generated,accesses array[array.length] directly (out of bounds)
gen_array_index_fix_129,data/ml/raw_snippets_generated/array_length_index_misuse/fixed/GenArrayIndexFix129.java,java,NO_ISSUE,1,0,0,0,0,0,pair_559,fixed,synthetic_generated,corrected with .length - 1 as last valid index
gen_array_index_bug_130,data/ml/raw_snippets_generated/array_length_index_misuse/buggy/GenArrayIndexBug130.java,java,ARRAY_LENGTH_INDEX_MISUSE,0,0,0,1,0,0,pair_560,buggy,synthetic_generated,accesses array[array.length] directly (out of bounds)
gen_array_index_fix_130,data/ml/raw_snippets_generated/array_length_index_misuse/fixed/GenArrayIndexFix130.java,java,NO_ISSUE,1,0,0,0,0,0,pair_560,fixed,synthetic_generated,corrected with .length - 1 as last valid index
gen_array_index_bug_131,data/ml/raw_snippets_generated/array_length_index_misuse/buggy/GenArrayIndexBug131.java,java,ARRAY_LENGTH_INDEX_MISUSE,0,0,0,1,0,0,pair_561,buggy,synthetic_generated,accesses array[array.length] directly (out of bounds)
gen_array_index_fix_131,data/ml/raw_snippets_generated/array_length_index_misuse/fixed/GenArrayIndexFix131.java,java,NO_ISSUE,1,0,0,0,0,0,pair_561,fixed,synthetic_generated,corrected with .length - 1 as last valid index
gen_array_index_bug_132,data/ml/raw_snippets_generated/array_length_index_misuse/buggy/GenArrayIndexBug132.java,java,ARRAY_LENGTH_INDEX_MISUSE,0,0,0,1,0,0,pair_562,buggy,synthetic_generated,accesses array[array.length] directly (out of bounds)
gen_array_index_fix_132,data/ml/raw_snippets_generated/array_length_index_misuse/fixed/GenArrayIndexFix132.java,java,NO_ISSUE,1,0,0,0,0,0,pair_562,fixed,synthetic_generated,corrected with .length - 1 as last valid index
gen_array_index_bug_133,data/ml/raw_snippets_generated/array_length_index_misuse/buggy/GenArrayIndexBug133.java,java,ARRAY_LENGTH_INDEX_MISUSE,0,0,0,1,0,0,pair_563,buggy,synthetic_generated,accesses array[array.length] directly (out of bounds)
gen_array_index_fix_133,data/ml/raw_snippets_generated/array_length_index_misuse/fixed/GenArrayIndexFix133.java,java,NO_ISSUE,1,0,0,0,0,0,pair_563,fixed,synthetic_generated,corrected with .length - 1 as last valid index
gen_array_index_bug_134,data/ml/raw_snippets_generated/array_length_index_misuse/buggy/GenArrayIndexBug134.java,java,ARRAY_LENGTH_INDEX_MISUSE,0,0,0,1,0,0,pair_564,buggy,synthetic_generated,accesses array[array.length] directly (out of bounds)
gen_array_index_fix_134,data/ml/raw_snippets_generated/array_length_index_misuse/fixed/GenArrayIndexFix134.java,java,NO_ISSUE,1,0,0,0,0,0,pair_564,fixed,synthetic_generated,corrected with .length - 1 as last valid index
gen_array_index_bug_135,data/ml/raw_snippets_generated/array_length_index_misuse/buggy/GenArrayIndexBug135.java,java,ARRAY_LENGTH_INDEX_MISUSE,0,0,0,1,0,0,pair_565,buggy,synthetic_generated,accesses array[array.length] directly (out of bounds)
gen_array_index_fix_135,data/ml/raw_snippets_generated/array_length_index_misuse/fixed/GenArrayIndexFix135.java,java,NO_ISSUE,1,0,0,0,0,0,pair_565,fixed,synthetic_generated,corrected with .length - 1 as last valid index
gen_array_index_bug_136,data/ml/raw_snippets_generated/array_length_index_misuse/buggy/GenArrayIndexBug136.java,java,ARRAY_LENGTH_INDEX_MISUSE,0,0,0,1,0,0,pair_566,buggy,synthetic_generated,accesses array[array.length] directly (out of bounds)
gen_array_index_fix_136,data/ml/raw_snippets_generated/array_length_index_misuse/fixed/GenArrayIndexFix136.java,java,NO_ISSUE,1,0,0,0,0,0,pair_566,fixed,synthetic_generated,corrected with .length - 1 as last valid index
gen_array_index_bug_137,data/ml/raw_snippets_generated/array_length_index_misuse/buggy/GenArrayIndexBug137.java,java,ARRAY_LENGTH_INDEX_MISUSE,0,0,0,1,0,0,pair_567,buggy,synthetic_generated,accesses array[array.length] directly (out of bounds)
gen_array_index_fix_137,data/ml/raw_snippets_generated/array_length_index_misuse/fixed/GenArrayIndexFix137.java,java,NO_ISSUE,1,0,0,0,0,0,pair_567,fixed,synthetic_generated,corrected with .length - 1 as last valid index
gen_array_index_bug_138,data/ml/raw_snippets_generated/array_length_index_misuse/buggy/GenArrayIndexBug138.java,java,ARRAY_LENGTH_INDEX_MISUSE,0,0,0,1,0,0,pair_568,buggy,synthetic_generated,accesses array[array.length] directly (out of bounds)
gen_array_index_fix_138,data/ml/raw_snippets_generated/array_length_index_misuse/fixed/GenArrayIndexFix138.java,java,NO_ISSUE,1,0,0,0,0,0,pair_568,fixed,synthetic_generated,corrected with .length - 1 as last valid index
gen_array_index_bug_139,data/ml/raw_snippets_generated/array_length_index_misuse/buggy/GenArrayIndexBug139.java,java,ARRAY_LENGTH_INDEX_MISUSE,0,0,0,1,0,0,pair_569,buggy,synthetic_generated,accesses array[array.length] directly (out of bounds)
gen_array_index_fix_139,data/ml/raw_snippets_generated/array_length_index_misuse/fixed/GenArrayIndexFix139.java,java,NO_ISSUE,1,0,0,0,0,0,pair_569,fixed,synthetic_generated,corrected with .length - 1 as last valid index
gen_array_index_bug_140,data/ml/raw_snippets_generated/array_length_index_misuse/buggy/GenArrayIndexBug140.java,java,ARRAY_LENGTH_INDEX_MISUSE,0,0,0,1,0,0,pair_570,buggy,synthetic_generated,accesses array[array.length] directly (out of bounds)
gen_array_index_fix_140,data/ml/raw_snippets_generated/array_length_index_misuse/fixed/GenArrayIndexFix140.java,java,NO_ISSUE,1,0,0,0,0,0,pair_570,fixed,synthetic_generated,corrected with .length - 1 as last valid index
gen_array_index_bug_141,data/ml/raw_snippets_generated/array_length_index_misuse/buggy/GenArrayIndexBug141.java,java,ARRAY_LENGTH_INDEX_MISUSE,0,0,0,1,0,0,pair_571,buggy,synthetic_generated,accesses array[array.length] directly (out of bounds)
gen_array_index_fix_141,data/ml/raw_snippets_generated/array_length_index_misuse/fixed/GenArrayIndexFix141.java,java,NO_ISSUE,1,0,0,0,0,0,pair_571,fixed,synthetic_generated,corrected with .length - 1 as last valid index
gen_array_index_bug_142,data/ml/raw_snippets_generated/array_length_index_misuse/buggy/GenArrayIndexBug142.java,java,ARRAY_LENGTH_INDEX_MISUSE,0,0,0,1,0,0,pair_572,buggy,synthetic_generated,accesses array[array.length] directly (out of bounds)
gen_array_index_fix_142,data/ml/raw_snippets_generated/array_length_index_misuse/fixed/GenArrayIndexFix142.java,java,NO_ISSUE,1,0,0,0,0,0,pair_572,fixed,synthetic_generated,corrected with .length - 1 as last valid index
gen_array_index_bug_143,data/ml/raw_snippets_generated/array_length_index_misuse/buggy/GenArrayIndexBug143.java,java,ARRAY_LENGTH_INDEX_MISUSE,0,0,0,1,0,0,pair_573,buggy,synthetic_generated,accesses array[array.length] directly (out of bounds)
gen_array_index_fix_143,data/ml/raw_snippets_generated/array_length_index_misuse/fixed/GenArrayIndexFix143.java,java,NO_ISSUE,1,0,0,0,0,0,pair_573,fixed,synthetic_generated,corrected with .length - 1 as last valid index
gen_array_index_bug_144,data/ml/raw_snippets_generated/array_length_index_misuse/buggy/GenArrayIndexBug144.java,java,ARRAY_LENGTH_INDEX_MISUSE,0,0,0,1,0,0,pair_574,buggy,synthetic_generated,accesses array[array.length] directly (out of bounds)
gen_array_index_fix_144,data/ml/raw_snippets_generated/array_length_index_misuse/fixed/GenArrayIndexFix144.java,java,NO_ISSUE,1,0,0,0,0,0,pair_574,fixed,synthetic_generated,corrected with .length - 1 as last valid index
gen_array_index_bug_145,data/ml/raw_snippets_generated/array_length_index_misuse/buggy/GenArrayIndexBug145.java,java,ARRAY_LENGTH_INDEX_MISUSE,0,0,0,1,0,0,pair_575,buggy,synthetic_generated,accesses array[array.length] directly (out of bounds)
gen_array_index_fix_145,data/ml/raw_snippets_generated/array_length_index_misuse/fixed/GenArrayIndexFix145.java,java,NO_ISSUE,1,0,0,0,0,0,pair_575,fixed,synthetic_generated,corrected with .length - 1 as last valid index
gen_array_index_bug_146,data/ml/raw_snippets_generated/array_length_index_misuse/buggy/GenArrayIndexBug146.java,java,ARRAY_LENGTH_INDEX_MISUSE,0,0,0,1,0,0,pair_576,buggy,synthetic_generated,accesses array[array.length] directly (out of bounds)
gen_array_index_fix_146,data/ml/raw_snippets_generated/array_length_index_misuse/fixed/GenArrayIndexFix146.java,java,NO_ISSUE,1,0,0,0,0,0,pair_576,fixed,synthetic_generated,corrected with .length - 1 as last valid index
gen_array_index_bug_147,data/ml/raw_snippets_generated/array_length_index_misuse/buggy/GenArrayIndexBug147.java,java,ARRAY_LENGTH_INDEX_MISUSE,0,0,0,1,0,0,pair_577,buggy,synthetic_generated,accesses array[array.length] directly (out of bounds)
gen_array_index_fix_147,data/ml/raw_snippets_generated/array_length_index_misuse/fixed/GenArrayIndexFix147.java,java,NO_ISSUE,1,0,0,0,0,0,pair_577,fixed,synthetic_generated,corrected with .length - 1 as last valid index
gen_array_index_bug_148,data/ml/raw_snippets_generated/array_length_index_misuse/buggy/GenArrayIndexBug148.java,java,ARRAY_LENGTH_INDEX_MISUSE,0,0,0,1,0,0,pair_578,buggy,synthetic_generated,accesses array[array.length] directly (out of bounds)
gen_array_index_fix_148,data/ml/raw_snippets_generated/array_length_index_misuse/fixed/GenArrayIndexFix148.java,java,NO_ISSUE,1,0,0,0,0,0,pair_578,fixed,synthetic_generated,corrected with .length - 1 as last valid index
gen_array_index_bug_149,data/ml/raw_snippets_generated/array_length_index_misuse/buggy/GenArrayIndexBug149.java,java,ARRAY_LENGTH_INDEX_MISUSE,0,0,0,1,0,0,pair_579,buggy,synthetic_generated,accesses array[array.length] directly (out of bounds)
gen_array_index_fix_149,data/ml/raw_snippets_generated/array_length_index_misuse/fixed/GenArrayIndexFix149.java,java,NO_ISSUE,1,0,0,0,0,0,pair_579,fixed,synthetic_generated,corrected with .length - 1 as last valid index
gen_array_index_bug_150,data/ml/raw_snippets_generated/array_length_index_misuse/buggy/GenArrayIndexBug150.java,java,ARRAY_LENGTH_INDEX_MISUSE,0,0,0,1,0,0,pair_580,buggy,synthetic_generated,accesses array[array.length] directly (out of bounds)
gen_array_index_fix_150,data/ml/raw_snippets_generated/array_length_index_misuse/fixed/GenArrayIndexFix150.java,java,NO_ISSUE,1,0,0,0,0,0,pair_580,fixed,synthetic_generated,corrected with .length - 1 as last valid index
gen_array_index_bug_151,data/ml/raw_snippets_generated/array_length_index_misuse/buggy/GenArrayIndexBug151.java,java,ARRAY_LENGTH_INDEX_MISUSE,0,0,0,1,0,0,pair_581,buggy,synthetic_generated,accesses array[array.length] directly (out of bounds)
gen_array_index_fix_151,data/ml/raw_snippets_generated/array_length_index_misuse/fixed/GenArrayIndexFix151.java,java,NO_ISSUE,1,0,0,0,0,0,pair_581,fixed,synthetic_generated,corrected with .length - 1 as last valid index
gen_array_index_bug_152,data/ml/raw_snippets_generated/array_length_index_misuse/buggy/GenArrayIndexBug152.java,java,ARRAY_LENGTH_INDEX_MISUSE,0,0,0,1,0,0,pair_582,buggy,synthetic_generated,accesses array[array.length] directly (out of bounds)
gen_array_index_fix_152,data/ml/raw_snippets_generated/array_length_index_misuse/fixed/GenArrayIndexFix152.java,java,NO_ISSUE,1,0,0,0,0,0,pair_582,fixed,synthetic_generated,corrected with .length - 1 as last valid index
gen_array_index_bug_153,data/ml/raw_snippets_generated/array_length_index_misuse/buggy/GenArrayIndexBug153.java,java,ARRAY_LENGTH_INDEX_MISUSE,0,0,0,1,0,0,pair_583,buggy,synthetic_generated,accesses array[array.length] directly (out of bounds)
gen_array_index_fix_153,data/ml/raw_snippets_generated/array_length_index_misuse/fixed/GenArrayIndexFix153.java,java,NO_ISSUE,1,0,0,0,0,0,pair_583,fixed,synthetic_generated,corrected with .length - 1 as last valid index
gen_array_index_bug_154,data/ml/raw_snippets_generated/array_length_index_misuse/buggy/GenArrayIndexBug154.java,java,ARRAY_LENGTH_INDEX_MISUSE,0,0,0,1,0,0,pair_584,buggy,synthetic_generated,accesses array[array.length] directly (out of bounds)
gen_array_index_fix_154,data/ml/raw_snippets_generated/array_length_index_misuse/fixed/GenArrayIndexFix154.java,java,NO_ISSUE,1,0,0,0,0,0,pair_584,fixed,synthetic_generated,corrected with .length - 1 as last valid index
gen_array_index_bug_155,data/ml/raw_snippets_generated/array_length_index_misuse/buggy/GenArrayIndexBug155.java,java,ARRAY_LENGTH_INDEX_MISUSE,0,0,0,1,0,0,pair_585,buggy,synthetic_generated,accesses array[array.length] directly (out of bounds)
gen_array_index_fix_155,data/ml/raw_snippets_generated/array_length_index_misuse/fixed/GenArrayIndexFix155.java,java,NO_ISSUE,1,0,0,0,0,0,pair_585,fixed,synthetic_generated,corrected with .length - 1 as last valid index
gen_array_index_bug_156,data/ml/raw_snippets_generated/array_length_index_misuse/buggy/GenArrayIndexBug156.java,java,ARRAY_LENGTH_INDEX_MISUSE,0,0,0,1,0,0,pair_586,buggy,synthetic_generated,accesses array[array.length] directly (out of bounds)
gen_array_index_fix_156,data/ml/raw_snippets_generated/array_length_index_misuse/fixed/GenArrayIndexFix156.java,java,NO_ISSUE,1,0,0,0,0,0,pair_586,fixed,synthetic_generated,corrected with .length - 1 as last valid index
gen_array_index_bug_157,data/ml/raw_snippets_generated/array_length_index_misuse/buggy/GenArrayIndexBug157.java,java,ARRAY_LENGTH_INDEX_MISUSE,0,0,0,1,0,0,pair_587,buggy,synthetic_generated,accesses array[array.length] directly (out of bounds)
gen_array_index_fix_157,data/ml/raw_snippets_generated/array_length_index_misuse/fixed/GenArrayIndexFix157.java,java,NO_ISSUE,1,0,0,0,0,0,pair_587,fixed,synthetic_generated,corrected with .length - 1 as last valid index
gen_array_index_bug_158,data/ml/raw_snippets_generated/array_length_index_misuse/buggy/GenArrayIndexBug158.java,java,ARRAY_LENGTH_INDEX_MISUSE,0,0,0,1,0,0,pair_588,buggy,synthetic_generated,accesses array[array.length] directly (out of bounds)
gen_array_index_fix_158,data/ml/raw_snippets_generated/array_length_index_misuse/fixed/GenArrayIndexFix158.java,java,NO_ISSUE,1,0,0,0,0,0,pair_588,fixed,synthetic_generated,corrected with .length - 1 as last valid index
gen_array_index_bug_159,data/ml/raw_snippets_generated/array_length_index_misuse/buggy/GenArrayIndexBug159.java,java,ARRAY_LENGTH_INDEX_MISUSE,0,0,0,1,0,0,pair_589,buggy,synthetic_generated,accesses array[array.length] directly (out of bounds)
gen_array_index_fix_159,data/ml/raw_snippets_generated/array_length_index_misuse/fixed/GenArrayIndexFix159.java,java,NO_ISSUE,1,0,0,0,0,0,pair_589,fixed,synthetic_generated,corrected with .length - 1 as last valid index
gen_array_index_bug_160,data/ml/raw_snippets_generated/array_length_index_misuse/buggy/GenArrayIndexBug160.java,java,ARRAY_LENGTH_INDEX_MISUSE,0,0,0,1,0,0,pair_590,buggy,synthetic_generated,accesses array[array.length] directly (out of bounds)
gen_array_index_fix_160,data/ml/raw_snippets_generated/array_length_index_misuse/fixed/GenArrayIndexFix160.java,java,NO_ISSUE,1,0,0,0,0,0,pair_590,fixed,synthetic_generated,corrected with .length - 1 as last valid index
gen_array_index_bug_161,data/ml/raw_snippets_generated/array_length_index_misuse/buggy/GenArrayIndexBug161.java,java,ARRAY_LENGTH_INDEX_MISUSE,0,0,0,1,0,0,pair_591,buggy,synthetic_generated,accesses array[array.length] directly (out of bounds)
gen_array_index_fix_161,data/ml/raw_snippets_generated/array_length_index_misuse/fixed/GenArrayIndexFix161.java,java,NO_ISSUE,1,0,0,0,0,0,pair_591,fixed,synthetic_generated,corrected with .length - 1 as last valid index
gen_array_index_bug_162,data/ml/raw_snippets_generated/array_length_index_misuse/buggy/GenArrayIndexBug162.java,java,ARRAY_LENGTH_INDEX_MISUSE,0,0,0,1,0,0,pair_592,buggy,synthetic_generated,accesses array[array.length] directly (out of bounds)
gen_array_index_fix_162,data/ml/raw_snippets_generated/array_length_index_misuse/fixed/GenArrayIndexFix162.java,java,NO_ISSUE,1,0,0,0,0,0,pair_592,fixed,synthetic_generated,corrected with .length - 1 as last valid index
gen_array_index_bug_163,data/ml/raw_snippets_generated/array_length_index_misuse/buggy/GenArrayIndexBug163.java,java,ARRAY_LENGTH_INDEX_MISUSE,0,0,0,1,0,0,pair_593,buggy,synthetic_generated,accesses array[array.length] directly (out of bounds)
gen_array_index_fix_163,data/ml/raw_snippets_generated/array_length_index_misuse/fixed/GenArrayIndexFix163.java,java,NO_ISSUE,1,0,0,0,0,0,pair_593,fixed,synthetic_generated,corrected with .length - 1 as last valid index
gen_array_index_bug_164,data/ml/raw_snippets_generated/array_length_index_misuse/buggy/GenArrayIndexBug164.java,java,ARRAY_LENGTH_INDEX_MISUSE,0,0,0,1,0,0,pair_594,buggy,synthetic_generated,accesses array[array.length] directly (out of bounds)
gen_array_index_fix_164,data/ml/raw_snippets_generated/array_length_index_misuse/fixed/GenArrayIndexFix164.java,java,NO_ISSUE,1,0,0,0,0,0,pair_594,fixed,synthetic_generated,corrected with .length - 1 as last valid index
gen_array_index_bug_165,data/ml/raw_snippets_generated/array_length_index_misuse/buggy/GenArrayIndexBug165.java,java,ARRAY_LENGTH_INDEX_MISUSE,0,0,0,1,0,0,pair_595,buggy,synthetic_generated,accesses array[array.length] directly (out of bounds)
gen_array_index_fix_165,data/ml/raw_snippets_generated/array_length_index_misuse/fixed/GenArrayIndexFix165.java,java,NO_ISSUE,1,0,0,0,0,0,pair_595,fixed,synthetic_generated,corrected with .length - 1 as last valid index
gen_array_index_bug_166,data/ml/raw_snippets_generated/array_length_index_misuse/buggy/GenArrayIndexBug166.java,java,ARRAY_LENGTH_INDEX_MISUSE,0,0,0,1,0,0,pair_596,buggy,synthetic_generated,accesses array[array.length] directly (out of bounds)
gen_array_index_fix_166,data/ml/raw_snippets_generated/array_length_index_misuse/fixed/GenArrayIndexFix166.java,java,NO_ISSUE,1,0,0,0,0,0,pair_596,fixed,synthetic_generated,corrected with .length - 1 as last valid index
gen_array_index_bug_167,data/ml/raw_snippets_generated/array_length_index_misuse/buggy/GenArrayIndexBug167.java,java,ARRAY_LENGTH_INDEX_MISUSE,0,0,0,1,0,0,pair_597,buggy,synthetic_generated,accesses array[array.length] directly (out of bounds)
gen_array_index_fix_167,data/ml/raw_snippets_generated/array_length_index_misuse/fixed/GenArrayIndexFix167.java,java,NO_ISSUE,1,0,0,0,0,0,pair_597,fixed,synthetic_generated,corrected with .length - 1 as last valid index
gen_array_index_bug_168,data/ml/raw_snippets_generated/array_length_index_misuse/buggy/GenArrayIndexBug168.java,java,ARRAY_LENGTH_INDEX_MISUSE,0,0,0,1,0,0,pair_598,buggy,synthetic_generated,accesses array[array.length] directly (out of bounds)
gen_array_index_fix_168,data/ml/raw_snippets_generated/array_length_index_misuse/fixed/GenArrayIndexFix168.java,java,NO_ISSUE,1,0,0,0,0,0,pair_598,fixed,synthetic_generated,corrected with .length - 1 as last valid index
gen_array_index_bug_169,data/ml/raw_snippets_generated/array_length_index_misuse/buggy/GenArrayIndexBug169.java,java,ARRAY_LENGTH_INDEX_MISUSE,0,0,0,1,0,0,pair_599,buggy,synthetic_generated,accesses array[array.length] directly (out of bounds)
gen_array_index_fix_169,data/ml/raw_snippets_generated/array_length_index_misuse/fixed/GenArrayIndexFix169.java,java,NO_ISSUE,1,0,0,0,0,0,pair_599,fixed,synthetic_generated,corrected with .length - 1 as last valid index
gen_array_index_bug_170,data/ml/raw_snippets_generated/array_length_index_misuse/buggy/GenArrayIndexBug170.java,java,ARRAY_LENGTH_INDEX_MISUSE,0,0,0,1,0,0,pair_600,buggy,synthetic_generated,accesses array[array.length] directly (out of bounds)
gen_array_index_fix_170,data/ml/raw_snippets_generated/array_length_index_misuse/fixed/GenArrayIndexFix170.java,java,NO_ISSUE,1,0,0,0,0,0,pair_600,fixed,synthetic_generated,corrected with .length - 1 as last valid index
gen_missing_break_bug_001,data/ml/raw_snippets_generated/missing_break_in_switch/buggy/GenMissingBreakBug001.java,java,MISSING_BREAK_IN_SWITCH,0,0,0,0,1,0,pair_601,buggy,synthetic_generated,case falls through without break (unintentional)
gen_missing_break_fix_001,data/ml/raw_snippets_generated/missing_break_in_switch/fixed/GenMissingBreakFix001.java,java,NO_ISSUE,1,0,0,0,0,0,pair_601,fixed,synthetic_generated,every case ends with break/return
gen_missing_break_bug_002,data/ml/raw_snippets_generated/missing_break_in_switch/buggy/GenMissingBreakBug002.java,java,MISSING_BREAK_IN_SWITCH,0,0,0,0,1,0,pair_602,buggy,synthetic_generated,case falls through without break (unintentional)
gen_missing_break_fix_002,data/ml/raw_snippets_generated/missing_break_in_switch/fixed/GenMissingBreakFix002.java,java,NO_ISSUE,1,0,0,0,0,0,pair_602,fixed,synthetic_generated,every case ends with break/return
gen_missing_break_bug_003,data/ml/raw_snippets_generated/missing_break_in_switch/buggy/GenMissingBreakBug003.java,java,MISSING_BREAK_IN_SWITCH,0,0,0,0,1,0,pair_603,buggy,synthetic_generated,case falls through without break (unintentional)
gen_missing_break_fix_003,data/ml/raw_snippets_generated/missing_break_in_switch/fixed/GenMissingBreakFix003.java,java,NO_ISSUE,1,0,0,0,0,0,pair_603,fixed,synthetic_generated,every case ends with break/return
gen_missing_break_bug_004,data/ml/raw_snippets_generated/missing_break_in_switch/buggy/GenMissingBreakBug004.java,java,MISSING_BREAK_IN_SWITCH,0,0,0,0,1,0,pair_604,buggy,synthetic_generated,case falls through without break (unintentional)
gen_missing_break_fix_004,data/ml/raw_snippets_generated/missing_break_in_switch/fixed/GenMissingBreakFix004.java,java,NO_ISSUE,1,0,0,0,0,0,pair_604,fixed,synthetic_generated,every case ends with break/return
gen_missing_break_bug_005,data/ml/raw_snippets_generated/missing_break_in_switch/buggy/GenMissingBreakBug005.java,java,MISSING_BREAK_IN_SWITCH,0,0,0,0,1,0,pair_605,buggy,synthetic_generated,case falls through without break (unintentional)
gen_missing_break_fix_005,data/ml/raw_snippets_generated/missing_break_in_switch/fixed/GenMissingBreakFix005.java,java,NO_ISSUE,1,0,0,0,0,0,pair_605,fixed,synthetic_generated,every case ends with break/return
gen_missing_break_bug_006,data/ml/raw_snippets_generated/missing_break_in_switch/buggy/GenMissingBreakBug006.java,java,MISSING_BREAK_IN_SWITCH,0,0,0,0,1,0,pair_606,buggy,synthetic_generated,case falls through without break (unintentional)
gen_missing_break_fix_006,data/ml/raw_snippets_generated/missing_break_in_switch/fixed/GenMissingBreakFix006.java,java,NO_ISSUE,1,0,0,0,0,0,pair_606,fixed,synthetic_generated,every case ends with break/return
gen_missing_break_bug_007,data/ml/raw_snippets_generated/missing_break_in_switch/buggy/GenMissingBreakBug007.java,java,MISSING_BREAK_IN_SWITCH,0,0,0,0,1,0,pair_607,buggy,synthetic_generated,case falls through without break (unintentional)
gen_missing_break_fix_007,data/ml/raw_snippets_generated/missing_break_in_switch/fixed/GenMissingBreakFix007.java,java,NO_ISSUE,1,0,0,0,0,0,pair_607,fixed,synthetic_generated,every case ends with break/return
gen_missing_break_bug_008,data/ml/raw_snippets_generated/missing_break_in_switch/buggy/GenMissingBreakBug008.java,java,MISSING_BREAK_IN_SWITCH,0,0,0,0,1,0,pair_608,buggy,synthetic_generated,case falls through without break (unintentional)
gen_missing_break_fix_008,data/ml/raw_snippets_generated/missing_break_in_switch/fixed/GenMissingBreakFix008.java,java,NO_ISSUE,1,0,0,0,0,0,pair_608,fixed,synthetic_generated,every case ends with break/return
gen_missing_break_bug_009,data/ml/raw_snippets_generated/missing_break_in_switch/buggy/GenMissingBreakBug009.java,java,MISSING_BREAK_IN_SWITCH,0,0,0,0,1,0,pair_609,buggy,synthetic_generated,case falls through without break (unintentional)
gen_missing_break_fix_009,data/ml/raw_snippets_generated/missing_break_in_switch/fixed/GenMissingBreakFix009.java,java,NO_ISSUE,1,0,0,0,0,0,pair_609,fixed,synthetic_generated,every case ends with break/return
gen_missing_break_bug_010,data/ml/raw_snippets_generated/missing_break_in_switch/buggy/GenMissingBreakBug010.java,java,MISSING_BREAK_IN_SWITCH,0,0,0,0,1,0,pair_610,buggy,synthetic_generated,case falls through without break (unintentional)
gen_missing_break_fix_010,data/ml/raw_snippets_generated/missing_break_in_switch/fixed/GenMissingBreakFix010.java,java,NO_ISSUE,1,0,0,0,0,0,pair_610,fixed,synthetic_generated,every case ends with break/return
gen_missing_break_bug_011,data/ml/raw_snippets_generated/missing_break_in_switch/buggy/GenMissingBreakBug011.java,java,MISSING_BREAK_IN_SWITCH,0,0,0,0,1,0,pair_611,buggy,synthetic_generated,case falls through without break (unintentional)
gen_missing_break_fix_011,data/ml/raw_snippets_generated/missing_break_in_switch/fixed/GenMissingBreakFix011.java,java,NO_ISSUE,1,0,0,0,0,0,pair_611,fixed,synthetic_generated,every case ends with break/return
gen_missing_break_bug_012,data/ml/raw_snippets_generated/missing_break_in_switch/buggy/GenMissingBreakBug012.java,java,MISSING_BREAK_IN_SWITCH,0,0,0,0,1,0,pair_612,buggy,synthetic_generated,case falls through without break (unintentional)
gen_missing_break_fix_012,data/ml/raw_snippets_generated/missing_break_in_switch/fixed/GenMissingBreakFix012.java,java,NO_ISSUE,1,0,0,0,0,0,pair_612,fixed,synthetic_generated,every case ends with break/return
gen_missing_break_bug_013,data/ml/raw_snippets_generated/missing_break_in_switch/buggy/GenMissingBreakBug013.java,java,MISSING_BREAK_IN_SWITCH,0,0,0,0,1,0,pair_613,buggy,synthetic_generated,case falls through without break (unintentional)
gen_missing_break_fix_013,data/ml/raw_snippets_generated/missing_break_in_switch/fixed/GenMissingBreakFix013.java,java,NO_ISSUE,1,0,0,0,0,0,pair_613,fixed,synthetic_generated,every case ends with break/return
gen_missing_break_bug_014,data/ml/raw_snippets_generated/missing_break_in_switch/buggy/GenMissingBreakBug014.java,java,MISSING_BREAK_IN_SWITCH,0,0,0,0,1,0,pair_614,buggy,synthetic_generated,case falls through without break (unintentional)
gen_missing_break_fix_014,data/ml/raw_snippets_generated/missing_break_in_switch/fixed/GenMissingBreakFix014.java,java,NO_ISSUE,1,0,0,0,0,0,pair_614,fixed,synthetic_generated,every case ends with break/return
gen_missing_break_bug_015,data/ml/raw_snippets_generated/missing_break_in_switch/buggy/GenMissingBreakBug015.java,java,MISSING_BREAK_IN_SWITCH,0,0,0,0,1,0,pair_615,buggy,synthetic_generated,case falls through without break (unintentional)
gen_missing_break_fix_015,data/ml/raw_snippets_generated/missing_break_in_switch/fixed/GenMissingBreakFix015.java,java,NO_ISSUE,1,0,0,0,0,0,pair_615,fixed,synthetic_generated,every case ends with break/return
gen_missing_break_bug_016,data/ml/raw_snippets_generated/missing_break_in_switch/buggy/GenMissingBreakBug016.java,java,MISSING_BREAK_IN_SWITCH,0,0,0,0,1,0,pair_616,buggy,synthetic_generated,case falls through without break (unintentional)
gen_missing_break_fix_016,data/ml/raw_snippets_generated/missing_break_in_switch/fixed/GenMissingBreakFix016.java,java,NO_ISSUE,1,0,0,0,0,0,pair_616,fixed,synthetic_generated,every case ends with break/return
gen_missing_break_bug_017,data/ml/raw_snippets_generated/missing_break_in_switch/buggy/GenMissingBreakBug017.java,java,MISSING_BREAK_IN_SWITCH,0,0,0,0,1,0,pair_617,buggy,synthetic_generated,case falls through without break (unintentional)
gen_missing_break_fix_017,data/ml/raw_snippets_generated/missing_break_in_switch/fixed/GenMissingBreakFix017.java,java,NO_ISSUE,1,0,0,0,0,0,pair_617,fixed,synthetic_generated,every case ends with break/return
gen_missing_break_bug_018,data/ml/raw_snippets_generated/missing_break_in_switch/buggy/GenMissingBreakBug018.java,java,MISSING_BREAK_IN_SWITCH,0,0,0,0,1,0,pair_618,buggy,synthetic_generated,case falls through without break (unintentional)
gen_missing_break_fix_018,data/ml/raw_snippets_generated/missing_break_in_switch/fixed/GenMissingBreakFix018.java,java,NO_ISSUE,1,0,0,0,0,0,pair_618,fixed,synthetic_generated,every case ends with break/return
gen_missing_break_bug_019,data/ml/raw_snippets_generated/missing_break_in_switch/buggy/GenMissingBreakBug019.java,java,MISSING_BREAK_IN_SWITCH,0,0,0,0,1,0,pair_619,buggy,synthetic_generated,case falls through without break (unintentional)
gen_missing_break_fix_019,data/ml/raw_snippets_generated/missing_break_in_switch/fixed/GenMissingBreakFix019.java,java,NO_ISSUE,1,0,0,0,0,0,pair_619,fixed,synthetic_generated,every case ends with break/return
gen_missing_break_bug_020,data/ml/raw_snippets_generated/missing_break_in_switch/buggy/GenMissingBreakBug020.java,java,MISSING_BREAK_IN_SWITCH,0,0,0,0,1,0,pair_620,buggy,synthetic_generated,case falls through without break (unintentional)
gen_missing_break_fix_020,data/ml/raw_snippets_generated/missing_break_in_switch/fixed/GenMissingBreakFix020.java,java,NO_ISSUE,1,0,0,0,0,0,pair_620,fixed,synthetic_generated,every case ends with break/return
gen_missing_break_bug_021,data/ml/raw_snippets_generated/missing_break_in_switch/buggy/GenMissingBreakBug021.java,java,MISSING_BREAK_IN_SWITCH,0,0,0,0,1,0,pair_621,buggy,synthetic_generated,case falls through without break (unintentional)
gen_missing_break_fix_021,data/ml/raw_snippets_generated/missing_break_in_switch/fixed/GenMissingBreakFix021.java,java,NO_ISSUE,1,0,0,0,0,0,pair_621,fixed,synthetic_generated,every case ends with break/return
gen_missing_break_bug_022,data/ml/raw_snippets_generated/missing_break_in_switch/buggy/GenMissingBreakBug022.java,java,MISSING_BREAK_IN_SWITCH,0,0,0,0,1,0,pair_622,buggy,synthetic_generated,case falls through without break (unintentional)
gen_missing_break_fix_022,data/ml/raw_snippets_generated/missing_break_in_switch/fixed/GenMissingBreakFix022.java,java,NO_ISSUE,1,0,0,0,0,0,pair_622,fixed,synthetic_generated,every case ends with break/return
gen_missing_break_bug_023,data/ml/raw_snippets_generated/missing_break_in_switch/buggy/GenMissingBreakBug023.java,java,MISSING_BREAK_IN_SWITCH,0,0,0,0,1,0,pair_623,buggy,synthetic_generated,case falls through without break (unintentional)
gen_missing_break_fix_023,data/ml/raw_snippets_generated/missing_break_in_switch/fixed/GenMissingBreakFix023.java,java,NO_ISSUE,1,0,0,0,0,0,pair_623,fixed,synthetic_generated,every case ends with break/return
gen_missing_break_bug_024,data/ml/raw_snippets_generated/missing_break_in_switch/buggy/GenMissingBreakBug024.java,java,MISSING_BREAK_IN_SWITCH,0,0,0,0,1,0,pair_624,buggy,synthetic_generated,case falls through without break (unintentional)
gen_missing_break_fix_024,data/ml/raw_snippets_generated/missing_break_in_switch/fixed/GenMissingBreakFix024.java,java,NO_ISSUE,1,0,0,0,0,0,pair_624,fixed,synthetic_generated,every case ends with break/return
gen_missing_break_bug_025,data/ml/raw_snippets_generated/missing_break_in_switch/buggy/GenMissingBreakBug025.java,java,MISSING_BREAK_IN_SWITCH,0,0,0,0,1,0,pair_625,buggy,synthetic_generated,case falls through without break (unintentional)
gen_missing_break_fix_025,data/ml/raw_snippets_generated/missing_break_in_switch/fixed/GenMissingBreakFix025.java,java,NO_ISSUE,1,0,0,0,0,0,pair_625,fixed,synthetic_generated,every case ends with break/return
gen_missing_break_bug_026,data/ml/raw_snippets_generated/missing_break_in_switch/buggy/GenMissingBreakBug026.java,java,MISSING_BREAK_IN_SWITCH,0,0,0,0,1,0,pair_626,buggy,synthetic_generated,case falls through without break (unintentional)
gen_missing_break_fix_026,data/ml/raw_snippets_generated/missing_break_in_switch/fixed/GenMissingBreakFix026.java,java,NO_ISSUE,1,0,0,0,0,0,pair_626,fixed,synthetic_generated,every case ends with break/return
gen_missing_break_bug_027,data/ml/raw_snippets_generated/missing_break_in_switch/buggy/GenMissingBreakBug027.java,java,MISSING_BREAK_IN_SWITCH,0,0,0,0,1,0,pair_627,buggy,synthetic_generated,case falls through without break (unintentional)
gen_missing_break_fix_027,data/ml/raw_snippets_generated/missing_break_in_switch/fixed/GenMissingBreakFix027.java,java,NO_ISSUE,1,0,0,0,0,0,pair_627,fixed,synthetic_generated,every case ends with break/return
gen_missing_break_bug_028,data/ml/raw_snippets_generated/missing_break_in_switch/buggy/GenMissingBreakBug028.java,java,MISSING_BREAK_IN_SWITCH,0,0,0,0,1,0,pair_628,buggy,synthetic_generated,case falls through without break (unintentional)
gen_missing_break_fix_028,data/ml/raw_snippets_generated/missing_break_in_switch/fixed/GenMissingBreakFix028.java,java,NO_ISSUE,1,0,0,0,0,0,pair_628,fixed,synthetic_generated,every case ends with break/return
gen_missing_break_bug_029,data/ml/raw_snippets_generated/missing_break_in_switch/buggy/GenMissingBreakBug029.java,java,MISSING_BREAK_IN_SWITCH,0,0,0,0,1,0,pair_629,buggy,synthetic_generated,case falls through without break (unintentional)
gen_missing_break_fix_029,data/ml/raw_snippets_generated/missing_break_in_switch/fixed/GenMissingBreakFix029.java,java,NO_ISSUE,1,0,0,0,0,0,pair_629,fixed,synthetic_generated,every case ends with break/return
gen_missing_break_bug_030,data/ml/raw_snippets_generated/missing_break_in_switch/buggy/GenMissingBreakBug030.java,java,MISSING_BREAK_IN_SWITCH,0,0,0,0,1,0,pair_630,buggy,synthetic_generated,case falls through without break (unintentional)
gen_missing_break_fix_030,data/ml/raw_snippets_generated/missing_break_in_switch/fixed/GenMissingBreakFix030.java,java,NO_ISSUE,1,0,0,0,0,0,pair_630,fixed,synthetic_generated,every case ends with break/return
gen_missing_break_bug_031,data/ml/raw_snippets_generated/missing_break_in_switch/buggy/GenMissingBreakBug031.java,java,MISSING_BREAK_IN_SWITCH,0,0,0,0,1,0,pair_631,buggy,synthetic_generated,case falls through without break (unintentional)
gen_missing_break_fix_031,data/ml/raw_snippets_generated/missing_break_in_switch/fixed/GenMissingBreakFix031.java,java,NO_ISSUE,1,0,0,0,0,0,pair_631,fixed,synthetic_generated,every case ends with break/return
gen_missing_break_bug_032,data/ml/raw_snippets_generated/missing_break_in_switch/buggy/GenMissingBreakBug032.java,java,MISSING_BREAK_IN_SWITCH,0,0,0,0,1,0,pair_632,buggy,synthetic_generated,case falls through without break (unintentional)
gen_missing_break_fix_032,data/ml/raw_snippets_generated/missing_break_in_switch/fixed/GenMissingBreakFix032.java,java,NO_ISSUE,1,0,0,0,0,0,pair_632,fixed,synthetic_generated,every case ends with break/return
gen_missing_break_bug_033,data/ml/raw_snippets_generated/missing_break_in_switch/buggy/GenMissingBreakBug033.java,java,MISSING_BREAK_IN_SWITCH,0,0,0,0,1,0,pair_633,buggy,synthetic_generated,case falls through without break (unintentional)
gen_missing_break_fix_033,data/ml/raw_snippets_generated/missing_break_in_switch/fixed/GenMissingBreakFix033.java,java,NO_ISSUE,1,0,0,0,0,0,pair_633,fixed,synthetic_generated,every case ends with break/return
gen_missing_break_bug_034,data/ml/raw_snippets_generated/missing_break_in_switch/buggy/GenMissingBreakBug034.java,java,MISSING_BREAK_IN_SWITCH,0,0,0,0,1,0,pair_634,buggy,synthetic_generated,case falls through without break (unintentional)
gen_missing_break_fix_034,data/ml/raw_snippets_generated/missing_break_in_switch/fixed/GenMissingBreakFix034.java,java,NO_ISSUE,1,0,0,0,0,0,pair_634,fixed,synthetic_generated,every case ends with break/return
gen_missing_break_bug_035,data/ml/raw_snippets_generated/missing_break_in_switch/buggy/GenMissingBreakBug035.java,java,MISSING_BREAK_IN_SWITCH,0,0,0,0,1,0,pair_635,buggy,synthetic_generated,case falls through without break (unintentional)
gen_missing_break_fix_035,data/ml/raw_snippets_generated/missing_break_in_switch/fixed/GenMissingBreakFix035.java,java,NO_ISSUE,1,0,0,0,0,0,pair_635,fixed,synthetic_generated,every case ends with break/return
gen_missing_break_bug_036,data/ml/raw_snippets_generated/missing_break_in_switch/buggy/GenMissingBreakBug036.java,java,MISSING_BREAK_IN_SWITCH,0,0,0,0,1,0,pair_636,buggy,synthetic_generated,case falls through without break (unintentional)
gen_missing_break_fix_036,data/ml/raw_snippets_generated/missing_break_in_switch/fixed/GenMissingBreakFix036.java,java,NO_ISSUE,1,0,0,0,0,0,pair_636,fixed,synthetic_generated,every case ends with break/return
gen_missing_break_bug_037,data/ml/raw_snippets_generated/missing_break_in_switch/buggy/GenMissingBreakBug037.java,java,MISSING_BREAK_IN_SWITCH,0,0,0,0,1,0,pair_637,buggy,synthetic_generated,case falls through without break (unintentional)
gen_missing_break_fix_037,data/ml/raw_snippets_generated/missing_break_in_switch/fixed/GenMissingBreakFix037.java,java,NO_ISSUE,1,0,0,0,0,0,pair_637,fixed,synthetic_generated,every case ends with break/return
gen_missing_break_bug_038,data/ml/raw_snippets_generated/missing_break_in_switch/buggy/GenMissingBreakBug038.java,java,MISSING_BREAK_IN_SWITCH,0,0,0,0,1,0,pair_638,buggy,synthetic_generated,case falls through without break (unintentional)
gen_missing_break_fix_038,data/ml/raw_snippets_generated/missing_break_in_switch/fixed/GenMissingBreakFix038.java,java,NO_ISSUE,1,0,0,0,0,0,pair_638,fixed,synthetic_generated,every case ends with break/return
gen_missing_break_bug_039,data/ml/raw_snippets_generated/missing_break_in_switch/buggy/GenMissingBreakBug039.java,java,MISSING_BREAK_IN_SWITCH,0,0,0,0,1,0,pair_639,buggy,synthetic_generated,case falls through without break (unintentional)
gen_missing_break_fix_039,data/ml/raw_snippets_generated/missing_break_in_switch/fixed/GenMissingBreakFix039.java,java,NO_ISSUE,1,0,0,0,0,0,pair_639,fixed,synthetic_generated,every case ends with break/return
gen_missing_break_bug_040,data/ml/raw_snippets_generated/missing_break_in_switch/buggy/GenMissingBreakBug040.java,java,MISSING_BREAK_IN_SWITCH,0,0,0,0,1,0,pair_640,buggy,synthetic_generated,case falls through without break (unintentional)
gen_missing_break_fix_040,data/ml/raw_snippets_generated/missing_break_in_switch/fixed/GenMissingBreakFix040.java,java,NO_ISSUE,1,0,0,0,0,0,pair_640,fixed,synthetic_generated,every case ends with break/return
gen_missing_break_bug_041,data/ml/raw_snippets_generated/missing_break_in_switch/buggy/GenMissingBreakBug041.java,java,MISSING_BREAK_IN_SWITCH,0,0,0,0,1,0,pair_641,buggy,synthetic_generated,case falls through without break (unintentional)
gen_missing_break_fix_041,data/ml/raw_snippets_generated/missing_break_in_switch/fixed/GenMissingBreakFix041.java,java,NO_ISSUE,1,0,0,0,0,0,pair_641,fixed,synthetic_generated,every case ends with break/return
gen_missing_break_bug_042,data/ml/raw_snippets_generated/missing_break_in_switch/buggy/GenMissingBreakBug042.java,java,MISSING_BREAK_IN_SWITCH,0,0,0,0,1,0,pair_642,buggy,synthetic_generated,case falls through without break (unintentional)
gen_missing_break_fix_042,data/ml/raw_snippets_generated/missing_break_in_switch/fixed/GenMissingBreakFix042.java,java,NO_ISSUE,1,0,0,0,0,0,pair_642,fixed,synthetic_generated,every case ends with break/return
gen_missing_break_bug_043,data/ml/raw_snippets_generated/missing_break_in_switch/buggy/GenMissingBreakBug043.java,java,MISSING_BREAK_IN_SWITCH,0,0,0,0,1,0,pair_643,buggy,synthetic_generated,case falls through without break (unintentional)
gen_missing_break_fix_043,data/ml/raw_snippets_generated/missing_break_in_switch/fixed/GenMissingBreakFix043.java,java,NO_ISSUE,1,0,0,0,0,0,pair_643,fixed,synthetic_generated,every case ends with break/return
gen_missing_break_bug_044,data/ml/raw_snippets_generated/missing_break_in_switch/buggy/GenMissingBreakBug044.java,java,MISSING_BREAK_IN_SWITCH,0,0,0,0,1,0,pair_644,buggy,synthetic_generated,case falls through without break (unintentional)
gen_missing_break_fix_044,data/ml/raw_snippets_generated/missing_break_in_switch/fixed/GenMissingBreakFix044.java,java,NO_ISSUE,1,0,0,0,0,0,pair_644,fixed,synthetic_generated,every case ends with break/return
gen_missing_break_bug_045,data/ml/raw_snippets_generated/missing_break_in_switch/buggy/GenMissingBreakBug045.java,java,MISSING_BREAK_IN_SWITCH,0,0,0,0,1,0,pair_645,buggy,synthetic_generated,case falls through without break (unintentional)
gen_missing_break_fix_045,data/ml/raw_snippets_generated/missing_break_in_switch/fixed/GenMissingBreakFix045.java,java,NO_ISSUE,1,0,0,0,0,0,pair_645,fixed,synthetic_generated,every case ends with break/return
gen_missing_break_bug_046,data/ml/raw_snippets_generated/missing_break_in_switch/buggy/GenMissingBreakBug046.java,java,MISSING_BREAK_IN_SWITCH,0,0,0,0,1,0,pair_646,buggy,synthetic_generated,case falls through without break (unintentional)
gen_missing_break_fix_046,data/ml/raw_snippets_generated/missing_break_in_switch/fixed/GenMissingBreakFix046.java,java,NO_ISSUE,1,0,0,0,0,0,pair_646,fixed,synthetic_generated,every case ends with break/return
gen_missing_break_bug_047,data/ml/raw_snippets_generated/missing_break_in_switch/buggy/GenMissingBreakBug047.java,java,MISSING_BREAK_IN_SWITCH,0,0,0,0,1,0,pair_647,buggy,synthetic_generated,case falls through without break (unintentional)
gen_missing_break_fix_047,data/ml/raw_snippets_generated/missing_break_in_switch/fixed/GenMissingBreakFix047.java,java,NO_ISSUE,1,0,0,0,0,0,pair_647,fixed,synthetic_generated,every case ends with break/return
gen_missing_break_bug_048,data/ml/raw_snippets_generated/missing_break_in_switch/buggy/GenMissingBreakBug048.java,java,MISSING_BREAK_IN_SWITCH,0,0,0,0,1,0,pair_648,buggy,synthetic_generated,case falls through without break (unintentional)
gen_missing_break_fix_048,data/ml/raw_snippets_generated/missing_break_in_switch/fixed/GenMissingBreakFix048.java,java,NO_ISSUE,1,0,0,0,0,0,pair_648,fixed,synthetic_generated,every case ends with break/return
gen_missing_break_bug_049,data/ml/raw_snippets_generated/missing_break_in_switch/buggy/GenMissingBreakBug049.java,java,MISSING_BREAK_IN_SWITCH,0,0,0,0,1,0,pair_649,buggy,synthetic_generated,case falls through without break (unintentional)
gen_missing_break_fix_049,data/ml/raw_snippets_generated/missing_break_in_switch/fixed/GenMissingBreakFix049.java,java,NO_ISSUE,1,0,0,0,0,0,pair_649,fixed,synthetic_generated,every case ends with break/return
gen_missing_break_bug_050,data/ml/raw_snippets_generated/missing_break_in_switch/buggy/GenMissingBreakBug050.java,java,MISSING_BREAK_IN_SWITCH,0,0,0,0,1,0,pair_650,buggy,synthetic_generated,case falls through without break (unintentional)
gen_missing_break_fix_050,data/ml/raw_snippets_generated/missing_break_in_switch/fixed/GenMissingBreakFix050.java,java,NO_ISSUE,1,0,0,0,0,0,pair_650,fixed,synthetic_generated,every case ends with break/return
gen_missing_break_bug_051,data/ml/raw_snippets_generated/missing_break_in_switch/buggy/GenMissingBreakBug051.java,java,MISSING_BREAK_IN_SWITCH,0,0,0,0,1,0,pair_651,buggy,synthetic_generated,case falls through without break (unintentional)
gen_missing_break_fix_051,data/ml/raw_snippets_generated/missing_break_in_switch/fixed/GenMissingBreakFix051.java,java,NO_ISSUE,1,0,0,0,0,0,pair_651,fixed,synthetic_generated,every case ends with break/return
gen_missing_break_bug_052,data/ml/raw_snippets_generated/missing_break_in_switch/buggy/GenMissingBreakBug052.java,java,MISSING_BREAK_IN_SWITCH,0,0,0,0,1,0,pair_652,buggy,synthetic_generated,case falls through without break (unintentional)
gen_missing_break_fix_052,data/ml/raw_snippets_generated/missing_break_in_switch/fixed/GenMissingBreakFix052.java,java,NO_ISSUE,1,0,0,0,0,0,pair_652,fixed,synthetic_generated,every case ends with break/return
gen_missing_break_bug_053,data/ml/raw_snippets_generated/missing_break_in_switch/buggy/GenMissingBreakBug053.java,java,MISSING_BREAK_IN_SWITCH,0,0,0,0,1,0,pair_653,buggy,synthetic_generated,case falls through without break (unintentional)
gen_missing_break_fix_053,data/ml/raw_snippets_generated/missing_break_in_switch/fixed/GenMissingBreakFix053.java,java,NO_ISSUE,1,0,0,0,0,0,pair_653,fixed,synthetic_generated,every case ends with break/return
gen_missing_break_bug_054,data/ml/raw_snippets_generated/missing_break_in_switch/buggy/GenMissingBreakBug054.java,java,MISSING_BREAK_IN_SWITCH,0,0,0,0,1,0,pair_654,buggy,synthetic_generated,case falls through without break (unintentional)
gen_missing_break_fix_054,data/ml/raw_snippets_generated/missing_break_in_switch/fixed/GenMissingBreakFix054.java,java,NO_ISSUE,1,0,0,0,0,0,pair_654,fixed,synthetic_generated,every case ends with break/return
gen_missing_break_bug_055,data/ml/raw_snippets_generated/missing_break_in_switch/buggy/GenMissingBreakBug055.java,java,MISSING_BREAK_IN_SWITCH,0,0,0,0,1,0,pair_655,buggy,synthetic_generated,case falls through without break (unintentional)
gen_missing_break_fix_055,data/ml/raw_snippets_generated/missing_break_in_switch/fixed/GenMissingBreakFix055.java,java,NO_ISSUE,1,0,0,0,0,0,pair_655,fixed,synthetic_generated,every case ends with break/return
gen_missing_break_bug_056,data/ml/raw_snippets_generated/missing_break_in_switch/buggy/GenMissingBreakBug056.java,java,MISSING_BREAK_IN_SWITCH,0,0,0,0,1,0,pair_656,buggy,synthetic_generated,case falls through without break (unintentional)
gen_missing_break_fix_056,data/ml/raw_snippets_generated/missing_break_in_switch/fixed/GenMissingBreakFix056.java,java,NO_ISSUE,1,0,0,0,0,0,pair_656,fixed,synthetic_generated,every case ends with break/return
gen_missing_break_bug_057,data/ml/raw_snippets_generated/missing_break_in_switch/buggy/GenMissingBreakBug057.java,java,MISSING_BREAK_IN_SWITCH,0,0,0,0,1,0,pair_657,buggy,synthetic_generated,case falls through without break (unintentional)
gen_missing_break_fix_057,data/ml/raw_snippets_generated/missing_break_in_switch/fixed/GenMissingBreakFix057.java,java,NO_ISSUE,1,0,0,0,0,0,pair_657,fixed,synthetic_generated,every case ends with break/return
gen_missing_break_bug_058,data/ml/raw_snippets_generated/missing_break_in_switch/buggy/GenMissingBreakBug058.java,java,MISSING_BREAK_IN_SWITCH,0,0,0,0,1,0,pair_658,buggy,synthetic_generated,case falls through without break (unintentional)
gen_missing_break_fix_058,data/ml/raw_snippets_generated/missing_break_in_switch/fixed/GenMissingBreakFix058.java,java,NO_ISSUE,1,0,0,0,0,0,pair_658,fixed,synthetic_generated,every case ends with break/return
gen_missing_break_bug_059,data/ml/raw_snippets_generated/missing_break_in_switch/buggy/GenMissingBreakBug059.java,java,MISSING_BREAK_IN_SWITCH,0,0,0,0,1,0,pair_659,buggy,synthetic_generated,case falls through without break (unintentional)
gen_missing_break_fix_059,data/ml/raw_snippets_generated/missing_break_in_switch/fixed/GenMissingBreakFix059.java,java,NO_ISSUE,1,0,0,0,0,0,pair_659,fixed,synthetic_generated,every case ends with break/return
gen_missing_break_bug_060,data/ml/raw_snippets_generated/missing_break_in_switch/buggy/GenMissingBreakBug060.java,java,MISSING_BREAK_IN_SWITCH,0,0,0,0,1,0,pair_660,buggy,synthetic_generated,case falls through without break (unintentional)
gen_missing_break_fix_060,data/ml/raw_snippets_generated/missing_break_in_switch/fixed/GenMissingBreakFix060.java,java,NO_ISSUE,1,0,0,0,0,0,pair_660,fixed,synthetic_generated,every case ends with break/return
gen_missing_break_bug_061,data/ml/raw_snippets_generated/missing_break_in_switch/buggy/GenMissingBreakBug061.java,java,MISSING_BREAK_IN_SWITCH,0,0,0,0,1,0,pair_661,buggy,synthetic_generated,case falls through without break (unintentional)
gen_missing_break_fix_061,data/ml/raw_snippets_generated/missing_break_in_switch/fixed/GenMissingBreakFix061.java,java,NO_ISSUE,1,0,0,0,0,0,pair_661,fixed,synthetic_generated,every case ends with break/return
gen_missing_break_bug_062,data/ml/raw_snippets_generated/missing_break_in_switch/buggy/GenMissingBreakBug062.java,java,MISSING_BREAK_IN_SWITCH,0,0,0,0,1,0,pair_662,buggy,synthetic_generated,case falls through without break (unintentional)
gen_missing_break_fix_062,data/ml/raw_snippets_generated/missing_break_in_switch/fixed/GenMissingBreakFix062.java,java,NO_ISSUE,1,0,0,0,0,0,pair_662,fixed,synthetic_generated,every case ends with break/return
gen_missing_break_bug_063,data/ml/raw_snippets_generated/missing_break_in_switch/buggy/GenMissingBreakBug063.java,java,MISSING_BREAK_IN_SWITCH,0,0,0,0,1,0,pair_663,buggy,synthetic_generated,case falls through without break (unintentional)
gen_missing_break_fix_063,data/ml/raw_snippets_generated/missing_break_in_switch/fixed/GenMissingBreakFix063.java,java,NO_ISSUE,1,0,0,0,0,0,pair_663,fixed,synthetic_generated,every case ends with break/return
gen_missing_break_bug_064,data/ml/raw_snippets_generated/missing_break_in_switch/buggy/GenMissingBreakBug064.java,java,MISSING_BREAK_IN_SWITCH,0,0,0,0,1,0,pair_664,buggy,synthetic_generated,case falls through without break (unintentional)
gen_missing_break_fix_064,data/ml/raw_snippets_generated/missing_break_in_switch/fixed/GenMissingBreakFix064.java,java,NO_ISSUE,1,0,0,0,0,0,pair_664,fixed,synthetic_generated,every case ends with break/return
gen_missing_break_bug_065,data/ml/raw_snippets_generated/missing_break_in_switch/buggy/GenMissingBreakBug065.java,java,MISSING_BREAK_IN_SWITCH,0,0,0,0,1,0,pair_665,buggy,synthetic_generated,case falls through without break (unintentional)
gen_missing_break_fix_065,data/ml/raw_snippets_generated/missing_break_in_switch/fixed/GenMissingBreakFix065.java,java,NO_ISSUE,1,0,0,0,0,0,pair_665,fixed,synthetic_generated,every case ends with break/return
gen_missing_break_bug_066,data/ml/raw_snippets_generated/missing_break_in_switch/buggy/GenMissingBreakBug066.java,java,MISSING_BREAK_IN_SWITCH,0,0,0,0,1,0,pair_666,buggy,synthetic_generated,case falls through without break (unintentional)
gen_missing_break_fix_066,data/ml/raw_snippets_generated/missing_break_in_switch/fixed/GenMissingBreakFix066.java,java,NO_ISSUE,1,0,0,0,0,0,pair_666,fixed,synthetic_generated,every case ends with break/return
gen_missing_break_bug_067,data/ml/raw_snippets_generated/missing_break_in_switch/buggy/GenMissingBreakBug067.java,java,MISSING_BREAK_IN_SWITCH,0,0,0,0,1,0,pair_667,buggy,synthetic_generated,case falls through without break (unintentional)
gen_missing_break_fix_067,data/ml/raw_snippets_generated/missing_break_in_switch/fixed/GenMissingBreakFix067.java,java,NO_ISSUE,1,0,0,0,0,0,pair_667,fixed,synthetic_generated,every case ends with break/return
gen_missing_break_bug_068,data/ml/raw_snippets_generated/missing_break_in_switch/buggy/GenMissingBreakBug068.java,java,MISSING_BREAK_IN_SWITCH,0,0,0,0,1,0,pair_668,buggy,synthetic_generated,case falls through without break (unintentional)
gen_missing_break_fix_068,data/ml/raw_snippets_generated/missing_break_in_switch/fixed/GenMissingBreakFix068.java,java,NO_ISSUE,1,0,0,0,0,0,pair_668,fixed,synthetic_generated,every case ends with break/return
gen_missing_break_bug_069,data/ml/raw_snippets_generated/missing_break_in_switch/buggy/GenMissingBreakBug069.java,java,MISSING_BREAK_IN_SWITCH,0,0,0,0,1,0,pair_669,buggy,synthetic_generated,case falls through without break (unintentional)
gen_missing_break_fix_069,data/ml/raw_snippets_generated/missing_break_in_switch/fixed/GenMissingBreakFix069.java,java,NO_ISSUE,1,0,0,0,0,0,pair_669,fixed,synthetic_generated,every case ends with break/return
gen_missing_break_bug_070,data/ml/raw_snippets_generated/missing_break_in_switch/buggy/GenMissingBreakBug070.java,java,MISSING_BREAK_IN_SWITCH,0,0,0,0,1,0,pair_670,buggy,synthetic_generated,case falls through without break (unintentional)
gen_missing_break_fix_070,data/ml/raw_snippets_generated/missing_break_in_switch/fixed/GenMissingBreakFix070.java,java,NO_ISSUE,1,0,0,0,0,0,pair_670,fixed,synthetic_generated,every case ends with break/return
gen_missing_break_bug_071,data/ml/raw_snippets_generated/missing_break_in_switch/buggy/GenMissingBreakBug071.java,java,MISSING_BREAK_IN_SWITCH,0,0,0,0,1,0,pair_671,buggy,synthetic_generated,case falls through without break (unintentional)
gen_missing_break_fix_071,data/ml/raw_snippets_generated/missing_break_in_switch/fixed/GenMissingBreakFix071.java,java,NO_ISSUE,1,0,0,0,0,0,pair_671,fixed,synthetic_generated,every case ends with break/return
gen_missing_break_bug_072,data/ml/raw_snippets_generated/missing_break_in_switch/buggy/GenMissingBreakBug072.java,java,MISSING_BREAK_IN_SWITCH,0,0,0,0,1,0,pair_672,buggy,synthetic_generated,case falls through without break (unintentional)
gen_missing_break_fix_072,data/ml/raw_snippets_generated/missing_break_in_switch/fixed/GenMissingBreakFix072.java,java,NO_ISSUE,1,0,0,0,0,0,pair_672,fixed,synthetic_generated,every case ends with break/return
gen_missing_break_bug_073,data/ml/raw_snippets_generated/missing_break_in_switch/buggy/GenMissingBreakBug073.java,java,MISSING_BREAK_IN_SWITCH,0,0,0,0,1,0,pair_673,buggy,synthetic_generated,case falls through without break (unintentional)
gen_missing_break_fix_073,data/ml/raw_snippets_generated/missing_break_in_switch/fixed/GenMissingBreakFix073.java,java,NO_ISSUE,1,0,0,0,0,0,pair_673,fixed,synthetic_generated,every case ends with break/return
gen_missing_break_bug_074,data/ml/raw_snippets_generated/missing_break_in_switch/buggy/GenMissingBreakBug074.java,java,MISSING_BREAK_IN_SWITCH,0,0,0,0,1,0,pair_674,buggy,synthetic_generated,case falls through without break (unintentional)
gen_missing_break_fix_074,data/ml/raw_snippets_generated/missing_break_in_switch/fixed/GenMissingBreakFix074.java,java,NO_ISSUE,1,0,0,0,0,0,pair_674,fixed,synthetic_generated,every case ends with break/return
gen_missing_break_bug_075,data/ml/raw_snippets_generated/missing_break_in_switch/buggy/GenMissingBreakBug075.java,java,MISSING_BREAK_IN_SWITCH,0,0,0,0,1,0,pair_675,buggy,synthetic_generated,case falls through without break (unintentional)
gen_missing_break_fix_075,data/ml/raw_snippets_generated/missing_break_in_switch/fixed/GenMissingBreakFix075.java,java,NO_ISSUE,1,0,0,0,0,0,pair_675,fixed,synthetic_generated,every case ends with break/return
gen_missing_break_bug_076,data/ml/raw_snippets_generated/missing_break_in_switch/buggy/GenMissingBreakBug076.java,java,MISSING_BREAK_IN_SWITCH,0,0,0,0,1,0,pair_676,buggy,synthetic_generated,case falls through without break (unintentional)
gen_missing_break_fix_076,data/ml/raw_snippets_generated/missing_break_in_switch/fixed/GenMissingBreakFix076.java,java,NO_ISSUE,1,0,0,0,0,0,pair_676,fixed,synthetic_generated,every case ends with break/return
gen_missing_break_bug_077,data/ml/raw_snippets_generated/missing_break_in_switch/buggy/GenMissingBreakBug077.java,java,MISSING_BREAK_IN_SWITCH,0,0,0,0,1,0,pair_677,buggy,synthetic_generated,case falls through without break (unintentional)
gen_missing_break_fix_077,data/ml/raw_snippets_generated/missing_break_in_switch/fixed/GenMissingBreakFix077.java,java,NO_ISSUE,1,0,0,0,0,0,pair_677,fixed,synthetic_generated,every case ends with break/return
gen_missing_break_bug_078,data/ml/raw_snippets_generated/missing_break_in_switch/buggy/GenMissingBreakBug078.java,java,MISSING_BREAK_IN_SWITCH,0,0,0,0,1,0,pair_678,buggy,synthetic_generated,case falls through without break (unintentional)
gen_missing_break_fix_078,data/ml/raw_snippets_generated/missing_break_in_switch/fixed/GenMissingBreakFix078.java,java,NO_ISSUE,1,0,0,0,0,0,pair_678,fixed,synthetic_generated,every case ends with break/return
gen_missing_break_bug_079,data/ml/raw_snippets_generated/missing_break_in_switch/buggy/GenMissingBreakBug079.java,java,MISSING_BREAK_IN_SWITCH,0,0,0,0,1,0,pair_679,buggy,synthetic_generated,case falls through without break (unintentional)
gen_missing_break_fix_079,data/ml/raw_snippets_generated/missing_break_in_switch/fixed/GenMissingBreakFix079.java,java,NO_ISSUE,1,0,0,0,0,0,pair_679,fixed,synthetic_generated,every case ends with break/return
gen_missing_break_bug_080,data/ml/raw_snippets_generated/missing_break_in_switch/buggy/GenMissingBreakBug080.java,java,MISSING_BREAK_IN_SWITCH,0,0,0,0,1,0,pair_680,buggy,synthetic_generated,case falls through without break (unintentional)
gen_missing_break_fix_080,data/ml/raw_snippets_generated/missing_break_in_switch/fixed/GenMissingBreakFix080.java,java,NO_ISSUE,1,0,0,0,0,0,pair_680,fixed,synthetic_generated,every case ends with break/return
gen_missing_break_bug_081,data/ml/raw_snippets_generated/missing_break_in_switch/buggy/GenMissingBreakBug081.java,java,MISSING_BREAK_IN_SWITCH,0,0,0,0,1,0,pair_681,buggy,synthetic_generated,case falls through without break (unintentional)
gen_missing_break_fix_081,data/ml/raw_snippets_generated/missing_break_in_switch/fixed/GenMissingBreakFix081.java,java,NO_ISSUE,1,0,0,0,0,0,pair_681,fixed,synthetic_generated,every case ends with break/return
gen_missing_break_bug_082,data/ml/raw_snippets_generated/missing_break_in_switch/buggy/GenMissingBreakBug082.java,java,MISSING_BREAK_IN_SWITCH,0,0,0,0,1,0,pair_682,buggy,synthetic_generated,case falls through without break (unintentional)
gen_missing_break_fix_082,data/ml/raw_snippets_generated/missing_break_in_switch/fixed/GenMissingBreakFix082.java,java,NO_ISSUE,1,0,0,0,0,0,pair_682,fixed,synthetic_generated,every case ends with break/return
gen_missing_break_bug_083,data/ml/raw_snippets_generated/missing_break_in_switch/buggy/GenMissingBreakBug083.java,java,MISSING_BREAK_IN_SWITCH,0,0,0,0,1,0,pair_683,buggy,synthetic_generated,case falls through without break (unintentional)
gen_missing_break_fix_083,data/ml/raw_snippets_generated/missing_break_in_switch/fixed/GenMissingBreakFix083.java,java,NO_ISSUE,1,0,0,0,0,0,pair_683,fixed,synthetic_generated,every case ends with break/return
gen_missing_break_bug_084,data/ml/raw_snippets_generated/missing_break_in_switch/buggy/GenMissingBreakBug084.java,java,MISSING_BREAK_IN_SWITCH,0,0,0,0,1,0,pair_684,buggy,synthetic_generated,case falls through without break (unintentional)
gen_missing_break_fix_084,data/ml/raw_snippets_generated/missing_break_in_switch/fixed/GenMissingBreakFix084.java,java,NO_ISSUE,1,0,0,0,0,0,pair_684,fixed,synthetic_generated,every case ends with break/return
gen_missing_break_bug_085,data/ml/raw_snippets_generated/missing_break_in_switch/buggy/GenMissingBreakBug085.java,java,MISSING_BREAK_IN_SWITCH,0,0,0,0,1,0,pair_685,buggy,synthetic_generated,case falls through without break (unintentional)
gen_missing_break_fix_085,data/ml/raw_snippets_generated/missing_break_in_switch/fixed/GenMissingBreakFix085.java,java,NO_ISSUE,1,0,0,0,0,0,pair_685,fixed,synthetic_generated,every case ends with break/return
gen_missing_break_bug_086,data/ml/raw_snippets_generated/missing_break_in_switch/buggy/GenMissingBreakBug086.java,java,MISSING_BREAK_IN_SWITCH,0,0,0,0,1,0,pair_686,buggy,synthetic_generated,case falls through without break (unintentional)
gen_missing_break_fix_086,data/ml/raw_snippets_generated/missing_break_in_switch/fixed/GenMissingBreakFix086.java,java,NO_ISSUE,1,0,0,0,0,0,pair_686,fixed,synthetic_generated,every case ends with break/return
gen_missing_break_bug_087,data/ml/raw_snippets_generated/missing_break_in_switch/buggy/GenMissingBreakBug087.java,java,MISSING_BREAK_IN_SWITCH,0,0,0,0,1,0,pair_687,buggy,synthetic_generated,case falls through without break (unintentional)
gen_missing_break_fix_087,data/ml/raw_snippets_generated/missing_break_in_switch/fixed/GenMissingBreakFix087.java,java,NO_ISSUE,1,0,0,0,0,0,pair_687,fixed,synthetic_generated,every case ends with break/return
gen_missing_break_bug_088,data/ml/raw_snippets_generated/missing_break_in_switch/buggy/GenMissingBreakBug088.java,java,MISSING_BREAK_IN_SWITCH,0,0,0,0,1,0,pair_688,buggy,synthetic_generated,case falls through without break (unintentional)
gen_missing_break_fix_088,data/ml/raw_snippets_generated/missing_break_in_switch/fixed/GenMissingBreakFix088.java,java,NO_ISSUE,1,0,0,0,0,0,pair_688,fixed,synthetic_generated,every case ends with break/return
gen_missing_break_bug_089,data/ml/raw_snippets_generated/missing_break_in_switch/buggy/GenMissingBreakBug089.java,java,MISSING_BREAK_IN_SWITCH,0,0,0,0,1,0,pair_689,buggy,synthetic_generated,case falls through without break (unintentional)
gen_missing_break_fix_089,data/ml/raw_snippets_generated/missing_break_in_switch/fixed/GenMissingBreakFix089.java,java,NO_ISSUE,1,0,0,0,0,0,pair_689,fixed,synthetic_generated,every case ends with break/return
gen_missing_break_bug_090,data/ml/raw_snippets_generated/missing_break_in_switch/buggy/GenMissingBreakBug090.java,java,MISSING_BREAK_IN_SWITCH,0,0,0,0,1,0,pair_690,buggy,synthetic_generated,case falls through without break (unintentional)
gen_missing_break_fix_090,data/ml/raw_snippets_generated/missing_break_in_switch/fixed/GenMissingBreakFix090.java,java,NO_ISSUE,1,0,0,0,0,0,pair_690,fixed,synthetic_generated,every case ends with break/return
gen_missing_break_bug_091,data/ml/raw_snippets_generated/missing_break_in_switch/buggy/GenMissingBreakBug091.java,java,MISSING_BREAK_IN_SWITCH,0,0,0,0,1,0,pair_691,buggy,synthetic_generated,case falls through without break (unintentional)
gen_missing_break_fix_091,data/ml/raw_snippets_generated/missing_break_in_switch/fixed/GenMissingBreakFix091.java,java,NO_ISSUE,1,0,0,0,0,0,pair_691,fixed,synthetic_generated,every case ends with break/return
gen_missing_break_bug_092,data/ml/raw_snippets_generated/missing_break_in_switch/buggy/GenMissingBreakBug092.java,java,MISSING_BREAK_IN_SWITCH,0,0,0,0,1,0,pair_692,buggy,synthetic_generated,case falls through without break (unintentional)
gen_missing_break_fix_092,data/ml/raw_snippets_generated/missing_break_in_switch/fixed/GenMissingBreakFix092.java,java,NO_ISSUE,1,0,0,0,0,0,pair_692,fixed,synthetic_generated,every case ends with break/return
gen_missing_break_bug_093,data/ml/raw_snippets_generated/missing_break_in_switch/buggy/GenMissingBreakBug093.java,java,MISSING_BREAK_IN_SWITCH,0,0,0,0,1,0,pair_693,buggy,synthetic_generated,case falls through without break (unintentional)
gen_missing_break_fix_093,data/ml/raw_snippets_generated/missing_break_in_switch/fixed/GenMissingBreakFix093.java,java,NO_ISSUE,1,0,0,0,0,0,pair_693,fixed,synthetic_generated,every case ends with break/return
gen_missing_break_bug_094,data/ml/raw_snippets_generated/missing_break_in_switch/buggy/GenMissingBreakBug094.java,java,MISSING_BREAK_IN_SWITCH,0,0,0,0,1,0,pair_694,buggy,synthetic_generated,case falls through without break (unintentional)
gen_missing_break_fix_094,data/ml/raw_snippets_generated/missing_break_in_switch/fixed/GenMissingBreakFix094.java,java,NO_ISSUE,1,0,0,0,0,0,pair_694,fixed,synthetic_generated,every case ends with break/return
gen_missing_break_bug_095,data/ml/raw_snippets_generated/missing_break_in_switch/buggy/GenMissingBreakBug095.java,java,MISSING_BREAK_IN_SWITCH,0,0,0,0,1,0,pair_695,buggy,synthetic_generated,case falls through without break (unintentional)
gen_missing_break_fix_095,data/ml/raw_snippets_generated/missing_break_in_switch/fixed/GenMissingBreakFix095.java,java,NO_ISSUE,1,0,0,0,0,0,pair_695,fixed,synthetic_generated,every case ends with break/return
gen_missing_break_bug_096,data/ml/raw_snippets_generated/missing_break_in_switch/buggy/GenMissingBreakBug096.java,java,MISSING_BREAK_IN_SWITCH,0,0,0,0,1,0,pair_696,buggy,synthetic_generated,case falls through without break (unintentional)
gen_missing_break_fix_096,data/ml/raw_snippets_generated/missing_break_in_switch/fixed/GenMissingBreakFix096.java,java,NO_ISSUE,1,0,0,0,0,0,pair_696,fixed,synthetic_generated,every case ends with break/return
gen_missing_break_bug_097,data/ml/raw_snippets_generated/missing_break_in_switch/buggy/GenMissingBreakBug097.java,java,MISSING_BREAK_IN_SWITCH,0,0,0,0,1,0,pair_697,buggy,synthetic_generated,case falls through without break (unintentional)
gen_missing_break_fix_097,data/ml/raw_snippets_generated/missing_break_in_switch/fixed/GenMissingBreakFix097.java,java,NO_ISSUE,1,0,0,0,0,0,pair_697,fixed,synthetic_generated,every case ends with break/return
gen_missing_break_bug_098,data/ml/raw_snippets_generated/missing_break_in_switch/buggy/GenMissingBreakBug098.java,java,MISSING_BREAK_IN_SWITCH,0,0,0,0,1,0,pair_698,buggy,synthetic_generated,case falls through without break (unintentional)
gen_missing_break_fix_098,data/ml/raw_snippets_generated/missing_break_in_switch/fixed/GenMissingBreakFix098.java,java,NO_ISSUE,1,0,0,0,0,0,pair_698,fixed,synthetic_generated,every case ends with break/return
gen_missing_break_bug_099,data/ml/raw_snippets_generated/missing_break_in_switch/buggy/GenMissingBreakBug099.java,java,MISSING_BREAK_IN_SWITCH,0,0,0,0,1,0,pair_699,buggy,synthetic_generated,case falls through without break (unintentional)
gen_missing_break_fix_099,data/ml/raw_snippets_generated/missing_break_in_switch/fixed/GenMissingBreakFix099.java,java,NO_ISSUE,1,0,0,0,0,0,pair_699,fixed,synthetic_generated,every case ends with break/return
gen_missing_break_bug_100,data/ml/raw_snippets_generated/missing_break_in_switch/buggy/GenMissingBreakBug100.java,java,MISSING_BREAK_IN_SWITCH,0,0,0,0,1,0,pair_700,buggy,synthetic_generated,case falls through without break (unintentional)
gen_missing_break_fix_100,data/ml/raw_snippets_generated/missing_break_in_switch/fixed/GenMissingBreakFix100.java,java,NO_ISSUE,1,0,0,0,0,0,pair_700,fixed,synthetic_generated,every case ends with break/return
gen_missing_break_bug_101,data/ml/raw_snippets_generated/missing_break_in_switch/buggy/GenMissingBreakBug101.java,java,MISSING_BREAK_IN_SWITCH,0,0,0,0,1,0,pair_701,buggy,synthetic_generated,case falls through without break (unintentional)
gen_missing_break_fix_101,data/ml/raw_snippets_generated/missing_break_in_switch/fixed/GenMissingBreakFix101.java,java,NO_ISSUE,1,0,0,0,0,0,pair_701,fixed,synthetic_generated,every case ends with break/return
gen_missing_break_bug_102,data/ml/raw_snippets_generated/missing_break_in_switch/buggy/GenMissingBreakBug102.java,java,MISSING_BREAK_IN_SWITCH,0,0,0,0,1,0,pair_702,buggy,synthetic_generated,case falls through without break (unintentional)
gen_missing_break_fix_102,data/ml/raw_snippets_generated/missing_break_in_switch/fixed/GenMissingBreakFix102.java,java,NO_ISSUE,1,0,0,0,0,0,pair_702,fixed,synthetic_generated,every case ends with break/return
gen_missing_break_bug_103,data/ml/raw_snippets_generated/missing_break_in_switch/buggy/GenMissingBreakBug103.java,java,MISSING_BREAK_IN_SWITCH,0,0,0,0,1,0,pair_703,buggy,synthetic_generated,case falls through without break (unintentional)
gen_missing_break_fix_103,data/ml/raw_snippets_generated/missing_break_in_switch/fixed/GenMissingBreakFix103.java,java,NO_ISSUE,1,0,0,0,0,0,pair_703,fixed,synthetic_generated,every case ends with break/return
gen_missing_break_bug_104,data/ml/raw_snippets_generated/missing_break_in_switch/buggy/GenMissingBreakBug104.java,java,MISSING_BREAK_IN_SWITCH,0,0,0,0,1,0,pair_704,buggy,synthetic_generated,case falls through without break (unintentional)
gen_missing_break_fix_104,data/ml/raw_snippets_generated/missing_break_in_switch/fixed/GenMissingBreakFix104.java,java,NO_ISSUE,1,0,0,0,0,0,pair_704,fixed,synthetic_generated,every case ends with break/return
gen_missing_break_bug_105,data/ml/raw_snippets_generated/missing_break_in_switch/buggy/GenMissingBreakBug105.java,java,MISSING_BREAK_IN_SWITCH,0,0,0,0,1,0,pair_705,buggy,synthetic_generated,case falls through without break (unintentional)
gen_missing_break_fix_105,data/ml/raw_snippets_generated/missing_break_in_switch/fixed/GenMissingBreakFix105.java,java,NO_ISSUE,1,0,0,0,0,0,pair_705,fixed,synthetic_generated,every case ends with break/return
gen_missing_break_bug_106,data/ml/raw_snippets_generated/missing_break_in_switch/buggy/GenMissingBreakBug106.java,java,MISSING_BREAK_IN_SWITCH,0,0,0,0,1,0,pair_706,buggy,synthetic_generated,case falls through without break (unintentional)
gen_missing_break_fix_106,data/ml/raw_snippets_generated/missing_break_in_switch/fixed/GenMissingBreakFix106.java,java,NO_ISSUE,1,0,0,0,0,0,pair_706,fixed,synthetic_generated,every case ends with break/return
gen_missing_break_bug_107,data/ml/raw_snippets_generated/missing_break_in_switch/buggy/GenMissingBreakBug107.java,java,MISSING_BREAK_IN_SWITCH,0,0,0,0,1,0,pair_707,buggy,synthetic_generated,case falls through without break (unintentional)
gen_missing_break_fix_107,data/ml/raw_snippets_generated/missing_break_in_switch/fixed/GenMissingBreakFix107.java,java,NO_ISSUE,1,0,0,0,0,0,pair_707,fixed,synthetic_generated,every case ends with break/return
gen_missing_break_bug_108,data/ml/raw_snippets_generated/missing_break_in_switch/buggy/GenMissingBreakBug108.java,java,MISSING_BREAK_IN_SWITCH,0,0,0,0,1,0,pair_708,buggy,synthetic_generated,case falls through without break (unintentional)
gen_missing_break_fix_108,data/ml/raw_snippets_generated/missing_break_in_switch/fixed/GenMissingBreakFix108.java,java,NO_ISSUE,1,0,0,0,0,0,pair_708,fixed,synthetic_generated,every case ends with break/return
gen_missing_break_bug_109,data/ml/raw_snippets_generated/missing_break_in_switch/buggy/GenMissingBreakBug109.java,java,MISSING_BREAK_IN_SWITCH,0,0,0,0,1,0,pair_709,buggy,synthetic_generated,case falls through without break (unintentional)
gen_missing_break_fix_109,data/ml/raw_snippets_generated/missing_break_in_switch/fixed/GenMissingBreakFix109.java,java,NO_ISSUE,1,0,0,0,0,0,pair_709,fixed,synthetic_generated,every case ends with break/return
gen_missing_break_bug_110,data/ml/raw_snippets_generated/missing_break_in_switch/buggy/GenMissingBreakBug110.java,java,MISSING_BREAK_IN_SWITCH,0,0,0,0,1,0,pair_710,buggy,synthetic_generated,case falls through without break (unintentional)
gen_missing_break_fix_110,data/ml/raw_snippets_generated/missing_break_in_switch/fixed/GenMissingBreakFix110.java,java,NO_ISSUE,1,0,0,0,0,0,pair_710,fixed,synthetic_generated,every case ends with break/return
gen_missing_break_bug_111,data/ml/raw_snippets_generated/missing_break_in_switch/buggy/GenMissingBreakBug111.java,java,MISSING_BREAK_IN_SWITCH,0,0,0,0,1,0,pair_711,buggy,synthetic_generated,case falls through without break (unintentional)
gen_missing_break_fix_111,data/ml/raw_snippets_generated/missing_break_in_switch/fixed/GenMissingBreakFix111.java,java,NO_ISSUE,1,0,0,0,0,0,pair_711,fixed,synthetic_generated,every case ends with break/return
gen_missing_break_bug_112,data/ml/raw_snippets_generated/missing_break_in_switch/buggy/GenMissingBreakBug112.java,java,MISSING_BREAK_IN_SWITCH,0,0,0,0,1,0,pair_712,buggy,synthetic_generated,case falls through without break (unintentional)
gen_missing_break_fix_112,data/ml/raw_snippets_generated/missing_break_in_switch/fixed/GenMissingBreakFix112.java,java,NO_ISSUE,1,0,0,0,0,0,pair_712,fixed,synthetic_generated,every case ends with break/return
gen_missing_break_bug_113,data/ml/raw_snippets_generated/missing_break_in_switch/buggy/GenMissingBreakBug113.java,java,MISSING_BREAK_IN_SWITCH,0,0,0,0,1,0,pair_713,buggy,synthetic_generated,case falls through without break (unintentional)
gen_missing_break_fix_113,data/ml/raw_snippets_generated/missing_break_in_switch/fixed/GenMissingBreakFix113.java,java,NO_ISSUE,1,0,0,0,0,0,pair_713,fixed,synthetic_generated,every case ends with break/return
gen_missing_break_bug_114,data/ml/raw_snippets_generated/missing_break_in_switch/buggy/GenMissingBreakBug114.java,java,MISSING_BREAK_IN_SWITCH,0,0,0,0,1,0,pair_714,buggy,synthetic_generated,case falls through without break (unintentional)
gen_missing_break_fix_114,data/ml/raw_snippets_generated/missing_break_in_switch/fixed/GenMissingBreakFix114.java,java,NO_ISSUE,1,0,0,0,0,0,pair_714,fixed,synthetic_generated,every case ends with break/return
gen_missing_break_bug_115,data/ml/raw_snippets_generated/missing_break_in_switch/buggy/GenMissingBreakBug115.java,java,MISSING_BREAK_IN_SWITCH,0,0,0,0,1,0,pair_715,buggy,synthetic_generated,case falls through without break (unintentional)
gen_missing_break_fix_115,data/ml/raw_snippets_generated/missing_break_in_switch/fixed/GenMissingBreakFix115.java,java,NO_ISSUE,1,0,0,0,0,0,pair_715,fixed,synthetic_generated,every case ends with break/return
gen_missing_break_bug_116,data/ml/raw_snippets_generated/missing_break_in_switch/buggy/GenMissingBreakBug116.java,java,MISSING_BREAK_IN_SWITCH,0,0,0,0,1,0,pair_716,buggy,synthetic_generated,case falls through without break (unintentional)
gen_missing_break_fix_116,data/ml/raw_snippets_generated/missing_break_in_switch/fixed/GenMissingBreakFix116.java,java,NO_ISSUE,1,0,0,0,0,0,pair_716,fixed,synthetic_generated,every case ends with break/return
gen_missing_break_bug_117,data/ml/raw_snippets_generated/missing_break_in_switch/buggy/GenMissingBreakBug117.java,java,MISSING_BREAK_IN_SWITCH,0,0,0,0,1,0,pair_717,buggy,synthetic_generated,case falls through without break (unintentional)
gen_missing_break_fix_117,data/ml/raw_snippets_generated/missing_break_in_switch/fixed/GenMissingBreakFix117.java,java,NO_ISSUE,1,0,0,0,0,0,pair_717,fixed,synthetic_generated,every case ends with break/return
gen_missing_break_bug_118,data/ml/raw_snippets_generated/missing_break_in_switch/buggy/GenMissingBreakBug118.java,java,MISSING_BREAK_IN_SWITCH,0,0,0,0,1,0,pair_718,buggy,synthetic_generated,case falls through without break (unintentional)
gen_missing_break_fix_118,data/ml/raw_snippets_generated/missing_break_in_switch/fixed/GenMissingBreakFix118.java,java,NO_ISSUE,1,0,0,0,0,0,pair_718,fixed,synthetic_generated,every case ends with break/return
gen_missing_break_bug_119,data/ml/raw_snippets_generated/missing_break_in_switch/buggy/GenMissingBreakBug119.java,java,MISSING_BREAK_IN_SWITCH,0,0,0,0,1,0,pair_719,buggy,synthetic_generated,case falls through without break (unintentional)
gen_missing_break_fix_119,data/ml/raw_snippets_generated/missing_break_in_switch/fixed/GenMissingBreakFix119.java,java,NO_ISSUE,1,0,0,0,0,0,pair_719,fixed,synthetic_generated,every case ends with break/return
gen_missing_break_bug_120,data/ml/raw_snippets_generated/missing_break_in_switch/buggy/GenMissingBreakBug120.java,java,MISSING_BREAK_IN_SWITCH,0,0,0,0,1,0,pair_720,buggy,synthetic_generated,case falls through without break (unintentional)
gen_missing_break_fix_120,data/ml/raw_snippets_generated/missing_break_in_switch/fixed/GenMissingBreakFix120.java,java,NO_ISSUE,1,0,0,0,0,0,pair_720,fixed,synthetic_generated,every case ends with break/return
gen_missing_break_bug_121,data/ml/raw_snippets_generated/missing_break_in_switch/buggy/GenMissingBreakBug121.java,java,MISSING_BREAK_IN_SWITCH,0,0,0,0,1,0,pair_721,buggy,synthetic_generated,case falls through without break (unintentional)
gen_missing_break_fix_121,data/ml/raw_snippets_generated/missing_break_in_switch/fixed/GenMissingBreakFix121.java,java,NO_ISSUE,1,0,0,0,0,0,pair_721,fixed,synthetic_generated,every case ends with break/return
gen_missing_break_bug_122,data/ml/raw_snippets_generated/missing_break_in_switch/buggy/GenMissingBreakBug122.java,java,MISSING_BREAK_IN_SWITCH,0,0,0,0,1,0,pair_722,buggy,synthetic_generated,case falls through without break (unintentional)
gen_missing_break_fix_122,data/ml/raw_snippets_generated/missing_break_in_switch/fixed/GenMissingBreakFix122.java,java,NO_ISSUE,1,0,0,0,0,0,pair_722,fixed,synthetic_generated,every case ends with break/return
gen_missing_break_bug_123,data/ml/raw_snippets_generated/missing_break_in_switch/buggy/GenMissingBreakBug123.java,java,MISSING_BREAK_IN_SWITCH,0,0,0,0,1,0,pair_723,buggy,synthetic_generated,case falls through without break (unintentional)
gen_missing_break_fix_123,data/ml/raw_snippets_generated/missing_break_in_switch/fixed/GenMissingBreakFix123.java,java,NO_ISSUE,1,0,0,0,0,0,pair_723,fixed,synthetic_generated,every case ends with break/return
gen_missing_break_bug_124,data/ml/raw_snippets_generated/missing_break_in_switch/buggy/GenMissingBreakBug124.java,java,MISSING_BREAK_IN_SWITCH,0,0,0,0,1,0,pair_724,buggy,synthetic_generated,case falls through without break (unintentional)
gen_missing_break_fix_124,data/ml/raw_snippets_generated/missing_break_in_switch/fixed/GenMissingBreakFix124.java,java,NO_ISSUE,1,0,0,0,0,0,pair_724,fixed,synthetic_generated,every case ends with break/return
gen_missing_break_bug_125,data/ml/raw_snippets_generated/missing_break_in_switch/buggy/GenMissingBreakBug125.java,java,MISSING_BREAK_IN_SWITCH,0,0,0,0,1,0,pair_725,buggy,synthetic_generated,case falls through without break (unintentional)
gen_missing_break_fix_125,data/ml/raw_snippets_generated/missing_break_in_switch/fixed/GenMissingBreakFix125.java,java,NO_ISSUE,1,0,0,0,0,0,pair_725,fixed,synthetic_generated,every case ends with break/return
gen_missing_break_bug_126,data/ml/raw_snippets_generated/missing_break_in_switch/buggy/GenMissingBreakBug126.java,java,MISSING_BREAK_IN_SWITCH,0,0,0,0,1,0,pair_726,buggy,synthetic_generated,case falls through without break (unintentional)
gen_missing_break_fix_126,data/ml/raw_snippets_generated/missing_break_in_switch/fixed/GenMissingBreakFix126.java,java,NO_ISSUE,1,0,0,0,0,0,pair_726,fixed,synthetic_generated,every case ends with break/return
gen_missing_break_bug_127,data/ml/raw_snippets_generated/missing_break_in_switch/buggy/GenMissingBreakBug127.java,java,MISSING_BREAK_IN_SWITCH,0,0,0,0,1,0,pair_727,buggy,synthetic_generated,case falls through without break (unintentional)
gen_missing_break_fix_127,data/ml/raw_snippets_generated/missing_break_in_switch/fixed/GenMissingBreakFix127.java,java,NO_ISSUE,1,0,0,0,0,0,pair_727,fixed,synthetic_generated,every case ends with break/return
gen_missing_break_bug_128,data/ml/raw_snippets_generated/missing_break_in_switch/buggy/GenMissingBreakBug128.java,java,MISSING_BREAK_IN_SWITCH,0,0,0,0,1,0,pair_728,buggy,synthetic_generated,case falls through without break (unintentional)
gen_missing_break_fix_128,data/ml/raw_snippets_generated/missing_break_in_switch/fixed/GenMissingBreakFix128.java,java,NO_ISSUE,1,0,0,0,0,0,pair_728,fixed,synthetic_generated,every case ends with break/return
gen_missing_break_bug_129,data/ml/raw_snippets_generated/missing_break_in_switch/buggy/GenMissingBreakBug129.java,java,MISSING_BREAK_IN_SWITCH,0,0,0,0,1,0,pair_729,buggy,synthetic_generated,case falls through without break (unintentional)
gen_missing_break_fix_129,data/ml/raw_snippets_generated/missing_break_in_switch/fixed/GenMissingBreakFix129.java,java,NO_ISSUE,1,0,0,0,0,0,pair_729,fixed,synthetic_generated,every case ends with break/return
gen_missing_break_bug_130,data/ml/raw_snippets_generated/missing_break_in_switch/buggy/GenMissingBreakBug130.java,java,MISSING_BREAK_IN_SWITCH,0,0,0,0,1,0,pair_730,buggy,synthetic_generated,case falls through without break (unintentional)
gen_missing_break_fix_130,data/ml/raw_snippets_generated/missing_break_in_switch/fixed/GenMissingBreakFix130.java,java,NO_ISSUE,1,0,0,0,0,0,pair_730,fixed,synthetic_generated,every case ends with break/return
gen_missing_break_bug_131,data/ml/raw_snippets_generated/missing_break_in_switch/buggy/GenMissingBreakBug131.java,java,MISSING_BREAK_IN_SWITCH,0,0,0,0,1,0,pair_731,buggy,synthetic_generated,case falls through without break (unintentional)
gen_missing_break_fix_131,data/ml/raw_snippets_generated/missing_break_in_switch/fixed/GenMissingBreakFix131.java,java,NO_ISSUE,1,0,0,0,0,0,pair_731,fixed,synthetic_generated,every case ends with break/return
gen_missing_break_bug_132,data/ml/raw_snippets_generated/missing_break_in_switch/buggy/GenMissingBreakBug132.java,java,MISSING_BREAK_IN_SWITCH,0,0,0,0,1,0,pair_732,buggy,synthetic_generated,case falls through without break (unintentional)
gen_missing_break_fix_132,data/ml/raw_snippets_generated/missing_break_in_switch/fixed/GenMissingBreakFix132.java,java,NO_ISSUE,1,0,0,0,0,0,pair_732,fixed,synthetic_generated,every case ends with break/return
gen_missing_break_bug_133,data/ml/raw_snippets_generated/missing_break_in_switch/buggy/GenMissingBreakBug133.java,java,MISSING_BREAK_IN_SWITCH,0,0,0,0,1,0,pair_733,buggy,synthetic_generated,case falls through without break (unintentional)
gen_missing_break_fix_133,data/ml/raw_snippets_generated/missing_break_in_switch/fixed/GenMissingBreakFix133.java,java,NO_ISSUE,1,0,0,0,0,0,pair_733,fixed,synthetic_generated,every case ends with break/return
gen_missing_break_bug_134,data/ml/raw_snippets_generated/missing_break_in_switch/buggy/GenMissingBreakBug134.java,java,MISSING_BREAK_IN_SWITCH,0,0,0,0,1,0,pair_734,buggy,synthetic_generated,case falls through without break (unintentional)
gen_missing_break_fix_134,data/ml/raw_snippets_generated/missing_break_in_switch/fixed/GenMissingBreakFix134.java,java,NO_ISSUE,1,0,0,0,0,0,pair_734,fixed,synthetic_generated,every case ends with break/return
gen_missing_break_bug_135,data/ml/raw_snippets_generated/missing_break_in_switch/buggy/GenMissingBreakBug135.java,java,MISSING_BREAK_IN_SWITCH,0,0,0,0,1,0,pair_735,buggy,synthetic_generated,case falls through without break (unintentional)
gen_missing_break_fix_135,data/ml/raw_snippets_generated/missing_break_in_switch/fixed/GenMissingBreakFix135.java,java,NO_ISSUE,1,0,0,0,0,0,pair_735,fixed,synthetic_generated,every case ends with break/return
gen_missing_break_bug_136,data/ml/raw_snippets_generated/missing_break_in_switch/buggy/GenMissingBreakBug136.java,java,MISSING_BREAK_IN_SWITCH,0,0,0,0,1,0,pair_736,buggy,synthetic_generated,case falls through without break (unintentional)
gen_missing_break_fix_136,data/ml/raw_snippets_generated/missing_break_in_switch/fixed/GenMissingBreakFix136.java,java,NO_ISSUE,1,0,0,0,0,0,pair_736,fixed,synthetic_generated,every case ends with break/return
gen_missing_break_bug_137,data/ml/raw_snippets_generated/missing_break_in_switch/buggy/GenMissingBreakBug137.java,java,MISSING_BREAK_IN_SWITCH,0,0,0,0,1,0,pair_737,buggy,synthetic_generated,case falls through without break (unintentional)
gen_missing_break_fix_137,data/ml/raw_snippets_generated/missing_break_in_switch/fixed/GenMissingBreakFix137.java,java,NO_ISSUE,1,0,0,0,0,0,pair_737,fixed,synthetic_generated,every case ends with break/return
gen_missing_break_bug_138,data/ml/raw_snippets_generated/missing_break_in_switch/buggy/GenMissingBreakBug138.java,java,MISSING_BREAK_IN_SWITCH,0,0,0,0,1,0,pair_738,buggy,synthetic_generated,case falls through without break (unintentional)
gen_missing_break_fix_138,data/ml/raw_snippets_generated/missing_break_in_switch/fixed/GenMissingBreakFix138.java,java,NO_ISSUE,1,0,0,0,0,0,pair_738,fixed,synthetic_generated,every case ends with break/return
gen_missing_break_bug_139,data/ml/raw_snippets_generated/missing_break_in_switch/buggy/GenMissingBreakBug139.java,java,MISSING_BREAK_IN_SWITCH,0,0,0,0,1,0,pair_739,buggy,synthetic_generated,case falls through without break (unintentional)
gen_missing_break_fix_139,data/ml/raw_snippets_generated/missing_break_in_switch/fixed/GenMissingBreakFix139.java,java,NO_ISSUE,1,0,0,0,0,0,pair_739,fixed,synthetic_generated,every case ends with break/return
gen_missing_break_bug_140,data/ml/raw_snippets_generated/missing_break_in_switch/buggy/GenMissingBreakBug140.java,java,MISSING_BREAK_IN_SWITCH,0,0,0,0,1,0,pair_740,buggy,synthetic_generated,case falls through without break (unintentional)
gen_missing_break_fix_140,data/ml/raw_snippets_generated/missing_break_in_switch/fixed/GenMissingBreakFix140.java,java,NO_ISSUE,1,0,0,0,0,0,pair_740,fixed,synthetic_generated,every case ends with break/return
gen_missing_break_bug_141,data/ml/raw_snippets_generated/missing_break_in_switch/buggy/GenMissingBreakBug141.java,java,MISSING_BREAK_IN_SWITCH,0,0,0,0,1,0,pair_741,buggy,synthetic_generated,case falls through without break (unintentional)
gen_missing_break_fix_141,data/ml/raw_snippets_generated/missing_break_in_switch/fixed/GenMissingBreakFix141.java,java,NO_ISSUE,1,0,0,0,0,0,pair_741,fixed,synthetic_generated,every case ends with break/return
gen_missing_break_bug_142,data/ml/raw_snippets_generated/missing_break_in_switch/buggy/GenMissingBreakBug142.java,java,MISSING_BREAK_IN_SWITCH,0,0,0,0,1,0,pair_742,buggy,synthetic_generated,case falls through without break (unintentional)
gen_missing_break_fix_142,data/ml/raw_snippets_generated/missing_break_in_switch/fixed/GenMissingBreakFix142.java,java,NO_ISSUE,1,0,0,0,0,0,pair_742,fixed,synthetic_generated,every case ends with break/return
gen_missing_break_bug_143,data/ml/raw_snippets_generated/missing_break_in_switch/buggy/GenMissingBreakBug143.java,java,MISSING_BREAK_IN_SWITCH,0,0,0,0,1,0,pair_743,buggy,synthetic_generated,case falls through without break (unintentional)
gen_missing_break_fix_143,data/ml/raw_snippets_generated/missing_break_in_switch/fixed/GenMissingBreakFix143.java,java,NO_ISSUE,1,0,0,0,0,0,pair_743,fixed,synthetic_generated,every case ends with break/return
gen_missing_break_bug_144,data/ml/raw_snippets_generated/missing_break_in_switch/buggy/GenMissingBreakBug144.java,java,MISSING_BREAK_IN_SWITCH,0,0,0,0,1,0,pair_744,buggy,synthetic_generated,case falls through without break (unintentional)
gen_missing_break_fix_144,data/ml/raw_snippets_generated/missing_break_in_switch/fixed/GenMissingBreakFix144.java,java,NO_ISSUE,1,0,0,0,0,0,pair_744,fixed,synthetic_generated,every case ends with break/return
gen_missing_break_bug_145,data/ml/raw_snippets_generated/missing_break_in_switch/buggy/GenMissingBreakBug145.java,java,MISSING_BREAK_IN_SWITCH,0,0,0,0,1,0,pair_745,buggy,synthetic_generated,case falls through without break (unintentional)
gen_missing_break_fix_145,data/ml/raw_snippets_generated/missing_break_in_switch/fixed/GenMissingBreakFix145.java,java,NO_ISSUE,1,0,0,0,0,0,pair_745,fixed,synthetic_generated,every case ends with break/return
gen_missing_break_bug_146,data/ml/raw_snippets_generated/missing_break_in_switch/buggy/GenMissingBreakBug146.java,java,MISSING_BREAK_IN_SWITCH,0,0,0,0,1,0,pair_746,buggy,synthetic_generated,case falls through without break (unintentional)
gen_missing_break_fix_146,data/ml/raw_snippets_generated/missing_break_in_switch/fixed/GenMissingBreakFix146.java,java,NO_ISSUE,1,0,0,0,0,0,pair_746,fixed,synthetic_generated,every case ends with break/return
gen_missing_break_bug_147,data/ml/raw_snippets_generated/missing_break_in_switch/buggy/GenMissingBreakBug147.java,java,MISSING_BREAK_IN_SWITCH,0,0,0,0,1,0,pair_747,buggy,synthetic_generated,case falls through without break (unintentional)
gen_missing_break_fix_147,data/ml/raw_snippets_generated/missing_break_in_switch/fixed/GenMissingBreakFix147.java,java,NO_ISSUE,1,0,0,0,0,0,pair_747,fixed,synthetic_generated,every case ends with break/return
gen_missing_break_bug_148,data/ml/raw_snippets_generated/missing_break_in_switch/buggy/GenMissingBreakBug148.java,java,MISSING_BREAK_IN_SWITCH,0,0,0,0,1,0,pair_748,buggy,synthetic_generated,case falls through without break (unintentional)
gen_missing_break_fix_148,data/ml/raw_snippets_generated/missing_break_in_switch/fixed/GenMissingBreakFix148.java,java,NO_ISSUE,1,0,0,0,0,0,pair_748,fixed,synthetic_generated,every case ends with break/return
gen_missing_break_bug_149,data/ml/raw_snippets_generated/missing_break_in_switch/buggy/GenMissingBreakBug149.java,java,MISSING_BREAK_IN_SWITCH,0,0,0,0,1,0,pair_749,buggy,synthetic_generated,case falls through without break (unintentional)
gen_missing_break_fix_149,data/ml/raw_snippets_generated/missing_break_in_switch/fixed/GenMissingBreakFix149.java,java,NO_ISSUE,1,0,0,0,0,0,pair_749,fixed,synthetic_generated,every case ends with break/return
gen_missing_break_bug_150,data/ml/raw_snippets_generated/missing_break_in_switch/buggy/GenMissingBreakBug150.java,java,MISSING_BREAK_IN_SWITCH,0,0,0,0,1,0,pair_750,buggy,synthetic_generated,case falls through without break (unintentional)
gen_missing_break_fix_150,data/ml/raw_snippets_generated/missing_break_in_switch/fixed/GenMissingBreakFix150.java,java,NO_ISSUE,1,0,0,0,0,0,pair_750,fixed,synthetic_generated,every case ends with break/return
gen_missing_break_bug_151,data/ml/raw_snippets_generated/missing_break_in_switch/buggy/GenMissingBreakBug151.java,java,MISSING_BREAK_IN_SWITCH,0,0,0,0,1,0,pair_751,buggy,synthetic_generated,case falls through without break (unintentional)
gen_missing_break_fix_151,data/ml/raw_snippets_generated/missing_break_in_switch/fixed/GenMissingBreakFix151.java,java,NO_ISSUE,1,0,0,0,0,0,pair_751,fixed,synthetic_generated,every case ends with break/return
gen_missing_break_bug_152,data/ml/raw_snippets_generated/missing_break_in_switch/buggy/GenMissingBreakBug152.java,java,MISSING_BREAK_IN_SWITCH,0,0,0,0,1,0,pair_752,buggy,synthetic_generated,case falls through without break (unintentional)
gen_missing_break_fix_152,data/ml/raw_snippets_generated/missing_break_in_switch/fixed/GenMissingBreakFix152.java,java,NO_ISSUE,1,0,0,0,0,0,pair_752,fixed,synthetic_generated,every case ends with break/return
gen_missing_break_bug_153,data/ml/raw_snippets_generated/missing_break_in_switch/buggy/GenMissingBreakBug153.java,java,MISSING_BREAK_IN_SWITCH,0,0,0,0,1,0,pair_753,buggy,synthetic_generated,case falls through without break (unintentional)
gen_missing_break_fix_153,data/ml/raw_snippets_generated/missing_break_in_switch/fixed/GenMissingBreakFix153.java,java,NO_ISSUE,1,0,0,0,0,0,pair_753,fixed,synthetic_generated,every case ends with break/return
gen_missing_break_bug_154,data/ml/raw_snippets_generated/missing_break_in_switch/buggy/GenMissingBreakBug154.java,java,MISSING_BREAK_IN_SWITCH,0,0,0,0,1,0,pair_754,buggy,synthetic_generated,case falls through without break (unintentional)
gen_missing_break_fix_154,data/ml/raw_snippets_generated/missing_break_in_switch/fixed/GenMissingBreakFix154.java,java,NO_ISSUE,1,0,0,0,0,0,pair_754,fixed,synthetic_generated,every case ends with break/return
gen_missing_break_bug_155,data/ml/raw_snippets_generated/missing_break_in_switch/buggy/GenMissingBreakBug155.java,java,MISSING_BREAK_IN_SWITCH,0,0,0,0,1,0,pair_755,buggy,synthetic_generated,case falls through without break (unintentional)
gen_missing_break_fix_155,data/ml/raw_snippets_generated/missing_break_in_switch/fixed/GenMissingBreakFix155.java,java,NO_ISSUE,1,0,0,0,0,0,pair_755,fixed,synthetic_generated,every case ends with break/return
gen_missing_break_bug_156,data/ml/raw_snippets_generated/missing_break_in_switch/buggy/GenMissingBreakBug156.java,java,MISSING_BREAK_IN_SWITCH,0,0,0,0,1,0,pair_756,buggy,synthetic_generated,case falls through without break (unintentional)
gen_missing_break_fix_156,data/ml/raw_snippets_generated/missing_break_in_switch/fixed/GenMissingBreakFix156.java,java,NO_ISSUE,1,0,0,0,0,0,pair_756,fixed,synthetic_generated,every case ends with break/return
gen_missing_break_bug_157,data/ml/raw_snippets_generated/missing_break_in_switch/buggy/GenMissingBreakBug157.java,java,MISSING_BREAK_IN_SWITCH,0,0,0,0,1,0,pair_757,buggy,synthetic_generated,case falls through without break (unintentional)
gen_missing_break_fix_157,data/ml/raw_snippets_generated/missing_break_in_switch/fixed/GenMissingBreakFix157.java,java,NO_ISSUE,1,0,0,0,0,0,pair_757,fixed,synthetic_generated,every case ends with break/return
gen_missing_break_bug_158,data/ml/raw_snippets_generated/missing_break_in_switch/buggy/GenMissingBreakBug158.java,java,MISSING_BREAK_IN_SWITCH,0,0,0,0,1,0,pair_758,buggy,synthetic_generated,case falls through without break (unintentional)
gen_missing_break_fix_158,data/ml/raw_snippets_generated/missing_break_in_switch/fixed/GenMissingBreakFix158.java,java,NO_ISSUE,1,0,0,0,0,0,pair_758,fixed,synthetic_generated,every case ends with break/return
gen_missing_break_bug_159,data/ml/raw_snippets_generated/missing_break_in_switch/buggy/GenMissingBreakBug159.java,java,MISSING_BREAK_IN_SWITCH,0,0,0,0,1,0,pair_759,buggy,synthetic_generated,case falls through without break (unintentional)
gen_missing_break_fix_159,data/ml/raw_snippets_generated/missing_break_in_switch/fixed/GenMissingBreakFix159.java,java,NO_ISSUE,1,0,0,0,0,0,pair_759,fixed,synthetic_generated,every case ends with break/return
gen_missing_break_bug_160,data/ml/raw_snippets_generated/missing_break_in_switch/buggy/GenMissingBreakBug160.java,java,MISSING_BREAK_IN_SWITCH,0,0,0,0,1,0,pair_760,buggy,synthetic_generated,case falls through without break (unintentional)
gen_missing_break_fix_160,data/ml/raw_snippets_generated/missing_break_in_switch/fixed/GenMissingBreakFix160.java,java,NO_ISSUE,1,0,0,0,0,0,pair_760,fixed,synthetic_generated,every case ends with break/return
gen_missing_break_bug_161,data/ml/raw_snippets_generated/missing_break_in_switch/buggy/GenMissingBreakBug161.java,java,MISSING_BREAK_IN_SWITCH,0,0,0,0,1,0,pair_761,buggy,synthetic_generated,case falls through without break (unintentional)
gen_missing_break_fix_161,data/ml/raw_snippets_generated/missing_break_in_switch/fixed/GenMissingBreakFix161.java,java,NO_ISSUE,1,0,0,0,0,0,pair_761,fixed,synthetic_generated,every case ends with break/return
gen_missing_break_bug_162,data/ml/raw_snippets_generated/missing_break_in_switch/buggy/GenMissingBreakBug162.java,java,MISSING_BREAK_IN_SWITCH,0,0,0,0,1,0,pair_762,buggy,synthetic_generated,case falls through without break (unintentional)
gen_missing_break_fix_162,data/ml/raw_snippets_generated/missing_break_in_switch/fixed/GenMissingBreakFix162.java,java,NO_ISSUE,1,0,0,0,0,0,pair_762,fixed,synthetic_generated,every case ends with break/return
gen_missing_break_bug_163,data/ml/raw_snippets_generated/missing_break_in_switch/buggy/GenMissingBreakBug163.java,java,MISSING_BREAK_IN_SWITCH,0,0,0,0,1,0,pair_763,buggy,synthetic_generated,case falls through without break (unintentional)
gen_missing_break_fix_163,data/ml/raw_snippets_generated/missing_break_in_switch/fixed/GenMissingBreakFix163.java,java,NO_ISSUE,1,0,0,0,0,0,pair_763,fixed,synthetic_generated,every case ends with break/return
gen_missing_break_bug_164,data/ml/raw_snippets_generated/missing_break_in_switch/buggy/GenMissingBreakBug164.java,java,MISSING_BREAK_IN_SWITCH,0,0,0,0,1,0,pair_764,buggy,synthetic_generated,case falls through without break (unintentional)
gen_missing_break_fix_164,data/ml/raw_snippets_generated/missing_break_in_switch/fixed/GenMissingBreakFix164.java,java,NO_ISSUE,1,0,0,0,0,0,pair_764,fixed,synthetic_generated,every case ends with break/return
gen_missing_break_bug_165,data/ml/raw_snippets_generated/missing_break_in_switch/buggy/GenMissingBreakBug165.java,java,MISSING_BREAK_IN_SWITCH,0,0,0,0,1,0,pair_765,buggy,synthetic_generated,case falls through without break (unintentional)
gen_missing_break_fix_165,data/ml/raw_snippets_generated/missing_break_in_switch/fixed/GenMissingBreakFix165.java,java,NO_ISSUE,1,0,0,0,0,0,pair_765,fixed,synthetic_generated,every case ends with break/return
gen_missing_break_bug_166,data/ml/raw_snippets_generated/missing_break_in_switch/buggy/GenMissingBreakBug166.java,java,MISSING_BREAK_IN_SWITCH,0,0,0,0,1,0,pair_766,buggy,synthetic_generated,case falls through without break (unintentional)
gen_missing_break_fix_166,data/ml/raw_snippets_generated/missing_break_in_switch/fixed/GenMissingBreakFix166.java,java,NO_ISSUE,1,0,0,0,0,0,pair_766,fixed,synthetic_generated,every case ends with break/return
gen_missing_break_bug_167,data/ml/raw_snippets_generated/missing_break_in_switch/buggy/GenMissingBreakBug167.java,java,MISSING_BREAK_IN_SWITCH,0,0,0,0,1,0,pair_767,buggy,synthetic_generated,case falls through without break (unintentional)
gen_missing_break_fix_167,data/ml/raw_snippets_generated/missing_break_in_switch/fixed/GenMissingBreakFix167.java,java,NO_ISSUE,1,0,0,0,0,0,pair_767,fixed,synthetic_generated,every case ends with break/return
gen_missing_break_bug_168,data/ml/raw_snippets_generated/missing_break_in_switch/buggy/GenMissingBreakBug168.java,java,MISSING_BREAK_IN_SWITCH,0,0,0,0,1,0,pair_768,buggy,synthetic_generated,case falls through without break (unintentional)
gen_missing_break_fix_168,data/ml/raw_snippets_generated/missing_break_in_switch/fixed/GenMissingBreakFix168.java,java,NO_ISSUE,1,0,0,0,0,0,pair_768,fixed,synthetic_generated,every case ends with break/return
gen_missing_break_bug_169,data/ml/raw_snippets_generated/missing_break_in_switch/buggy/GenMissingBreakBug169.java,java,MISSING_BREAK_IN_SWITCH,0,0,0,0,1,0,pair_769,buggy,synthetic_generated,case falls through without break (unintentional)
gen_missing_break_fix_169,data/ml/raw_snippets_generated/missing_break_in_switch/fixed/GenMissingBreakFix169.java,java,NO_ISSUE,1,0,0,0,0,0,pair_769,fixed,synthetic_generated,every case ends with break/return
gen_missing_break_bug_170,data/ml/raw_snippets_generated/missing_break_in_switch/buggy/GenMissingBreakBug170.java,java,MISSING_BREAK_IN_SWITCH,0,0,0,0,1,0,pair_770,buggy,synthetic_generated,case falls through without break (unintentional)
gen_missing_break_fix_170,data/ml/raw_snippets_generated/missing_break_in_switch/fixed/GenMissingBreakFix170.java,java,NO_ISSUE,1,0,0,0,0,0,pair_770,fixed,synthetic_generated,every case ends with break/return
gen_while_no_update_bug_001,data/ml/raw_snippets_generated/while_variable_not_updated/buggy/GenWhileNoUpdateBug001.java,java,WHILE_VARIABLE_NOT_UPDATED,0,0,0,0,0,1,pair_771,buggy,synthetic_generated,no condition variable changes inside the while body (infinite loop)
gen_while_no_update_fix_001,data/ml/raw_snippets_generated/while_variable_not_updated/fixed/GenWhileNoUpdateFix001.java,java,NO_ISSUE,1,0,0,0,0,0,pair_771,fixed,synthetic_generated,condition variable updated inside the loop body
gen_while_no_update_bug_002,data/ml/raw_snippets_generated/while_variable_not_updated/buggy/GenWhileNoUpdateBug002.java,java,WHILE_VARIABLE_NOT_UPDATED,0,0,0,0,0,1,pair_772,buggy,synthetic_generated,no condition variable changes inside the while body (infinite loop)
gen_while_no_update_fix_002,data/ml/raw_snippets_generated/while_variable_not_updated/fixed/GenWhileNoUpdateFix002.java,java,NO_ISSUE,1,0,0,0,0,0,pair_772,fixed,synthetic_generated,condition variable updated inside the loop body
gen_while_no_update_bug_003,data/ml/raw_snippets_generated/while_variable_not_updated/buggy/GenWhileNoUpdateBug003.java,java,WHILE_VARIABLE_NOT_UPDATED,0,0,0,0,0,1,pair_773,buggy,synthetic_generated,no condition variable changes inside the while body (infinite loop)
gen_while_no_update_fix_003,data/ml/raw_snippets_generated/while_variable_not_updated/fixed/GenWhileNoUpdateFix003.java,java,NO_ISSUE,1,0,0,0,0,0,pair_773,fixed,synthetic_generated,condition variable updated inside the loop body
gen_while_no_update_bug_004,data/ml/raw_snippets_generated/while_variable_not_updated/buggy/GenWhileNoUpdateBug004.java,java,WHILE_VARIABLE_NOT_UPDATED,0,0,0,0,0,1,pair_774,buggy,synthetic_generated,no condition variable changes inside the while body (infinite loop)
gen_while_no_update_fix_004,data/ml/raw_snippets_generated/while_variable_not_updated/fixed/GenWhileNoUpdateFix004.java,java,NO_ISSUE,1,0,0,0,0,0,pair_774,fixed,synthetic_generated,condition variable updated inside the loop body
gen_while_no_update_bug_005,data/ml/raw_snippets_generated/while_variable_not_updated/buggy/GenWhileNoUpdateBug005.java,java,WHILE_VARIABLE_NOT_UPDATED,0,0,0,0,0,1,pair_775,buggy,synthetic_generated,no condition variable changes inside the while body (infinite loop)
gen_while_no_update_fix_005,data/ml/raw_snippets_generated/while_variable_not_updated/fixed/GenWhileNoUpdateFix005.java,java,NO_ISSUE,1,0,0,0,0,0,pair_775,fixed,synthetic_generated,condition variable updated inside the loop body
gen_while_no_update_bug_006,data/ml/raw_snippets_generated/while_variable_not_updated/buggy/GenWhileNoUpdateBug006.java,java,WHILE_VARIABLE_NOT_UPDATED,0,0,0,0,0,1,pair_776,buggy,synthetic_generated,no condition variable changes inside the while body (infinite loop)
gen_while_no_update_fix_006,data/ml/raw_snippets_generated/while_variable_not_updated/fixed/GenWhileNoUpdateFix006.java,java,NO_ISSUE,1,0,0,0,0,0,pair_776,fixed,synthetic_generated,condition variable updated inside the loop body
gen_while_no_update_bug_007,data/ml/raw_snippets_generated/while_variable_not_updated/buggy/GenWhileNoUpdateBug007.java,java,WHILE_VARIABLE_NOT_UPDATED,0,0,0,0,0,1,pair_777,buggy,synthetic_generated,no condition variable changes inside the while body (infinite loop)
gen_while_no_update_fix_007,data/ml/raw_snippets_generated/while_variable_not_updated/fixed/GenWhileNoUpdateFix007.java,java,NO_ISSUE,1,0,0,0,0,0,pair_777,fixed,synthetic_generated,condition variable updated inside the loop body
gen_while_no_update_bug_008,data/ml/raw_snippets_generated/while_variable_not_updated/buggy/GenWhileNoUpdateBug008.java,java,WHILE_VARIABLE_NOT_UPDATED,0,0,0,0,0,1,pair_778,buggy,synthetic_generated,no condition variable changes inside the while body (infinite loop)
gen_while_no_update_fix_008,data/ml/raw_snippets_generated/while_variable_not_updated/fixed/GenWhileNoUpdateFix008.java,java,NO_ISSUE,1,0,0,0,0,0,pair_778,fixed,synthetic_generated,condition variable updated inside the loop body
gen_while_no_update_bug_009,data/ml/raw_snippets_generated/while_variable_not_updated/buggy/GenWhileNoUpdateBug009.java,java,WHILE_VARIABLE_NOT_UPDATED,0,0,0,0,0,1,pair_779,buggy,synthetic_generated,no condition variable changes inside the while body (infinite loop)
gen_while_no_update_fix_009,data/ml/raw_snippets_generated/while_variable_not_updated/fixed/GenWhileNoUpdateFix009.java,java,NO_ISSUE,1,0,0,0,0,0,pair_779,fixed,synthetic_generated,condition variable updated inside the loop body
gen_while_no_update_bug_010,data/ml/raw_snippets_generated/while_variable_not_updated/buggy/GenWhileNoUpdateBug010.java,java,WHILE_VARIABLE_NOT_UPDATED,0,0,0,0,0,1,pair_780,buggy,synthetic_generated,no condition variable changes inside the while body (infinite loop)
gen_while_no_update_fix_010,data/ml/raw_snippets_generated/while_variable_not_updated/fixed/GenWhileNoUpdateFix010.java,java,NO_ISSUE,1,0,0,0,0,0,pair_780,fixed,synthetic_generated,condition variable updated inside the loop body
gen_while_no_update_bug_011,data/ml/raw_snippets_generated/while_variable_not_updated/buggy/GenWhileNoUpdateBug011.java,java,WHILE_VARIABLE_NOT_UPDATED,0,0,0,0,0,1,pair_781,buggy,synthetic_generated,no condition variable changes inside the while body (infinite loop)
gen_while_no_update_fix_011,data/ml/raw_snippets_generated/while_variable_not_updated/fixed/GenWhileNoUpdateFix011.java,java,NO_ISSUE,1,0,0,0,0,0,pair_781,fixed,synthetic_generated,condition variable updated inside the loop body
gen_while_no_update_bug_012,data/ml/raw_snippets_generated/while_variable_not_updated/buggy/GenWhileNoUpdateBug012.java,java,WHILE_VARIABLE_NOT_UPDATED,0,0,0,0,0,1,pair_782,buggy,synthetic_generated,no condition variable changes inside the while body (infinite loop)
gen_while_no_update_fix_012,data/ml/raw_snippets_generated/while_variable_not_updated/fixed/GenWhileNoUpdateFix012.java,java,NO_ISSUE,1,0,0,0,0,0,pair_782,fixed,synthetic_generated,condition variable updated inside the loop body
gen_while_no_update_bug_013,data/ml/raw_snippets_generated/while_variable_not_updated/buggy/GenWhileNoUpdateBug013.java,java,WHILE_VARIABLE_NOT_UPDATED,0,0,0,0,0,1,pair_783,buggy,synthetic_generated,no condition variable changes inside the while body (infinite loop)
gen_while_no_update_fix_013,data/ml/raw_snippets_generated/while_variable_not_updated/fixed/GenWhileNoUpdateFix013.java,java,NO_ISSUE,1,0,0,0,0,0,pair_783,fixed,synthetic_generated,condition variable updated inside the loop body
gen_while_no_update_bug_014,data/ml/raw_snippets_generated/while_variable_not_updated/buggy/GenWhileNoUpdateBug014.java,java,WHILE_VARIABLE_NOT_UPDATED,0,0,0,0,0,1,pair_784,buggy,synthetic_generated,no condition variable changes inside the while body (infinite loop)
gen_while_no_update_fix_014,data/ml/raw_snippets_generated/while_variable_not_updated/fixed/GenWhileNoUpdateFix014.java,java,NO_ISSUE,1,0,0,0,0,0,pair_784,fixed,synthetic_generated,condition variable updated inside the loop body
gen_while_no_update_bug_015,data/ml/raw_snippets_generated/while_variable_not_updated/buggy/GenWhileNoUpdateBug015.java,java,WHILE_VARIABLE_NOT_UPDATED,0,0,0,0,0,1,pair_785,buggy,synthetic_generated,no condition variable changes inside the while body (infinite loop)
gen_while_no_update_fix_015,data/ml/raw_snippets_generated/while_variable_not_updated/fixed/GenWhileNoUpdateFix015.java,java,NO_ISSUE,1,0,0,0,0,0,pair_785,fixed,synthetic_generated,condition variable updated inside the loop body
gen_while_no_update_bug_016,data/ml/raw_snippets_generated/while_variable_not_updated/buggy/GenWhileNoUpdateBug016.java,java,WHILE_VARIABLE_NOT_UPDATED,0,0,0,0,0,1,pair_786,buggy,synthetic_generated,no condition variable changes inside the while body (infinite loop)
gen_while_no_update_fix_016,data/ml/raw_snippets_generated/while_variable_not_updated/fixed/GenWhileNoUpdateFix016.java,java,NO_ISSUE,1,0,0,0,0,0,pair_786,fixed,synthetic_generated,condition variable updated inside the loop body
gen_while_no_update_bug_017,data/ml/raw_snippets_generated/while_variable_not_updated/buggy/GenWhileNoUpdateBug017.java,java,WHILE_VARIABLE_NOT_UPDATED,0,0,0,0,0,1,pair_787,buggy,synthetic_generated,no condition variable changes inside the while body (infinite loop)
gen_while_no_update_fix_017,data/ml/raw_snippets_generated/while_variable_not_updated/fixed/GenWhileNoUpdateFix017.java,java,NO_ISSUE,1,0,0,0,0,0,pair_787,fixed,synthetic_generated,condition variable updated inside the loop body
gen_while_no_update_bug_018,data/ml/raw_snippets_generated/while_variable_not_updated/buggy/GenWhileNoUpdateBug018.java,java,WHILE_VARIABLE_NOT_UPDATED,0,0,0,0,0,1,pair_788,buggy,synthetic_generated,no condition variable changes inside the while body (infinite loop)
gen_while_no_update_fix_018,data/ml/raw_snippets_generated/while_variable_not_updated/fixed/GenWhileNoUpdateFix018.java,java,NO_ISSUE,1,0,0,0,0,0,pair_788,fixed,synthetic_generated,condition variable updated inside the loop body
gen_while_no_update_bug_019,data/ml/raw_snippets_generated/while_variable_not_updated/buggy/GenWhileNoUpdateBug019.java,java,WHILE_VARIABLE_NOT_UPDATED,0,0,0,0,0,1,pair_789,buggy,synthetic_generated,no condition variable changes inside the while body (infinite loop)
gen_while_no_update_fix_019,data/ml/raw_snippets_generated/while_variable_not_updated/fixed/GenWhileNoUpdateFix019.java,java,NO_ISSUE,1,0,0,0,0,0,pair_789,fixed,synthetic_generated,condition variable updated inside the loop body
gen_while_no_update_bug_020,data/ml/raw_snippets_generated/while_variable_not_updated/buggy/GenWhileNoUpdateBug020.java,java,WHILE_VARIABLE_NOT_UPDATED,0,0,0,0,0,1,pair_790,buggy,synthetic_generated,no condition variable changes inside the while body (infinite loop)
gen_while_no_update_fix_020,data/ml/raw_snippets_generated/while_variable_not_updated/fixed/GenWhileNoUpdateFix020.java,java,NO_ISSUE,1,0,0,0,0,0,pair_790,fixed,synthetic_generated,condition variable updated inside the loop body
gen_while_no_update_bug_021,data/ml/raw_snippets_generated/while_variable_not_updated/buggy/GenWhileNoUpdateBug021.java,java,WHILE_VARIABLE_NOT_UPDATED,0,0,0,0,0,1,pair_791,buggy,synthetic_generated,no condition variable changes inside the while body (infinite loop)
gen_while_no_update_fix_021,data/ml/raw_snippets_generated/while_variable_not_updated/fixed/GenWhileNoUpdateFix021.java,java,NO_ISSUE,1,0,0,0,0,0,pair_791,fixed,synthetic_generated,condition variable updated inside the loop body
gen_while_no_update_bug_022,data/ml/raw_snippets_generated/while_variable_not_updated/buggy/GenWhileNoUpdateBug022.java,java,WHILE_VARIABLE_NOT_UPDATED,0,0,0,0,0,1,pair_792,buggy,synthetic_generated,no condition variable changes inside the while body (infinite loop)
gen_while_no_update_fix_022,data/ml/raw_snippets_generated/while_variable_not_updated/fixed/GenWhileNoUpdateFix022.java,java,NO_ISSUE,1,0,0,0,0,0,pair_792,fixed,synthetic_generated,condition variable updated inside the loop body
gen_while_no_update_bug_023,data/ml/raw_snippets_generated/while_variable_not_updated/buggy/GenWhileNoUpdateBug023.java,java,WHILE_VARIABLE_NOT_UPDATED,0,0,0,0,0,1,pair_793,buggy,synthetic_generated,no condition variable changes inside the while body (infinite loop)
gen_while_no_update_fix_023,data/ml/raw_snippets_generated/while_variable_not_updated/fixed/GenWhileNoUpdateFix023.java,java,NO_ISSUE,1,0,0,0,0,0,pair_793,fixed,synthetic_generated,condition variable updated inside the loop body
gen_while_no_update_bug_024,data/ml/raw_snippets_generated/while_variable_not_updated/buggy/GenWhileNoUpdateBug024.java,java,WHILE_VARIABLE_NOT_UPDATED,0,0,0,0,0,1,pair_794,buggy,synthetic_generated,no condition variable changes inside the while body (infinite loop)
gen_while_no_update_fix_024,data/ml/raw_snippets_generated/while_variable_not_updated/fixed/GenWhileNoUpdateFix024.java,java,NO_ISSUE,1,0,0,0,0,0,pair_794,fixed,synthetic_generated,condition variable updated inside the loop body
gen_while_no_update_bug_025,data/ml/raw_snippets_generated/while_variable_not_updated/buggy/GenWhileNoUpdateBug025.java,java,WHILE_VARIABLE_NOT_UPDATED,0,0,0,0,0,1,pair_795,buggy,synthetic_generated,no condition variable changes inside the while body (infinite loop)
gen_while_no_update_fix_025,data/ml/raw_snippets_generated/while_variable_not_updated/fixed/GenWhileNoUpdateFix025.java,java,NO_ISSUE,1,0,0,0,0,0,pair_795,fixed,synthetic_generated,condition variable updated inside the loop body
gen_while_no_update_bug_026,data/ml/raw_snippets_generated/while_variable_not_updated/buggy/GenWhileNoUpdateBug026.java,java,WHILE_VARIABLE_NOT_UPDATED,0,0,0,0,0,1,pair_796,buggy,synthetic_generated,no condition variable changes inside the while body (infinite loop)
gen_while_no_update_fix_026,data/ml/raw_snippets_generated/while_variable_not_updated/fixed/GenWhileNoUpdateFix026.java,java,NO_ISSUE,1,0,0,0,0,0,pair_796,fixed,synthetic_generated,condition variable updated inside the loop body
gen_while_no_update_bug_027,data/ml/raw_snippets_generated/while_variable_not_updated/buggy/GenWhileNoUpdateBug027.java,java,WHILE_VARIABLE_NOT_UPDATED,0,0,0,0,0,1,pair_797,buggy,synthetic_generated,no condition variable changes inside the while body (infinite loop)
gen_while_no_update_fix_027,data/ml/raw_snippets_generated/while_variable_not_updated/fixed/GenWhileNoUpdateFix027.java,java,NO_ISSUE,1,0,0,0,0,0,pair_797,fixed,synthetic_generated,condition variable updated inside the loop body
gen_while_no_update_bug_028,data/ml/raw_snippets_generated/while_variable_not_updated/buggy/GenWhileNoUpdateBug028.java,java,WHILE_VARIABLE_NOT_UPDATED,0,0,0,0,0,1,pair_798,buggy,synthetic_generated,no condition variable changes inside the while body (infinite loop)
gen_while_no_update_fix_028,data/ml/raw_snippets_generated/while_variable_not_updated/fixed/GenWhileNoUpdateFix028.java,java,NO_ISSUE,1,0,0,0,0,0,pair_798,fixed,synthetic_generated,condition variable updated inside the loop body
gen_while_no_update_bug_029,data/ml/raw_snippets_generated/while_variable_not_updated/buggy/GenWhileNoUpdateBug029.java,java,WHILE_VARIABLE_NOT_UPDATED,0,0,0,0,0,1,pair_799,buggy,synthetic_generated,no condition variable changes inside the while body (infinite loop)
gen_while_no_update_fix_029,data/ml/raw_snippets_generated/while_variable_not_updated/fixed/GenWhileNoUpdateFix029.java,java,NO_ISSUE,1,0,0,0,0,0,pair_799,fixed,synthetic_generated,condition variable updated inside the loop body
gen_while_no_update_bug_030,data/ml/raw_snippets_generated/while_variable_not_updated/buggy/GenWhileNoUpdateBug030.java,java,WHILE_VARIABLE_NOT_UPDATED,0,0,0,0,0,1,pair_800,buggy,synthetic_generated,no condition variable changes inside the while body (infinite loop)
gen_while_no_update_fix_030,data/ml/raw_snippets_generated/while_variable_not_updated/fixed/GenWhileNoUpdateFix030.java,java,NO_ISSUE,1,0,0,0,0,0,pair_800,fixed,synthetic_generated,condition variable updated inside the loop body
gen_while_no_update_bug_031,data/ml/raw_snippets_generated/while_variable_not_updated/buggy/GenWhileNoUpdateBug031.java,java,WHILE_VARIABLE_NOT_UPDATED,0,0,0,0,0,1,pair_801,buggy,synthetic_generated,no condition variable changes inside the while body (infinite loop)
gen_while_no_update_fix_031,data/ml/raw_snippets_generated/while_variable_not_updated/fixed/GenWhileNoUpdateFix031.java,java,NO_ISSUE,1,0,0,0,0,0,pair_801,fixed,synthetic_generated,condition variable updated inside the loop body
gen_while_no_update_bug_032,data/ml/raw_snippets_generated/while_variable_not_updated/buggy/GenWhileNoUpdateBug032.java,java,WHILE_VARIABLE_NOT_UPDATED,0,0,0,0,0,1,pair_802,buggy,synthetic_generated,no condition variable changes inside the while body (infinite loop)
gen_while_no_update_fix_032,data/ml/raw_snippets_generated/while_variable_not_updated/fixed/GenWhileNoUpdateFix032.java,java,NO_ISSUE,1,0,0,0,0,0,pair_802,fixed,synthetic_generated,condition variable updated inside the loop body
gen_while_no_update_bug_033,data/ml/raw_snippets_generated/while_variable_not_updated/buggy/GenWhileNoUpdateBug033.java,java,WHILE_VARIABLE_NOT_UPDATED,0,0,0,0,0,1,pair_803,buggy,synthetic_generated,no condition variable changes inside the while body (infinite loop)
gen_while_no_update_fix_033,data/ml/raw_snippets_generated/while_variable_not_updated/fixed/GenWhileNoUpdateFix033.java,java,NO_ISSUE,1,0,0,0,0,0,pair_803,fixed,synthetic_generated,condition variable updated inside the loop body
gen_while_no_update_bug_034,data/ml/raw_snippets_generated/while_variable_not_updated/buggy/GenWhileNoUpdateBug034.java,java,WHILE_VARIABLE_NOT_UPDATED,0,0,0,0,0,1,pair_804,buggy,synthetic_generated,no condition variable changes inside the while body (infinite loop)
gen_while_no_update_fix_034,data/ml/raw_snippets_generated/while_variable_not_updated/fixed/GenWhileNoUpdateFix034.java,java,NO_ISSUE,1,0,0,0,0,0,pair_804,fixed,synthetic_generated,condition variable updated inside the loop body
gen_while_no_update_bug_035,data/ml/raw_snippets_generated/while_variable_not_updated/buggy/GenWhileNoUpdateBug035.java,java,WHILE_VARIABLE_NOT_UPDATED,0,0,0,0,0,1,pair_805,buggy,synthetic_generated,no condition variable changes inside the while body (infinite loop)
gen_while_no_update_fix_035,data/ml/raw_snippets_generated/while_variable_not_updated/fixed/GenWhileNoUpdateFix035.java,java,NO_ISSUE,1,0,0,0,0,0,pair_805,fixed,synthetic_generated,condition variable updated inside the loop body
gen_while_no_update_bug_036,data/ml/raw_snippets_generated/while_variable_not_updated/buggy/GenWhileNoUpdateBug036.java,java,WHILE_VARIABLE_NOT_UPDATED,0,0,0,0,0,1,pair_806,buggy,synthetic_generated,no condition variable changes inside the while body (infinite loop)
gen_while_no_update_fix_036,data/ml/raw_snippets_generated/while_variable_not_updated/fixed/GenWhileNoUpdateFix036.java,java,NO_ISSUE,1,0,0,0,0,0,pair_806,fixed,synthetic_generated,condition variable updated inside the loop body
gen_while_no_update_bug_037,data/ml/raw_snippets_generated/while_variable_not_updated/buggy/GenWhileNoUpdateBug037.java,java,WHILE_VARIABLE_NOT_UPDATED,0,0,0,0,0,1,pair_807,buggy,synthetic_generated,no condition variable changes inside the while body (infinite loop)
gen_while_no_update_fix_037,data/ml/raw_snippets_generated/while_variable_not_updated/fixed/GenWhileNoUpdateFix037.java,java,NO_ISSUE,1,0,0,0,0,0,pair_807,fixed,synthetic_generated,condition variable updated inside the loop body
gen_while_no_update_bug_038,data/ml/raw_snippets_generated/while_variable_not_updated/buggy/GenWhileNoUpdateBug038.java,java,WHILE_VARIABLE_NOT_UPDATED,0,0,0,0,0,1,pair_808,buggy,synthetic_generated,no condition variable changes inside the while body (infinite loop)
gen_while_no_update_fix_038,data/ml/raw_snippets_generated/while_variable_not_updated/fixed/GenWhileNoUpdateFix038.java,java,NO_ISSUE,1,0,0,0,0,0,pair_808,fixed,synthetic_generated,condition variable updated inside the loop body
gen_while_no_update_bug_039,data/ml/raw_snippets_generated/while_variable_not_updated/buggy/GenWhileNoUpdateBug039.java,java,WHILE_VARIABLE_NOT_UPDATED,0,0,0,0,0,1,pair_809,buggy,synthetic_generated,no condition variable changes inside the while body (infinite loop)
gen_while_no_update_fix_039,data/ml/raw_snippets_generated/while_variable_not_updated/fixed/GenWhileNoUpdateFix039.java,java,NO_ISSUE,1,0,0,0,0,0,pair_809,fixed,synthetic_generated,condition variable updated inside the loop body
gen_while_no_update_bug_040,data/ml/raw_snippets_generated/while_variable_not_updated/buggy/GenWhileNoUpdateBug040.java,java,WHILE_VARIABLE_NOT_UPDATED,0,0,0,0,0,1,pair_810,buggy,synthetic_generated,no condition variable changes inside the while body (infinite loop)
gen_while_no_update_fix_040,data/ml/raw_snippets_generated/while_variable_not_updated/fixed/GenWhileNoUpdateFix040.java,java,NO_ISSUE,1,0,0,0,0,0,pair_810,fixed,synthetic_generated,condition variable updated inside the loop body
gen_while_no_update_bug_041,data/ml/raw_snippets_generated/while_variable_not_updated/buggy/GenWhileNoUpdateBug041.java,java,WHILE_VARIABLE_NOT_UPDATED,0,0,0,0,0,1,pair_811,buggy,synthetic_generated,no condition variable changes inside the while body (infinite loop)
gen_while_no_update_fix_041,data/ml/raw_snippets_generated/while_variable_not_updated/fixed/GenWhileNoUpdateFix041.java,java,NO_ISSUE,1,0,0,0,0,0,pair_811,fixed,synthetic_generated,condition variable updated inside the loop body
gen_while_no_update_bug_042,data/ml/raw_snippets_generated/while_variable_not_updated/buggy/GenWhileNoUpdateBug042.java,java,WHILE_VARIABLE_NOT_UPDATED,0,0,0,0,0,1,pair_812,buggy,synthetic_generated,no condition variable changes inside the while body (infinite loop)
gen_while_no_update_fix_042,data/ml/raw_snippets_generated/while_variable_not_updated/fixed/GenWhileNoUpdateFix042.java,java,NO_ISSUE,1,0,0,0,0,0,pair_812,fixed,synthetic_generated,condition variable updated inside the loop body
gen_while_no_update_bug_043,data/ml/raw_snippets_generated/while_variable_not_updated/buggy/GenWhileNoUpdateBug043.java,java,WHILE_VARIABLE_NOT_UPDATED,0,0,0,0,0,1,pair_813,buggy,synthetic_generated,no condition variable changes inside the while body (infinite loop)
gen_while_no_update_fix_043,data/ml/raw_snippets_generated/while_variable_not_updated/fixed/GenWhileNoUpdateFix043.java,java,NO_ISSUE,1,0,0,0,0,0,pair_813,fixed,synthetic_generated,condition variable updated inside the loop body
gen_while_no_update_bug_044,data/ml/raw_snippets_generated/while_variable_not_updated/buggy/GenWhileNoUpdateBug044.java,java,WHILE_VARIABLE_NOT_UPDATED,0,0,0,0,0,1,pair_814,buggy,synthetic_generated,no condition variable changes inside the while body (infinite loop)
gen_while_no_update_fix_044,data/ml/raw_snippets_generated/while_variable_not_updated/fixed/GenWhileNoUpdateFix044.java,java,NO_ISSUE,1,0,0,0,0,0,pair_814,fixed,synthetic_generated,condition variable updated inside the loop body
gen_while_no_update_bug_045,data/ml/raw_snippets_generated/while_variable_not_updated/buggy/GenWhileNoUpdateBug045.java,java,WHILE_VARIABLE_NOT_UPDATED,0,0,0,0,0,1,pair_815,buggy,synthetic_generated,no condition variable changes inside the while body (infinite loop)
gen_while_no_update_fix_045,data/ml/raw_snippets_generated/while_variable_not_updated/fixed/GenWhileNoUpdateFix045.java,java,NO_ISSUE,1,0,0,0,0,0,pair_815,fixed,synthetic_generated,condition variable updated inside the loop body
gen_while_no_update_bug_046,data/ml/raw_snippets_generated/while_variable_not_updated/buggy/GenWhileNoUpdateBug046.java,java,WHILE_VARIABLE_NOT_UPDATED,0,0,0,0,0,1,pair_816,buggy,synthetic_generated,no condition variable changes inside the while body (infinite loop)
gen_while_no_update_fix_046,data/ml/raw_snippets_generated/while_variable_not_updated/fixed/GenWhileNoUpdateFix046.java,java,NO_ISSUE,1,0,0,0,0,0,pair_816,fixed,synthetic_generated,condition variable updated inside the loop body
gen_while_no_update_bug_047,data/ml/raw_snippets_generated/while_variable_not_updated/buggy/GenWhileNoUpdateBug047.java,java,WHILE_VARIABLE_NOT_UPDATED,0,0,0,0,0,1,pair_817,buggy,synthetic_generated,no condition variable changes inside the while body (infinite loop)
gen_while_no_update_fix_047,data/ml/raw_snippets_generated/while_variable_not_updated/fixed/GenWhileNoUpdateFix047.java,java,NO_ISSUE,1,0,0,0,0,0,pair_817,fixed,synthetic_generated,condition variable updated inside the loop body
gen_while_no_update_bug_048,data/ml/raw_snippets_generated/while_variable_not_updated/buggy/GenWhileNoUpdateBug048.java,java,WHILE_VARIABLE_NOT_UPDATED,0,0,0,0,0,1,pair_818,buggy,synthetic_generated,no condition variable changes inside the while body (infinite loop)
gen_while_no_update_fix_048,data/ml/raw_snippets_generated/while_variable_not_updated/fixed/GenWhileNoUpdateFix048.java,java,NO_ISSUE,1,0,0,0,0,0,pair_818,fixed,synthetic_generated,condition variable updated inside the loop body
gen_while_no_update_bug_049,data/ml/raw_snippets_generated/while_variable_not_updated/buggy/GenWhileNoUpdateBug049.java,java,WHILE_VARIABLE_NOT_UPDATED,0,0,0,0,0,1,pair_819,buggy,synthetic_generated,no condition variable changes inside the while body (infinite loop)
gen_while_no_update_fix_049,data/ml/raw_snippets_generated/while_variable_not_updated/fixed/GenWhileNoUpdateFix049.java,java,NO_ISSUE,1,0,0,0,0,0,pair_819,fixed,synthetic_generated,condition variable updated inside the loop body
gen_while_no_update_bug_050,data/ml/raw_snippets_generated/while_variable_not_updated/buggy/GenWhileNoUpdateBug050.java,java,WHILE_VARIABLE_NOT_UPDATED,0,0,0,0,0,1,pair_820,buggy,synthetic_generated,no condition variable changes inside the while body (infinite loop)
gen_while_no_update_fix_050,data/ml/raw_snippets_generated/while_variable_not_updated/fixed/GenWhileNoUpdateFix050.java,java,NO_ISSUE,1,0,0,0,0,0,pair_820,fixed,synthetic_generated,condition variable updated inside the loop body
gen_while_no_update_bug_051,data/ml/raw_snippets_generated/while_variable_not_updated/buggy/GenWhileNoUpdateBug051.java,java,WHILE_VARIABLE_NOT_UPDATED,0,0,0,0,0,1,pair_821,buggy,synthetic_generated,no condition variable changes inside the while body (infinite loop)
gen_while_no_update_fix_051,data/ml/raw_snippets_generated/while_variable_not_updated/fixed/GenWhileNoUpdateFix051.java,java,NO_ISSUE,1,0,0,0,0,0,pair_821,fixed,synthetic_generated,condition variable updated inside the loop body
gen_while_no_update_bug_052,data/ml/raw_snippets_generated/while_variable_not_updated/buggy/GenWhileNoUpdateBug052.java,java,WHILE_VARIABLE_NOT_UPDATED,0,0,0,0,0,1,pair_822,buggy,synthetic_generated,no condition variable changes inside the while body (infinite loop)
gen_while_no_update_fix_052,data/ml/raw_snippets_generated/while_variable_not_updated/fixed/GenWhileNoUpdateFix052.java,java,NO_ISSUE,1,0,0,0,0,0,pair_822,fixed,synthetic_generated,condition variable updated inside the loop body
gen_while_no_update_bug_053,data/ml/raw_snippets_generated/while_variable_not_updated/buggy/GenWhileNoUpdateBug053.java,java,WHILE_VARIABLE_NOT_UPDATED,0,0,0,0,0,1,pair_823,buggy,synthetic_generated,no condition variable changes inside the while body (infinite loop)
gen_while_no_update_fix_053,data/ml/raw_snippets_generated/while_variable_not_updated/fixed/GenWhileNoUpdateFix053.java,java,NO_ISSUE,1,0,0,0,0,0,pair_823,fixed,synthetic_generated,condition variable updated inside the loop body
gen_while_no_update_bug_054,data/ml/raw_snippets_generated/while_variable_not_updated/buggy/GenWhileNoUpdateBug054.java,java,WHILE_VARIABLE_NOT_UPDATED,0,0,0,0,0,1,pair_824,buggy,synthetic_generated,no condition variable changes inside the while body (infinite loop)
gen_while_no_update_fix_054,data/ml/raw_snippets_generated/while_variable_not_updated/fixed/GenWhileNoUpdateFix054.java,java,NO_ISSUE,1,0,0,0,0,0,pair_824,fixed,synthetic_generated,condition variable updated inside the loop body
gen_while_no_update_bug_055,data/ml/raw_snippets_generated/while_variable_not_updated/buggy/GenWhileNoUpdateBug055.java,java,WHILE_VARIABLE_NOT_UPDATED,0,0,0,0,0,1,pair_825,buggy,synthetic_generated,no condition variable changes inside the while body (infinite loop)
gen_while_no_update_fix_055,data/ml/raw_snippets_generated/while_variable_not_updated/fixed/GenWhileNoUpdateFix055.java,java,NO_ISSUE,1,0,0,0,0,0,pair_825,fixed,synthetic_generated,condition variable updated inside the loop body
gen_while_no_update_bug_056,data/ml/raw_snippets_generated/while_variable_not_updated/buggy/GenWhileNoUpdateBug056.java,java,WHILE_VARIABLE_NOT_UPDATED,0,0,0,0,0,1,pair_826,buggy,synthetic_generated,no condition variable changes inside the while body (infinite loop)
gen_while_no_update_fix_056,data/ml/raw_snippets_generated/while_variable_not_updated/fixed/GenWhileNoUpdateFix056.java,java,NO_ISSUE,1,0,0,0,0,0,pair_826,fixed,synthetic_generated,condition variable updated inside the loop body
gen_while_no_update_bug_057,data/ml/raw_snippets_generated/while_variable_not_updated/buggy/GenWhileNoUpdateBug057.java,java,WHILE_VARIABLE_NOT_UPDATED,0,0,0,0,0,1,pair_827,buggy,synthetic_generated,no condition variable changes inside the while body (infinite loop)
gen_while_no_update_fix_057,data/ml/raw_snippets_generated/while_variable_not_updated/fixed/GenWhileNoUpdateFix057.java,java,NO_ISSUE,1,0,0,0,0,0,pair_827,fixed,synthetic_generated,condition variable updated inside the loop body
gen_while_no_update_bug_058,data/ml/raw_snippets_generated/while_variable_not_updated/buggy/GenWhileNoUpdateBug058.java,java,WHILE_VARIABLE_NOT_UPDATED,0,0,0,0,0,1,pair_828,buggy,synthetic_generated,no condition variable changes inside the while body (infinite loop)
gen_while_no_update_fix_058,data/ml/raw_snippets_generated/while_variable_not_updated/fixed/GenWhileNoUpdateFix058.java,java,NO_ISSUE,1,0,0,0,0,0,pair_828,fixed,synthetic_generated,condition variable updated inside the loop body
gen_while_no_update_bug_059,data/ml/raw_snippets_generated/while_variable_not_updated/buggy/GenWhileNoUpdateBug059.java,java,WHILE_VARIABLE_NOT_UPDATED,0,0,0,0,0,1,pair_829,buggy,synthetic_generated,no condition variable changes inside the while body (infinite loop)
gen_while_no_update_fix_059,data/ml/raw_snippets_generated/while_variable_not_updated/fixed/GenWhileNoUpdateFix059.java,java,NO_ISSUE,1,0,0,0,0,0,pair_829,fixed,synthetic_generated,condition variable updated inside the loop body
gen_while_no_update_bug_060,data/ml/raw_snippets_generated/while_variable_not_updated/buggy/GenWhileNoUpdateBug060.java,java,WHILE_VARIABLE_NOT_UPDATED,0,0,0,0,0,1,pair_830,buggy,synthetic_generated,no condition variable changes inside the while body (infinite loop)
gen_while_no_update_fix_060,data/ml/raw_snippets_generated/while_variable_not_updated/fixed/GenWhileNoUpdateFix060.java,java,NO_ISSUE,1,0,0,0,0,0,pair_830,fixed,synthetic_generated,condition variable updated inside the loop body
gen_while_no_update_bug_061,data/ml/raw_snippets_generated/while_variable_not_updated/buggy/GenWhileNoUpdateBug061.java,java,WHILE_VARIABLE_NOT_UPDATED,0,0,0,0,0,1,pair_831,buggy,synthetic_generated,no condition variable changes inside the while body (infinite loop)
gen_while_no_update_fix_061,data/ml/raw_snippets_generated/while_variable_not_updated/fixed/GenWhileNoUpdateFix061.java,java,NO_ISSUE,1,0,0,0,0,0,pair_831,fixed,synthetic_generated,condition variable updated inside the loop body
gen_while_no_update_bug_062,data/ml/raw_snippets_generated/while_variable_not_updated/buggy/GenWhileNoUpdateBug062.java,java,WHILE_VARIABLE_NOT_UPDATED,0,0,0,0,0,1,pair_832,buggy,synthetic_generated,no condition variable changes inside the while body (infinite loop)
gen_while_no_update_fix_062,data/ml/raw_snippets_generated/while_variable_not_updated/fixed/GenWhileNoUpdateFix062.java,java,NO_ISSUE,1,0,0,0,0,0,pair_832,fixed,synthetic_generated,condition variable updated inside the loop body
gen_while_no_update_bug_063,data/ml/raw_snippets_generated/while_variable_not_updated/buggy/GenWhileNoUpdateBug063.java,java,WHILE_VARIABLE_NOT_UPDATED,0,0,0,0,0,1,pair_833,buggy,synthetic_generated,no condition variable changes inside the while body (infinite loop)
gen_while_no_update_fix_063,data/ml/raw_snippets_generated/while_variable_not_updated/fixed/GenWhileNoUpdateFix063.java,java,NO_ISSUE,1,0,0,0,0,0,pair_833,fixed,synthetic_generated,condition variable updated inside the loop body
gen_while_no_update_bug_064,data/ml/raw_snippets_generated/while_variable_not_updated/buggy/GenWhileNoUpdateBug064.java,java,WHILE_VARIABLE_NOT_UPDATED,0,0,0,0,0,1,pair_834,buggy,synthetic_generated,no condition variable changes inside the while body (infinite loop)
gen_while_no_update_fix_064,data/ml/raw_snippets_generated/while_variable_not_updated/fixed/GenWhileNoUpdateFix064.java,java,NO_ISSUE,1,0,0,0,0,0,pair_834,fixed,synthetic_generated,condition variable updated inside the loop body
gen_while_no_update_bug_065,data/ml/raw_snippets_generated/while_variable_not_updated/buggy/GenWhileNoUpdateBug065.java,java,WHILE_VARIABLE_NOT_UPDATED,0,0,0,0,0,1,pair_835,buggy,synthetic_generated,no condition variable changes inside the while body (infinite loop)
gen_while_no_update_fix_065,data/ml/raw_snippets_generated/while_variable_not_updated/fixed/GenWhileNoUpdateFix065.java,java,NO_ISSUE,1,0,0,0,0,0,pair_835,fixed,synthetic_generated,condition variable updated inside the loop body
gen_while_no_update_bug_066,data/ml/raw_snippets_generated/while_variable_not_updated/buggy/GenWhileNoUpdateBug066.java,java,WHILE_VARIABLE_NOT_UPDATED,0,0,0,0,0,1,pair_836,buggy,synthetic_generated,no condition variable changes inside the while body (infinite loop)
gen_while_no_update_fix_066,data/ml/raw_snippets_generated/while_variable_not_updated/fixed/GenWhileNoUpdateFix066.java,java,NO_ISSUE,1,0,0,0,0,0,pair_836,fixed,synthetic_generated,condition variable updated inside the loop body
gen_while_no_update_bug_067,data/ml/raw_snippets_generated/while_variable_not_updated/buggy/GenWhileNoUpdateBug067.java,java,WHILE_VARIABLE_NOT_UPDATED,0,0,0,0,0,1,pair_837,buggy,synthetic_generated,no condition variable changes inside the while body (infinite loop)
gen_while_no_update_fix_067,data/ml/raw_snippets_generated/while_variable_not_updated/fixed/GenWhileNoUpdateFix067.java,java,NO_ISSUE,1,0,0,0,0,0,pair_837,fixed,synthetic_generated,condition variable updated inside the loop body
gen_while_no_update_bug_068,data/ml/raw_snippets_generated/while_variable_not_updated/buggy/GenWhileNoUpdateBug068.java,java,WHILE_VARIABLE_NOT_UPDATED,0,0,0,0,0,1,pair_838,buggy,synthetic_generated,no condition variable changes inside the while body (infinite loop)
gen_while_no_update_fix_068,data/ml/raw_snippets_generated/while_variable_not_updated/fixed/GenWhileNoUpdateFix068.java,java,NO_ISSUE,1,0,0,0,0,0,pair_838,fixed,synthetic_generated,condition variable updated inside the loop body
gen_while_no_update_bug_069,data/ml/raw_snippets_generated/while_variable_not_updated/buggy/GenWhileNoUpdateBug069.java,java,WHILE_VARIABLE_NOT_UPDATED,0,0,0,0,0,1,pair_839,buggy,synthetic_generated,no condition variable changes inside the while body (infinite loop)
gen_while_no_update_fix_069,data/ml/raw_snippets_generated/while_variable_not_updated/fixed/GenWhileNoUpdateFix069.java,java,NO_ISSUE,1,0,0,0,0,0,pair_839,fixed,synthetic_generated,condition variable updated inside the loop body
gen_while_no_update_bug_070,data/ml/raw_snippets_generated/while_variable_not_updated/buggy/GenWhileNoUpdateBug070.java,java,WHILE_VARIABLE_NOT_UPDATED,0,0,0,0,0,1,pair_840,buggy,synthetic_generated,no condition variable changes inside the while body (infinite loop)
gen_while_no_update_fix_070,data/ml/raw_snippets_generated/while_variable_not_updated/fixed/GenWhileNoUpdateFix070.java,java,NO_ISSUE,1,0,0,0,0,0,pair_840,fixed,synthetic_generated,condition variable updated inside the loop body
gen_while_no_update_bug_071,data/ml/raw_snippets_generated/while_variable_not_updated/buggy/GenWhileNoUpdateBug071.java,java,WHILE_VARIABLE_NOT_UPDATED,0,0,0,0,0,1,pair_841,buggy,synthetic_generated,no condition variable changes inside the while body (infinite loop)
gen_while_no_update_fix_071,data/ml/raw_snippets_generated/while_variable_not_updated/fixed/GenWhileNoUpdateFix071.java,java,NO_ISSUE,1,0,0,0,0,0,pair_841,fixed,synthetic_generated,condition variable updated inside the loop body
gen_while_no_update_bug_072,data/ml/raw_snippets_generated/while_variable_not_updated/buggy/GenWhileNoUpdateBug072.java,java,WHILE_VARIABLE_NOT_UPDATED,0,0,0,0,0,1,pair_842,buggy,synthetic_generated,no condition variable changes inside the while body (infinite loop)
gen_while_no_update_fix_072,data/ml/raw_snippets_generated/while_variable_not_updated/fixed/GenWhileNoUpdateFix072.java,java,NO_ISSUE,1,0,0,0,0,0,pair_842,fixed,synthetic_generated,condition variable updated inside the loop body
gen_while_no_update_bug_073,data/ml/raw_snippets_generated/while_variable_not_updated/buggy/GenWhileNoUpdateBug073.java,java,WHILE_VARIABLE_NOT_UPDATED,0,0,0,0,0,1,pair_843,buggy,synthetic_generated,no condition variable changes inside the while body (infinite loop)
gen_while_no_update_fix_073,data/ml/raw_snippets_generated/while_variable_not_updated/fixed/GenWhileNoUpdateFix073.java,java,NO_ISSUE,1,0,0,0,0,0,pair_843,fixed,synthetic_generated,condition variable updated inside the loop body
gen_while_no_update_bug_074,data/ml/raw_snippets_generated/while_variable_not_updated/buggy/GenWhileNoUpdateBug074.java,java,WHILE_VARIABLE_NOT_UPDATED,0,0,0,0,0,1,pair_844,buggy,synthetic_generated,no condition variable changes inside the while body (infinite loop)
gen_while_no_update_fix_074,data/ml/raw_snippets_generated/while_variable_not_updated/fixed/GenWhileNoUpdateFix074.java,java,NO_ISSUE,1,0,0,0,0,0,pair_844,fixed,synthetic_generated,condition variable updated inside the loop body
gen_while_no_update_bug_075,data/ml/raw_snippets_generated/while_variable_not_updated/buggy/GenWhileNoUpdateBug075.java,java,WHILE_VARIABLE_NOT_UPDATED,0,0,0,0,0,1,pair_845,buggy,synthetic_generated,no condition variable changes inside the while body (infinite loop)
gen_while_no_update_fix_075,data/ml/raw_snippets_generated/while_variable_not_updated/fixed/GenWhileNoUpdateFix075.java,java,NO_ISSUE,1,0,0,0,0,0,pair_845,fixed,synthetic_generated,condition variable updated inside the loop body
gen_while_no_update_bug_076,data/ml/raw_snippets_generated/while_variable_not_updated/buggy/GenWhileNoUpdateBug076.java,java,WHILE_VARIABLE_NOT_UPDATED,0,0,0,0,0,1,pair_846,buggy,synthetic_generated,no condition variable changes inside the while body (infinite loop)
gen_while_no_update_fix_076,data/ml/raw_snippets_generated/while_variable_not_updated/fixed/GenWhileNoUpdateFix076.java,java,NO_ISSUE,1,0,0,0,0,0,pair_846,fixed,synthetic_generated,condition variable updated inside the loop body
gen_while_no_update_bug_077,data/ml/raw_snippets_generated/while_variable_not_updated/buggy/GenWhileNoUpdateBug077.java,java,WHILE_VARIABLE_NOT_UPDATED,0,0,0,0,0,1,pair_847,buggy,synthetic_generated,no condition variable changes inside the while body (infinite loop)
gen_while_no_update_fix_077,data/ml/raw_snippets_generated/while_variable_not_updated/fixed/GenWhileNoUpdateFix077.java,java,NO_ISSUE,1,0,0,0,0,0,pair_847,fixed,synthetic_generated,condition variable updated inside the loop body
gen_while_no_update_bug_078,data/ml/raw_snippets_generated/while_variable_not_updated/buggy/GenWhileNoUpdateBug078.java,java,WHILE_VARIABLE_NOT_UPDATED,0,0,0,0,0,1,pair_848,buggy,synthetic_generated,no condition variable changes inside the while body (infinite loop)
gen_while_no_update_fix_078,data/ml/raw_snippets_generated/while_variable_not_updated/fixed/GenWhileNoUpdateFix078.java,java,NO_ISSUE,1,0,0,0,0,0,pair_848,fixed,synthetic_generated,condition variable updated inside the loop body
gen_while_no_update_bug_079,data/ml/raw_snippets_generated/while_variable_not_updated/buggy/GenWhileNoUpdateBug079.java,java,WHILE_VARIABLE_NOT_UPDATED,0,0,0,0,0,1,pair_849,buggy,synthetic_generated,no condition variable changes inside the while body (infinite loop)
gen_while_no_update_fix_079,data/ml/raw_snippets_generated/while_variable_not_updated/fixed/GenWhileNoUpdateFix079.java,java,NO_ISSUE,1,0,0,0,0,0,pair_849,fixed,synthetic_generated,condition variable updated inside the loop body
gen_while_no_update_bug_080,data/ml/raw_snippets_generated/while_variable_not_updated/buggy/GenWhileNoUpdateBug080.java,java,WHILE_VARIABLE_NOT_UPDATED,0,0,0,0,0,1,pair_850,buggy,synthetic_generated,no condition variable changes inside the while body (infinite loop)
gen_while_no_update_fix_080,data/ml/raw_snippets_generated/while_variable_not_updated/fixed/GenWhileNoUpdateFix080.java,java,NO_ISSUE,1,0,0,0,0,0,pair_850,fixed,synthetic_generated,condition variable updated inside the loop body
gen_while_no_update_bug_081,data/ml/raw_snippets_generated/while_variable_not_updated/buggy/GenWhileNoUpdateBug081.java,java,WHILE_VARIABLE_NOT_UPDATED,0,0,0,0,0,1,pair_851,buggy,synthetic_generated,no condition variable changes inside the while body (infinite loop)
gen_while_no_update_fix_081,data/ml/raw_snippets_generated/while_variable_not_updated/fixed/GenWhileNoUpdateFix081.java,java,NO_ISSUE,1,0,0,0,0,0,pair_851,fixed,synthetic_generated,condition variable updated inside the loop body
gen_while_no_update_bug_082,data/ml/raw_snippets_generated/while_variable_not_updated/buggy/GenWhileNoUpdateBug082.java,java,WHILE_VARIABLE_NOT_UPDATED,0,0,0,0,0,1,pair_852,buggy,synthetic_generated,no condition variable changes inside the while body (infinite loop)
gen_while_no_update_fix_082,data/ml/raw_snippets_generated/while_variable_not_updated/fixed/GenWhileNoUpdateFix082.java,java,NO_ISSUE,1,0,0,0,0,0,pair_852,fixed,synthetic_generated,condition variable updated inside the loop body
gen_while_no_update_bug_083,data/ml/raw_snippets_generated/while_variable_not_updated/buggy/GenWhileNoUpdateBug083.java,java,WHILE_VARIABLE_NOT_UPDATED,0,0,0,0,0,1,pair_853,buggy,synthetic_generated,no condition variable changes inside the while body (infinite loop)
gen_while_no_update_fix_083,data/ml/raw_snippets_generated/while_variable_not_updated/fixed/GenWhileNoUpdateFix083.java,java,NO_ISSUE,1,0,0,0,0,0,pair_853,fixed,synthetic_generated,condition variable updated inside the loop body
gen_while_no_update_bug_084,data/ml/raw_snippets_generated/while_variable_not_updated/buggy/GenWhileNoUpdateBug084.java,java,WHILE_VARIABLE_NOT_UPDATED,0,0,0,0,0,1,pair_854,buggy,synthetic_generated,no condition variable changes inside the while body (infinite loop)
gen_while_no_update_fix_084,data/ml/raw_snippets_generated/while_variable_not_updated/fixed/GenWhileNoUpdateFix084.java,java,NO_ISSUE,1,0,0,0,0,0,pair_854,fixed,synthetic_generated,condition variable updated inside the loop body
gen_while_no_update_bug_085,data/ml/raw_snippets_generated/while_variable_not_updated/buggy/GenWhileNoUpdateBug085.java,java,WHILE_VARIABLE_NOT_UPDATED,0,0,0,0,0,1,pair_855,buggy,synthetic_generated,no condition variable changes inside the while body (infinite loop)
gen_while_no_update_fix_085,data/ml/raw_snippets_generated/while_variable_not_updated/fixed/GenWhileNoUpdateFix085.java,java,NO_ISSUE,1,0,0,0,0,0,pair_855,fixed,synthetic_generated,condition variable updated inside the loop body
gen_while_no_update_bug_086,data/ml/raw_snippets_generated/while_variable_not_updated/buggy/GenWhileNoUpdateBug086.java,java,WHILE_VARIABLE_NOT_UPDATED,0,0,0,0,0,1,pair_856,buggy,synthetic_generated,no condition variable changes inside the while body (infinite loop)
gen_while_no_update_fix_086,data/ml/raw_snippets_generated/while_variable_not_updated/fixed/GenWhileNoUpdateFix086.java,java,NO_ISSUE,1,0,0,0,0,0,pair_856,fixed,synthetic_generated,condition variable updated inside the loop body
gen_while_no_update_bug_087,data/ml/raw_snippets_generated/while_variable_not_updated/buggy/GenWhileNoUpdateBug087.java,java,WHILE_VARIABLE_NOT_UPDATED,0,0,0,0,0,1,pair_857,buggy,synthetic_generated,no condition variable changes inside the while body (infinite loop)
gen_while_no_update_fix_087,data/ml/raw_snippets_generated/while_variable_not_updated/fixed/GenWhileNoUpdateFix087.java,java,NO_ISSUE,1,0,0,0,0,0,pair_857,fixed,synthetic_generated,condition variable updated inside the loop body
gen_while_no_update_bug_088,data/ml/raw_snippets_generated/while_variable_not_updated/buggy/GenWhileNoUpdateBug088.java,java,WHILE_VARIABLE_NOT_UPDATED,0,0,0,0,0,1,pair_858,buggy,synthetic_generated,no condition variable changes inside the while body (infinite loop)
gen_while_no_update_fix_088,data/ml/raw_snippets_generated/while_variable_not_updated/fixed/GenWhileNoUpdateFix088.java,java,NO_ISSUE,1,0,0,0,0,0,pair_858,fixed,synthetic_generated,condition variable updated inside the loop body
gen_while_no_update_bug_089,data/ml/raw_snippets_generated/while_variable_not_updated/buggy/GenWhileNoUpdateBug089.java,java,WHILE_VARIABLE_NOT_UPDATED,0,0,0,0,0,1,pair_859,buggy,synthetic_generated,no condition variable changes inside the while body (infinite loop)
gen_while_no_update_fix_089,data/ml/raw_snippets_generated/while_variable_not_updated/fixed/GenWhileNoUpdateFix089.java,java,NO_ISSUE,1,0,0,0,0,0,pair_859,fixed,synthetic_generated,condition variable updated inside the loop body
gen_while_no_update_bug_090,data/ml/raw_snippets_generated/while_variable_not_updated/buggy/GenWhileNoUpdateBug090.java,java,WHILE_VARIABLE_NOT_UPDATED,0,0,0,0,0,1,pair_860,buggy,synthetic_generated,no condition variable changes inside the while body (infinite loop)
gen_while_no_update_fix_090,data/ml/raw_snippets_generated/while_variable_not_updated/fixed/GenWhileNoUpdateFix090.java,java,NO_ISSUE,1,0,0,0,0,0,pair_860,fixed,synthetic_generated,condition variable updated inside the loop body
gen_while_no_update_bug_091,data/ml/raw_snippets_generated/while_variable_not_updated/buggy/GenWhileNoUpdateBug091.java,java,WHILE_VARIABLE_NOT_UPDATED,0,0,0,0,0,1,pair_861,buggy,synthetic_generated,no condition variable changes inside the while body (infinite loop)
gen_while_no_update_fix_091,data/ml/raw_snippets_generated/while_variable_not_updated/fixed/GenWhileNoUpdateFix091.java,java,NO_ISSUE,1,0,0,0,0,0,pair_861,fixed,synthetic_generated,condition variable updated inside the loop body
gen_while_no_update_bug_092,data/ml/raw_snippets_generated/while_variable_not_updated/buggy/GenWhileNoUpdateBug092.java,java,WHILE_VARIABLE_NOT_UPDATED,0,0,0,0,0,1,pair_862,buggy,synthetic_generated,no condition variable changes inside the while body (infinite loop)
gen_while_no_update_fix_092,data/ml/raw_snippets_generated/while_variable_not_updated/fixed/GenWhileNoUpdateFix092.java,java,NO_ISSUE,1,0,0,0,0,0,pair_862,fixed,synthetic_generated,condition variable updated inside the loop body
gen_while_no_update_bug_093,data/ml/raw_snippets_generated/while_variable_not_updated/buggy/GenWhileNoUpdateBug093.java,java,WHILE_VARIABLE_NOT_UPDATED,0,0,0,0,0,1,pair_863,buggy,synthetic_generated,no condition variable changes inside the while body (infinite loop)
gen_while_no_update_fix_093,data/ml/raw_snippets_generated/while_variable_not_updated/fixed/GenWhileNoUpdateFix093.java,java,NO_ISSUE,1,0,0,0,0,0,pair_863,fixed,synthetic_generated,condition variable updated inside the loop body
gen_while_no_update_bug_094,data/ml/raw_snippets_generated/while_variable_not_updated/buggy/GenWhileNoUpdateBug094.java,java,WHILE_VARIABLE_NOT_UPDATED,0,0,0,0,0,1,pair_864,buggy,synthetic_generated,no condition variable changes inside the while body (infinite loop)
gen_while_no_update_fix_094,data/ml/raw_snippets_generated/while_variable_not_updated/fixed/GenWhileNoUpdateFix094.java,java,NO_ISSUE,1,0,0,0,0,0,pair_864,fixed,synthetic_generated,condition variable updated inside the loop body
gen_while_no_update_bug_095,data/ml/raw_snippets_generated/while_variable_not_updated/buggy/GenWhileNoUpdateBug095.java,java,WHILE_VARIABLE_NOT_UPDATED,0,0,0,0,0,1,pair_865,buggy,synthetic_generated,no condition variable changes inside the while body (infinite loop)
gen_while_no_update_fix_095,data/ml/raw_snippets_generated/while_variable_not_updated/fixed/GenWhileNoUpdateFix095.java,java,NO_ISSUE,1,0,0,0,0,0,pair_865,fixed,synthetic_generated,condition variable updated inside the loop body
gen_while_no_update_bug_096,data/ml/raw_snippets_generated/while_variable_not_updated/buggy/GenWhileNoUpdateBug096.java,java,WHILE_VARIABLE_NOT_UPDATED,0,0,0,0,0,1,pair_866,buggy,synthetic_generated,no condition variable changes inside the while body (infinite loop)
gen_while_no_update_fix_096,data/ml/raw_snippets_generated/while_variable_not_updated/fixed/GenWhileNoUpdateFix096.java,java,NO_ISSUE,1,0,0,0,0,0,pair_866,fixed,synthetic_generated,condition variable updated inside the loop body
gen_while_no_update_bug_097,data/ml/raw_snippets_generated/while_variable_not_updated/buggy/GenWhileNoUpdateBug097.java,java,WHILE_VARIABLE_NOT_UPDATED,0,0,0,0,0,1,pair_867,buggy,synthetic_generated,no condition variable changes inside the while body (infinite loop)
gen_while_no_update_fix_097,data/ml/raw_snippets_generated/while_variable_not_updated/fixed/GenWhileNoUpdateFix097.java,java,NO_ISSUE,1,0,0,0,0,0,pair_867,fixed,synthetic_generated,condition variable updated inside the loop body
gen_while_no_update_bug_098,data/ml/raw_snippets_generated/while_variable_not_updated/buggy/GenWhileNoUpdateBug098.java,java,WHILE_VARIABLE_NOT_UPDATED,0,0,0,0,0,1,pair_868,buggy,synthetic_generated,no condition variable changes inside the while body (infinite loop)
gen_while_no_update_fix_098,data/ml/raw_snippets_generated/while_variable_not_updated/fixed/GenWhileNoUpdateFix098.java,java,NO_ISSUE,1,0,0,0,0,0,pair_868,fixed,synthetic_generated,condition variable updated inside the loop body
gen_while_no_update_bug_099,data/ml/raw_snippets_generated/while_variable_not_updated/buggy/GenWhileNoUpdateBug099.java,java,WHILE_VARIABLE_NOT_UPDATED,0,0,0,0,0,1,pair_869,buggy,synthetic_generated,no condition variable changes inside the while body (infinite loop)
gen_while_no_update_fix_099,data/ml/raw_snippets_generated/while_variable_not_updated/fixed/GenWhileNoUpdateFix099.java,java,NO_ISSUE,1,0,0,0,0,0,pair_869,fixed,synthetic_generated,condition variable updated inside the loop body
gen_while_no_update_bug_100,data/ml/raw_snippets_generated/while_variable_not_updated/buggy/GenWhileNoUpdateBug100.java,java,WHILE_VARIABLE_NOT_UPDATED,0,0,0,0,0,1,pair_870,buggy,synthetic_generated,no condition variable changes inside the while body (infinite loop)
gen_while_no_update_fix_100,data/ml/raw_snippets_generated/while_variable_not_updated/fixed/GenWhileNoUpdateFix100.java,java,NO_ISSUE,1,0,0,0,0,0,pair_870,fixed,synthetic_generated,condition variable updated inside the loop body
gen_while_no_update_bug_101,data/ml/raw_snippets_generated/while_variable_not_updated/buggy/GenWhileNoUpdateBug101.java,java,WHILE_VARIABLE_NOT_UPDATED,0,0,0,0,0,1,pair_871,buggy,synthetic_generated,no condition variable changes inside the while body (infinite loop)
gen_while_no_update_fix_101,data/ml/raw_snippets_generated/while_variable_not_updated/fixed/GenWhileNoUpdateFix101.java,java,NO_ISSUE,1,0,0,0,0,0,pair_871,fixed,synthetic_generated,condition variable updated inside the loop body
gen_while_no_update_bug_102,data/ml/raw_snippets_generated/while_variable_not_updated/buggy/GenWhileNoUpdateBug102.java,java,WHILE_VARIABLE_NOT_UPDATED,0,0,0,0,0,1,pair_872,buggy,synthetic_generated,no condition variable changes inside the while body (infinite loop)
gen_while_no_update_fix_102,data/ml/raw_snippets_generated/while_variable_not_updated/fixed/GenWhileNoUpdateFix102.java,java,NO_ISSUE,1,0,0,0,0,0,pair_872,fixed,synthetic_generated,condition variable updated inside the loop body
gen_while_no_update_bug_103,data/ml/raw_snippets_generated/while_variable_not_updated/buggy/GenWhileNoUpdateBug103.java,java,WHILE_VARIABLE_NOT_UPDATED,0,0,0,0,0,1,pair_873,buggy,synthetic_generated,no condition variable changes inside the while body (infinite loop)
gen_while_no_update_fix_103,data/ml/raw_snippets_generated/while_variable_not_updated/fixed/GenWhileNoUpdateFix103.java,java,NO_ISSUE,1,0,0,0,0,0,pair_873,fixed,synthetic_generated,condition variable updated inside the loop body
gen_while_no_update_bug_104,data/ml/raw_snippets_generated/while_variable_not_updated/buggy/GenWhileNoUpdateBug104.java,java,WHILE_VARIABLE_NOT_UPDATED,0,0,0,0,0,1,pair_874,buggy,synthetic_generated,no condition variable changes inside the while body (infinite loop)
gen_while_no_update_fix_104,data/ml/raw_snippets_generated/while_variable_not_updated/fixed/GenWhileNoUpdateFix104.java,java,NO_ISSUE,1,0,0,0,0,0,pair_874,fixed,synthetic_generated,condition variable updated inside the loop body
gen_while_no_update_bug_105,data/ml/raw_snippets_generated/while_variable_not_updated/buggy/GenWhileNoUpdateBug105.java,java,WHILE_VARIABLE_NOT_UPDATED,0,0,0,0,0,1,pair_875,buggy,synthetic_generated,no condition variable changes inside the while body (infinite loop)
gen_while_no_update_fix_105,data/ml/raw_snippets_generated/while_variable_not_updated/fixed/GenWhileNoUpdateFix105.java,java,NO_ISSUE,1,0,0,0,0,0,pair_875,fixed,synthetic_generated,condition variable updated inside the loop body
gen_while_no_update_bug_106,data/ml/raw_snippets_generated/while_variable_not_updated/buggy/GenWhileNoUpdateBug106.java,java,WHILE_VARIABLE_NOT_UPDATED,0,0,0,0,0,1,pair_876,buggy,synthetic_generated,no condition variable changes inside the while body (infinite loop)
gen_while_no_update_fix_106,data/ml/raw_snippets_generated/while_variable_not_updated/fixed/GenWhileNoUpdateFix106.java,java,NO_ISSUE,1,0,0,0,0,0,pair_876,fixed,synthetic_generated,condition variable updated inside the loop body
gen_while_no_update_bug_107,data/ml/raw_snippets_generated/while_variable_not_updated/buggy/GenWhileNoUpdateBug107.java,java,WHILE_VARIABLE_NOT_UPDATED,0,0,0,0,0,1,pair_877,buggy,synthetic_generated,no condition variable changes inside the while body (infinite loop)
gen_while_no_update_fix_107,data/ml/raw_snippets_generated/while_variable_not_updated/fixed/GenWhileNoUpdateFix107.java,java,NO_ISSUE,1,0,0,0,0,0,pair_877,fixed,synthetic_generated,condition variable updated inside the loop body
gen_while_no_update_bug_108,data/ml/raw_snippets_generated/while_variable_not_updated/buggy/GenWhileNoUpdateBug108.java,java,WHILE_VARIABLE_NOT_UPDATED,0,0,0,0,0,1,pair_878,buggy,synthetic_generated,no condition variable changes inside the while body (infinite loop)
gen_while_no_update_fix_108,data/ml/raw_snippets_generated/while_variable_not_updated/fixed/GenWhileNoUpdateFix108.java,java,NO_ISSUE,1,0,0,0,0,0,pair_878,fixed,synthetic_generated,condition variable updated inside the loop body
gen_while_no_update_bug_109,data/ml/raw_snippets_generated/while_variable_not_updated/buggy/GenWhileNoUpdateBug109.java,java,WHILE_VARIABLE_NOT_UPDATED,0,0,0,0,0,1,pair_879,buggy,synthetic_generated,no condition variable changes inside the while body (infinite loop)
gen_while_no_update_fix_109,data/ml/raw_snippets_generated/while_variable_not_updated/fixed/GenWhileNoUpdateFix109.java,java,NO_ISSUE,1,0,0,0,0,0,pair_879,fixed,synthetic_generated,condition variable updated inside the loop body
gen_while_no_update_bug_110,data/ml/raw_snippets_generated/while_variable_not_updated/buggy/GenWhileNoUpdateBug110.java,java,WHILE_VARIABLE_NOT_UPDATED,0,0,0,0,0,1,pair_880,buggy,synthetic_generated,no condition variable changes inside the while body (infinite loop)
gen_while_no_update_fix_110,data/ml/raw_snippets_generated/while_variable_not_updated/fixed/GenWhileNoUpdateFix110.java,java,NO_ISSUE,1,0,0,0,0,0,pair_880,fixed,synthetic_generated,condition variable updated inside the loop body
gen_while_no_update_bug_111,data/ml/raw_snippets_generated/while_variable_not_updated/buggy/GenWhileNoUpdateBug111.java,java,WHILE_VARIABLE_NOT_UPDATED,0,0,0,0,0,1,pair_881,buggy,synthetic_generated,no condition variable changes inside the while body (infinite loop)
gen_while_no_update_fix_111,data/ml/raw_snippets_generated/while_variable_not_updated/fixed/GenWhileNoUpdateFix111.java,java,NO_ISSUE,1,0,0,0,0,0,pair_881,fixed,synthetic_generated,condition variable updated inside the loop body
gen_while_no_update_bug_112,data/ml/raw_snippets_generated/while_variable_not_updated/buggy/GenWhileNoUpdateBug112.java,java,WHILE_VARIABLE_NOT_UPDATED,0,0,0,0,0,1,pair_882,buggy,synthetic_generated,no condition variable changes inside the while body (infinite loop)
gen_while_no_update_fix_112,data/ml/raw_snippets_generated/while_variable_not_updated/fixed/GenWhileNoUpdateFix112.java,java,NO_ISSUE,1,0,0,0,0,0,pair_882,fixed,synthetic_generated,condition variable updated inside the loop body
gen_while_no_update_bug_113,data/ml/raw_snippets_generated/while_variable_not_updated/buggy/GenWhileNoUpdateBug113.java,java,WHILE_VARIABLE_NOT_UPDATED,0,0,0,0,0,1,pair_883,buggy,synthetic_generated,no condition variable changes inside the while body (infinite loop)
gen_while_no_update_fix_113,data/ml/raw_snippets_generated/while_variable_not_updated/fixed/GenWhileNoUpdateFix113.java,java,NO_ISSUE,1,0,0,0,0,0,pair_883,fixed,synthetic_generated,condition variable updated inside the loop body
gen_while_no_update_bug_114,data/ml/raw_snippets_generated/while_variable_not_updated/buggy/GenWhileNoUpdateBug114.java,java,WHILE_VARIABLE_NOT_UPDATED,0,0,0,0,0,1,pair_884,buggy,synthetic_generated,no condition variable changes inside the while body (infinite loop)
gen_while_no_update_fix_114,data/ml/raw_snippets_generated/while_variable_not_updated/fixed/GenWhileNoUpdateFix114.java,java,NO_ISSUE,1,0,0,0,0,0,pair_884,fixed,synthetic_generated,condition variable updated inside the loop body
gen_while_no_update_bug_115,data/ml/raw_snippets_generated/while_variable_not_updated/buggy/GenWhileNoUpdateBug115.java,java,WHILE_VARIABLE_NOT_UPDATED,0,0,0,0,0,1,pair_885,buggy,synthetic_generated,no condition variable changes inside the while body (infinite loop)
gen_while_no_update_fix_115,data/ml/raw_snippets_generated/while_variable_not_updated/fixed/GenWhileNoUpdateFix115.java,java,NO_ISSUE,1,0,0,0,0,0,pair_885,fixed,synthetic_generated,condition variable updated inside the loop body
gen_while_no_update_bug_116,data/ml/raw_snippets_generated/while_variable_not_updated/buggy/GenWhileNoUpdateBug116.java,java,WHILE_VARIABLE_NOT_UPDATED,0,0,0,0,0,1,pair_886,buggy,synthetic_generated,no condition variable changes inside the while body (infinite loop)
gen_while_no_update_fix_116,data/ml/raw_snippets_generated/while_variable_not_updated/fixed/GenWhileNoUpdateFix116.java,java,NO_ISSUE,1,0,0,0,0,0,pair_886,fixed,synthetic_generated,condition variable updated inside the loop body
gen_while_no_update_bug_117,data/ml/raw_snippets_generated/while_variable_not_updated/buggy/GenWhileNoUpdateBug117.java,java,WHILE_VARIABLE_NOT_UPDATED,0,0,0,0,0,1,pair_887,buggy,synthetic_generated,no condition variable changes inside the while body (infinite loop)
gen_while_no_update_fix_117,data/ml/raw_snippets_generated/while_variable_not_updated/fixed/GenWhileNoUpdateFix117.java,java,NO_ISSUE,1,0,0,0,0,0,pair_887,fixed,synthetic_generated,condition variable updated inside the loop body
gen_while_no_update_bug_118,data/ml/raw_snippets_generated/while_variable_not_updated/buggy/GenWhileNoUpdateBug118.java,java,WHILE_VARIABLE_NOT_UPDATED,0,0,0,0,0,1,pair_888,buggy,synthetic_generated,no condition variable changes inside the while body (infinite loop)
gen_while_no_update_fix_118,data/ml/raw_snippets_generated/while_variable_not_updated/fixed/GenWhileNoUpdateFix118.java,java,NO_ISSUE,1,0,0,0,0,0,pair_888,fixed,synthetic_generated,condition variable updated inside the loop body
gen_while_no_update_bug_119,data/ml/raw_snippets_generated/while_variable_not_updated/buggy/GenWhileNoUpdateBug119.java,java,WHILE_VARIABLE_NOT_UPDATED,0,0,0,0,0,1,pair_889,buggy,synthetic_generated,no condition variable changes inside the while body (infinite loop)
gen_while_no_update_fix_119,data/ml/raw_snippets_generated/while_variable_not_updated/fixed/GenWhileNoUpdateFix119.java,java,NO_ISSUE,1,0,0,0,0,0,pair_889,fixed,synthetic_generated,condition variable updated inside the loop body
gen_while_no_update_bug_120,data/ml/raw_snippets_generated/while_variable_not_updated/buggy/GenWhileNoUpdateBug120.java,java,WHILE_VARIABLE_NOT_UPDATED,0,0,0,0,0,1,pair_890,buggy,synthetic_generated,no condition variable changes inside the while body (infinite loop)
gen_while_no_update_fix_120,data/ml/raw_snippets_generated/while_variable_not_updated/fixed/GenWhileNoUpdateFix120.java,java,NO_ISSUE,1,0,0,0,0,0,pair_890,fixed,synthetic_generated,condition variable updated inside the loop body
gen_while_no_update_bug_121,data/ml/raw_snippets_generated/while_variable_not_updated/buggy/GenWhileNoUpdateBug121.java,java,WHILE_VARIABLE_NOT_UPDATED,0,0,0,0,0,1,pair_891,buggy,synthetic_generated,no condition variable changes inside the while body (infinite loop)
gen_while_no_update_fix_121,data/ml/raw_snippets_generated/while_variable_not_updated/fixed/GenWhileNoUpdateFix121.java,java,NO_ISSUE,1,0,0,0,0,0,pair_891,fixed,synthetic_generated,condition variable updated inside the loop body
gen_while_no_update_bug_122,data/ml/raw_snippets_generated/while_variable_not_updated/buggy/GenWhileNoUpdateBug122.java,java,WHILE_VARIABLE_NOT_UPDATED,0,0,0,0,0,1,pair_892,buggy,synthetic_generated,no condition variable changes inside the while body (infinite loop)
gen_while_no_update_fix_122,data/ml/raw_snippets_generated/while_variable_not_updated/fixed/GenWhileNoUpdateFix122.java,java,NO_ISSUE,1,0,0,0,0,0,pair_892,fixed,synthetic_generated,condition variable updated inside the loop body
gen_while_no_update_bug_123,data/ml/raw_snippets_generated/while_variable_not_updated/buggy/GenWhileNoUpdateBug123.java,java,WHILE_VARIABLE_NOT_UPDATED,0,0,0,0,0,1,pair_893,buggy,synthetic_generated,no condition variable changes inside the while body (infinite loop)
gen_while_no_update_fix_123,data/ml/raw_snippets_generated/while_variable_not_updated/fixed/GenWhileNoUpdateFix123.java,java,NO_ISSUE,1,0,0,0,0,0,pair_893,fixed,synthetic_generated,condition variable updated inside the loop body
gen_while_no_update_bug_124,data/ml/raw_snippets_generated/while_variable_not_updated/buggy/GenWhileNoUpdateBug124.java,java,WHILE_VARIABLE_NOT_UPDATED,0,0,0,0,0,1,pair_894,buggy,synthetic_generated,no condition variable changes inside the while body (infinite loop)
gen_while_no_update_fix_124,data/ml/raw_snippets_generated/while_variable_not_updated/fixed/GenWhileNoUpdateFix124.java,java,NO_ISSUE,1,0,0,0,0,0,pair_894,fixed,synthetic_generated,condition variable updated inside the loop body
gen_while_no_update_bug_125,data/ml/raw_snippets_generated/while_variable_not_updated/buggy/GenWhileNoUpdateBug125.java,java,WHILE_VARIABLE_NOT_UPDATED,0,0,0,0,0,1,pair_895,buggy,synthetic_generated,no condition variable changes inside the while body (infinite loop)
gen_while_no_update_fix_125,data/ml/raw_snippets_generated/while_variable_not_updated/fixed/GenWhileNoUpdateFix125.java,java,NO_ISSUE,1,0,0,0,0,0,pair_895,fixed,synthetic_generated,condition variable updated inside the loop body
gen_while_no_update_bug_126,data/ml/raw_snippets_generated/while_variable_not_updated/buggy/GenWhileNoUpdateBug126.java,java,WHILE_VARIABLE_NOT_UPDATED,0,0,0,0,0,1,pair_896,buggy,synthetic_generated,no condition variable changes inside the while body (infinite loop)
gen_while_no_update_fix_126,data/ml/raw_snippets_generated/while_variable_not_updated/fixed/GenWhileNoUpdateFix126.java,java,NO_ISSUE,1,0,0,0,0,0,pair_896,fixed,synthetic_generated,condition variable updated inside the loop body
gen_while_no_update_bug_127,data/ml/raw_snippets_generated/while_variable_not_updated/buggy/GenWhileNoUpdateBug127.java,java,WHILE_VARIABLE_NOT_UPDATED,0,0,0,0,0,1,pair_897,buggy,synthetic_generated,no condition variable changes inside the while body (infinite loop)
gen_while_no_update_fix_127,data/ml/raw_snippets_generated/while_variable_not_updated/fixed/GenWhileNoUpdateFix127.java,java,NO_ISSUE,1,0,0,0,0,0,pair_897,fixed,synthetic_generated,condition variable updated inside the loop body
gen_while_no_update_bug_128,data/ml/raw_snippets_generated/while_variable_not_updated/buggy/GenWhileNoUpdateBug128.java,java,WHILE_VARIABLE_NOT_UPDATED,0,0,0,0,0,1,pair_898,buggy,synthetic_generated,no condition variable changes inside the while body (infinite loop)
gen_while_no_update_fix_128,data/ml/raw_snippets_generated/while_variable_not_updated/fixed/GenWhileNoUpdateFix128.java,java,NO_ISSUE,1,0,0,0,0,0,pair_898,fixed,synthetic_generated,condition variable updated inside the loop body
gen_while_no_update_bug_129,data/ml/raw_snippets_generated/while_variable_not_updated/buggy/GenWhileNoUpdateBug129.java,java,WHILE_VARIABLE_NOT_UPDATED,0,0,0,0,0,1,pair_899,buggy,synthetic_generated,no condition variable changes inside the while body (infinite loop)
gen_while_no_update_fix_129,data/ml/raw_snippets_generated/while_variable_not_updated/fixed/GenWhileNoUpdateFix129.java,java,NO_ISSUE,1,0,0,0,0,0,pair_899,fixed,synthetic_generated,condition variable updated inside the loop body
gen_while_no_update_bug_130,data/ml/raw_snippets_generated/while_variable_not_updated/buggy/GenWhileNoUpdateBug130.java,java,WHILE_VARIABLE_NOT_UPDATED,0,0,0,0,0,1,pair_900,buggy,synthetic_generated,no condition variable changes inside the while body (infinite loop)
gen_while_no_update_fix_130,data/ml/raw_snippets_generated/while_variable_not_updated/fixed/GenWhileNoUpdateFix130.java,java,NO_ISSUE,1,0,0,0,0,0,pair_900,fixed,synthetic_generated,condition variable updated inside the loop body
gen_while_no_update_bug_131,data/ml/raw_snippets_generated/while_variable_not_updated/buggy/GenWhileNoUpdateBug131.java,java,WHILE_VARIABLE_NOT_UPDATED,0,0,0,0,0,1,pair_901,buggy,synthetic_generated,no condition variable changes inside the while body (infinite loop)
gen_while_no_update_fix_131,data/ml/raw_snippets_generated/while_variable_not_updated/fixed/GenWhileNoUpdateFix131.java,java,NO_ISSUE,1,0,0,0,0,0,pair_901,fixed,synthetic_generated,condition variable updated inside the loop body
gen_while_no_update_bug_132,data/ml/raw_snippets_generated/while_variable_not_updated/buggy/GenWhileNoUpdateBug132.java,java,WHILE_VARIABLE_NOT_UPDATED,0,0,0,0,0,1,pair_902,buggy,synthetic_generated,no condition variable changes inside the while body (infinite loop)
gen_while_no_update_fix_132,data/ml/raw_snippets_generated/while_variable_not_updated/fixed/GenWhileNoUpdateFix132.java,java,NO_ISSUE,1,0,0,0,0,0,pair_902,fixed,synthetic_generated,condition variable updated inside the loop body
gen_while_no_update_bug_133,data/ml/raw_snippets_generated/while_variable_not_updated/buggy/GenWhileNoUpdateBug133.java,java,WHILE_VARIABLE_NOT_UPDATED,0,0,0,0,0,1,pair_903,buggy,synthetic_generated,no condition variable changes inside the while body (infinite loop)
gen_while_no_update_fix_133,data/ml/raw_snippets_generated/while_variable_not_updated/fixed/GenWhileNoUpdateFix133.java,java,NO_ISSUE,1,0,0,0,0,0,pair_903,fixed,synthetic_generated,condition variable updated inside the loop body
gen_while_no_update_bug_134,data/ml/raw_snippets_generated/while_variable_not_updated/buggy/GenWhileNoUpdateBug134.java,java,WHILE_VARIABLE_NOT_UPDATED,0,0,0,0,0,1,pair_904,buggy,synthetic_generated,no condition variable changes inside the while body (infinite loop)
gen_while_no_update_fix_134,data/ml/raw_snippets_generated/while_variable_not_updated/fixed/GenWhileNoUpdateFix134.java,java,NO_ISSUE,1,0,0,0,0,0,pair_904,fixed,synthetic_generated,condition variable updated inside the loop body
gen_while_no_update_bug_135,data/ml/raw_snippets_generated/while_variable_not_updated/buggy/GenWhileNoUpdateBug135.java,java,WHILE_VARIABLE_NOT_UPDATED,0,0,0,0,0,1,pair_905,buggy,synthetic_generated,no condition variable changes inside the while body (infinite loop)
gen_while_no_update_fix_135,data/ml/raw_snippets_generated/while_variable_not_updated/fixed/GenWhileNoUpdateFix135.java,java,NO_ISSUE,1,0,0,0,0,0,pair_905,fixed,synthetic_generated,condition variable updated inside the loop body
gen_while_no_update_bug_136,data/ml/raw_snippets_generated/while_variable_not_updated/buggy/GenWhileNoUpdateBug136.java,java,WHILE_VARIABLE_NOT_UPDATED,0,0,0,0,0,1,pair_906,buggy,synthetic_generated,no condition variable changes inside the while body (infinite loop)
gen_while_no_update_fix_136,data/ml/raw_snippets_generated/while_variable_not_updated/fixed/GenWhileNoUpdateFix136.java,java,NO_ISSUE,1,0,0,0,0,0,pair_906,fixed,synthetic_generated,condition variable updated inside the loop body
gen_while_no_update_bug_137,data/ml/raw_snippets_generated/while_variable_not_updated/buggy/GenWhileNoUpdateBug137.java,java,WHILE_VARIABLE_NOT_UPDATED,0,0,0,0,0,1,pair_907,buggy,synthetic_generated,no condition variable changes inside the while body (infinite loop)
gen_while_no_update_fix_137,data/ml/raw_snippets_generated/while_variable_not_updated/fixed/GenWhileNoUpdateFix137.java,java,NO_ISSUE,1,0,0,0,0,0,pair_907,fixed,synthetic_generated,condition variable updated inside the loop body
gen_while_no_update_bug_138,data/ml/raw_snippets_generated/while_variable_not_updated/buggy/GenWhileNoUpdateBug138.java,java,WHILE_VARIABLE_NOT_UPDATED,0,0,0,0,0,1,pair_908,buggy,synthetic_generated,no condition variable changes inside the while body (infinite loop)
gen_while_no_update_fix_138,data/ml/raw_snippets_generated/while_variable_not_updated/fixed/GenWhileNoUpdateFix138.java,java,NO_ISSUE,1,0,0,0,0,0,pair_908,fixed,synthetic_generated,condition variable updated inside the loop body
gen_while_no_update_bug_139,data/ml/raw_snippets_generated/while_variable_not_updated/buggy/GenWhileNoUpdateBug139.java,java,WHILE_VARIABLE_NOT_UPDATED,0,0,0,0,0,1,pair_909,buggy,synthetic_generated,no condition variable changes inside the while body (infinite loop)
gen_while_no_update_fix_139,data/ml/raw_snippets_generated/while_variable_not_updated/fixed/GenWhileNoUpdateFix139.java,java,NO_ISSUE,1,0,0,0,0,0,pair_909,fixed,synthetic_generated,condition variable updated inside the loop body
gen_while_no_update_bug_140,data/ml/raw_snippets_generated/while_variable_not_updated/buggy/GenWhileNoUpdateBug140.java,java,WHILE_VARIABLE_NOT_UPDATED,0,0,0,0,0,1,pair_910,buggy,synthetic_generated,no condition variable changes inside the while body (infinite loop)
gen_while_no_update_fix_140,data/ml/raw_snippets_generated/while_variable_not_updated/fixed/GenWhileNoUpdateFix140.java,java,NO_ISSUE,1,0,0,0,0,0,pair_910,fixed,synthetic_generated,condition variable updated inside the loop body
gen_while_no_update_bug_141,data/ml/raw_snippets_generated/while_variable_not_updated/buggy/GenWhileNoUpdateBug141.java,java,WHILE_VARIABLE_NOT_UPDATED,0,0,0,0,0,1,pair_911,buggy,synthetic_generated,no condition variable changes inside the while body (infinite loop)
gen_while_no_update_fix_141,data/ml/raw_snippets_generated/while_variable_not_updated/fixed/GenWhileNoUpdateFix141.java,java,NO_ISSUE,1,0,0,0,0,0,pair_911,fixed,synthetic_generated,condition variable updated inside the loop body
gen_while_no_update_bug_142,data/ml/raw_snippets_generated/while_variable_not_updated/buggy/GenWhileNoUpdateBug142.java,java,WHILE_VARIABLE_NOT_UPDATED,0,0,0,0,0,1,pair_912,buggy,synthetic_generated,no condition variable changes inside the while body (infinite loop)
gen_while_no_update_fix_142,data/ml/raw_snippets_generated/while_variable_not_updated/fixed/GenWhileNoUpdateFix142.java,java,NO_ISSUE,1,0,0,0,0,0,pair_912,fixed,synthetic_generated,condition variable updated inside the loop body
gen_while_no_update_bug_143,data/ml/raw_snippets_generated/while_variable_not_updated/buggy/GenWhileNoUpdateBug143.java,java,WHILE_VARIABLE_NOT_UPDATED,0,0,0,0,0,1,pair_913,buggy,synthetic_generated,no condition variable changes inside the while body (infinite loop)
gen_while_no_update_fix_143,data/ml/raw_snippets_generated/while_variable_not_updated/fixed/GenWhileNoUpdateFix143.java,java,NO_ISSUE,1,0,0,0,0,0,pair_913,fixed,synthetic_generated,condition variable updated inside the loop body
gen_while_no_update_bug_144,data/ml/raw_snippets_generated/while_variable_not_updated/buggy/GenWhileNoUpdateBug144.java,java,WHILE_VARIABLE_NOT_UPDATED,0,0,0,0,0,1,pair_914,buggy,synthetic_generated,no condition variable changes inside the while body (infinite loop)
gen_while_no_update_fix_144,data/ml/raw_snippets_generated/while_variable_not_updated/fixed/GenWhileNoUpdateFix144.java,java,NO_ISSUE,1,0,0,0,0,0,pair_914,fixed,synthetic_generated,condition variable updated inside the loop body
gen_while_no_update_bug_145,data/ml/raw_snippets_generated/while_variable_not_updated/buggy/GenWhileNoUpdateBug145.java,java,WHILE_VARIABLE_NOT_UPDATED,0,0,0,0,0,1,pair_915,buggy,synthetic_generated,no condition variable changes inside the while body (infinite loop)
gen_while_no_update_fix_145,data/ml/raw_snippets_generated/while_variable_not_updated/fixed/GenWhileNoUpdateFix145.java,java,NO_ISSUE,1,0,0,0,0,0,pair_915,fixed,synthetic_generated,condition variable updated inside the loop body
gen_while_no_update_bug_146,data/ml/raw_snippets_generated/while_variable_not_updated/buggy/GenWhileNoUpdateBug146.java,java,WHILE_VARIABLE_NOT_UPDATED,0,0,0,0,0,1,pair_916,buggy,synthetic_generated,no condition variable changes inside the while body (infinite loop)
gen_while_no_update_fix_146,data/ml/raw_snippets_generated/while_variable_not_updated/fixed/GenWhileNoUpdateFix146.java,java,NO_ISSUE,1,0,0,0,0,0,pair_916,fixed,synthetic_generated,condition variable updated inside the loop body
gen_while_no_update_bug_147,data/ml/raw_snippets_generated/while_variable_not_updated/buggy/GenWhileNoUpdateBug147.java,java,WHILE_VARIABLE_NOT_UPDATED,0,0,0,0,0,1,pair_917,buggy,synthetic_generated,no condition variable changes inside the while body (infinite loop)
gen_while_no_update_fix_147,data/ml/raw_snippets_generated/while_variable_not_updated/fixed/GenWhileNoUpdateFix147.java,java,NO_ISSUE,1,0,0,0,0,0,pair_917,fixed,synthetic_generated,condition variable updated inside the loop body
gen_while_no_update_bug_148,data/ml/raw_snippets_generated/while_variable_not_updated/buggy/GenWhileNoUpdateBug148.java,java,WHILE_VARIABLE_NOT_UPDATED,0,0,0,0,0,1,pair_918,buggy,synthetic_generated,no condition variable changes inside the while body (infinite loop)
gen_while_no_update_fix_148,data/ml/raw_snippets_generated/while_variable_not_updated/fixed/GenWhileNoUpdateFix148.java,java,NO_ISSUE,1,0,0,0,0,0,pair_918,fixed,synthetic_generated,condition variable updated inside the loop body
gen_while_no_update_bug_149,data/ml/raw_snippets_generated/while_variable_not_updated/buggy/GenWhileNoUpdateBug149.java,java,WHILE_VARIABLE_NOT_UPDATED,0,0,0,0,0,1,pair_919,buggy,synthetic_generated,no condition variable changes inside the while body (infinite loop)
gen_while_no_update_fix_149,data/ml/raw_snippets_generated/while_variable_not_updated/fixed/GenWhileNoUpdateFix149.java,java,NO_ISSUE,1,0,0,0,0,0,pair_919,fixed,synthetic_generated,condition variable updated inside the loop body
gen_while_no_update_bug_150,data/ml/raw_snippets_generated/while_variable_not_updated/buggy/GenWhileNoUpdateBug150.java,java,WHILE_VARIABLE_NOT_UPDATED,0,0,0,0,0,1,pair_920,buggy,synthetic_generated,no condition variable changes inside the while body (infinite loop)
gen_while_no_update_fix_150,data/ml/raw_snippets_generated/while_variable_not_updated/fixed/GenWhileNoUpdateFix150.java,java,NO_ISSUE,1,0,0,0,0,0,pair_920,fixed,synthetic_generated,condition variable updated inside the loop body
gen_while_no_update_bug_151,data/ml/raw_snippets_generated/while_variable_not_updated/buggy/GenWhileNoUpdateBug151.java,java,WHILE_VARIABLE_NOT_UPDATED,0,0,0,0,0,1,pair_921,buggy,synthetic_generated,no condition variable changes inside the while body (infinite loop)
gen_while_no_update_fix_151,data/ml/raw_snippets_generated/while_variable_not_updated/fixed/GenWhileNoUpdateFix151.java,java,NO_ISSUE,1,0,0,0,0,0,pair_921,fixed,synthetic_generated,condition variable updated inside the loop body
gen_while_no_update_bug_152,data/ml/raw_snippets_generated/while_variable_not_updated/buggy/GenWhileNoUpdateBug152.java,java,WHILE_VARIABLE_NOT_UPDATED,0,0,0,0,0,1,pair_922,buggy,synthetic_generated,no condition variable changes inside the while body (infinite loop)
gen_while_no_update_fix_152,data/ml/raw_snippets_generated/while_variable_not_updated/fixed/GenWhileNoUpdateFix152.java,java,NO_ISSUE,1,0,0,0,0,0,pair_922,fixed,synthetic_generated,condition variable updated inside the loop body
gen_while_no_update_bug_153,data/ml/raw_snippets_generated/while_variable_not_updated/buggy/GenWhileNoUpdateBug153.java,java,WHILE_VARIABLE_NOT_UPDATED,0,0,0,0,0,1,pair_923,buggy,synthetic_generated,no condition variable changes inside the while body (infinite loop)
gen_while_no_update_fix_153,data/ml/raw_snippets_generated/while_variable_not_updated/fixed/GenWhileNoUpdateFix153.java,java,NO_ISSUE,1,0,0,0,0,0,pair_923,fixed,synthetic_generated,condition variable updated inside the loop body
gen_while_no_update_bug_154,data/ml/raw_snippets_generated/while_variable_not_updated/buggy/GenWhileNoUpdateBug154.java,java,WHILE_VARIABLE_NOT_UPDATED,0,0,0,0,0,1,pair_924,buggy,synthetic_generated,no condition variable changes inside the while body (infinite loop)
gen_while_no_update_fix_154,data/ml/raw_snippets_generated/while_variable_not_updated/fixed/GenWhileNoUpdateFix154.java,java,NO_ISSUE,1,0,0,0,0,0,pair_924,fixed,synthetic_generated,condition variable updated inside the loop body
gen_while_no_update_bug_155,data/ml/raw_snippets_generated/while_variable_not_updated/buggy/GenWhileNoUpdateBug155.java,java,WHILE_VARIABLE_NOT_UPDATED,0,0,0,0,0,1,pair_925,buggy,synthetic_generated,no condition variable changes inside the while body (infinite loop)
gen_while_no_update_fix_155,data/ml/raw_snippets_generated/while_variable_not_updated/fixed/GenWhileNoUpdateFix155.java,java,NO_ISSUE,1,0,0,0,0,0,pair_925,fixed,synthetic_generated,condition variable updated inside the loop body
gen_while_no_update_bug_156,data/ml/raw_snippets_generated/while_variable_not_updated/buggy/GenWhileNoUpdateBug156.java,java,WHILE_VARIABLE_NOT_UPDATED,0,0,0,0,0,1,pair_926,buggy,synthetic_generated,no condition variable changes inside the while body (infinite loop)
gen_while_no_update_fix_156,data/ml/raw_snippets_generated/while_variable_not_updated/fixed/GenWhileNoUpdateFix156.java,java,NO_ISSUE,1,0,0,0,0,0,pair_926,fixed,synthetic_generated,condition variable updated inside the loop body
gen_while_no_update_bug_157,data/ml/raw_snippets_generated/while_variable_not_updated/buggy/GenWhileNoUpdateBug157.java,java,WHILE_VARIABLE_NOT_UPDATED,0,0,0,0,0,1,pair_927,buggy,synthetic_generated,no condition variable changes inside the while body (infinite loop)
gen_while_no_update_fix_157,data/ml/raw_snippets_generated/while_variable_not_updated/fixed/GenWhileNoUpdateFix157.java,java,NO_ISSUE,1,0,0,0,0,0,pair_927,fixed,synthetic_generated,condition variable updated inside the loop body
gen_while_no_update_bug_158,data/ml/raw_snippets_generated/while_variable_not_updated/buggy/GenWhileNoUpdateBug158.java,java,WHILE_VARIABLE_NOT_UPDATED,0,0,0,0,0,1,pair_928,buggy,synthetic_generated,no condition variable changes inside the while body (infinite loop)
gen_while_no_update_fix_158,data/ml/raw_snippets_generated/while_variable_not_updated/fixed/GenWhileNoUpdateFix158.java,java,NO_ISSUE,1,0,0,0,0,0,pair_928,fixed,synthetic_generated,condition variable updated inside the loop body
gen_while_no_update_bug_159,data/ml/raw_snippets_generated/while_variable_not_updated/buggy/GenWhileNoUpdateBug159.java,java,WHILE_VARIABLE_NOT_UPDATED,0,0,0,0,0,1,pair_929,buggy,synthetic_generated,no condition variable changes inside the while body (infinite loop)
gen_while_no_update_fix_159,data/ml/raw_snippets_generated/while_variable_not_updated/fixed/GenWhileNoUpdateFix159.java,java,NO_ISSUE,1,0,0,0,0,0,pair_929,fixed,synthetic_generated,condition variable updated inside the loop body
gen_while_no_update_bug_160,data/ml/raw_snippets_generated/while_variable_not_updated/buggy/GenWhileNoUpdateBug160.java,java,WHILE_VARIABLE_NOT_UPDATED,0,0,0,0,0,1,pair_930,buggy,synthetic_generated,no condition variable changes inside the while body (infinite loop)
gen_while_no_update_fix_160,data/ml/raw_snippets_generated/while_variable_not_updated/fixed/GenWhileNoUpdateFix160.java,java,NO_ISSUE,1,0,0,0,0,0,pair_930,fixed,synthetic_generated,condition variable updated inside the loop body
gen_while_no_update_bug_161,data/ml/raw_snippets_generated/while_variable_not_updated/buggy/GenWhileNoUpdateBug161.java,java,WHILE_VARIABLE_NOT_UPDATED,0,0,0,0,0,1,pair_931,buggy,synthetic_generated,no condition variable changes inside the while body (infinite loop)
gen_while_no_update_fix_161,data/ml/raw_snippets_generated/while_variable_not_updated/fixed/GenWhileNoUpdateFix161.java,java,NO_ISSUE,1,0,0,0,0,0,pair_931,fixed,synthetic_generated,condition variable updated inside the loop body
gen_while_no_update_bug_162,data/ml/raw_snippets_generated/while_variable_not_updated/buggy/GenWhileNoUpdateBug162.java,java,WHILE_VARIABLE_NOT_UPDATED,0,0,0,0,0,1,pair_932,buggy,synthetic_generated,no condition variable changes inside the while body (infinite loop)
gen_while_no_update_fix_162,data/ml/raw_snippets_generated/while_variable_not_updated/fixed/GenWhileNoUpdateFix162.java,java,NO_ISSUE,1,0,0,0,0,0,pair_932,fixed,synthetic_generated,condition variable updated inside the loop body
gen_while_no_update_bug_163,data/ml/raw_snippets_generated/while_variable_not_updated/buggy/GenWhileNoUpdateBug163.java,java,WHILE_VARIABLE_NOT_UPDATED,0,0,0,0,0,1,pair_933,buggy,synthetic_generated,no condition variable changes inside the while body (infinite loop)
gen_while_no_update_fix_163,data/ml/raw_snippets_generated/while_variable_not_updated/fixed/GenWhileNoUpdateFix163.java,java,NO_ISSUE,1,0,0,0,0,0,pair_933,fixed,synthetic_generated,condition variable updated inside the loop body
gen_while_no_update_bug_164,data/ml/raw_snippets_generated/while_variable_not_updated/buggy/GenWhileNoUpdateBug164.java,java,WHILE_VARIABLE_NOT_UPDATED,0,0,0,0,0,1,pair_934,buggy,synthetic_generated,no condition variable changes inside the while body (infinite loop)
gen_while_no_update_fix_164,data/ml/raw_snippets_generated/while_variable_not_updated/fixed/GenWhileNoUpdateFix164.java,java,NO_ISSUE,1,0,0,0,0,0,pair_934,fixed,synthetic_generated,condition variable updated inside the loop body
gen_while_no_update_bug_165,data/ml/raw_snippets_generated/while_variable_not_updated/buggy/GenWhileNoUpdateBug165.java,java,WHILE_VARIABLE_NOT_UPDATED,0,0,0,0,0,1,pair_935,buggy,synthetic_generated,no condition variable changes inside the while body (infinite loop)
gen_while_no_update_fix_165,data/ml/raw_snippets_generated/while_variable_not_updated/fixed/GenWhileNoUpdateFix165.java,java,NO_ISSUE,1,0,0,0,0,0,pair_935,fixed,synthetic_generated,condition variable updated inside the loop body
gen_while_no_update_bug_166,data/ml/raw_snippets_generated/while_variable_not_updated/buggy/GenWhileNoUpdateBug166.java,java,WHILE_VARIABLE_NOT_UPDATED,0,0,0,0,0,1,pair_936,buggy,synthetic_generated,no condition variable changes inside the while body (infinite loop)
gen_while_no_update_fix_166,data/ml/raw_snippets_generated/while_variable_not_updated/fixed/GenWhileNoUpdateFix166.java,java,NO_ISSUE,1,0,0,0,0,0,pair_936,fixed,synthetic_generated,condition variable updated inside the loop body
gen_while_no_update_bug_167,data/ml/raw_snippets_generated/while_variable_not_updated/buggy/GenWhileNoUpdateBug167.java,java,WHILE_VARIABLE_NOT_UPDATED,0,0,0,0,0,1,pair_937,buggy,synthetic_generated,no condition variable changes inside the while body (infinite loop)
gen_while_no_update_fix_167,data/ml/raw_snippets_generated/while_variable_not_updated/fixed/GenWhileNoUpdateFix167.java,java,NO_ISSUE,1,0,0,0,0,0,pair_937,fixed,synthetic_generated,condition variable updated inside the loop body
gen_while_no_update_bug_168,data/ml/raw_snippets_generated/while_variable_not_updated/buggy/GenWhileNoUpdateBug168.java,java,WHILE_VARIABLE_NOT_UPDATED,0,0,0,0,0,1,pair_938,buggy,synthetic_generated,no condition variable changes inside the while body (infinite loop)
gen_while_no_update_fix_168,data/ml/raw_snippets_generated/while_variable_not_updated/fixed/GenWhileNoUpdateFix168.java,java,NO_ISSUE,1,0,0,0,0,0,pair_938,fixed,synthetic_generated,condition variable updated inside the loop body
gen_while_no_update_bug_169,data/ml/raw_snippets_generated/while_variable_not_updated/buggy/GenWhileNoUpdateBug169.java,java,WHILE_VARIABLE_NOT_UPDATED,0,0,0,0,0,1,pair_939,buggy,synthetic_generated,no condition variable changes inside the while body (infinite loop)
gen_while_no_update_fix_169,data/ml/raw_snippets_generated/while_variable_not_updated/fixed/GenWhileNoUpdateFix169.java,java,NO_ISSUE,1,0,0,0,0,0,pair_939,fixed,synthetic_generated,condition variable updated inside the loop body
gen_while_no_update_bug_170,data/ml/raw_snippets_generated/while_variable_not_updated/buggy/GenWhileNoUpdateBug170.java,java,WHILE_VARIABLE_NOT_UPDATED,0,0,0,0,0,1,pair_940,buggy,synthetic_generated,no condition variable changes inside the while body (infinite loop)
gen_while_no_update_fix_170,data/ml/raw_snippets_generated/while_variable_not_updated/fixed/GenWhileNoUpdateFix170.java,java,NO_ISSUE,1,0,0,0,0,0,pair_940,fixed,synthetic_generated,condition variable updated inside the loop body
gen_clean_boundary_minus_one_001,data/ml/raw_snippets_generated/clean/GenCleanBoundaryMinusOne001.java,java,NO_ISSUE,1,0,0,0,0,0,,clean,synthetic_generated,clean snippet GenCleanBoundaryMinusOne001
gen_clean_boundary_minus_one_002,data/ml/raw_snippets_generated/clean/GenCleanBoundaryMinusOne002.java,java,NO_ISSUE,1,0,0,0,0,0,,clean,synthetic_generated,clean snippet GenCleanBoundaryMinusOne002
gen_clean_boundary_minus_one_003,data/ml/raw_snippets_generated/clean/GenCleanBoundaryMinusOne003.java,java,NO_ISSUE,1,0,0,0,0,0,,clean,synthetic_generated,clean snippet GenCleanBoundaryMinusOne003
gen_clean_boundary_minus_one_004,data/ml/raw_snippets_generated/clean/GenCleanBoundaryMinusOne004.java,java,NO_ISSUE,1,0,0,0,0,0,,clean,synthetic_generated,clean snippet GenCleanBoundaryMinusOne004
gen_clean_boundary_minus_one_005,data/ml/raw_snippets_generated/clean/GenCleanBoundaryMinusOne005.java,java,NO_ISSUE,1,0,0,0,0,0,,clean,synthetic_generated,clean snippet GenCleanBoundaryMinusOne005
gen_clean_boundary_minus_one_006,data/ml/raw_snippets_generated/clean/GenCleanBoundaryMinusOne006.java,java,NO_ISSUE,1,0,0,0,0,0,,clean,synthetic_generated,clean snippet GenCleanBoundaryMinusOne006
gen_clean_boundary_minus_one_007,data/ml/raw_snippets_generated/clean/GenCleanBoundaryMinusOne007.java,java,NO_ISSUE,1,0,0,0,0,0,,clean,synthetic_generated,clean snippet GenCleanBoundaryMinusOne007
gen_clean_boundary_minus_one_008,data/ml/raw_snippets_generated/clean/GenCleanBoundaryMinusOne008.java,java,NO_ISSUE,1,0,0,0,0,0,,clean,synthetic_generated,clean snippet GenCleanBoundaryMinusOne008
gen_clean_boundary_minus_one_009,data/ml/raw_snippets_generated/clean/GenCleanBoundaryMinusOne009.java,java,NO_ISSUE,1,0,0,0,0,0,,clean,synthetic_generated,clean snippet GenCleanBoundaryMinusOne009
gen_clean_boundary_minus_one_010,data/ml/raw_snippets_generated/clean/GenCleanBoundaryMinusOne010.java,java,NO_ISSUE,1,0,0,0,0,0,,clean,synthetic_generated,clean snippet GenCleanBoundaryMinusOne010
gen_clean_boundary_minus_one_011,data/ml/raw_snippets_generated/clean/GenCleanBoundaryMinusOne011.java,java,NO_ISSUE,1,0,0,0,0,0,,clean,synthetic_generated,clean snippet GenCleanBoundaryMinusOne011
gen_clean_boundary_minus_one_012,data/ml/raw_snippets_generated/clean/GenCleanBoundaryMinusOne012.java,java,NO_ISSUE,1,0,0,0,0,0,,clean,synthetic_generated,clean snippet GenCleanBoundaryMinusOne012
gen_clean_boundary_minus_one_013,data/ml/raw_snippets_generated/clean/GenCleanBoundaryMinusOne013.java,java,NO_ISSUE,1,0,0,0,0,0,,clean,synthetic_generated,clean snippet GenCleanBoundaryMinusOne013
gen_clean_boundary_minus_one_014,data/ml/raw_snippets_generated/clean/GenCleanBoundaryMinusOne014.java,java,NO_ISSUE,1,0,0,0,0,0,,clean,synthetic_generated,clean snippet GenCleanBoundaryMinusOne014
gen_clean_boundary_minus_one_015,data/ml/raw_snippets_generated/clean/GenCleanBoundaryMinusOne015.java,java,NO_ISSUE,1,0,0,0,0,0,,clean,synthetic_generated,clean snippet GenCleanBoundaryMinusOne015
gen_clean_boundary_minus_one_016,data/ml/raw_snippets_generated/clean/GenCleanBoundaryMinusOne016.java,java,NO_ISSUE,1,0,0,0,0,0,,clean,synthetic_generated,clean snippet GenCleanBoundaryMinusOne016
gen_clean_boundary_minus_one_017,data/ml/raw_snippets_generated/clean/GenCleanBoundaryMinusOne017.java,java,NO_ISSUE,1,0,0,0,0,0,,clean,synthetic_generated,clean snippet GenCleanBoundaryMinusOne017
gen_clean_boundary_minus_one_018,data/ml/raw_snippets_generated/clean/GenCleanBoundaryMinusOne018.java,java,NO_ISSUE,1,0,0,0,0,0,,clean,synthetic_generated,clean snippet GenCleanBoundaryMinusOne018
gen_clean_boundary_minus_one_019,data/ml/raw_snippets_generated/clean/GenCleanBoundaryMinusOne019.java,java,NO_ISSUE,1,0,0,0,0,0,,clean,synthetic_generated,clean snippet GenCleanBoundaryMinusOne019
gen_clean_boundary_minus_one_020,data/ml/raw_snippets_generated/clean/GenCleanBoundaryMinusOne020.java,java,NO_ISSUE,1,0,0,0,0,0,,clean,synthetic_generated,clean snippet GenCleanBoundaryMinusOne020
gen_clean_boundary_minus_one_021,data/ml/raw_snippets_generated/clean/GenCleanBoundaryMinusOne021.java,java,NO_ISSUE,1,0,0,0,0,0,,clean,synthetic_generated,clean snippet GenCleanBoundaryMinusOne021
gen_clean_boundary_minus_one_022,data/ml/raw_snippets_generated/clean/GenCleanBoundaryMinusOne022.java,java,NO_ISSUE,1,0,0,0,0,0,,clean,synthetic_generated,clean snippet GenCleanBoundaryMinusOne022
gen_clean_boundary_minus_one_023,data/ml/raw_snippets_generated/clean/GenCleanBoundaryMinusOne023.java,java,NO_ISSUE,1,0,0,0,0,0,,clean,synthetic_generated,clean snippet GenCleanBoundaryMinusOne023
gen_clean_boundary_minus_one_024,data/ml/raw_snippets_generated/clean/GenCleanBoundaryMinusOne024.java,java,NO_ISSUE,1,0,0,0,0,0,,clean,synthetic_generated,clean snippet GenCleanBoundaryMinusOne024
gen_clean_boundary_minus_one_025,data/ml/raw_snippets_generated/clean/GenCleanBoundaryMinusOne025.java,java,NO_ISSUE,1,0,0,0,0,0,,clean,synthetic_generated,clean snippet GenCleanBoundaryMinusOne025
gen_clean_boundary_minus_one_026,data/ml/raw_snippets_generated/clean/GenCleanBoundaryMinusOne026.java,java,NO_ISSUE,1,0,0,0,0,0,,clean,synthetic_generated,clean snippet GenCleanBoundaryMinusOne026
gen_clean_boundary_minus_one_027,data/ml/raw_snippets_generated/clean/GenCleanBoundaryMinusOne027.java,java,NO_ISSUE,1,0,0,0,0,0,,clean,synthetic_generated,clean snippet GenCleanBoundaryMinusOne027
gen_clean_boundary_minus_one_028,data/ml/raw_snippets_generated/clean/GenCleanBoundaryMinusOne028.java,java,NO_ISSUE,1,0,0,0,0,0,,clean,synthetic_generated,clean snippet GenCleanBoundaryMinusOne028
gen_clean_boundary_minus_one_029,data/ml/raw_snippets_generated/clean/GenCleanBoundaryMinusOne029.java,java,NO_ISSUE,1,0,0,0,0,0,,clean,synthetic_generated,clean snippet GenCleanBoundaryMinusOne029
gen_clean_boundary_minus_one_030,data/ml/raw_snippets_generated/clean/GenCleanBoundaryMinusOne030.java,java,NO_ISSUE,1,0,0,0,0,0,,clean,synthetic_generated,clean snippet GenCleanBoundaryMinusOne030
gen_clean_boundary_minus_one_031,data/ml/raw_snippets_generated/clean/GenCleanBoundaryMinusOne031.java,java,NO_ISSUE,1,0,0,0,0,0,,clean,synthetic_generated,clean snippet GenCleanBoundaryMinusOne031
gen_clean_boundary_minus_one_032,data/ml/raw_snippets_generated/clean/GenCleanBoundaryMinusOne032.java,java,NO_ISSUE,1,0,0,0,0,0,,clean,synthetic_generated,clean snippet GenCleanBoundaryMinusOne032
gen_clean_boundary_minus_one_033,data/ml/raw_snippets_generated/clean/GenCleanBoundaryMinusOne033.java,java,NO_ISSUE,1,0,0,0,0,0,,clean,synthetic_generated,clean snippet GenCleanBoundaryMinusOne033
gen_clean_boundary_minus_one_034,data/ml/raw_snippets_generated/clean/GenCleanBoundaryMinusOne034.java,java,NO_ISSUE,1,0,0,0,0,0,,clean,synthetic_generated,clean snippet GenCleanBoundaryMinusOne034
gen_clean_boundary_minus_one_035,data/ml/raw_snippets_generated/clean/GenCleanBoundaryMinusOne035.java,java,NO_ISSUE,1,0,0,0,0,0,,clean,synthetic_generated,clean snippet GenCleanBoundaryMinusOne035
gen_clean_boundary_minus_one_036,data/ml/raw_snippets_generated/clean/GenCleanBoundaryMinusOne036.java,java,NO_ISSUE,1,0,0,0,0,0,,clean,synthetic_generated,clean snippet GenCleanBoundaryMinusOne036
gen_clean_boundary_minus_one_037,data/ml/raw_snippets_generated/clean/GenCleanBoundaryMinusOne037.java,java,NO_ISSUE,1,0,0,0,0,0,,clean,synthetic_generated,clean snippet GenCleanBoundaryMinusOne037
gen_clean_boundary_minus_one_038,data/ml/raw_snippets_generated/clean/GenCleanBoundaryMinusOne038.java,java,NO_ISSUE,1,0,0,0,0,0,,clean,synthetic_generated,clean snippet GenCleanBoundaryMinusOne038
gen_clean_boundary_minus_one_039,data/ml/raw_snippets_generated/clean/GenCleanBoundaryMinusOne039.java,java,NO_ISSUE,1,0,0,0,0,0,,clean,synthetic_generated,clean snippet GenCleanBoundaryMinusOne039
gen_clean_boundary_minus_one_040,data/ml/raw_snippets_generated/clean/GenCleanBoundaryMinusOne040.java,java,NO_ISSUE,1,0,0,0,0,0,,clean,synthetic_generated,clean snippet GenCleanBoundaryMinusOne040
gen_clean_fall_through_001,data/ml/raw_snippets_generated/clean/GenCleanFallThrough001.java,java,NO_ISSUE,1,0,0,0,0,0,,clean,synthetic_generated,clean snippet GenCleanFallThrough001
gen_clean_fall_through_002,data/ml/raw_snippets_generated/clean/GenCleanFallThrough002.java,java,NO_ISSUE,1,0,0,0,0,0,,clean,synthetic_generated,clean snippet GenCleanFallThrough002
gen_clean_fall_through_003,data/ml/raw_snippets_generated/clean/GenCleanFallThrough003.java,java,NO_ISSUE,1,0,0,0,0,0,,clean,synthetic_generated,clean snippet GenCleanFallThrough003
gen_clean_fall_through_004,data/ml/raw_snippets_generated/clean/GenCleanFallThrough004.java,java,NO_ISSUE,1,0,0,0,0,0,,clean,synthetic_generated,clean snippet GenCleanFallThrough004
gen_clean_fall_through_005,data/ml/raw_snippets_generated/clean/GenCleanFallThrough005.java,java,NO_ISSUE,1,0,0,0,0,0,,clean,synthetic_generated,clean snippet GenCleanFallThrough005
gen_clean_fall_through_006,data/ml/raw_snippets_generated/clean/GenCleanFallThrough006.java,java,NO_ISSUE,1,0,0,0,0,0,,clean,synthetic_generated,clean snippet GenCleanFallThrough006
gen_clean_fall_through_007,data/ml/raw_snippets_generated/clean/GenCleanFallThrough007.java,java,NO_ISSUE,1,0,0,0,0,0,,clean,synthetic_generated,clean snippet GenCleanFallThrough007
gen_clean_fall_through_008,data/ml/raw_snippets_generated/clean/GenCleanFallThrough008.java,java,NO_ISSUE,1,0,0,0,0,0,,clean,synthetic_generated,clean snippet GenCleanFallThrough008
gen_clean_fall_through_009,data/ml/raw_snippets_generated/clean/GenCleanFallThrough009.java,java,NO_ISSUE,1,0,0,0,0,0,,clean,synthetic_generated,clean snippet GenCleanFallThrough009
gen_clean_fall_through_010,data/ml/raw_snippets_generated/clean/GenCleanFallThrough010.java,java,NO_ISSUE,1,0,0,0,0,0,,clean,synthetic_generated,clean snippet GenCleanFallThrough010
gen_clean_fall_through_011,data/ml/raw_snippets_generated/clean/GenCleanFallThrough011.java,java,NO_ISSUE,1,0,0,0,0,0,,clean,synthetic_generated,clean snippet GenCleanFallThrough011
gen_clean_fall_through_012,data/ml/raw_snippets_generated/clean/GenCleanFallThrough012.java,java,NO_ISSUE,1,0,0,0,0,0,,clean,synthetic_generated,clean snippet GenCleanFallThrough012
gen_clean_fall_through_013,data/ml/raw_snippets_generated/clean/GenCleanFallThrough013.java,java,NO_ISSUE,1,0,0,0,0,0,,clean,synthetic_generated,clean snippet GenCleanFallThrough013
gen_clean_fall_through_014,data/ml/raw_snippets_generated/clean/GenCleanFallThrough014.java,java,NO_ISSUE,1,0,0,0,0,0,,clean,synthetic_generated,clean snippet GenCleanFallThrough014
gen_clean_fall_through_015,data/ml/raw_snippets_generated/clean/GenCleanFallThrough015.java,java,NO_ISSUE,1,0,0,0,0,0,,clean,synthetic_generated,clean snippet GenCleanFallThrough015
gen_clean_fall_through_016,data/ml/raw_snippets_generated/clean/GenCleanFallThrough016.java,java,NO_ISSUE,1,0,0,0,0,0,,clean,synthetic_generated,clean snippet GenCleanFallThrough016
gen_clean_fall_through_017,data/ml/raw_snippets_generated/clean/GenCleanFallThrough017.java,java,NO_ISSUE,1,0,0,0,0,0,,clean,synthetic_generated,clean snippet GenCleanFallThrough017
gen_clean_fall_through_018,data/ml/raw_snippets_generated/clean/GenCleanFallThrough018.java,java,NO_ISSUE,1,0,0,0,0,0,,clean,synthetic_generated,clean snippet GenCleanFallThrough018
gen_clean_fall_through_019,data/ml/raw_snippets_generated/clean/GenCleanFallThrough019.java,java,NO_ISSUE,1,0,0,0,0,0,,clean,synthetic_generated,clean snippet GenCleanFallThrough019
gen_clean_fall_through_020,data/ml/raw_snippets_generated/clean/GenCleanFallThrough020.java,java,NO_ISSUE,1,0,0,0,0,0,,clean,synthetic_generated,clean snippet GenCleanFallThrough020
gen_clean_fall_through_021,data/ml/raw_snippets_generated/clean/GenCleanFallThrough021.java,java,NO_ISSUE,1,0,0,0,0,0,,clean,synthetic_generated,clean snippet GenCleanFallThrough021
gen_clean_fall_through_022,data/ml/raw_snippets_generated/clean/GenCleanFallThrough022.java,java,NO_ISSUE,1,0,0,0,0,0,,clean,synthetic_generated,clean snippet GenCleanFallThrough022
gen_clean_fall_through_023,data/ml/raw_snippets_generated/clean/GenCleanFallThrough023.java,java,NO_ISSUE,1,0,0,0,0,0,,clean,synthetic_generated,clean snippet GenCleanFallThrough023
gen_clean_fall_through_024,data/ml/raw_snippets_generated/clean/GenCleanFallThrough024.java,java,NO_ISSUE,1,0,0,0,0,0,,clean,synthetic_generated,clean snippet GenCleanFallThrough024
gen_clean_fall_through_025,data/ml/raw_snippets_generated/clean/GenCleanFallThrough025.java,java,NO_ISSUE,1,0,0,0,0,0,,clean,synthetic_generated,clean snippet GenCleanFallThrough025
gen_clean_fall_through_026,data/ml/raw_snippets_generated/clean/GenCleanFallThrough026.java,java,NO_ISSUE,1,0,0,0,0,0,,clean,synthetic_generated,clean snippet GenCleanFallThrough026
gen_clean_fall_through_027,data/ml/raw_snippets_generated/clean/GenCleanFallThrough027.java,java,NO_ISSUE,1,0,0,0,0,0,,clean,synthetic_generated,clean snippet GenCleanFallThrough027
gen_clean_fall_through_028,data/ml/raw_snippets_generated/clean/GenCleanFallThrough028.java,java,NO_ISSUE,1,0,0,0,0,0,,clean,synthetic_generated,clean snippet GenCleanFallThrough028
gen_clean_fall_through_029,data/ml/raw_snippets_generated/clean/GenCleanFallThrough029.java,java,NO_ISSUE,1,0,0,0,0,0,,clean,synthetic_generated,clean snippet GenCleanFallThrough029
gen_clean_fall_through_030,data/ml/raw_snippets_generated/clean/GenCleanFallThrough030.java,java,NO_ISSUE,1,0,0,0,0,0,,clean,synthetic_generated,clean snippet GenCleanFallThrough030
gen_clean_generic_001,data/ml/raw_snippets_generated/clean/GenCleanGeneric001.java,java,NO_ISSUE,1,0,0,0,0,0,,clean,synthetic_generated,clean snippet GenCleanGeneric001
gen_clean_generic_002,data/ml/raw_snippets_generated/clean/GenCleanGeneric002.java,java,NO_ISSUE,1,0,0,0,0,0,,clean,synthetic_generated,clean snippet GenCleanGeneric002
gen_clean_generic_003,data/ml/raw_snippets_generated/clean/GenCleanGeneric003.java,java,NO_ISSUE,1,0,0,0,0,0,,clean,synthetic_generated,clean snippet GenCleanGeneric003
gen_clean_generic_004,data/ml/raw_snippets_generated/clean/GenCleanGeneric004.java,java,NO_ISSUE,1,0,0,0,0,0,,clean,synthetic_generated,clean snippet GenCleanGeneric004
gen_clean_generic_005,data/ml/raw_snippets_generated/clean/GenCleanGeneric005.java,java,NO_ISSUE,1,0,0,0,0,0,,clean,synthetic_generated,clean snippet GenCleanGeneric005
gen_clean_generic_006,data/ml/raw_snippets_generated/clean/GenCleanGeneric006.java,java,NO_ISSUE,1,0,0,0,0,0,,clean,synthetic_generated,clean snippet GenCleanGeneric006
gen_clean_generic_007,data/ml/raw_snippets_generated/clean/GenCleanGeneric007.java,java,NO_ISSUE,1,0,0,0,0,0,,clean,synthetic_generated,clean snippet GenCleanGeneric007
gen_clean_generic_008,data/ml/raw_snippets_generated/clean/GenCleanGeneric008.java,java,NO_ISSUE,1,0,0,0,0,0,,clean,synthetic_generated,clean snippet GenCleanGeneric008
gen_clean_generic_009,data/ml/raw_snippets_generated/clean/GenCleanGeneric009.java,java,NO_ISSUE,1,0,0,0,0,0,,clean,synthetic_generated,clean snippet GenCleanGeneric009
gen_clean_generic_010,data/ml/raw_snippets_generated/clean/GenCleanGeneric010.java,java,NO_ISSUE,1,0,0,0,0,0,,clean,synthetic_generated,clean snippet GenCleanGeneric010
gen_clean_generic_011,data/ml/raw_snippets_generated/clean/GenCleanGeneric011.java,java,NO_ISSUE,1,0,0,0,0,0,,clean,synthetic_generated,clean snippet GenCleanGeneric011
gen_clean_generic_012,data/ml/raw_snippets_generated/clean/GenCleanGeneric012.java,java,NO_ISSUE,1,0,0,0,0,0,,clean,synthetic_generated,clean snippet GenCleanGeneric012
gen_clean_generic_013,data/ml/raw_snippets_generated/clean/GenCleanGeneric013.java,java,NO_ISSUE,1,0,0,0,0,0,,clean,synthetic_generated,clean snippet GenCleanGeneric013
gen_clean_generic_014,data/ml/raw_snippets_generated/clean/GenCleanGeneric014.java,java,NO_ISSUE,1,0,0,0,0,0,,clean,synthetic_generated,clean snippet GenCleanGeneric014
gen_clean_generic_015,data/ml/raw_snippets_generated/clean/GenCleanGeneric015.java,java,NO_ISSUE,1,0,0,0,0,0,,clean,synthetic_generated,clean snippet GenCleanGeneric015
gen_clean_generic_016,data/ml/raw_snippets_generated/clean/GenCleanGeneric016.java,java,NO_ISSUE,1,0,0,0,0,0,,clean,synthetic_generated,clean snippet GenCleanGeneric016
gen_clean_generic_017,data/ml/raw_snippets_generated/clean/GenCleanGeneric017.java,java,NO_ISSUE,1,0,0,0,0,0,,clean,synthetic_generated,clean snippet GenCleanGeneric017
gen_clean_generic_018,data/ml/raw_snippets_generated/clean/GenCleanGeneric018.java,java,NO_ISSUE,1,0,0,0,0,0,,clean,synthetic_generated,clean snippet GenCleanGeneric018
gen_clean_generic_019,data/ml/raw_snippets_generated/clean/GenCleanGeneric019.java,java,NO_ISSUE,1,0,0,0,0,0,,clean,synthetic_generated,clean snippet GenCleanGeneric019
gen_clean_generic_020,data/ml/raw_snippets_generated/clean/GenCleanGeneric020.java,java,NO_ISSUE,1,0,0,0,0,0,,clean,synthetic_generated,clean snippet GenCleanGeneric020
gen_clean_generic_021,data/ml/raw_snippets_generated/clean/GenCleanGeneric021.java,java,NO_ISSUE,1,0,0,0,0,0,,clean,synthetic_generated,clean snippet GenCleanGeneric021
gen_clean_generic_022,data/ml/raw_snippets_generated/clean/GenCleanGeneric022.java,java,NO_ISSUE,1,0,0,0,0,0,,clean,synthetic_generated,clean snippet GenCleanGeneric022
gen_clean_generic_023,data/ml/raw_snippets_generated/clean/GenCleanGeneric023.java,java,NO_ISSUE,1,0,0,0,0,0,,clean,synthetic_generated,clean snippet GenCleanGeneric023
gen_clean_generic_024,data/ml/raw_snippets_generated/clean/GenCleanGeneric024.java,java,NO_ISSUE,1,0,0,0,0,0,,clean,synthetic_generated,clean snippet GenCleanGeneric024
gen_clean_generic_025,data/ml/raw_snippets_generated/clean/GenCleanGeneric025.java,java,NO_ISSUE,1,0,0,0,0,0,,clean,synthetic_generated,clean snippet GenCleanGeneric025
gen_clean_generic_026,data/ml/raw_snippets_generated/clean/GenCleanGeneric026.java,java,NO_ISSUE,1,0,0,0,0,0,,clean,synthetic_generated,clean snippet GenCleanGeneric026
gen_clean_generic_027,data/ml/raw_snippets_generated/clean/GenCleanGeneric027.java,java,NO_ISSUE,1,0,0,0,0,0,,clean,synthetic_generated,clean snippet GenCleanGeneric027
gen_clean_generic_028,data/ml/raw_snippets_generated/clean/GenCleanGeneric028.java,java,NO_ISSUE,1,0,0,0,0,0,,clean,synthetic_generated,clean snippet GenCleanGeneric028
gen_clean_generic_029,data/ml/raw_snippets_generated/clean/GenCleanGeneric029.java,java,NO_ISSUE,1,0,0,0,0,0,,clean,synthetic_generated,clean snippet GenCleanGeneric029
gen_clean_generic_030,data/ml/raw_snippets_generated/clean/GenCleanGeneric030.java,java,NO_ISSUE,1,0,0,0,0,0,,clean,synthetic_generated,clean snippet GenCleanGeneric030
gen_clean_generic_031,data/ml/raw_snippets_generated/clean/GenCleanGeneric031.java,java,NO_ISSUE,1,0,0,0,0,0,,clean,synthetic_generated,clean snippet GenCleanGeneric031
gen_clean_generic_032,data/ml/raw_snippets_generated/clean/GenCleanGeneric032.java,java,NO_ISSUE,1,0,0,0,0,0,,clean,synthetic_generated,clean snippet GenCleanGeneric032
gen_clean_generic_033,data/ml/raw_snippets_generated/clean/GenCleanGeneric033.java,java,NO_ISSUE,1,0,0,0,0,0,,clean,synthetic_generated,clean snippet GenCleanGeneric033
gen_clean_generic_034,data/ml/raw_snippets_generated/clean/GenCleanGeneric034.java,java,NO_ISSUE,1,0,0,0,0,0,,clean,synthetic_generated,clean snippet GenCleanGeneric034
gen_clean_generic_035,data/ml/raw_snippets_generated/clean/GenCleanGeneric035.java,java,NO_ISSUE,1,0,0,0,0,0,,clean,synthetic_generated,clean snippet GenCleanGeneric035
gen_clean_generic_036,data/ml/raw_snippets_generated/clean/GenCleanGeneric036.java,java,NO_ISSUE,1,0,0,0,0,0,,clean,synthetic_generated,clean snippet GenCleanGeneric036
gen_clean_generic_037,data/ml/raw_snippets_generated/clean/GenCleanGeneric037.java,java,NO_ISSUE,1,0,0,0,0,0,,clean,synthetic_generated,clean snippet GenCleanGeneric037
gen_clean_generic_038,data/ml/raw_snippets_generated/clean/GenCleanGeneric038.java,java,NO_ISSUE,1,0,0,0,0,0,,clean,synthetic_generated,clean snippet GenCleanGeneric038
gen_clean_generic_039,data/ml/raw_snippets_generated/clean/GenCleanGeneric039.java,java,NO_ISSUE,1,0,0,0,0,0,,clean,synthetic_generated,clean snippet GenCleanGeneric039
gen_clean_generic_040,data/ml/raw_snippets_generated/clean/GenCleanGeneric040.java,java,NO_ISSUE,1,0,0,0,0,0,,clean,synthetic_generated,clean snippet GenCleanGeneric040
gen_clean_generic_041,data/ml/raw_snippets_generated/clean/GenCleanGeneric041.java,java,NO_ISSUE,1,0,0,0,0,0,,clean,synthetic_generated,clean snippet GenCleanGeneric041
gen_clean_generic_042,data/ml/raw_snippets_generated/clean/GenCleanGeneric042.java,java,NO_ISSUE,1,0,0,0,0,0,,clean,synthetic_generated,clean snippet GenCleanGeneric042
gen_clean_generic_043,data/ml/raw_snippets_generated/clean/GenCleanGeneric043.java,java,NO_ISSUE,1,0,0,0,0,0,,clean,synthetic_generated,clean snippet GenCleanGeneric043
gen_clean_generic_044,data/ml/raw_snippets_generated/clean/GenCleanGeneric044.java,java,NO_ISSUE,1,0,0,0,0,0,,clean,synthetic_generated,clean snippet GenCleanGeneric044
gen_clean_generic_045,data/ml/raw_snippets_generated/clean/GenCleanGeneric045.java,java,NO_ISSUE,1,0,0,0,0,0,,clean,synthetic_generated,clean snippet GenCleanGeneric045
gen_clean_generic_046,data/ml/raw_snippets_generated/clean/GenCleanGeneric046.java,java,NO_ISSUE,1,0,0,0,0,0,,clean,synthetic_generated,clean snippet GenCleanGeneric046
gen_clean_generic_047,data/ml/raw_snippets_generated/clean/GenCleanGeneric047.java,java,NO_ISSUE,1,0,0,0,0,0,,clean,synthetic_generated,clean snippet GenCleanGeneric047
gen_clean_generic_048,data/ml/raw_snippets_generated/clean/GenCleanGeneric048.java,java,NO_ISSUE,1,0,0,0,0,0,,clean,synthetic_generated,clean snippet GenCleanGeneric048
gen_clean_generic_049,data/ml/raw_snippets_generated/clean/GenCleanGeneric049.java,java,NO_ISSUE,1,0,0,0,0,0,,clean,synthetic_generated,clean snippet GenCleanGeneric049
gen_clean_generic_050,data/ml/raw_snippets_generated/clean/GenCleanGeneric050.java,java,NO_ISSUE,1,0,0,0,0,0,,clean,synthetic_generated,clean snippet GenCleanGeneric050
gen_clean_generic_051,data/ml/raw_snippets_generated/clean/GenCleanGeneric051.java,java,NO_ISSUE,1,0,0,0,0,0,,clean,synthetic_generated,clean snippet GenCleanGeneric051
gen_clean_generic_052,data/ml/raw_snippets_generated/clean/GenCleanGeneric052.java,java,NO_ISSUE,1,0,0,0,0,0,,clean,synthetic_generated,clean snippet GenCleanGeneric052
gen_clean_generic_053,data/ml/raw_snippets_generated/clean/GenCleanGeneric053.java,java,NO_ISSUE,1,0,0,0,0,0,,clean,synthetic_generated,clean snippet GenCleanGeneric053
gen_clean_generic_054,data/ml/raw_snippets_generated/clean/GenCleanGeneric054.java,java,NO_ISSUE,1,0,0,0,0,0,,clean,synthetic_generated,clean snippet GenCleanGeneric054
gen_clean_generic_055,data/ml/raw_snippets_generated/clean/GenCleanGeneric055.java,java,NO_ISSUE,1,0,0,0,0,0,,clean,synthetic_generated,clean snippet GenCleanGeneric055
gen_clean_generic_056,data/ml/raw_snippets_generated/clean/GenCleanGeneric056.java,java,NO_ISSUE,1,0,0,0,0,0,,clean,synthetic_generated,clean snippet GenCleanGeneric056
gen_clean_generic_057,data/ml/raw_snippets_generated/clean/GenCleanGeneric057.java,java,NO_ISSUE,1,0,0,0,0,0,,clean,synthetic_generated,clean snippet GenCleanGeneric057
gen_clean_generic_058,data/ml/raw_snippets_generated/clean/GenCleanGeneric058.java,java,NO_ISSUE,1,0,0,0,0,0,,clean,synthetic_generated,clean snippet GenCleanGeneric058
gen_clean_generic_059,data/ml/raw_snippets_generated/clean/GenCleanGeneric059.java,java,NO_ISSUE,1,0,0,0,0,0,,clean,synthetic_generated,clean snippet GenCleanGeneric059
gen_clean_generic_060,data/ml/raw_snippets_generated/clean/GenCleanGeneric060.java,java,NO_ISSUE,1,0,0,0,0,0,,clean,synthetic_generated,clean snippet GenCleanGeneric060
gen_clean_generic_061,data/ml/raw_snippets_generated/clean/GenCleanGeneric061.java,java,NO_ISSUE,1,0,0,0,0,0,,clean,synthetic_generated,clean snippet GenCleanGeneric061
gen_clean_generic_062,data/ml/raw_snippets_generated/clean/GenCleanGeneric062.java,java,NO_ISSUE,1,0,0,0,0,0,,clean,synthetic_generated,clean snippet GenCleanGeneric062
gen_clean_generic_063,data/ml/raw_snippets_generated/clean/GenCleanGeneric063.java,java,NO_ISSUE,1,0,0,0,0,0,,clean,synthetic_generated,clean snippet GenCleanGeneric063
gen_clean_generic_064,data/ml/raw_snippets_generated/clean/GenCleanGeneric064.java,java,NO_ISSUE,1,0,0,0,0,0,,clean,synthetic_generated,clean snippet GenCleanGeneric064
gen_clean_generic_065,data/ml/raw_snippets_generated/clean/GenCleanGeneric065.java,java,NO_ISSUE,1,0,0,0,0,0,,clean,synthetic_generated,clean snippet GenCleanGeneric065
gen_clean_generic_066,data/ml/raw_snippets_generated/clean/GenCleanGeneric066.java,java,NO_ISSUE,1,0,0,0,0,0,,clean,synthetic_generated,clean snippet GenCleanGeneric066
gen_clean_generic_067,data/ml/raw_snippets_generated/clean/GenCleanGeneric067.java,java,NO_ISSUE,1,0,0,0,0,0,,clean,synthetic_generated,clean snippet GenCleanGeneric067
gen_clean_generic_068,data/ml/raw_snippets_generated/clean/GenCleanGeneric068.java,java,NO_ISSUE,1,0,0,0,0,0,,clean,synthetic_generated,clean snippet GenCleanGeneric068
gen_clean_generic_069,data/ml/raw_snippets_generated/clean/GenCleanGeneric069.java,java,NO_ISSUE,1,0,0,0,0,0,,clean,synthetic_generated,clean snippet GenCleanGeneric069
gen_clean_generic_070,data/ml/raw_snippets_generated/clean/GenCleanGeneric070.java,java,NO_ISSUE,1,0,0,0,0,0,,clean,synthetic_generated,clean snippet GenCleanGeneric070
gen_clean_generic_071,data/ml/raw_snippets_generated/clean/GenCleanGeneric071.java,java,NO_ISSUE,1,0,0,0,0,0,,clean,synthetic_generated,clean snippet GenCleanGeneric071
gen_clean_generic_072,data/ml/raw_snippets_generated/clean/GenCleanGeneric072.java,java,NO_ISSUE,1,0,0,0,0,0,,clean,synthetic_generated,clean snippet GenCleanGeneric072
gen_clean_generic_073,data/ml/raw_snippets_generated/clean/GenCleanGeneric073.java,java,NO_ISSUE,1,0,0,0,0,0,,clean,synthetic_generated,clean snippet GenCleanGeneric073
gen_clean_generic_074,data/ml/raw_snippets_generated/clean/GenCleanGeneric074.java,java,NO_ISSUE,1,0,0,0,0,0,,clean,synthetic_generated,clean snippet GenCleanGeneric074
gen_clean_generic_075,data/ml/raw_snippets_generated/clean/GenCleanGeneric075.java,java,NO_ISSUE,1,0,0,0,0,0,,clean,synthetic_generated,clean snippet GenCleanGeneric075
gen_clean_generic_076,data/ml/raw_snippets_generated/clean/GenCleanGeneric076.java,java,NO_ISSUE,1,0,0,0,0,0,,clean,synthetic_generated,clean snippet GenCleanGeneric076
gen_clean_generic_077,data/ml/raw_snippets_generated/clean/GenCleanGeneric077.java,java,NO_ISSUE,1,0,0,0,0,0,,clean,synthetic_generated,clean snippet GenCleanGeneric077
gen_clean_generic_078,data/ml/raw_snippets_generated/clean/GenCleanGeneric078.java,java,NO_ISSUE,1,0,0,0,0,0,,clean,synthetic_generated,clean snippet GenCleanGeneric078
gen_clean_generic_079,data/ml/raw_snippets_generated/clean/GenCleanGeneric079.java,java,NO_ISSUE,1,0,0,0,0,0,,clean,synthetic_generated,clean snippet GenCleanGeneric079
gen_clean_generic_080,data/ml/raw_snippets_generated/clean/GenCleanGeneric080.java,java,NO_ISSUE,1,0,0,0,0,0,,clean,synthetic_generated,clean snippet GenCleanGeneric080
gen_clean_generic_081,data/ml/raw_snippets_generated/clean/GenCleanGeneric081.java,java,NO_ISSUE,1,0,0,0,0,0,,clean,synthetic_generated,clean snippet GenCleanGeneric081
gen_clean_generic_082,data/ml/raw_snippets_generated/clean/GenCleanGeneric082.java,java,NO_ISSUE,1,0,0,0,0,0,,clean,synthetic_generated,clean snippet GenCleanGeneric082
gen_clean_generic_083,data/ml/raw_snippets_generated/clean/GenCleanGeneric083.java,java,NO_ISSUE,1,0,0,0,0,0,,clean,synthetic_generated,clean snippet GenCleanGeneric083
gen_clean_generic_084,data/ml/raw_snippets_generated/clean/GenCleanGeneric084.java,java,NO_ISSUE,1,0,0,0,0,0,,clean,synthetic_generated,clean snippet GenCleanGeneric084
gen_clean_generic_085,data/ml/raw_snippets_generated/clean/GenCleanGeneric085.java,java,NO_ISSUE,1,0,0,0,0,0,,clean,synthetic_generated,clean snippet GenCleanGeneric085
gen_clean_generic_086,data/ml/raw_snippets_generated/clean/GenCleanGeneric086.java,java,NO_ISSUE,1,0,0,0,0,0,,clean,synthetic_generated,clean snippet GenCleanGeneric086
gen_clean_generic_087,data/ml/raw_snippets_generated/clean/GenCleanGeneric087.java,java,NO_ISSUE,1,0,0,0,0,0,,clean,synthetic_generated,clean snippet GenCleanGeneric087
gen_clean_generic_088,data/ml/raw_snippets_generated/clean/GenCleanGeneric088.java,java,NO_ISSUE,1,0,0,0,0,0,,clean,synthetic_generated,clean snippet GenCleanGeneric088
gen_clean_generic_089,data/ml/raw_snippets_generated/clean/GenCleanGeneric089.java,java,NO_ISSUE,1,0,0,0,0,0,,clean,synthetic_generated,clean snippet GenCleanGeneric089
gen_clean_generic_090,data/ml/raw_snippets_generated/clean/GenCleanGeneric090.java,java,NO_ISSUE,1,0,0,0,0,0,,clean,synthetic_generated,clean snippet GenCleanGeneric090
gen_clean_generic_091,data/ml/raw_snippets_generated/clean/GenCleanGeneric091.java,java,NO_ISSUE,1,0,0,0,0,0,,clean,synthetic_generated,clean snippet GenCleanGeneric091
gen_clean_generic_092,data/ml/raw_snippets_generated/clean/GenCleanGeneric092.java,java,NO_ISSUE,1,0,0,0,0,0,,clean,synthetic_generated,clean snippet GenCleanGeneric092
gen_clean_generic_093,data/ml/raw_snippets_generated/clean/GenCleanGeneric093.java,java,NO_ISSUE,1,0,0,0,0,0,,clean,synthetic_generated,clean snippet GenCleanGeneric093
gen_clean_generic_094,data/ml/raw_snippets_generated/clean/GenCleanGeneric094.java,java,NO_ISSUE,1,0,0,0,0,0,,clean,synthetic_generated,clean snippet GenCleanGeneric094
gen_clean_generic_095,data/ml/raw_snippets_generated/clean/GenCleanGeneric095.java,java,NO_ISSUE,1,0,0,0,0,0,,clean,synthetic_generated,clean snippet GenCleanGeneric095
gen_clean_generic_096,data/ml/raw_snippets_generated/clean/GenCleanGeneric096.java,java,NO_ISSUE,1,0,0,0,0,0,,clean,synthetic_generated,clean snippet GenCleanGeneric096
gen_clean_generic_097,data/ml/raw_snippets_generated/clean/GenCleanGeneric097.java,java,NO_ISSUE,1,0,0,0,0,0,,clean,synthetic_generated,clean snippet GenCleanGeneric097
gen_clean_generic_098,data/ml/raw_snippets_generated/clean/GenCleanGeneric098.java,java,NO_ISSUE,1,0,0,0,0,0,,clean,synthetic_generated,clean snippet GenCleanGeneric098
gen_clean_generic_099,data/ml/raw_snippets_generated/clean/GenCleanGeneric099.java,java,NO_ISSUE,1,0,0,0,0,0,,clean,synthetic_generated,clean snippet GenCleanGeneric099
gen_clean_generic_100,data/ml/raw_snippets_generated/clean/GenCleanGeneric100.java,java,NO_ISSUE,1,0,0,0,0,0,,clean,synthetic_generated,clean snippet GenCleanGeneric100
gen_clean_generic_101,data/ml/raw_snippets_generated/clean/GenCleanGeneric101.java,java,NO_ISSUE,1,0,0,0,0,0,,clean,synthetic_generated,clean snippet GenCleanGeneric101
gen_clean_generic_102,data/ml/raw_snippets_generated/clean/GenCleanGeneric102.java,java,NO_ISSUE,1,0,0,0,0,0,,clean,synthetic_generated,clean snippet GenCleanGeneric102
gen_clean_generic_103,data/ml/raw_snippets_generated/clean/GenCleanGeneric103.java,java,NO_ISSUE,1,0,0,0,0,0,,clean,synthetic_generated,clean snippet GenCleanGeneric103
gen_clean_generic_104,data/ml/raw_snippets_generated/clean/GenCleanGeneric104.java,java,NO_ISSUE,1,0,0,0,0,0,,clean,synthetic_generated,clean snippet GenCleanGeneric104
gen_clean_generic_105,data/ml/raw_snippets_generated/clean/GenCleanGeneric105.java,java,NO_ISSUE,1,0,0,0,0,0,,clean,synthetic_generated,clean snippet GenCleanGeneric105
gen_clean_generic_106,data/ml/raw_snippets_generated/clean/GenCleanGeneric106.java,java,NO_ISSUE,1,0,0,0,0,0,,clean,synthetic_generated,clean snippet GenCleanGeneric106
gen_clean_generic_107,data/ml/raw_snippets_generated/clean/GenCleanGeneric107.java,java,NO_ISSUE,1,0,0,0,0,0,,clean,synthetic_generated,clean snippet GenCleanGeneric107
gen_clean_generic_108,data/ml/raw_snippets_generated/clean/GenCleanGeneric108.java,java,NO_ISSUE,1,0,0,0,0,0,,clean,synthetic_generated,clean snippet GenCleanGeneric108
gen_clean_generic_109,data/ml/raw_snippets_generated/clean/GenCleanGeneric109.java,java,NO_ISSUE,1,0,0,0,0,0,,clean,synthetic_generated,clean snippet GenCleanGeneric109
gen_clean_generic_110,data/ml/raw_snippets_generated/clean/GenCleanGeneric110.java,java,NO_ISSUE,1,0,0,0,0,0,,clean,synthetic_generated,clean snippet GenCleanGeneric110
gen_clean_generic_111,data/ml/raw_snippets_generated/clean/GenCleanGeneric111.java,java,NO_ISSUE,1,0,0,0,0,0,,clean,synthetic_generated,clean snippet GenCleanGeneric111
gen_clean_generic_112,data/ml/raw_snippets_generated/clean/GenCleanGeneric112.java,java,NO_ISSUE,1,0,0,0,0,0,,clean,synthetic_generated,clean snippet GenCleanGeneric112
gen_clean_generic_113,data/ml/raw_snippets_generated/clean/GenCleanGeneric113.java,java,NO_ISSUE,1,0,0,0,0,0,,clean,synthetic_generated,clean snippet GenCleanGeneric113
gen_clean_generic_114,data/ml/raw_snippets_generated/clean/GenCleanGeneric114.java,java,NO_ISSUE,1,0,0,0,0,0,,clean,synthetic_generated,clean snippet GenCleanGeneric114
gen_clean_generic_115,data/ml/raw_snippets_generated/clean/GenCleanGeneric115.java,java,NO_ISSUE,1,0,0,0,0,0,,clean,synthetic_generated,clean snippet GenCleanGeneric115
gen_clean_generic_116,data/ml/raw_snippets_generated/clean/GenCleanGeneric116.java,java,NO_ISSUE,1,0,0,0,0,0,,clean,synthetic_generated,clean snippet GenCleanGeneric116
gen_clean_generic_117,data/ml/raw_snippets_generated/clean/GenCleanGeneric117.java,java,NO_ISSUE,1,0,0,0,0,0,,clean,synthetic_generated,clean snippet GenCleanGeneric117
gen_clean_generic_118,data/ml/raw_snippets_generated/clean/GenCleanGeneric118.java,java,NO_ISSUE,1,0,0,0,0,0,,clean,synthetic_generated,clean snippet GenCleanGeneric118
gen_clean_generic_119,data/ml/raw_snippets_generated/clean/GenCleanGeneric119.java,java,NO_ISSUE,1,0,0,0,0,0,,clean,synthetic_generated,clean snippet GenCleanGeneric119
gen_clean_generic_120,data/ml/raw_snippets_generated/clean/GenCleanGeneric120.java,java,NO_ISSUE,1,0,0,0,0,0,,clean,synthetic_generated,clean snippet GenCleanGeneric120
gen_clean_scanner_loop_001,data/ml/raw_snippets_generated/clean/GenCleanScannerLoop001.java,java,NO_ISSUE,1,0,0,0,0,0,,clean,synthetic_generated,clean snippet GenCleanScannerLoop001
gen_clean_scanner_loop_002,data/ml/raw_snippets_generated/clean/GenCleanScannerLoop002.java,java,NO_ISSUE,1,0,0,0,0,0,,clean,synthetic_generated,clean snippet GenCleanScannerLoop002
gen_clean_scanner_loop_003,data/ml/raw_snippets_generated/clean/GenCleanScannerLoop003.java,java,NO_ISSUE,1,0,0,0,0,0,,clean,synthetic_generated,clean snippet GenCleanScannerLoop003
gen_clean_scanner_loop_004,data/ml/raw_snippets_generated/clean/GenCleanScannerLoop004.java,java,NO_ISSUE,1,0,0,0,0,0,,clean,synthetic_generated,clean snippet GenCleanScannerLoop004
gen_clean_scanner_loop_005,data/ml/raw_snippets_generated/clean/GenCleanScannerLoop005.java,java,NO_ISSUE,1,0,0,0,0,0,,clean,synthetic_generated,clean snippet GenCleanScannerLoop005
gen_clean_scanner_loop_006,data/ml/raw_snippets_generated/clean/GenCleanScannerLoop006.java,java,NO_ISSUE,1,0,0,0,0,0,,clean,synthetic_generated,clean snippet GenCleanScannerLoop006
gen_clean_scanner_loop_007,data/ml/raw_snippets_generated/clean/GenCleanScannerLoop007.java,java,NO_ISSUE,1,0,0,0,0,0,,clean,synthetic_generated,clean snippet GenCleanScannerLoop007
gen_clean_scanner_loop_008,data/ml/raw_snippets_generated/clean/GenCleanScannerLoop008.java,java,NO_ISSUE,1,0,0,0,0,0,,clean,synthetic_generated,clean snippet GenCleanScannerLoop008
gen_clean_scanner_loop_009,data/ml/raw_snippets_generated/clean/GenCleanScannerLoop009.java,java,NO_ISSUE,1,0,0,0,0,0,,clean,synthetic_generated,clean snippet GenCleanScannerLoop009
gen_clean_scanner_loop_010,data/ml/raw_snippets_generated/clean/GenCleanScannerLoop010.java,java,NO_ISSUE,1,0,0,0,0,0,,clean,synthetic_generated,clean snippet GenCleanScannerLoop010
gen_clean_scanner_loop_011,data/ml/raw_snippets_generated/clean/GenCleanScannerLoop011.java,java,NO_ISSUE,1,0,0,0,0,0,,clean,synthetic_generated,clean snippet GenCleanScannerLoop011
gen_clean_scanner_loop_012,data/ml/raw_snippets_generated/clean/GenCleanScannerLoop012.java,java,NO_ISSUE,1,0,0,0,0,0,,clean,synthetic_generated,clean snippet GenCleanScannerLoop012
gen_clean_scanner_loop_013,data/ml/raw_snippets_generated/clean/GenCleanScannerLoop013.java,java,NO_ISSUE,1,0,0,0,0,0,,clean,synthetic_generated,clean snippet GenCleanScannerLoop013
gen_clean_scanner_loop_014,data/ml/raw_snippets_generated/clean/GenCleanScannerLoop014.java,java,NO_ISSUE,1,0,0,0,0,0,,clean,synthetic_generated,clean snippet GenCleanScannerLoop014
gen_clean_scanner_loop_015,data/ml/raw_snippets_generated/clean/GenCleanScannerLoop015.java,java,NO_ISSUE,1,0,0,0,0,0,,clean,synthetic_generated,clean snippet GenCleanScannerLoop015
gen_clean_scanner_loop_016,data/ml/raw_snippets_generated/clean/GenCleanScannerLoop016.java,java,NO_ISSUE,1,0,0,0,0,0,,clean,synthetic_generated,clean snippet GenCleanScannerLoop016
gen_clean_scanner_loop_017,data/ml/raw_snippets_generated/clean/GenCleanScannerLoop017.java,java,NO_ISSUE,1,0,0,0,0,0,,clean,synthetic_generated,clean snippet GenCleanScannerLoop017
gen_clean_scanner_loop_018,data/ml/raw_snippets_generated/clean/GenCleanScannerLoop018.java,java,NO_ISSUE,1,0,0,0,0,0,,clean,synthetic_generated,clean snippet GenCleanScannerLoop018
gen_clean_scanner_loop_019,data/ml/raw_snippets_generated/clean/GenCleanScannerLoop019.java,java,NO_ISSUE,1,0,0,0,0,0,,clean,synthetic_generated,clean snippet GenCleanScannerLoop019
gen_clean_scanner_loop_020,data/ml/raw_snippets_generated/clean/GenCleanScannerLoop020.java,java,NO_ISSUE,1,0,0,0,0,0,,clean,synthetic_generated,clean snippet GenCleanScannerLoop020
gen_clean_stacked_labels_001,data/ml/raw_snippets_generated/clean/GenCleanStackedLabels001.java,java,NO_ISSUE,1,0,0,0,0,0,,clean,synthetic_generated,clean snippet GenCleanStackedLabels001
gen_clean_stacked_labels_002,data/ml/raw_snippets_generated/clean/GenCleanStackedLabels002.java,java,NO_ISSUE,1,0,0,0,0,0,,clean,synthetic_generated,clean snippet GenCleanStackedLabels002
gen_clean_stacked_labels_003,data/ml/raw_snippets_generated/clean/GenCleanStackedLabels003.java,java,NO_ISSUE,1,0,0,0,0,0,,clean,synthetic_generated,clean snippet GenCleanStackedLabels003
gen_clean_stacked_labels_004,data/ml/raw_snippets_generated/clean/GenCleanStackedLabels004.java,java,NO_ISSUE,1,0,0,0,0,0,,clean,synthetic_generated,clean snippet GenCleanStackedLabels004
gen_clean_stacked_labels_005,data/ml/raw_snippets_generated/clean/GenCleanStackedLabels005.java,java,NO_ISSUE,1,0,0,0,0,0,,clean,synthetic_generated,clean snippet GenCleanStackedLabels005
gen_clean_stacked_labels_006,data/ml/raw_snippets_generated/clean/GenCleanStackedLabels006.java,java,NO_ISSUE,1,0,0,0,0,0,,clean,synthetic_generated,clean snippet GenCleanStackedLabels006
gen_clean_stacked_labels_007,data/ml/raw_snippets_generated/clean/GenCleanStackedLabels007.java,java,NO_ISSUE,1,0,0,0,0,0,,clean,synthetic_generated,clean snippet GenCleanStackedLabels007
gen_clean_stacked_labels_008,data/ml/raw_snippets_generated/clean/GenCleanStackedLabels008.java,java,NO_ISSUE,1,0,0,0,0,0,,clean,synthetic_generated,clean snippet GenCleanStackedLabels008
gen_clean_stacked_labels_009,data/ml/raw_snippets_generated/clean/GenCleanStackedLabels009.java,java,NO_ISSUE,1,0,0,0,0,0,,clean,synthetic_generated,clean snippet GenCleanStackedLabels009
gen_clean_stacked_labels_010,data/ml/raw_snippets_generated/clean/GenCleanStackedLabels010.java,java,NO_ISSUE,1,0,0,0,0,0,,clean,synthetic_generated,clean snippet GenCleanStackedLabels010
gen_clean_stacked_labels_011,data/ml/raw_snippets_generated/clean/GenCleanStackedLabels011.java,java,NO_ISSUE,1,0,0,0,0,0,,clean,synthetic_generated,clean snippet GenCleanStackedLabels011
gen_clean_stacked_labels_012,data/ml/raw_snippets_generated/clean/GenCleanStackedLabels012.java,java,NO_ISSUE,1,0,0,0,0,0,,clean,synthetic_generated,clean snippet GenCleanStackedLabels012
gen_clean_stacked_labels_013,data/ml/raw_snippets_generated/clean/GenCleanStackedLabels013.java,java,NO_ISSUE,1,0,0,0,0,0,,clean,synthetic_generated,clean snippet GenCleanStackedLabels013
gen_clean_stacked_labels_014,data/ml/raw_snippets_generated/clean/GenCleanStackedLabels014.java,java,NO_ISSUE,1,0,0,0,0,0,,clean,synthetic_generated,clean snippet GenCleanStackedLabels014
gen_clean_stacked_labels_015,data/ml/raw_snippets_generated/clean/GenCleanStackedLabels015.java,java,NO_ISSUE,1,0,0,0,0,0,,clean,synthetic_generated,clean snippet GenCleanStackedLabels015
gen_clean_stacked_labels_016,data/ml/raw_snippets_generated/clean/GenCleanStackedLabels016.java,java,NO_ISSUE,1,0,0,0,0,0,,clean,synthetic_generated,clean snippet GenCleanStackedLabels016
gen_clean_stacked_labels_017,data/ml/raw_snippets_generated/clean/GenCleanStackedLabels017.java,java,NO_ISSUE,1,0,0,0,0,0,,clean,synthetic_generated,clean snippet GenCleanStackedLabels017
gen_clean_stacked_labels_018,data/ml/raw_snippets_generated/clean/GenCleanStackedLabels018.java,java,NO_ISSUE,1,0,0,0,0,0,,clean,synthetic_generated,clean snippet GenCleanStackedLabels018
gen_clean_stacked_labels_019,data/ml/raw_snippets_generated/clean/GenCleanStackedLabels019.java,java,NO_ISSUE,1,0,0,0,0,0,,clean,synthetic_generated,clean snippet GenCleanStackedLabels019
gen_clean_stacked_labels_020,data/ml/raw_snippets_generated/clean/GenCleanStackedLabels020.java,java,NO_ISSUE,1,0,0,0,0,0,,clean,synthetic_generated,clean snippet GenCleanStackedLabels020
gen_clean_tail_index_001,data/ml/raw_snippets_generated/clean/GenCleanTailIndex001.java,java,NO_ISSUE,1,0,0,0,0,0,,clean,synthetic_generated,clean snippet GenCleanTailIndex001
gen_clean_tail_index_002,data/ml/raw_snippets_generated/clean/GenCleanTailIndex002.java,java,NO_ISSUE,1,0,0,0,0,0,,clean,synthetic_generated,clean snippet GenCleanTailIndex002
gen_clean_tail_index_003,data/ml/raw_snippets_generated/clean/GenCleanTailIndex003.java,java,NO_ISSUE,1,0,0,0,0,0,,clean,synthetic_generated,clean snippet GenCleanTailIndex003
gen_clean_tail_index_004,data/ml/raw_snippets_generated/clean/GenCleanTailIndex004.java,java,NO_ISSUE,1,0,0,0,0,0,,clean,synthetic_generated,clean snippet GenCleanTailIndex004
gen_clean_tail_index_005,data/ml/raw_snippets_generated/clean/GenCleanTailIndex005.java,java,NO_ISSUE,1,0,0,0,0,0,,clean,synthetic_generated,clean snippet GenCleanTailIndex005
gen_clean_tail_index_006,data/ml/raw_snippets_generated/clean/GenCleanTailIndex006.java,java,NO_ISSUE,1,0,0,0,0,0,,clean,synthetic_generated,clean snippet GenCleanTailIndex006
gen_clean_tail_index_007,data/ml/raw_snippets_generated/clean/GenCleanTailIndex007.java,java,NO_ISSUE,1,0,0,0,0,0,,clean,synthetic_generated,clean snippet GenCleanTailIndex007
gen_clean_tail_index_008,data/ml/raw_snippets_generated/clean/GenCleanTailIndex008.java,java,NO_ISSUE,1,0,0,0,0,0,,clean,synthetic_generated,clean snippet GenCleanTailIndex008
gen_clean_tail_index_009,data/ml/raw_snippets_generated/clean/GenCleanTailIndex009.java,java,NO_ISSUE,1,0,0,0,0,0,,clean,synthetic_generated,clean snippet GenCleanTailIndex009
gen_clean_tail_index_010,data/ml/raw_snippets_generated/clean/GenCleanTailIndex010.java,java,NO_ISSUE,1,0,0,0,0,0,,clean,synthetic_generated,clean snippet GenCleanTailIndex010
gen_clean_tail_index_011,data/ml/raw_snippets_generated/clean/GenCleanTailIndex011.java,java,NO_ISSUE,1,0,0,0,0,0,,clean,synthetic_generated,clean snippet GenCleanTailIndex011
gen_clean_tail_index_012,data/ml/raw_snippets_generated/clean/GenCleanTailIndex012.java,java,NO_ISSUE,1,0,0,0,0,0,,clean,synthetic_generated,clean snippet GenCleanTailIndex012
gen_clean_tail_index_013,data/ml/raw_snippets_generated/clean/GenCleanTailIndex013.java,java,NO_ISSUE,1,0,0,0,0,0,,clean,synthetic_generated,clean snippet GenCleanTailIndex013
gen_clean_tail_index_014,data/ml/raw_snippets_generated/clean/GenCleanTailIndex014.java,java,NO_ISSUE,1,0,0,0,0,0,,clean,synthetic_generated,clean snippet GenCleanTailIndex014
gen_clean_tail_index_015,data/ml/raw_snippets_generated/clean/GenCleanTailIndex015.java,java,NO_ISSUE,1,0,0,0,0,0,,clean,synthetic_generated,clean snippet GenCleanTailIndex015
gen_clean_tail_index_016,data/ml/raw_snippets_generated/clean/GenCleanTailIndex016.java,java,NO_ISSUE,1,0,0,0,0,0,,clean,synthetic_generated,clean snippet GenCleanTailIndex016
gen_clean_tail_index_017,data/ml/raw_snippets_generated/clean/GenCleanTailIndex017.java,java,NO_ISSUE,1,0,0,0,0,0,,clean,synthetic_generated,clean snippet GenCleanTailIndex017
gen_clean_tail_index_018,data/ml/raw_snippets_generated/clean/GenCleanTailIndex018.java,java,NO_ISSUE,1,0,0,0,0,0,,clean,synthetic_generated,clean snippet GenCleanTailIndex018
gen_clean_tail_index_019,data/ml/raw_snippets_generated/clean/GenCleanTailIndex019.java,java,NO_ISSUE,1,0,0,0,0,0,,clean,synthetic_generated,clean snippet GenCleanTailIndex019
gen_clean_tail_index_020,data/ml/raw_snippets_generated/clean/GenCleanTailIndex020.java,java,NO_ISSUE,1,0,0,0,0,0,,clean,synthetic_generated,clean snippet GenCleanTailIndex020
gen_clean_tail_index_021,data/ml/raw_snippets_generated/clean/GenCleanTailIndex021.java,java,NO_ISSUE,1,0,0,0,0,0,,clean,synthetic_generated,clean snippet GenCleanTailIndex021
gen_clean_tail_index_022,data/ml/raw_snippets_generated/clean/GenCleanTailIndex022.java,java,NO_ISSUE,1,0,0,0,0,0,,clean,synthetic_generated,clean snippet GenCleanTailIndex022
gen_clean_tail_index_023,data/ml/raw_snippets_generated/clean/GenCleanTailIndex023.java,java,NO_ISSUE,1,0,0,0,0,0,,clean,synthetic_generated,clean snippet GenCleanTailIndex023
gen_clean_tail_index_024,data/ml/raw_snippets_generated/clean/GenCleanTailIndex024.java,java,NO_ISSUE,1,0,0,0,0,0,,clean,synthetic_generated,clean snippet GenCleanTailIndex024
gen_clean_tail_index_025,data/ml/raw_snippets_generated/clean/GenCleanTailIndex025.java,java,NO_ISSUE,1,0,0,0,0,0,,clean,synthetic_generated,clean snippet GenCleanTailIndex025
gen_clean_tail_index_026,data/ml/raw_snippets_generated/clean/GenCleanTailIndex026.java,java,NO_ISSUE,1,0,0,0,0,0,,clean,synthetic_generated,clean snippet GenCleanTailIndex026
gen_clean_tail_index_027,data/ml/raw_snippets_generated/clean/GenCleanTailIndex027.java,java,NO_ISSUE,1,0,0,0,0,0,,clean,synthetic_generated,clean snippet GenCleanTailIndex027
gen_clean_tail_index_028,data/ml/raw_snippets_generated/clean/GenCleanTailIndex028.java,java,NO_ISSUE,1,0,0,0,0,0,,clean,synthetic_generated,clean snippet GenCleanTailIndex028
gen_clean_tail_index_029,data/ml/raw_snippets_generated/clean/GenCleanTailIndex029.java,java,NO_ISSUE,1,0,0,0,0,0,,clean,synthetic_generated,clean snippet GenCleanTailIndex029
gen_clean_tail_index_030,data/ml/raw_snippets_generated/clean/GenCleanTailIndex030.java,java,NO_ISSUE,1,0,0,0,0,0,,clean,synthetic_generated,clean snippet GenCleanTailIndex030
gen_clean_verbose_boolean_001,data/ml/raw_snippets_generated/clean/GenCleanVerboseBoolean001.java,java,NO_ISSUE,1,0,0,0,0,0,,clean,synthetic_generated,clean snippet GenCleanVerboseBoolean001
gen_clean_verbose_boolean_002,data/ml/raw_snippets_generated/clean/GenCleanVerboseBoolean002.java,java,NO_ISSUE,1,0,0,0,0,0,,clean,synthetic_generated,clean snippet GenCleanVerboseBoolean002
gen_clean_verbose_boolean_003,data/ml/raw_snippets_generated/clean/GenCleanVerboseBoolean003.java,java,NO_ISSUE,1,0,0,0,0,0,,clean,synthetic_generated,clean snippet GenCleanVerboseBoolean003
gen_clean_verbose_boolean_004,data/ml/raw_snippets_generated/clean/GenCleanVerboseBoolean004.java,java,NO_ISSUE,1,0,0,0,0,0,,clean,synthetic_generated,clean snippet GenCleanVerboseBoolean004
gen_clean_verbose_boolean_005,data/ml/raw_snippets_generated/clean/GenCleanVerboseBoolean005.java,java,NO_ISSUE,1,0,0,0,0,0,,clean,synthetic_generated,clean snippet GenCleanVerboseBoolean005
gen_clean_verbose_boolean_006,data/ml/raw_snippets_generated/clean/GenCleanVerboseBoolean006.java,java,NO_ISSUE,1,0,0,0,0,0,,clean,synthetic_generated,clean snippet GenCleanVerboseBoolean006
gen_clean_verbose_boolean_007,data/ml/raw_snippets_generated/clean/GenCleanVerboseBoolean007.java,java,NO_ISSUE,1,0,0,0,0,0,,clean,synthetic_generated,clean snippet GenCleanVerboseBoolean007
gen_clean_verbose_boolean_008,data/ml/raw_snippets_generated/clean/GenCleanVerboseBoolean008.java,java,NO_ISSUE,1,0,0,0,0,0,,clean,synthetic_generated,clean snippet GenCleanVerboseBoolean008
gen_clean_verbose_boolean_009,data/ml/raw_snippets_generated/clean/GenCleanVerboseBoolean009.java,java,NO_ISSUE,1,0,0,0,0,0,,clean,synthetic_generated,clean snippet GenCleanVerboseBoolean009
gen_clean_verbose_boolean_010,data/ml/raw_snippets_generated/clean/GenCleanVerboseBoolean010.java,java,NO_ISSUE,1,0,0,0,0,0,,clean,synthetic_generated,clean snippet GenCleanVerboseBoolean010
gen_clean_verbose_boolean_011,data/ml/raw_snippets_generated/clean/GenCleanVerboseBoolean011.java,java,NO_ISSUE,1,0,0,0,0,0,,clean,synthetic_generated,clean snippet GenCleanVerboseBoolean011
gen_clean_verbose_boolean_012,data/ml/raw_snippets_generated/clean/GenCleanVerboseBoolean012.java,java,NO_ISSUE,1,0,0,0,0,0,,clean,synthetic_generated,clean snippet GenCleanVerboseBoolean012
gen_clean_verbose_boolean_013,data/ml/raw_snippets_generated/clean/GenCleanVerboseBoolean013.java,java,NO_ISSUE,1,0,0,0,0,0,,clean,synthetic_generated,clean snippet GenCleanVerboseBoolean013
gen_clean_verbose_boolean_014,data/ml/raw_snippets_generated/clean/GenCleanVerboseBoolean014.java,java,NO_ISSUE,1,0,0,0,0,0,,clean,synthetic_generated,clean snippet GenCleanVerboseBoolean014
gen_clean_verbose_boolean_015,data/ml/raw_snippets_generated/clean/GenCleanVerboseBoolean015.java,java,NO_ISSUE,1,0,0,0,0,0,,clean,synthetic_generated,clean snippet GenCleanVerboseBoolean015
gen_clean_verbose_boolean_016,data/ml/raw_snippets_generated/clean/GenCleanVerboseBoolean016.java,java,NO_ISSUE,1,0,0,0,0,0,,clean,synthetic_generated,clean snippet GenCleanVerboseBoolean016
gen_clean_verbose_boolean_017,data/ml/raw_snippets_generated/clean/GenCleanVerboseBoolean017.java,java,NO_ISSUE,1,0,0,0,0,0,,clean,synthetic_generated,clean snippet GenCleanVerboseBoolean017
gen_clean_verbose_boolean_018,data/ml/raw_snippets_generated/clean/GenCleanVerboseBoolean018.java,java,NO_ISSUE,1,0,0,0,0,0,,clean,synthetic_generated,clean snippet GenCleanVerboseBoolean018
gen_clean_verbose_boolean_019,data/ml/raw_snippets_generated/clean/GenCleanVerboseBoolean019.java,java,NO_ISSUE,1,0,0,0,0,0,,clean,synthetic_generated,clean snippet GenCleanVerboseBoolean019
gen_clean_verbose_boolean_020,data/ml/raw_snippets_generated/clean/GenCleanVerboseBoolean020.java,java,NO_ISSUE,1,0,0,0,0,0,,clean,synthetic_generated,clean snippet GenCleanVerboseBoolean020
gen_clean_verbose_boolean_021,data/ml/raw_snippets_generated/clean/GenCleanVerboseBoolean021.java,java,NO_ISSUE,1,0,0,0,0,0,,clean,synthetic_generated,clean snippet GenCleanVerboseBoolean021
gen_clean_verbose_boolean_022,data/ml/raw_snippets_generated/clean/GenCleanVerboseBoolean022.java,java,NO_ISSUE,1,0,0,0,0,0,,clean,synthetic_generated,clean snippet GenCleanVerboseBoolean022
gen_clean_verbose_boolean_023,data/ml/raw_snippets_generated/clean/GenCleanVerboseBoolean023.java,java,NO_ISSUE,1,0,0,0,0,0,,clean,synthetic_generated,clean snippet GenCleanVerboseBoolean023
gen_clean_verbose_boolean_024,data/ml/raw_snippets_generated/clean/GenCleanVerboseBoolean024.java,java,NO_ISSUE,1,0,0,0,0,0,,clean,synthetic_generated,clean snippet GenCleanVerboseBoolean024
gen_clean_verbose_boolean_025,data/ml/raw_snippets_generated/clean/GenCleanVerboseBoolean025.java,java,NO_ISSUE,1,0,0,0,0,0,,clean,synthetic_generated,clean snippet GenCleanVerboseBoolean025
gen_clean_verbose_boolean_026,data/ml/raw_snippets_generated/clean/GenCleanVerboseBoolean026.java,java,NO_ISSUE,1,0,0,0,0,0,,clean,synthetic_generated,clean snippet GenCleanVerboseBoolean026
gen_clean_verbose_boolean_027,data/ml/raw_snippets_generated/clean/GenCleanVerboseBoolean027.java,java,NO_ISSUE,1,0,0,0,0,0,,clean,synthetic_generated,clean snippet GenCleanVerboseBoolean027
gen_clean_verbose_boolean_028,data/ml/raw_snippets_generated/clean/GenCleanVerboseBoolean028.java,java,NO_ISSUE,1,0,0,0,0,0,,clean,synthetic_generated,clean snippet GenCleanVerboseBoolean028
gen_clean_verbose_boolean_029,data/ml/raw_snippets_generated/clean/GenCleanVerboseBoolean029.java,java,NO_ISSUE,1,0,0,0,0,0,,clean,synthetic_generated,clean snippet GenCleanVerboseBoolean029
gen_clean_verbose_boolean_030,data/ml/raw_snippets_generated/clean/GenCleanVerboseBoolean030.java,java,NO_ISSUE,1,0,0,0,0,0,,clean,synthetic_generated,clean snippet GenCleanVerboseBoolean030
gen_clean_while_true_break_001,data/ml/raw_snippets_generated/clean/GenCleanWhileTrueBreak001.java,java,NO_ISSUE,1,0,0,0,0,0,,clean,synthetic_generated,clean snippet GenCleanWhileTrueBreak001
gen_clean_while_true_break_002,data/ml/raw_snippets_generated/clean/GenCleanWhileTrueBreak002.java,java,NO_ISSUE,1,0,0,0,0,0,,clean,synthetic_generated,clean snippet GenCleanWhileTrueBreak002
gen_clean_while_true_break_003,data/ml/raw_snippets_generated/clean/GenCleanWhileTrueBreak003.java,java,NO_ISSUE,1,0,0,0,0,0,,clean,synthetic_generated,clean snippet GenCleanWhileTrueBreak003
gen_clean_while_true_break_004,data/ml/raw_snippets_generated/clean/GenCleanWhileTrueBreak004.java,java,NO_ISSUE,1,0,0,0,0,0,,clean,synthetic_generated,clean snippet GenCleanWhileTrueBreak004
gen_clean_while_true_break_005,data/ml/raw_snippets_generated/clean/GenCleanWhileTrueBreak005.java,java,NO_ISSUE,1,0,0,0,0,0,,clean,synthetic_generated,clean snippet GenCleanWhileTrueBreak005
gen_clean_while_true_break_006,data/ml/raw_snippets_generated/clean/GenCleanWhileTrueBreak006.java,java,NO_ISSUE,1,0,0,0,0,0,,clean,synthetic_generated,clean snippet GenCleanWhileTrueBreak006
gen_clean_while_true_break_007,data/ml/raw_snippets_generated/clean/GenCleanWhileTrueBreak007.java,java,NO_ISSUE,1,0,0,0,0,0,,clean,synthetic_generated,clean snippet GenCleanWhileTrueBreak007
gen_clean_while_true_break_008,data/ml/raw_snippets_generated/clean/GenCleanWhileTrueBreak008.java,java,NO_ISSUE,1,0,0,0,0,0,,clean,synthetic_generated,clean snippet GenCleanWhileTrueBreak008
gen_clean_while_true_break_009,data/ml/raw_snippets_generated/clean/GenCleanWhileTrueBreak009.java,java,NO_ISSUE,1,0,0,0,0,0,,clean,synthetic_generated,clean snippet GenCleanWhileTrueBreak009
gen_clean_while_true_break_010,data/ml/raw_snippets_generated/clean/GenCleanWhileTrueBreak010.java,java,NO_ISSUE,1,0,0,0,0,0,,clean,synthetic_generated,clean snippet GenCleanWhileTrueBreak010
gen_clean_while_true_break_011,data/ml/raw_snippets_generated/clean/GenCleanWhileTrueBreak011.java,java,NO_ISSUE,1,0,0,0,0,0,,clean,synthetic_generated,clean snippet GenCleanWhileTrueBreak011
gen_clean_while_true_break_012,data/ml/raw_snippets_generated/clean/GenCleanWhileTrueBreak012.java,java,NO_ISSUE,1,0,0,0,0,0,,clean,synthetic_generated,clean snippet GenCleanWhileTrueBreak012
gen_clean_while_true_break_013,data/ml/raw_snippets_generated/clean/GenCleanWhileTrueBreak013.java,java,NO_ISSUE,1,0,0,0,0,0,,clean,synthetic_generated,clean snippet GenCleanWhileTrueBreak013
gen_clean_while_true_break_014,data/ml/raw_snippets_generated/clean/GenCleanWhileTrueBreak014.java,java,NO_ISSUE,1,0,0,0,0,0,,clean,synthetic_generated,clean snippet GenCleanWhileTrueBreak014
gen_clean_while_true_break_015,data/ml/raw_snippets_generated/clean/GenCleanWhileTrueBreak015.java,java,NO_ISSUE,1,0,0,0,0,0,,clean,synthetic_generated,clean snippet GenCleanWhileTrueBreak015
gen_clean_while_true_break_016,data/ml/raw_snippets_generated/clean/GenCleanWhileTrueBreak016.java,java,NO_ISSUE,1,0,0,0,0,0,,clean,synthetic_generated,clean snippet GenCleanWhileTrueBreak016
gen_clean_while_true_break_017,data/ml/raw_snippets_generated/clean/GenCleanWhileTrueBreak017.java,java,NO_ISSUE,1,0,0,0,0,0,,clean,synthetic_generated,clean snippet GenCleanWhileTrueBreak017
gen_clean_while_true_break_018,data/ml/raw_snippets_generated/clean/GenCleanWhileTrueBreak018.java,java,NO_ISSUE,1,0,0,0,0,0,,clean,synthetic_generated,clean snippet GenCleanWhileTrueBreak018
gen_clean_while_true_break_019,data/ml/raw_snippets_generated/clean/GenCleanWhileTrueBreak019.java,java,NO_ISSUE,1,0,0,0,0,0,,clean,synthetic_generated,clean snippet GenCleanWhileTrueBreak019
gen_clean_while_true_break_020,data/ml/raw_snippets_generated/clean/GenCleanWhileTrueBreak020.java,java,NO_ISSUE,1,0,0,0,0,0,,clean,synthetic_generated,clean snippet GenCleanWhileTrueBreak020
